tx_id,source_id,target_id,amount,timestamp,is_scam
TX_004985,ACC_0023,ACC_0250,1962.02,2026-08-01 00:07:00,0
TX_004552,ACC_0035,ACC_0883,351.53,2026-08-01 00:25:00,0
TX_005012,ACC_0186,ACC_0001,169.07,2026-08-01 00:29:00,1
TX_005013,ACC_0186,ACC_0001,40824.77,2026-08-01 00:39:00,1
TX_001125,ACC_0646,ACC_0039,170.69,2026-08-01 00:57:00,0
TX_002243,ACC_0134,ACC_0155,114.99,2026-08-01 00:58:00,0
TX_004308,ACC_0827,ACC_0263,282.03,2026-08-01 01:01:00,0
TX_002461,ACC_0634,ACC_0747,320.33,2026-08-01 01:04:00,0
TX_001484,ACC_0820,ACC_0682,79.78,2026-08-01 01:18:00,0
TX_003092,ACC_0948,ACC_0154,156.55,2026-08-01 01:24:00,0
TX_000054,ACC_0954,ACC_0165,253.42,2026-08-01 01:25:00,0
TX_004523,ACC_0789,ACC_0368,228.83,2026-08-01 01:28:00,0
TX_003023,ACC_0196,ACC_0884,1177.06,2026-08-01 01:31:00,0
TX_001615,ACC_0069,ACC_0288,57.25,2026-08-01 01:33:00,0
TX_002133,ACC_0218,ACC_0455,315.86,2026-08-01 01:37:00,0
TX_004262,ACC_0442,ACC_0787,77.76,2026-08-01 01:42:00,0
TX_002982,ACC_0557,ACC_0554,378.14,2026-08-01 01:45:00,0
TX_001345,ACC_0157,ACC_0886,647.71,2026-08-01 01:57:00,0
TX_001012,ACC_0278,ACC_0113,617.67,2026-08-01 01:58:00,0
TX_001079,ACC_0507,ACC_0258,925.55,2026-08-01 02:01:00,0
TX_000385,ACC_0197,ACC_0170,138.45,2026-08-01 02:07:00,0
TX_002123,ACC_0003,ACC_0102,818.64,2026-08-01 02:49:00,0
TX_003269,ACC_0574,ACC_0531,2304.92,2026-08-01 02:52:00,0
TX_002628,ACC_0017,ACC_0142,212.03,2026-08-01 02:58:00,0
TX_000711,ACC_0109,ACC_0644,371.69,2026-08-01 03:08:00,0
TX_002012,ACC_0480,ACC_0182,162.77,2026-08-01 03:16:00,0
TX_003213,ACC_0721,ACC_0323,190.52,2026-08-01 03:20:00,0
TX_001853,ACC_0644,ACC_0893,839.93,2026-08-01 03:20:00,0
TX_003749,ACC_0389,ACC_0439,168.26,2026-08-01 03:29:00,0
TX_003181,ACC_0739,ACC_0947,359.76,2026-08-01 03:53:00,0
TX_000382,ACC_0513,ACC_0862,162.16,2026-08-01 04:03:00,0
TX_002305,ACC_0762,ACC_0243,170.78,2026-08-01 04:03:00,0
TX_002570,ACC_0200,ACC_0124,299.5,2026-08-01 04:10:00,0
TX_000330,ACC_0228,ACC_0051,1415.95,2026-08-01 04:16:00,0
TX_002863,ACC_0982,ACC_0570,189.97,2026-08-01 04:19:00,0
TX_002500,ACC_0526,ACC_0612,680.39,2026-08-01 04:24:00,0
TX_003204,ACC_0929,ACC_0837,196.2,2026-08-01 04:33:00,0
TX_004564,ACC_0665,ACC_0936,722.87,2026-08-01 04:41:00,0
TX_003951,ACC_0090,ACC_0122,104.19,2026-08-01 04:52:00,0
TX_002370,ACC_0681,ACC_0427,204.28,2026-08-01 04:52:00,0
TX_003969,ACC_0194,ACC_0264,535.65,2026-08-01 05:01:00,0
TX_003252,ACC_0427,ACC_0782,1595.2,2026-08-01 05:32:00,0
TX_003910,ACC_0579,ACC_0745,1850.62,2026-08-01 05:47:00,0
TX_001329,ACC_0221,ACC_0834,392.9,2026-08-01 05:59:00,0
TX_000675,ACC_0402,ACC_0034,293.41,2026-08-01 06:05:00,0
TX_000579,ACC_0751,ACC_0545,699.91,2026-08-01 06:05:00,0
TX_001460,ACC_0304,ACC_0868,85.13,2026-08-01 06:09:00,0
TX_004430,ACC_0789,ACC_0751,463.79,2026-08-01 06:38:00,0
TX_003775,ACC_0749,ACC_0697,307.71,2026-08-01 06:54:00,0
TX_004847,ACC_0072,ACC_0221,66.36,2026-08-01 07:09:00,0
TX_000765,ACC_0836,ACC_0709,281.96,2026-08-01 07:18:00,0
TX_003714,ACC_0650,ACC_0525,390.96,2026-08-01 07:25:00,0
TX_003597,ACC_0620,ACC_0964,501.83,2026-08-01 08:05:00,0
TX_000705,ACC_0225,ACC_0531,541.44,2026-08-01 08:06:00,0
TX_004155,ACC_0615,ACC_0808,351.39,2026-08-01 08:08:00,0
TX_000493,ACC_0896,ACC_0724,711.23,2026-08-01 08:21:00,0
TX_003277,ACC_0695,ACC_0732,1011.78,2026-08-01 08:23:00,0
TX_002754,ACC_0272,ACC_0296,131.92,2026-08-01 08:26:00,0
TX_004146,ACC_0622,ACC_0444,981.04,2026-08-01 08:39:00,0
TX_000831,ACC_0848,ACC_0503,670.67,2026-08-01 08:45:00,0
TX_004201,ACC_0520,ACC_0193,69.0,2026-08-01 08:57:00,0
TX_000007,ACC_0200,ACC_0344,189.49,2026-08-01 09:15:00,0
TX_002683,ACC_0276,ACC_0516,264.1,2026-08-01 09:21:00,0
TX_003931,ACC_0967,ACC_0827,888.41,2026-08-01 09:40:00,0
TX_004793,ACC_0037,ACC_0113,472.95,2026-08-01 09:42:00,0
TX_002656,ACC_0300,ACC_0320,510.14,2026-08-01 09:53:00,0
TX_000614,ACC_0169,ACC_0523,118.1,2026-08-01 10:02:00,0
TX_003145,ACC_0303,ACC_0788,368.17,2026-08-01 10:12:00,0
TX_003661,ACC_0984,ACC_0435,1742.67,2026-08-01 10:14:00,0
TX_003532,ACC_0594,ACC_0123,290.52,2026-08-01 10:14:00,0
TX_004899,ACC_0508,ACC_0578,246.7,2026-08-01 10:20:00,0
TX_000334,ACC_0583,ACC_0131,149.82,2026-08-01 10:29:00,0
TX_000953,ACC_0635,ACC_0701,59.28,2026-08-01 10:49:00,0
TX_005246,ACC_0605,ACC_0027,195.66,2026-08-01 10:52:00,1
TX_001747,ACC_0528,ACC_0998,133.01,2026-08-01 10:58:00,0
TX_003590,ACC_0779,ACC_0454,213.82,2026-08-01 11:00:00,0
TX_005247,ACC_0605,ACC_0027,32827.87,2026-08-01 11:02:00,1
TX_001636,ACC_0457,ACC_0602,85.3,2026-08-01 11:06:00,0
TX_000760,ACC_0951,ACC_0940,361.13,2026-08-01 11:22:00,0
TX_002117,ACC_0206,ACC_0176,362.19,2026-08-01 11:25:00,0
TX_002964,ACC_0751,ACC_0712,56.72,2026-08-01 11:28:00,0
TX_003280,ACC_0631,ACC_0653,499.48,2026-08-01 11:32:00,0
TX_004505,ACC_0422,ACC_0434,1079.74,2026-08-01 11:41:00,0
TX_001662,ACC_0630,ACC_0118,421.28,2026-08-01 12:25:00,0
TX_004573,ACC_0250,ACC_0323,1448.69,2026-08-01 12:32:00,0
TX_004157,ACC_0636,ACC_0157,326.98,2026-08-01 12:34:00,0
TX_002634,ACC_0358,ACC_0711,364.65,2026-08-01 12:38:00,0
TX_001737,ACC_0338,ACC_0865,687.35,2026-08-01 12:46:00,0
TX_004035,ACC_0774,ACC_0195,168.27,2026-08-01 12:49:00,0
TX_004488,ACC_0114,ACC_0900,719.72,2026-08-01 12:54:00,0
TX_003959,ACC_0741,ACC_0106,906.07,2026-08-01 13:03:00,0
TX_000503,ACC_0839,ACC_0580,209.62,2026-08-01 13:17:00,0
TX_000607,ACC_0389,ACC_0021,258.4,2026-08-01 13:19:00,0
TX_002831,ACC_0556,ACC_0702,344.87,2026-08-01 13:36:00,0
TX_004820,ACC_0140,ACC_0042,450.49,2026-08-01 13:38:00,0
TX_004357,ACC_0578,ACC_0529,654.45,2026-08-01 13:39:00,0
TX_002182,ACC_0222,ACC_0808,485.55,2026-08-01 13:40:00,0
TX_004021,ACC_0021,ACC_0350,63.51,2026-08-01 13:48:00,0
TX_004438,ACC_0048,ACC_0360,367.54,2026-08-01 13:50:00,0
TX_003344,ACC_0404,ACC_0375,1111.95,2026-08-01 13:51:00,0
TX_001984,ACC_0389,ACC_0724,621.59,2026-08-01 14:02:00,0
TX_002559,ACC_0631,ACC_0443,414.07,2026-08-01 14:17:00,0
TX_001891,ACC_0835,ACC_0825,101.73,2026-08-01 14:37:00,0
TX_000150,ACC_0943,ACC_0285,350.42,2026-08-01 14:42:00,0
TX_000278,ACC_0229,ACC_0823,91.62,2026-08-01 14:46:00,0
TX_002944,ACC_0309,ACC_0617,262.46,2026-08-01 14:59:00,0
TX_003929,ACC_0916,ACC_0321,176.39,2026-08-01 15:18:00,0
TX_002504,ACC_0576,ACC_0786,612.85,2026-08-01 15:18:00,0
TX_003644,ACC_0734,ACC_0992,169.61,2026-08-01 15:19:00,0
TX_000892,ACC_0743,ACC_0762,512.74,2026-08-01 15:19:00,0
TX_001239,ACC_0150,ACC_0727,440.72,2026-08-01 15:33:00,0
TX_003180,ACC_0402,ACC_0383,107.4,2026-08-01 15:34:00,0
TX_000797,ACC_0104,ACC_0907,420.39,2026-08-01 15:46:00,0
TX_001208,ACC_0223,ACC_0505,408.18,2026-08-01 15:48:00,0
TX_000258,ACC_0755,ACC_0541,948.76,2026-08-01 15:51:00,0
TX_001029,ACC_0288,ACC_0653,344.68,2026-08-01 15:53:00,0
TX_000000,ACC_0090,ACC_0111,1669.29,2026-08-01 15:56:00,0
TX_004209,ACC_0578,ACC_0471,256.76,2026-08-01 15:59:00,0
TX_003735,ACC_0050,ACC_0739,647.78,2026-08-01 16:21:00,0
TX_002145,ACC_0151,ACC_0336,110.89,2026-08-01 16:41:00,0
TX_004473,ACC_0632,ACC_0725,708.23,2026-08-01 16:45:00,0
TX_003656,ACC_0604,ACC_0786,641.36,2026-08-01 16:56:00,0
TX_002536,ACC_0737,ACC_0319,67.44,2026-08-01 17:02:00,0
TX_003161,ACC_0146,ACC_0619,58.31,2026-08-01 17:02:00,0
TX_004918,ACC_0972,ACC_0394,1281.84,2026-08-01 17:07:00,0
TX_000546,ACC_0794,ACC_0895,639.96,2026-08-01 17:27:00,0
TX_004933,ACC_0960,ACC_0023,343.72,2026-08-01 18:04:00,0
TX_000353,ACC_0330,ACC_0406,198.66,2026-08-01 18:05:00,0
TX_002258,ACC_0431,ACC_0553,1114.24,2026-08-01 18:23:00,0
TX_002236,ACC_0095,ACC_0426,280.22,2026-08-01 18:28:00,0
TX_004508,ACC_0842,ACC_0545,375.04,2026-08-01 18:58:00,0
TX_000032,ACC_0584,ACC_0179,370.37,2026-08-01 19:13:00,0
TX_004295,ACC_0510,ACC_0932,581.15,2026-08-01 19:14:00,0
TX_004462,ACC_0118,ACC_0544,127.87,2026-08-01 19:22:00,0
TX_004860,ACC_0340,ACC_0751,918.28,2026-08-01 19:26:00,0
TX_000624,ACC_0608,ACC_0138,53.0,2026-08-01 19:34:00,0
TX_003191,ACC_0912,ACC_0078,352.72,2026-08-01 19:46:00,0
TX_002137,ACC_0086,ACC_0451,649.15,2026-08-01 19:57:00,0
TX_001573,ACC_0774,ACC_0641,334.75,2026-08-01 20:15:00,0
TX_003826,ACC_0400,ACC_0561,62.19,2026-08-01 20:25:00,0
TX_004159,ACC_0130,ACC_0003,348.66,2026-08-01 20:30:00,0
TX_001006,ACC_0317,ACC_0412,433.64,2026-08-01 20:31:00,0
TX_002542,ACC_0607,ACC_0512,593.96,2026-08-01 20:41:00,0
TX_003664,ACC_0339,ACC_0277,254.46,2026-08-01 21:07:00,0
TX_003665,ACC_0105,ACC_0573,1607.67,2026-08-01 21:30:00,0
TX_001554,ACC_0802,ACC_0526,194.02,2026-08-01 21:35:00,0
TX_000137,ACC_0493,ACC_0325,116.06,2026-08-01 21:42:00,0
TX_002529,ACC_0649,ACC_0529,90.26,2026-08-01 21:53:00,0
TX_000340,ACC_0059,ACC_0537,286.13,2026-08-01 21:53:00,0
TX_001267,ACC_0299,ACC_0080,220.14,2026-08-01 22:08:00,0
TX_002750,ACC_0329,ACC_0323,242.31,2026-08-01 22:17:00,0
TX_003333,ACC_0851,ACC_0911,345.52,2026-08-01 22:19:00,0
TX_004176,ACC_0306,ACC_0754,365.2,2026-08-01 22:44:00,0
TX_003722,ACC_0897,ACC_0724,117.35,2026-08-01 22:50:00,0
TX_002636,ACC_0178,ACC_0950,1070.53,2026-08-01 23:16:00,0
TX_002418,ACC_0603,ACC_0247,592.65,2026-08-01 23:16:00,0
TX_003126,ACC_0831,ACC_0166,663.02,2026-08-01 23:28:00,0
TX_002343,ACC_0283,ACC_0527,787.46,2026-08-01 23:32:00,0
TX_004900,ACC_0306,ACC_0014,1771.93,2026-08-01 23:55:00,0
TX_002499,ACC_0944,ACC_0470,696.54,2026-08-01 23:57:00,0
TX_001185,ACC_0466,ACC_0058,928.58,2026-08-02 00:08:00,0
TX_003113,ACC_0341,ACC_0702,329.5,2026-08-02 00:18:00,0
TX_004755,ACC_0581,ACC_0022,1535.82,2026-08-02 00:24:00,0
TX_001674,ACC_0858,ACC_0553,357.22,2026-08-02 00:26:00,0
TX_000056,ACC_0744,ACC_0429,537.69,2026-08-02 00:44:00,0
TX_000538,ACC_0026,ACC_0932,784.25,2026-08-02 00:47:00,0
TX_001564,ACC_0044,ACC_0383,576.78,2026-08-02 01:09:00,0
TX_002472,ACC_0537,ACC_0733,615.74,2026-08-02 01:21:00,0
TX_003897,ACC_0593,ACC_0191,697.62,2026-08-02 01:31:00,0
TX_001134,ACC_0083,ACC_0352,877.92,2026-08-02 01:38:00,0
TX_005120,ACC_0870,ACC_0029,225.82,2026-08-02 01:43:00,1
TX_004043,ACC_0711,ACC_0682,286.82,2026-08-02 01:44:00,0
TX_003309,ACC_0389,ACC_0230,938.58,2026-08-02 01:52:00,0
TX_005121,ACC_0870,ACC_0029,32068.17,2026-08-02 01:53:00,1
TX_001588,ACC_0380,ACC_0302,792.03,2026-08-02 01:55:00,0
TX_002599,ACC_0593,ACC_0599,699.87,2026-08-02 02:49:00,0
TX_003366,ACC_0935,ACC_0040,176.96,2026-08-02 02:52:00,0
TX_000492,ACC_0004,ACC_0727,266.36,2026-08-02 02:53:00,0
TX_003716,ACC_0630,ACC_0805,595.92,2026-08-02 02:56:00,0
TX_003841,ACC_0646,ACC_0128,1275.62,2026-08-02 03:09:00,0
TX_003753,ACC_0818,ACC_0131,982.08,2026-08-02 03:36:00,0
TX_002605,ACC_0670,ACC_0472,604.62,2026-08-02 03:37:00,0
TX_001621,ACC_0024,ACC_0742,151.55,2026-08-02 03:41:00,0
TX_003971,ACC_0671,ACC_0638,429.62,2026-08-02 03:46:00,0
TX_004613,ACC_0031,ACC_0397,283.87,2026-08-02 03:55:00,0
TX_001106,ACC_0650,ACC_0765,287.63,2026-08-02 04:00:00,0
TX_004374,ACC_0233,ACC_0266,85.6,2026-08-02 04:02:00,0
TX_002783,ACC_0456,ACC_0850,782.06,2026-08-02 04:15:00,0
TX_003874,ACC_0044,ACC_0042,74.87,2026-08-02 04:24:00,0
TX_000513,ACC_0630,ACC_0015,357.45,2026-08-02 04:47:00,0
TX_002720,ACC_0118,ACC_0195,103.2,2026-08-02 04:49:00,0
TX_005208,ACC_0078,ACC_0020,274.32,2026-08-02 04:59:00,1
TX_003072,ACC_0265,ACC_0638,381.24,2026-08-02 05:01:00,0
TX_005209,ACC_0078,ACC_0020,24864.14,2026-08-02 05:09:00,1
TX_002081,ACC_0632,ACC_0052,664.24,2026-08-02 05:24:00,0
TX_003625,ACC_0726,ACC_0737,1215.4,2026-08-02 05:24:00,0
TX_003061,ACC_0388,ACC_0775,2085.11,2026-08-02 05:33:00,0
TX_005162,ACC_0702,ACC_0008,230.03,2026-08-02 05:40:00,1
TX_005163,ACC_0702,ACC_0008,33993.32,2026-08-02 05:50:00,1
TX_004932,ACC_0956,ACC_0985,535.0,2026-08-02 06:00:00,0
TX_001671,ACC_0576,ACC_0062,51.87,2026-08-02 06:09:00,0
TX_004098,ACC_0507,ACC_0931,354.19,2026-08-02 06:26:00,0
TX_001052,ACC_0073,ACC_0509,350.93,2026-08-02 06:35:00,0
TX_002635,ACC_0520,ACC_0011,927.5,2026-08-02 06:36:00,0
TX_004310,ACC_0554,ACC_0023,668.46,2026-08-02 06:45:00,0
TX_001428,ACC_0267,ACC_0227,378.9,2026-08-02 07:24:00,0
TX_003810,ACC_0543,ACC_0975,367.47,2026-08-02 07:33:00,0
TX_000771,ACC_0220,ACC_0937,231.04,2026-08-02 07:33:00,0
TX_003608,ACC_0971,ACC_0456,428.94,2026-08-02 07:34:00,0
TX_002662,ACC_0126,ACC_0601,1120.07,2026-08-02 07:35:00,0
TX_002254,ACC_0455,ACC_0971,707.06,2026-08-02 07:36:00,0
TX_000082,ACC_0061,ACC_0048,52.73,2026-08-02 07:36:00,0
TX_000476,ACC_0617,ACC_0808,389.9,2026-08-02 07:46:00,0
TX_002356,ACC_0359,ACC_0575,303.92,2026-08-02 07:54:00,0
TX_002366,ACC_0523,ACC_0621,1091.15,2026-08-02 07:57:00,0
TX_001751,ACC_0780,ACC_0452,660.46,2026-08-02 08:06:00,0
TX_001887,ACC_0494,ACC_0328,219.46,2026-08-02 08:16:00,0
TX_002921,ACC_0004,ACC_0534,349.02,2026-08-02 08:22:00,0
TX_001648,ACC_0120,ACC_0273,343.78,2026-08-02 08:24:00,0
TX_004796,ACC_0470,ACC_0585,54.96,2026-08-02 08:30:00,0
TX_002572,ACC_0464,ACC_0936,546.17,2026-08-02 08:32:00,0
TX_001519,ACC_0028,ACC_0406,307.16,2026-08-02 08:34:00,0
TX_004133,ACC_0652,ACC_0040,491.04,2026-08-02 08:44:00,0
TX_002900,ACC_0033,ACC_0168,400.5,2026-08-02 09:36:00,0
TX_001055,ACC_0095,ACC_0021,689.74,2026-08-02 09:37:00,0
TX_004193,ACC_0878,ACC_0205,158.05,2026-08-02 09:46:00,0
TX_001377,ACC_0170,ACC_0913,2164.48,2026-08-02 09:54:00,0
TX_003572,ACC_0979,ACC_0049,393.47,2026-08-02 09:57:00,0
TX_001114,ACC_0020,ACC_0525,144.41,2026-08-02 10:01:00,0
TX_004015,ACC_0126,ACC_0698,605.96,2026-08-02 10:05:00,0
TX_000236,ACC_0336,ACC_0861,99.01,2026-08-02 10:44:00,0
TX_002777,ACC_0512,ACC_0162,276.43,2026-08-02 10:53:00,0
TX_002027,ACC_0141,ACC_0335,340.37,2026-08-02 11:08:00,0
TX_004928,ACC_0826,ACC_0143,516.15,2026-08-02 11:08:00,0
TX_000951,ACC_0695,ACC_0570,1021.8,2026-08-02 11:09:00,0
TX_002865,ACC_0742,ACC_0970,237.48,2026-08-02 11:26:00,0
TX_003226,ACC_0501,ACC_0383,59.13,2026-08-02 11:40:00,0
TX_002823,ACC_0815,ACC_0289,900.61,2026-08-02 11:47:00,0
TX_001275,ACC_0268,ACC_0115,1385.76,2026-08-02 11:53:00,0
TX_004261,ACC_0319,ACC_0988,323.68,2026-08-02 12:01:00,0
TX_003569,ACC_0227,ACC_0311,378.83,2026-08-02 12:07:00,0
TX_002299,ACC_0053,ACC_0702,87.15,2026-08-02 12:12:00,0
TX_001035,ACC_0410,ACC_0237,105.88,2026-08-02 12:15:00,0
TX_000375,ACC_0361,ACC_0754,547.41,2026-08-02 12:18:00,0
TX_000460,ACC_0439,ACC_0245,285.76,2026-08-02 12:20:00,0
TX_002255,ACC_0579,ACC_0620,114.01,2026-08-02 12:36:00,0
TX_000784,ACC_0441,ACC_0860,1219.09,2026-08-02 12:46:00,0
TX_003103,ACC_0928,ACC_0925,858.56,2026-08-02 12:52:00,0
TX_003308,ACC_0830,ACC_0187,1239.54,2026-08-02 12:59:00,0
TX_002457,ACC_0877,ACC_0068,441.22,2026-08-02 13:03:00,0
TX_001693,ACC_0000,ACC_0347,813.56,2026-08-02 13:11:00,0
TX_000756,ACC_0169,ACC_0056,396.83,2026-08-02 13:29:00,0
TX_004587,ACC_0826,ACC_0394,185.51,2026-08-02 13:39:00,0
TX_001069,ACC_0773,ACC_0118,85.49,2026-08-02 13:54:00,0
TX_004441,ACC_0465,ACC_0050,388.62,2026-08-02 13:58:00,0
TX_000909,ACC_0977,ACC_0190,1117.14,2026-08-02 14:03:00,0
TX_004683,ACC_0570,ACC_0840,101.04,2026-08-02 14:04:00,0
TX_000683,ACC_0354,ACC_0556,92.98,2026-08-02 14:07:00,0
TX_004409,ACC_0849,ACC_0509,605.78,2026-08-02 14:14:00,0
TX_003553,ACC_0935,ACC_0994,105.92,2026-08-02 14:14:00,0
TX_004868,ACC_0774,ACC_0318,53.05,2026-08-02 14:16:00,0
TX_000547,ACC_0601,ACC_0817,818.68,2026-08-02 14:18:00,0
TX_001333,ACC_0436,ACC_0360,1608.14,2026-08-02 14:20:00,0
TX_002240,ACC_0965,ACC_0538,344.51,2026-08-02 14:26:00,0
TX_003502,ACC_0314,ACC_0635,788.04,2026-08-02 14:33:00,0
TX_004121,ACC_0200,ACC_0771,206.35,2026-08-02 14:36:00,0
TX_004218,ACC_0811,ACC_0635,816.55,2026-08-02 15:02:00,0
TX_000069,ACC_0190,ACC_0499,463.06,2026-08-02 15:06:00,0
TX_002007,ACC_0855,ACC_0197,561.17,2026-08-02 15:10:00,0
TX_003623,ACC_0071,ACC_0052,1906.36,2026-08-02 16:26:00,0
TX_000501,ACC_0183,ACC_0537,1108.04,2026-08-02 16:37:00,0
TX_004436,ACC_0081,ACC_0991,361.89,2026-08-02 16:43:00,0
TX_003090,ACC_0560,ACC_0059,324.59,2026-08-02 17:01:00,0
TX_000999,ACC_0192,ACC_0675,166.36,2026-08-02 17:06:00,0
TX_001632,ACC_0683,ACC_0360,373.2,2026-08-02 17:09:00,0
TX_003197,ACC_0080,ACC_0227,1153.46,2026-08-02 17:15:00,0
TX_004445,ACC_0162,ACC_0953,137.43,2026-08-02 17:16:00,0
TX_004216,ACC_0732,ACC_0312,286.24,2026-08-02 17:20:00,0
TX_003163,ACC_0918,ACC_0309,179.59,2026-08-02 17:27:00,0
TX_003632,ACC_0368,ACC_0882,715.28,2026-08-02 17:27:00,0
TX_001405,ACC_0993,ACC_0198,1969.89,2026-08-02 17:43:00,0
TX_004364,ACC_0661,ACC_0713,408.6,2026-08-02 18:30:00,0
TX_000422,ACC_0404,ACC_0312,1797.02,2026-08-02 18:54:00,0
TX_000153,ACC_0213,ACC_0892,703.79,2026-08-02 19:00:00,0
TX_000861,ACC_0527,ACC_0362,282.13,2026-08-02 19:04:00,0
TX_002090,ACC_0508,ACC_0693,1240.93,2026-08-02 19:07:00,0
TX_004887,ACC_0705,ACC_0693,119.95,2026-08-02 19:19:00,0
TX_004987,ACC_0740,ACC_0544,919.87,2026-08-02 19:19:00,0
TX_002920,ACC_0757,ACC_0781,354.98,2026-08-02 19:25:00,0
TX_004143,ACC_0423,ACC_0205,1129.6,2026-08-02 19:26:00,0
TX_001516,ACC_0366,ACC_0603,174.36,2026-08-02 19:28:00,0
TX_001764,ACC_0701,ACC_0218,137.27,2026-08-02 19:32:00,0
TX_003043,ACC_0689,ACC_0412,966.69,2026-08-02 19:52:00,0
TX_003547,ACC_0379,ACC_0543,142.23,2026-08-02 19:57:00,0
TX_005050,ACC_0917,ACC_0045,164.74,2026-08-02 20:23:00,1
TX_002004,ACC_0610,ACC_0301,215.25,2026-08-02 20:27:00,0
TX_005051,ACC_0917,ACC_0045,30598.86,2026-08-02 20:33:00,1
TX_004451,ACC_0616,ACC_0660,74.73,2026-08-02 20:42:00,0
TX_004058,ACC_0641,ACC_0097,55.12,2026-08-02 20:54:00,0
TX_000010,ACC_0391,ACC_0226,67.11,2026-08-02 20:56:00,0
TX_001800,ACC_0478,ACC_0558,267.49,2026-08-02 21:07:00,0
TX_003129,ACC_0894,ACC_0296,95.87,2026-08-02 21:16:00,0
TX_002609,ACC_0072,ACC_0024,225.28,2026-08-02 21:22:00,0
TX_000319,ACC_0993,ACC_0273,2372.59,2026-08-02 21:24:00,0
TX_005108,ACC_0640,ACC_0044,221.2,2026-08-02 21:36:00,1
TX_002173,ACC_0552,ACC_0716,1454.79,2026-08-02 21:38:00,0
TX_005109,ACC_0640,ACC_0044,37535.61,2026-08-02 21:46:00,1
TX_004353,ACC_0496,ACC_0482,282.41,2026-08-02 21:47:00,0
TX_001744,ACC_0107,ACC_0924,179.45,2026-08-02 22:05:00,0
TX_002157,ACC_0177,ACC_0788,269.97,2026-08-02 22:07:00,0
TX_002947,ACC_0230,ACC_0774,1175.74,2026-08-02 22:41:00,0
TX_005030,ACC_0323,ACC_0012,129.55,2026-08-02 22:44:00,1
TX_005031,ACC_0323,ACC_0012,43914.37,2026-08-02 22:54:00,1
TX_001369,ACC_0060,ACC_0877,252.17,2026-08-02 23:01:00,0
TX_003021,ACC_0617,ACC_0719,813.37,2026-08-02 23:01:00,0
TX_004550,ACC_0871,ACC_0012,251.79,2026-08-02 23:42:00,0
TX_002735,ACC_0603,ACC_0377,181.41,2026-08-02 23:44:00,0
TX_001979,ACC_0939,ACC_0892,1193.2,2026-08-02 23:46:00,0
TX_004174,ACC_0384,ACC_0069,978.31,2026-08-02 23:57:00,0
TX_000761,ACC_0426,ACC_0921,1042.99,2026-08-02 23:57:00,0
TX_004752,ACC_0519,ACC_0528,113.09,2026-08-03 00:06:00,0
TX_003221,ACC_0463,ACC_0430,384.09,2026-08-03 00:13:00,0
TX_003203,ACC_0322,ACC_0000,446.03,2026-08-03 00:31:00,0
TX_000772,ACC_0809,ACC_0626,65.62,2026-08-03 00:47:00,0
TX_003506,ACC_0518,ACC_0472,749.09,2026-08-03 00:50:00,0
TX_002053,ACC_0107,ACC_0256,307.16,2026-08-03 00:50:00,0
TX_002113,ACC_0586,ACC_0335,79.42,2026-08-03 00:54:00,0
TX_001666,ACC_0504,ACC_0876,218.69,2026-08-03 00:57:00,0
TX_001901,ACC_0069,ACC_0964,236.8,2026-08-03 01:02:00,0
TX_003730,ACC_0492,ACC_0856,488.07,2026-08-03 01:12:00,0
TX_003089,ACC_0601,ACC_0049,357.33,2026-08-03 01:12:00,0
TX_000780,ACC_0839,ACC_0065,944.97,2026-08-03 01:42:00,0
TX_000131,ACC_0607,ACC_0995,706.75,2026-08-03 01:44:00,0
TX_001792,ACC_0691,ACC_0772,96.77,2026-08-03 01:59:00,0
TX_002822,ACC_0002,ACC_0226,456.84,2026-08-03 02:13:00,0
TX_002941,ACC_0040,ACC_0764,1910.45,2026-08-03 02:18:00,0
TX_004936,ACC_0276,ACC_0434,596.62,2026-08-03 02:21:00,0
TX_003031,ACC_0412,ACC_0304,795.92,2026-08-03 02:28:00,0
TX_001001,ACC_0045,ACC_0807,438.03,2026-08-03 02:46:00,0
TX_005244,ACC_0446,ACC_0012,236.02,2026-08-03 02:55:00,1
TX_003365,ACC_0943,ACC_0954,57.1,2026-08-03 02:59:00,0
TX_000264,ACC_0426,ACC_0009,118.01,2026-08-03 03:03:00,0
TX_000556,ACC_0005,ACC_0236,233.26,2026-08-03 03:05:00,0
TX_005245,ACC_0446,ACC_0012,39659.29,2026-08-03 03:05:00,1
TX_004283,ACC_0407,ACC_0762,1281.49,2026-08-03 03:17:00,0
TX_002666,ACC_0213,ACC_0756,198.74,2026-08-03 03:30:00,0
TX_004888,ACC_0894,ACC_0573,765.61,2026-08-03 03:30:00,0
TX_001591,ACC_0945,ACC_0472,747.09,2026-08-03 03:33:00,0
TX_003879,ACC_0574,ACC_0827,1698.05,2026-08-03 03:40:00,0
TX_003288,ACC_0102,ACC_0191,343.13,2026-08-03 03:40:00,0
TX_002946,ACC_0970,ACC_0920,141.59,2026-08-03 04:07:00,0
TX_003494,ACC_0738,ACC_0554,362.32,2026-08-03 04:12:00,0
TX_000838,ACC_0669,ACC_0048,296.22,2026-08-03 04:21:00,0
TX_004880,ACC_0818,ACC_0141,533.73,2026-08-03 04:23:00,0
TX_002811,ACC_0571,ACC_0629,1078.5,2026-08-03 04:26:00,0
TX_002876,ACC_0947,ACC_0432,425.37,2026-08-03 04:32:00,0
TX_005252,ACC_0104,ACC_0015,107.74,2026-08-03 04:42:00,1
TX_000880,ACC_0209,ACC_0280,805.37,2026-08-03 04:50:00,0
TX_005253,ACC_0104,ACC_0015,49818.38,2026-08-03 04:52:00,1
TX_000757,ACC_0617,ACC_0973,145.79,2026-08-03 04:53:00,0
TX_004678,ACC_0980,ACC_0621,362.31,2026-08-03 05:14:00,0
TX_005110,ACC_0719,ACC_0034,201.68,2026-08-03 05:20:00,1
TX_005002,ACC_0352,ACC_0036,171.09,2026-08-03 05:24:00,1
TX_005111,ACC_0719,ACC_0034,18296.81,2026-08-03 05:30:00,1
TX_000361,ACC_0345,ACC_0153,200.71,2026-08-03 05:33:00,0
TX_005003,ACC_0352,ACC_0036,25835.03,2026-08-03 05:34:00,1
TX_003008,ACC_0376,ACC_0650,68.69,2026-08-03 05:37:00,0
TX_004526,ACC_0654,ACC_0924,201.57,2026-08-03 05:48:00,0
TX_003797,ACC_0249,ACC_0320,1105.8,2026-08-03 05:50:00,0
TX_002596,ACC_0598,ACC_0894,407.5,2026-08-03 05:58:00,0
TX_001360,ACC_0736,ACC_0530,178.4,2026-08-03 06:05:00,0
TX_000840,ACC_0747,ACC_0857,1456.91,2026-08-03 06:15:00,0
TX_003044,ACC_0431,ACC_0432,1081.16,2026-08-03 06:27:00,0
TX_003491,ACC_0879,ACC_0003,91.58,2026-08-03 06:47:00,0
TX_000355,ACC_0758,ACC_0303,817.09,2026-08-03 06:48:00,0
TX_003358,ACC_0106,ACC_0205,156.44,2026-08-03 06:56:00,0
TX_003760,ACC_0347,ACC_0739,100.88,2026-08-03 07:01:00,0
TX_002059,ACC_0925,ACC_0846,153.11,2026-08-03 07:17:00,0
TX_004231,ACC_0674,ACC_0616,270.14,2026-08-03 07:20:00,0
TX_003992,ACC_0642,ACC_0283,139.58,2026-08-03 07:21:00,0
TX_003982,ACC_0769,ACC_0533,111.16,2026-08-03 07:29:00,0
TX_004460,ACC_0816,ACC_0860,2719.04,2026-08-03 07:29:00,0
TX_003423,ACC_0968,ACC_0970,1142.06,2026-08-03 07:34:00,0
TX_001272,ACC_0407,ACC_0659,916.09,2026-08-03 07:37:00,0
TX_003128,ACC_0016,ACC_0315,146.08,2026-08-03 07:38:00,0
TX_005126,ACC_0838,ACC_0030,175.91,2026-08-03 08:08:00,1
TX_000824,ACC_0775,ACC_0921,991.43,2026-08-03 08:15:00,0
TX_004869,ACC_0397,ACC_0214,479.22,2026-08-03 08:16:00,0
TX_000948,ACC_0551,ACC_0410,1223.36,2026-08-03 08:17:00,0
TX_001034,ACC_0458,ACC_0073,213.24,2026-08-03 08:17:00,0
TX_003830,ACC_0435,ACC_0556,246.99,2026-08-03 08:18:00,0
TX_005127,ACC_0838,ACC_0030,37346.99,2026-08-03 08:18:00,1
TX_000397,ACC_0898,ACC_0835,182.79,2026-08-03 08:26:00,0
TX_001328,ACC_0221,ACC_0519,1141.8,2026-08-03 08:27:00,0
TX_000867,ACC_0368,ACC_0122,74.56,2026-08-03 09:11:00,0
TX_000564,ACC_0836,ACC_0222,796.03,2026-08-03 09:13:00,0
TX_002220,ACC_0779,ACC_0976,216.46,2026-08-03 09:23:00,0
TX_003759,ACC_0739,ACC_0515,858.33,2026-08-03 09:24:00,0
TX_001318,ACC_0190,ACC_0874,1361.35,2026-08-03 09:35:00,0
TX_001506,ACC_0047,ACC_0588,56.77,2026-08-03 09:42:00,0
TX_004595,ACC_0334,ACC_0462,1249.08,2026-08-03 09:47:00,0
TX_002089,ACC_0597,ACC_0557,621.9,2026-08-03 09:51:00,0
TX_001261,ACC_0223,ACC_0119,387.88,2026-08-03 09:57:00,0
TX_002035,ACC_0226,ACC_0973,481.69,2026-08-03 10:02:00,0
TX_004908,ACC_0779,ACC_0740,250.66,2026-08-03 10:14:00,0
TX_003002,ACC_0247,ACC_0186,360.98,2026-08-03 10:15:00,0
TX_002638,ACC_0500,ACC_0800,248.96,2026-08-03 10:24:00,0
TX_002919,ACC_0165,ACC_0476,210.39,2026-08-03 10:38:00,0
TX_002987,ACC_0405,ACC_0596,80.19,2026-08-03 10:43:00,0
TX_003941,ACC_0764,ACC_0012,391.44,2026-08-03 10:43:00,0
TX_000308,ACC_0146,ACC_0666,83.55,2026-08-03 10:48:00,0
TX_003780,ACC_0604,ACC_0166,570.9,2026-08-03 10:50:00,0
TX_003256,ACC_0346,ACC_0407,108.45,2026-08-03 10:59:00,0
TX_002689,ACC_0147,ACC_0221,518.74,2026-08-03 11:08:00,0
TX_003120,ACC_0680,ACC_0552,655.48,2026-08-03 11:11:00,0
TX_000196,ACC_0875,ACC_0747,648.87,2026-08-03 11:39:00,0
TX_001727,ACC_0935,ACC_0661,1529.96,2026-08-03 12:07:00,0
TX_002552,ACC_0635,ACC_0743,1079.38,2026-08-03 12:09:00,0
TX_001004,ACC_0456,ACC_0421,52.19,2026-08-03 12:21:00,0
TX_001277,ACC_0309,ACC_0637,2320.7,2026-08-03 12:23:00,0
TX_000115,ACC_0918,ACC_0267,442.71,2026-08-03 12:29:00,0
TX_002374,ACC_0423,ACC_0271,909.41,2026-08-03 12:31:00,0
TX_003434,ACC_0394,ACC_0054,1257.53,2026-08-03 12:33:00,0
TX_001439,ACC_0321,ACC_0159,839.2,2026-08-03 12:34:00,0
TX_000423,ACC_0407,ACC_0849,218.88,2026-08-03 12:39:00,0
TX_003052,ACC_0909,ACC_0294,158.56,2026-08-03 12:47:00,0
TX_000380,ACC_0217,ACC_0390,429.92,2026-08-03 12:50:00,0
TX_004274,ACC_0411,ACC_0911,1470.6,2026-08-03 12:52:00,0
TX_002905,ACC_0493,ACC_0838,425.46,2026-08-03 13:07:00,0
TX_004650,ACC_0604,ACC_0595,313.3,2026-08-03 13:13:00,0
TX_005170,ACC_0780,ACC_0044,100.34,2026-08-03 13:20:00,1
TX_005171,ACC_0780,ACC_0044,17515.52,2026-08-03 13:30:00,1
TX_001534,ACC_0527,ACC_0257,481.42,2026-08-03 13:37:00,0
TX_004802,ACC_0592,ACC_0095,321.03,2026-08-03 13:47:00,0
TX_003217,ACC_0709,ACC_0792,1416.37,2026-08-03 13:48:00,0
TX_004328,ACC_0777,ACC_0276,583.51,2026-08-03 13:50:00,0
TX_003409,ACC_0980,ACC_0950,98.41,2026-08-03 14:00:00,0
TX_003195,ACC_0484,ACC_0600,2120.49,2026-08-03 14:14:00,0
TX_001003,ACC_0008,ACC_0293,1151.91,2026-08-03 14:14:00,0
TX_004321,ACC_0542,ACC_0786,458.65,2026-08-03 14:37:00,0
TX_002326,ACC_0852,ACC_0932,149.52,2026-08-03 14:41:00,0
TX_001468,ACC_0965,ACC_0765,1313.0,2026-08-03 14:41:00,0
TX_001667,ACC_0214,ACC_0345,172.95,2026-08-03 14:44:00,0
TX_002011,ACC_0996,ACC_0476,133.46,2026-08-03 14:53:00,0
TX_003300,ACC_0689,ACC_0394,340.31,2026-08-03 15:09:00,0
TX_000520,ACC_0213,ACC_0048,159.23,2026-08-03 15:17:00,0
TX_000496,ACC_0809,ACC_0252,852.97,2026-08-03 15:22:00,0
TX_003511,ACC_0875,ACC_0368,201.26,2026-08-03 15:29:00,0
TX_002245,ACC_0954,ACC_0567,242.41,2026-08-03 15:29:00,0
TX_001893,ACC_0966,ACC_0032,99.03,2026-08-03 15:35:00,0
TX_000365,ACC_0270,ACC_0812,274.84,2026-08-03 15:41:00,0
TX_002048,ACC_0417,ACC_0009,1490.54,2026-08-03 15:50:00,0
TX_003282,ACC_0134,ACC_0382,67.64,2026-08-03 16:05:00,0
TX_000952,ACC_0892,ACC_0378,1472.28,2026-08-03 16:17:00,0
TX_003896,ACC_0584,ACC_0378,614.42,2026-08-03 16:27:00,0
TX_000576,ACC_0322,ACC_0010,65.86,2026-08-03 16:32:00,0
TX_002894,ACC_0691,ACC_0167,623.09,2026-08-03 16:34:00,0
TX_003669,ACC_0634,ACC_0303,1125.02,2026-08-03 16:38:00,0
TX_000154,ACC_0291,ACC_0270,430.2,2026-08-03 17:07:00,0
TX_001394,ACC_0618,ACC_0203,537.92,2026-08-03 17:25:00,0
TX_000634,ACC_0544,ACC_0552,72.05,2026-08-03 17:25:00,0
TX_004651,ACC_0760,ACC_0997,790.82,2026-08-03 18:00:00,0
TX_004422,ACC_0047,ACC_0319,64.98,2026-08-03 18:03:00,0
TX_004822,ACC_0581,ACC_0285,2757.66,2026-08-03 18:10:00,0
TX_003456,ACC_0463,ACC_0595,538.09,2026-08-03 18:23:00,0
TX_004919,ACC_0956,ACC_0214,846.19,2026-08-03 18:23:00,0
TX_004681,ACC_0051,ACC_0990,1775.62,2026-08-03 18:53:00,0
TX_002798,ACC_0353,ACC_0482,314.16,2026-08-03 18:56:00,0
TX_004630,ACC_0915,ACC_0232,912.78,2026-08-03 19:01:00,0
TX_004842,ACC_0036,ACC_0855,403.18,2026-08-03 19:05:00,0
TX_003392,ACC_0543,ACC_0391,1072.86,2026-08-03 19:14:00,0
TX_000799,ACC_0853,ACC_0798,113.4,2026-08-03 19:29:00,0
TX_004432,ACC_0889,ACC_0950,282.12,2026-08-03 19:31:00,0
TX_000810,ACC_0255,ACC_0939,1069.3,2026-08-03 19:39:00,0
TX_003030,ACC_0478,ACC_0535,233.31,2026-08-03 19:48:00,0
TX_003319,ACC_0066,ACC_0216,200.52,2026-08-03 20:04:00,0
TX_004520,ACC_0740,ACC_0772,1010.77,2026-08-03 20:12:00,0
TX_002442,ACC_0245,ACC_0693,744.03,2026-08-03 20:14:00,0
TX_000510,ACC_0290,ACC_0068,830.91,2026-08-03 20:27:00,0
TX_002746,ACC_0023,ACC_0495,458.13,2026-08-03 20:47:00,0
TX_000636,ACC_0290,ACC_0469,785.47,2026-08-03 20:59:00,0
TX_001808,ACC_0265,ACC_0390,1432.68,2026-08-03 21:03:00,0
TX_004695,ACC_0350,ACC_0047,1888.54,2026-08-03 21:07:00,0
TX_001897,ACC_0013,ACC_0530,537.68,2026-08-03 21:32:00,0
TX_002412,ACC_0600,ACC_0202,272.07,2026-08-03 21:50:00,0
TX_002508,ACC_0195,ACC_0884,479.25,2026-08-03 21:51:00,0
TX_000647,ACC_0865,ACC_0196,246.69,2026-08-03 21:56:00,0
TX_003619,ACC_0088,ACC_0928,3223.49,2026-08-03 22:14:00,0
TX_002791,ACC_0057,ACC_0928,431.18,2026-08-03 22:14:00,0
TX_004707,ACC_0545,ACC_0449,962.52,2026-08-03 22:16:00,0
TX_003536,ACC_0843,ACC_0990,763.61,2026-08-03 22:28:00,0
TX_004078,ACC_0231,ACC_0640,939.07,2026-08-03 22:37:00,0
TX_004173,ACC_0632,ACC_0857,621.1,2026-08-03 22:41:00,0
TX_000158,ACC_0254,ACC_0594,786.94,2026-08-03 22:43:00,0
TX_002298,ACC_0927,ACC_0866,332.02,2026-08-03 22:52:00,0
TX_002961,ACC_0961,ACC_0782,191.49,2026-08-03 22:58:00,0
TX_002368,ACC_0228,ACC_0434,694.45,2026-08-03 23:25:00,0
TX_002896,ACC_0749,ACC_0876,225.8,2026-08-03 23:29:00,0
TX_000525,ACC_0867,ACC_0588,94.85,2026-08-03 23:32:00,0
TX_002448,ACC_0101,ACC_0890,53.82,2026-08-03 23:37:00,0
TX_000179,ACC_0357,ACC_0671,538.64,2026-08-03 23:43:00,0
TX_002573,ACC_0154,ACC_0503,291.87,2026-08-03 23:50:00,0
TX_003893,ACC_0189,ACC_0894,1630.21,2026-08-04 00:02:00,0
TX_002170,ACC_0028,ACC_0076,457.64,2026-08-04 00:13:00,0
TX_003457,ACC_0359,ACC_0996,813.9,2026-08-04 00:14:00,0
TX_001396,ACC_0289,ACC_0698,255.14,2026-08-04 00:34:00,0
TX_002510,ACC_0378,ACC_0469,167.16,2026-08-04 00:36:00,0
TX_004575,ACC_0477,ACC_0540,538.35,2026-08-04 00:40:00,0
TX_000574,ACC_0177,ACC_0563,235.66,2026-08-04 00:47:00,0
TX_002604,ACC_0990,ACC_0332,162.05,2026-08-04 00:53:00,0
TX_000637,ACC_0405,ACC_0040,1048.37,2026-08-04 01:17:00,0
TX_004968,ACC_0089,ACC_0729,411.28,2026-08-04 01:27:00,0
TX_004950,ACC_0625,ACC_0497,688.25,2026-08-04 01:40:00,0
TX_000097,ACC_0211,ACC_0737,842.67,2026-08-04 01:43:00,0
TX_001919,ACC_0749,ACC_0727,272.16,2026-08-04 01:55:00,0
TX_003738,ACC_0743,ACC_0139,313.86,2026-08-04 02:09:00,0
TX_004004,ACC_0418,ACC_0446,280.21,2026-08-04 02:12:00,0
TX_001841,ACC_0015,ACC_0103,186.32,2026-08-04 02:14:00,0
TX_001486,ACC_0225,ACC_0129,586.62,2026-08-04 02:17:00,0
TX_003995,ACC_0634,ACC_0960,301.23,2026-08-04 03:16:00,0
TX_004465,ACC_0174,ACC_0072,1097.52,2026-08-04 03:26:00,0
TX_001042,ACC_0877,ACC_0934,1274.23,2026-08-04 03:27:00,0
TX_002996,ACC_0899,ACC_0112,623.0,2026-08-04 03:41:00,0
TX_000557,ACC_0389,ACC_0352,1193.05,2026-08-04 03:55:00,0
TX_003065,ACC_0184,ACC_0929,419.48,2026-08-04 04:06:00,0
TX_004770,ACC_0680,ACC_0583,69.86,2026-08-04 04:09:00,0
TX_000003,ACC_0363,ACC_0439,1161.48,2026-08-04 04:34:00,0
TX_000171,ACC_0057,ACC_0803,137.36,2026-08-04 04:39:00,0
TX_000698,ACC_0053,ACC_0236,548.59,2026-08-04 04:39:00,0
TX_004698,ACC_0215,ACC_0312,401.59,2026-08-04 04:50:00,0
TX_000731,ACC_0401,ACC_0679,798.12,2026-08-04 04:51:00,0
TX_004450,ACC_0496,ACC_0688,441.68,2026-08-04 05:09:00,0
TX_002212,ACC_0797,ACC_0917,143.71,2026-08-04 05:23:00,0
TX_004161,ACC_0141,ACC_0098,663.8,2026-08-04 05:33:00,0
TX_001854,ACC_0730,ACC_0871,198.49,2026-08-04 06:18:00,0
TX_002467,ACC_0382,ACC_0691,819.04,2026-08-04 06:21:00,0
TX_001183,ACC_0025,ACC_0716,1087.95,2026-08-04 06:23:00,0
TX_000992,ACC_0289,ACC_0973,780.45,2026-08-04 06:23:00,0
TX_002550,ACC_0138,ACC_0135,1043.24,2026-08-04 06:27:00,0
TX_002471,ACC_0853,ACC_0179,1229.98,2026-08-04 06:54:00,0
TX_003679,ACC_0881,ACC_0228,61.16,2026-08-04 07:01:00,0
TX_002141,ACC_0570,ACC_0061,292.47,2026-08-04 07:16:00,0
TX_000305,ACC_0537,ACC_0376,112.0,2026-08-04 07:30:00,0
TX_002992,ACC_0667,ACC_0019,187.66,2026-08-04 07:32:00,0
TX_001274,ACC_0104,ACC_0570,1246.55,2026-08-04 07:32:00,0
TX_004745,ACC_0402,ACC_0925,248.86,2026-08-04 07:46:00,0
TX_002161,ACC_0644,ACC_0288,89.18,2026-08-04 08:06:00,0
TX_003790,ACC_0868,ACC_0779,717.71,2026-08-04 08:12:00,0
TX_001688,ACC_0879,ACC_0416,254.8,2026-08-04 08:13:00,0
TX_004288,ACC_0933,ACC_0421,100.91,2026-08-04 08:20:00,0
TX_002639,ACC_0934,ACC_0789,104.67,2026-08-04 08:21:00,0
TX_004129,ACC_0431,ACC_0847,474.42,2026-08-04 08:23:00,0
TX_003283,ACC_0193,ACC_0824,52.77,2026-08-04 08:43:00,0
TX_003216,ACC_0736,ACC_0203,86.31,2026-08-04 09:01:00,0
TX_001987,ACC_0303,ACC_0978,288.22,2026-08-04 09:06:00,0
TX_004452,ACC_0270,ACC_0291,1238.07,2026-08-04 09:42:00,0
TX_001243,ACC_0932,ACC_0079,1195.28,2026-08-04 09:48:00,0
TX_001789,ACC_0738,ACC_0151,678.06,2026-08-04 09:53:00,0
TX_002214,ACC_0670,ACC_0307,401.02,2026-08-04 10:18:00,0
TX_000924,ACC_0207,ACC_0980,467.42,2026-08-04 10:28:00,0
TX_005200,ACC_0811,ACC_0009,132.18,2026-08-04 10:37:00,1
TX_001155,ACC_0576,ACC_0735,185.29,2026-08-04 10:38:00,0
TX_001698,ACC_0264,ACC_0732,1479.16,2026-08-04 10:42:00,0
TX_001752,ACC_0907,ACC_0773,566.02,2026-08-04 10:43:00,0
TX_000723,ACC_0817,ACC_0880,492.12,2026-08-04 10:46:00,0
TX_003000,ACC_0887,ACC_0539,2088.01,2026-08-04 10:47:00,0
TX_005201,ACC_0811,ACC_0009,34742.1,2026-08-04 10:47:00,1
TX_003302,ACC_0884,ACC_0748,733.21,2026-08-04 11:04:00,0
TX_004019,ACC_0298,ACC_0493,841.39,2026-08-04 11:11:00,0
TX_002981,ACC_0187,ACC_0430,352.99,2026-08-04 11:14:00,0
TX_000364,ACC_0342,ACC_0765,267.57,2026-08-04 11:41:00,0
TX_000110,ACC_0564,ACC_0287,2715.43,2026-08-04 11:43:00,0
TX_004397,ACC_0175,ACC_0245,274.43,2026-08-04 12:00:00,0
TX_002989,ACC_0296,ACC_0940,948.59,2026-08-04 12:03:00,0
TX_000237,ACC_0098,ACC_0354,937.69,2026-08-04 12:21:00,0
TX_003384,ACC_0278,ACC_0901,851.52,2026-08-04 12:23:00,0
TX_005122,ACC_0050,ACC_0007,142.13,2026-08-04 12:25:00,1
TX_005123,ACC_0050,ACC_0007,41845.96,2026-08-04 12:35:00,1
TX_005202,ACC_0118,ACC_0023,134.6,2026-08-04 12:46:00,1
TX_005203,ACC_0118,ACC_0023,33025.53,2026-08-04 12:56:00,1
TX_000591,ACC_0372,ACC_0783,311.98,2026-08-04 13:13:00,0
TX_001889,ACC_0631,ACC_0923,190.37,2026-08-04 13:14:00,0
TX_001449,ACC_0629,ACC_0802,488.64,2026-08-04 13:19:00,0
TX_000895,ACC_0100,ACC_0152,378.72,2026-08-04 13:37:00,0
TX_001354,ACC_0138,ACC_0590,166.23,2026-08-04 13:43:00,0
TX_004335,ACC_0451,ACC_0016,867.86,2026-08-04 13:46:00,0
TX_005284,ACC_0211,ACC_0020,214.94,2026-08-04 13:53:00,1
TX_002187,ACC_0768,ACC_0110,692.01,2026-08-04 13:55:00,0
TX_004965,ACC_0673,ACC_0258,319.6,2026-08-04 13:58:00,0
TX_005285,ACC_0211,ACC_0020,15039.47,2026-08-04 14:03:00,1
TX_000781,ACC_0855,ACC_0091,279.8,2026-08-04 14:03:00,0
TX_002056,ACC_0040,ACC_0130,301.84,2026-08-04 14:05:00,0
TX_001968,ACC_0783,ACC_0768,2373.61,2026-08-04 14:06:00,0
TX_001407,ACC_0377,ACC_0071,1062.36,2026-08-04 14:14:00,0
TX_003199,ACC_0059,ACC_0796,397.23,2026-08-04 14:14:00,0
TX_001110,ACC_0440,ACC_0830,539.27,2026-08-04 14:19:00,0
TX_002706,ACC_0913,ACC_0831,187.49,2026-08-04 14:28:00,0
TX_004162,ACC_0000,ACC_0282,425.26,2026-08-04 14:36:00,0
TX_004641,ACC_0093,ACC_0508,450.43,2026-08-04 14:46:00,0
TX_000709,ACC_0144,ACC_0740,423.57,2026-08-04 14:53:00,0
TX_004556,ACC_0782,ACC_0864,349.13,2026-08-04 14:56:00,0
TX_001391,ACC_0125,ACC_0426,114.64,2026-08-04 14:56:00,0
TX_004850,ACC_0766,ACC_0531,533.42,2026-08-04 15:02:00,0
TX_002095,ACC_0512,ACC_0634,731.44,2026-08-04 15:06:00,0
TX_000652,ACC_0122,ACC_0005,186.39,2026-08-04 15:08:00,0
TX_004311,ACC_0984,ACC_0539,263.17,2026-08-04 15:23:00,0
TX_000224,ACC_0327,ACC_0698,80.91,2026-08-04 15:36:00,0
TX_000261,ACC_0565,ACC_0748,916.15,2026-08-04 15:36:00,0
TX_002622,ACC_0470,ACC_0556,616.86,2026-08-04 15:43:00,0
TX_000231,ACC_0553,ACC_0517,215.31,2026-08-04 15:47:00,0
TX_000729,ACC_0319,ACC_0279,165.32,2026-08-04 15:50:00,0
TX_003036,ACC_0593,ACC_0900,422.1,2026-08-04 15:50:00,0
TX_001833,ACC_0465,ACC_0798,1290.02,2026-08-04 16:17:00,0
TX_004016,ACC_0232,ACC_0149,851.55,2026-08-04 16:19:00,0
TX_001321,ACC_0611,ACC_0524,134.75,2026-08-04 17:16:00,0
TX_003141,ACC_0517,ACC_0076,1732.98,2026-08-04 17:25:00,0
TX_000062,ACC_0979,ACC_0872,333.0,2026-08-04 17:27:00,0
TX_002651,ACC_0122,ACC_0668,306.78,2026-08-04 17:28:00,0
TX_001119,ACC_0216,ACC_0123,290.11,2026-08-04 17:30:00,0
TX_001515,ACC_0311,ACC_0110,487.75,2026-08-04 17:34:00,0
TX_001285,ACC_0658,ACC_0892,239.48,2026-08-04 17:42:00,0
TX_001331,ACC_0069,ACC_0247,506.65,2026-08-04 17:59:00,0
TX_002853,ACC_0378,ACC_0830,199.11,2026-08-04 18:12:00,0
TX_004119,ACC_0242,ACC_0487,597.03,2026-08-04 18:15:00,0
TX_001490,ACC_0866,ACC_0454,237.11,2026-08-04 18:38:00,0
TX_003486,ACC_0553,ACC_0994,727.78,2026-08-04 18:44:00,0
TX_004196,ACC_0831,ACC_0287,1246.9,2026-08-04 18:44:00,0
TX_003018,ACC_0899,ACC_0396,1123.97,2026-08-04 18:57:00,0
TX_000975,ACC_0779,ACC_0776,1273.44,2026-08-04 18:58:00,0
TX_000837,ACC_0780,ACC_0333,890.14,2026-08-04 19:02:00,0
TX_003158,ACC_0001,ACC_0656,532.76,2026-08-04 19:08:00,0
TX_003945,ACC_0971,ACC_0114,480.9,2026-08-04 19:09:00,0
TX_001831,ACC_0504,ACC_0400,859.1,2026-08-04 19:25:00,0
TX_001669,ACC_0234,ACC_0985,1503.24,2026-08-04 19:27:00,0
TX_004676,ACC_0652,ACC_0677,747.07,2026-08-04 19:30:00,0
TX_002279,ACC_0219,ACC_0552,228.05,2026-08-04 19:39:00,0
TX_003562,ACC_0905,ACC_0428,1247.99,2026-08-04 19:40:00,0
TX_003469,ACC_0784,ACC_0032,609.38,2026-08-04 19:47:00,0
TX_003454,ACC_0796,ACC_0586,256.73,2026-08-04 20:06:00,0
TX_004580,ACC_0842,ACC_0088,106.57,2026-08-04 20:07:00,0
TX_000219,ACC_0249,ACC_0741,189.45,2026-08-04 20:15:00,0
TX_002176,ACC_0300,ACC_0614,569.93,2026-08-04 20:17:00,0
TX_002001,ACC_0614,ACC_0787,1449.75,2026-08-04 20:23:00,0
TX_004150,ACC_0503,ACC_0245,217.74,2026-08-04 20:24:00,0
TX_001495,ACC_0786,ACC_0456,65.13,2026-08-04 20:27:00,0
TX_004525,ACC_0572,ACC_0327,658.75,2026-08-04 20:28:00,0
TX_001128,ACC_0695,ACC_0505,123.67,2026-08-04 20:31:00,0
TX_004094,ACC_0164,ACC_0649,1616.61,2026-08-04 20:33:00,0
TX_002146,ACC_0911,ACC_0088,899.06,2026-08-04 20:38:00,0
TX_003906,ACC_0644,ACC_0876,78.36,2026-08-04 20:38:00,0
TX_002046,ACC_0202,ACC_0490,1019.08,2026-08-04 20:38:00,0
TX_004894,ACC_0214,ACC_0034,151.53,2026-08-04 20:46:00,0
TX_001613,ACC_0261,ACC_0168,508.16,2026-08-04 20:51:00,0
TX_003580,ACC_0507,ACC_0530,385.66,2026-08-04 20:56:00,0
TX_000304,ACC_0668,ACC_0326,1360.11,2026-08-04 20:57:00,0
TX_000275,ACC_0560,ACC_0307,1164.57,2026-08-04 21:28:00,0
TX_000494,ACC_0487,ACC_0387,185.8,2026-08-04 21:34:00,0
TX_004293,ACC_0097,ACC_0585,201.71,2026-08-04 21:36:00,0
TX_002877,ACC_0172,ACC_0989,612.46,2026-08-04 21:37:00,0
TX_001422,ACC_0914,ACC_0376,576.59,2026-08-04 21:40:00,0
TX_005144,ACC_0515,ACC_0022,226.77,2026-08-04 21:41:00,1
TX_004104,ACC_0181,ACC_0748,594.58,2026-08-04 21:43:00,0
TX_002013,ACC_0629,ACC_0088,241.35,2026-08-04 21:43:00,0
TX_001419,ACC_0278,ACC_0194,78.29,2026-08-04 21:44:00,0
TX_005145,ACC_0515,ACC_0022,45173.24,2026-08-04 21:51:00,1
TX_002459,ACC_0642,ACC_0994,376.33,2026-08-04 21:57:00,0
TX_002509,ACC_0177,ACC_0265,302.0,2026-08-04 22:04:00,0
TX_000504,ACC_0413,ACC_0300,2651.16,2026-08-04 22:08:00,0
TX_004579,ACC_0175,ACC_0708,1633.51,2026-08-04 22:10:00,0
TX_003586,ACC_0155,ACC_0674,2077.84,2026-08-04 22:31:00,0
TX_002839,ACC_0114,ACC_0959,1173.1,2026-08-04 22:42:00,0
TX_001996,ACC_0333,ACC_0575,541.81,2026-08-04 22:47:00,0
TX_002009,ACC_0944,ACC_0109,2779.59,2026-08-04 22:59:00,0
TX_004531,ACC_0774,ACC_0161,585.02,2026-08-04 23:02:00,0
TX_001785,ACC_0840,ACC_0517,610.62,2026-08-04 23:13:00,0
TX_000376,ACC_0622,ACC_0358,343.13,2026-08-04 23:14:00,0
TX_003096,ACC_0742,ACC_0342,1247.18,2026-08-04 23:57:00,0
TX_000273,ACC_0047,ACC_0175,599.99,2026-08-04 23:58:00,0
TX_005164,ACC_0808,ACC_0023,264.46,2026-08-04 23:59:00,1
TX_005165,ACC_0808,ACC_0023,22344.54,2026-08-05 00:09:00,1
TX_004652,ACC_0056,ACC_0052,397.77,2026-08-05 00:09:00,0
TX_001403,ACC_0914,ACC_0353,85.08,2026-08-05 00:18:00,0
TX_002672,ACC_0663,ACC_0571,539.53,2026-08-05 00:24:00,0
TX_003032,ACC_0247,ACC_0334,121.8,2026-08-05 00:26:00,0
TX_001284,ACC_0768,ACC_0951,793.98,2026-08-05 00:38:00,0
TX_003604,ACC_0389,ACC_0301,221.15,2026-08-05 00:43:00,0
TX_003389,ACC_0652,ACC_0572,159.05,2026-08-05 00:47:00,0
TX_002417,ACC_0645,ACC_0943,316.66,2026-08-05 00:56:00,0
TX_005136,ACC_0983,ACC_0047,131.67,2026-08-05 01:10:00,1
TX_005137,ACC_0983,ACC_0047,37889.01,2026-08-05 01:20:00,1
TX_001654,ACC_0503,ACC_0177,842.64,2026-08-05 01:36:00,0
TX_000762,ACC_0966,ACC_0270,228.18,2026-08-05 01:39:00,0
TX_002485,ACC_0335,ACC_0897,111.8,2026-08-05 01:50:00,0
TX_001271,ACC_0496,ACC_0497,294.97,2026-08-05 01:57:00,0
TX_004012,ACC_0930,ACC_0149,559.69,2026-08-05 02:04:00,0
TX_001254,ACC_0514,ACC_0324,344.79,2026-08-05 02:08:00,0
TX_002516,ACC_0978,ACC_0103,67.82,2026-08-05 02:15:00,0
TX_003574,ACC_0603,ACC_0657,313.25,2026-08-05 02:27:00,0
TX_003813,ACC_0525,ACC_0464,315.87,2026-08-05 02:35:00,0
TX_003262,ACC_0699,ACC_0720,165.44,2026-08-05 02:45:00,0
TX_004290,ACC_0257,ACC_0922,61.71,2026-08-05 03:02:00,0
TX_002647,ACC_0841,ACC_0353,76.95,2026-08-05 03:03:00,0
TX_005298,ACC_0210,ACC_0038,176.82,2026-08-05 03:20:00,1
TX_000593,ACC_0777,ACC_0675,727.46,2026-08-05 03:21:00,0
TX_001206,ACC_0524,ACC_0051,182.2,2026-08-05 03:24:00,0
TX_005299,ACC_0210,ACC_0038,15568.36,2026-08-05 03:30:00,1
TX_002930,ACC_0708,ACC_0770,316.15,2026-08-05 03:43:00,0
TX_001233,ACC_0398,ACC_0940,92.51,2026-08-05 03:47:00,0
TX_000259,ACC_0012,ACC_0063,698.86,2026-08-05 03:58:00,0
TX_004033,ACC_0515,ACC_0214,369.93,2026-08-05 04:04:00,0
TX_000012,ACC_0880,ACC_0904,138.51,2026-08-05 04:07:00,0
TX_001466,ACC_0987,ACC_0867,384.59,2026-08-05 04:14:00,0
TX_000568,ACC_0425,ACC_0230,609.28,2026-08-05 04:24:00,0
TX_000352,ACC_0908,ACC_0231,1260.86,2026-08-05 04:30:00,0
TX_000830,ACC_0186,ACC_0126,229.4,2026-08-05 04:31:00,0
TX_000223,ACC_0471,ACC_0854,129.81,2026-08-05 04:32:00,0
TX_003249,ACC_0887,ACC_0343,197.39,2026-08-05 04:44:00,0
TX_004967,ACC_0222,ACC_0431,167.39,2026-08-05 04:46:00,0
TX_000604,ACC_0623,ACC_0384,1592.43,2026-08-05 04:47:00,0
TX_001229,ACC_0782,ACC_0098,520.45,2026-08-05 04:59:00,0
TX_002899,ACC_0253,ACC_0390,670.26,2026-08-05 05:06:00,0
TX_001815,ACC_0886,ACC_0255,164.1,2026-08-05 05:10:00,0
TX_005190,ACC_0083,ACC_0007,263.65,2026-08-05 05:24:00,1
TX_002105,ACC_0448,ACC_0755,685.74,2026-08-05 05:29:00,0
TX_002618,ACC_0513,ACC_0938,389.32,2026-08-05 05:30:00,0
TX_005191,ACC_0083,ACC_0007,35595.46,2026-08-05 05:34:00,1
TX_004352,ACC_0395,ACC_0170,627.86,2026-08-05 05:34:00,0
TX_003640,ACC_0408,ACC_0879,237.74,2026-08-05 05:41:00,0
TX_003560,ACC_0106,ACC_0594,485.0,2026-08-05 05:41:00,0
TX_001623,ACC_0363,ACC_0587,727.51,2026-08-05 05:48:00,0
TX_002268,ACC_0193,ACC_0273,589.22,2026-08-05 05:51:00,0
TX_001334,ACC_0175,ACC_0826,345.53,2026-08-05 05:56:00,0
TX_004665,ACC_0208,ACC_0408,160.86,2026-08-05 06:01:00,0
TX_001866,ACC_0074,ACC_0258,1197.89,2026-08-05 06:09:00,0
TX_004574,ACC_0644,ACC_0812,79.57,2026-08-05 06:13:00,0
TX_004309,ACC_0863,ACC_0086,412.65,2026-08-05 06:18:00,0
TX_001385,ACC_0036,ACC_0683,358.38,2026-08-05 06:55:00,0
TX_002144,ACC_0000,ACC_0984,198.19,2026-08-05 07:00:00,0
TX_004867,ACC_0592,ACC_0714,262.06,2026-08-05 07:37:00,0
TX_001101,ACC_0604,ACC_0146,109.06,2026-08-05 08:09:00,0
TX_000351,ACC_0186,ACC_0753,240.13,2026-08-05 08:20:00,0
TX_002430,ACC_0164,ACC_0448,221.64,2026-08-05 08:25:00,0
TX_004008,ACC_0974,ACC_0557,233.74,2026-08-05 08:46:00,0
TX_002861,ACC_0969,ACC_0459,171.13,2026-08-05 08:57:00,0
TX_003495,ACC_0680,ACC_0211,173.94,2026-08-05 09:00:00,0
TX_003385,ACC_0129,ACC_0820,485.52,2026-08-05 09:09:00,0
TX_004754,ACC_0163,ACC_0427,477.56,2026-08-05 09:11:00,0
TX_003329,ACC_0964,ACC_0654,111.94,2026-08-05 09:18:00,0
TX_003467,ACC_0085,ACC_0712,161.75,2026-08-05 09:22:00,0
TX_003817,ACC_0397,ACC_0748,637.95,2026-08-05 09:35:00,0
TX_001539,ACC_0444,ACC_0204,54.04,2026-08-05 09:41:00,0
TX_002351,ACC_0713,ACC_0899,102.3,2026-08-05 10:02:00,0
TX_000282,ACC_0902,ACC_0513,436.32,2026-08-05 10:05:00,0
TX_003229,ACC_0287,ACC_0275,254.84,2026-08-05 10:12:00,0
TX_000195,ACC_0919,ACC_0210,229.56,2026-08-05 10:16:00,0
TX_002956,ACC_0669,ACC_0729,400.67,2026-08-05 10:33:00,0
TX_004249,ACC_0069,ACC_0590,55.95,2026-08-05 10:39:00,0
TX_004976,ACC_0277,ACC_0608,555.79,2026-08-05 10:43:00,0
TX_000285,ACC_0999,ACC_0592,293.03,2026-08-05 10:52:00,0
TX_000605,ACC_0754,ACC_0593,1620.97,2026-08-05 11:16:00,0
TX_000873,ACC_0646,ACC_0349,802.03,2026-08-05 11:21:00,0
TX_000187,ACC_0341,ACC_0425,211.87,2026-08-05 11:22:00,0
TX_002475,ACC_0381,ACC_0861,945.41,2026-08-05 11:29:00,0
TX_000979,ACC_0550,ACC_0364,223.44,2026-08-05 11:37:00,0
TX_004984,ACC_0871,ACC_0032,222.4,2026-08-05 11:42:00,0
TX_001198,ACC_0426,ACC_0974,302.1,2026-08-05 11:47:00,0
TX_000575,ACC_0725,ACC_0284,654.87,2026-08-05 11:48:00,0
TX_003767,ACC_0552,ACC_0608,824.37,2026-08-05 12:11:00,0
TX_003260,ACC_0511,ACC_0360,245.21,2026-08-05 12:13:00,0
TX_003563,ACC_0477,ACC_0717,317.52,2026-08-05 12:23:00,0
TX_001126,ACC_0995,ACC_0057,189.26,2026-08-05 12:27:00,0
TX_003316,ACC_0248,ACC_0491,845.71,2026-08-05 12:27:00,0
TX_001023,ACC_0650,ACC_0809,118.0,2026-08-05 12:39:00,0
TX_004640,ACC_0018,ACC_0968,552.92,2026-08-05 12:45:00,0
TX_000519,ACC_0039,ACC_0800,981.23,2026-08-05 12:47:00,0
TX_003463,ACC_0698,ACC_0258,302.64,2026-08-05 12:51:00,0
TX_004701,ACC_0091,ACC_0208,482.1,2026-08-05 12:58:00,0
TX_004131,ACC_0692,ACC_0793,1051.5,2026-08-05 13:10:00,0
TX_001867,ACC_0816,ACC_0893,123.32,2026-08-05 13:25:00,0
TX_001900,ACC_0126,ACC_0344,87.29,2026-08-05 13:32:00,0
TX_002446,ACC_0131,ACC_0484,586.73,2026-08-05 13:37:00,0
TX_004995,ACC_0985,ACC_0465,444.0,2026-08-05 13:53:00,0
TX_001044,ACC_0328,ACC_0844,167.33,2026-08-05 14:20:00,0
TX_001607,ACC_0562,ACC_0427,86.08,2026-08-05 14:31:00,0
TX_002633,ACC_0975,ACC_0628,557.03,2026-08-05 14:31:00,0
TX_003559,ACC_0807,ACC_0334,601.13,2026-08-05 14:49:00,0
TX_003551,ACC_0316,ACC_0234,76.19,2026-08-05 14:57:00,0
TX_002331,ACC_0651,ACC_0857,272.89,2026-08-05 15:04:00,0
TX_004095,ACC_0126,ACC_0163,167.58,2026-08-05 15:10:00,0
TX_003913,ACC_0348,ACC_0984,102.29,2026-08-05 15:11:00,0
TX_002151,ACC_0288,ACC_0164,449.46,2026-08-05 15:12:00,0
TX_004481,ACC_0767,ACC_0461,124.13,2026-08-05 15:18:00,0
TX_001775,ACC_0813,ACC_0837,254.66,2026-08-05 15:25:00,0
TX_001510,ACC_0388,ACC_0447,115.57,2026-08-05 15:39:00,0
TX_000248,ACC_0152,ACC_0029,662.13,2026-08-05 15:44:00,0
TX_001356,ACC_0113,ACC_0295,299.33,2026-08-05 15:52:00,0
TX_001942,ACC_0308,ACC_0681,1612.98,2026-08-05 15:55:00,0
TX_004725,ACC_0880,ACC_0379,227.34,2026-08-05 16:09:00,0
TX_004834,ACC_0619,ACC_0506,446.54,2026-08-05 16:22:00,0
TX_000539,ACC_0356,ACC_0889,473.68,2026-08-05 16:45:00,0
TX_004324,ACC_0299,ACC_0674,170.49,2026-08-05 16:48:00,0
TX_001226,ACC_0110,ACC_0474,311.28,2026-08-05 16:51:00,0
TX_003497,ACC_0682,ACC_0433,292.14,2026-08-05 16:58:00,0
TX_000009,ACC_0412,ACC_0907,484.7,2026-08-05 17:00:00,0
TX_003824,ACC_0497,ACC_0656,333.47,2026-08-05 17:00:00,0
TX_001350,ACC_0943,ACC_0916,1613.49,2026-08-05 17:05:00,0
TX_002271,ACC_0481,ACC_0603,660.52,2026-08-05 17:09:00,0
TX_001962,ACC_0133,ACC_0681,508.07,2026-08-05 17:10:00,0
TX_000220,ACC_0940,ACC_0955,490.08,2026-08-05 17:14:00,0
TX_002330,ACC_0355,ACC_0741,855.46,2026-08-05 17:18:00,0
TX_002264,ACC_0967,ACC_0384,296.36,2026-08-05 17:23:00,0
TX_002898,ACC_0887,ACC_0400,61.42,2026-08-05 17:27:00,0
TX_001915,ACC_0104,ACC_0417,783.8,2026-08-05 17:47:00,0
TX_002064,ACC_0181,ACC_0390,417.89,2026-08-05 17:50:00,0
TX_001088,ACC_0705,ACC_0466,531.12,2026-08-05 17:52:00,0
TX_003341,ACC_0106,ACC_0429,409.14,2026-08-05 18:15:00,0
TX_003831,ACC_0997,ACC_0800,1082.47,2026-08-05 18:41:00,0
TX_003310,ACC_0412,ACC_0403,1646.51,2026-08-05 18:42:00,0
TX_004717,ACC_0660,ACC_0510,50.58,2026-08-05 18:45:00,0
TX_003681,ACC_0982,ACC_0830,410.92,2026-08-05 18:49:00,0
TX_000108,ACC_0822,ACC_0560,268.77,2026-08-05 18:51:00,0
TX_003934,ACC_0200,ACC_0661,1720.43,2026-08-05 18:57:00,0
TX_001489,ACC_0086,ACC_0727,109.71,2026-08-05 18:58:00,0
TX_000016,ACC_0473,ACC_0738,82.54,2026-08-05 19:00:00,0
TX_002514,ACC_0111,ACC_0182,197.7,2026-08-05 19:16:00,0
TX_003849,ACC_0544,ACC_0477,911.87,2026-08-05 19:18:00,0
TX_001478,ACC_0994,ACC_0083,760.23,2026-08-05 19:21:00,0
TX_001879,ACC_0660,ACC_0569,371.04,2026-08-05 19:46:00,0
TX_000897,ACC_0893,ACC_0698,108.91,2026-08-05 19:55:00,0
TX_004449,ACC_0840,ACC_0381,118.06,2026-08-05 19:58:00,0
TX_002473,ACC_0873,ACC_0613,122.21,2026-08-05 20:04:00,0
TX_001286,ACC_0874,ACC_0363,242.59,2026-08-05 20:11:00,0
TX_005010,ACC_0170,ACC_0010,119.02,2026-08-05 20:30:00,1
TX_005011,ACC_0170,ACC_0010,41775.06,2026-08-05 20:40:00,1
TX_000350,ACC_0990,ACC_0697,729.3,2026-08-05 20:46:00,0
TX_000087,ACC_0228,ACC_0918,458.94,2026-08-05 21:02:00,0
TX_004160,ACC_0870,ACC_0959,627.29,2026-08-05 21:02:00,0
TX_003449,ACC_0257,ACC_0617,259.16,2026-08-05 21:04:00,0
TX_002844,ACC_0764,ACC_0885,660.09,2026-08-05 21:14:00,0
TX_003729,ACC_0716,ACC_0324,429.04,2026-08-05 21:26:00,0
TX_004391,ACC_0643,ACC_0085,1516.95,2026-08-05 21:27:00,0
TX_000291,ACC_0603,ACC_0170,171.45,2026-08-05 21:29:00,0
TX_000663,ACC_0731,ACC_0608,96.52,2026-08-05 21:32:00,0
TX_000033,ACC_0381,ACC_0622,74.69,2026-08-05 21:37:00,0
TX_003241,ACC_0000,ACC_0621,630.36,2026-08-05 21:49:00,0
TX_002561,ACC_0836,ACC_0685,98.76,2026-08-05 21:50:00,0
TX_002286,ACC_0038,ACC_0609,1200.09,2026-08-05 21:50:00,0
TX_001770,ACC_0724,ACC_0717,68.8,2026-08-05 21:58:00,0
TX_002708,ACC_0796,ACC_0525,413.95,2026-08-05 22:14:00,0
TX_000479,ACC_0899,ACC_0603,189.39,2026-08-05 22:27:00,0
TX_005166,ACC_0471,ACC_0035,150.51,2026-08-05 22:33:00,1
TX_005167,ACC_0471,ACC_0035,17592.06,2026-08-05 22:43:00,1
TX_000623,ACC_0076,ACC_0448,566.31,2026-08-05 22:52:00,0
TX_002205,ACC_0241,ACC_0432,522.7,2026-08-05 23:06:00,0
TX_004566,ACC_0071,ACC_0826,309.41,2026-08-05 23:12:00,0
TX_004366,ACC_0321,ACC_0366,238.42,2026-08-05 23:41:00,0
TX_000554,ACC_0180,ACC_0097,302.19,2026-08-05 23:46:00,0
TX_003345,ACC_0900,ACC_0161,697.44,2026-08-05 23:48:00,0
TX_000345,ACC_0986,ACC_0787,453.41,2026-08-05 23:53:00,0
TX_000882,ACC_0602,ACC_0103,981.37,2026-08-05 23:55:00,0
TX_004594,ACC_0054,ACC_0394,548.07,2026-08-06 00:04:00,0
TX_002562,ACC_0755,ACC_0148,430.01,2026-08-06 00:06:00,0
TX_000356,ACC_0681,ACC_0431,90.96,2026-08-06 00:23:00,0
TX_001577,ACC_0608,ACC_0914,208.08,2026-08-06 00:27:00,0
TX_001247,ACC_0455,ACC_0607,1667.9,2026-08-06 00:33:00,0
TX_000672,ACC_0894,ACC_0474,301.58,2026-08-06 00:46:00,0
TX_002297,ACC_0023,ACC_0216,465.13,2026-08-06 01:07:00,0
TX_002912,ACC_0038,ACC_0694,1317.72,2026-08-06 01:09:00,0
TX_004243,ACC_0114,ACC_0461,761.79,2026-08-06 01:10:00,0
TX_004762,ACC_0068,ACC_0513,126.17,2026-08-06 01:25:00,0
TX_001618,ACC_0223,ACC_0673,118.41,2026-08-06 01:27:00,0
TX_001338,ACC_0102,ACC_0191,527.3,2026-08-06 01:29:00,0
TX_002074,ACC_0545,ACC_0338,362.2,2026-08-06 01:34:00,0
TX_004737,ACC_0284,ACC_0335,394.09,2026-08-06 01:44:00,0
TX_002732,ACC_0722,ACC_0898,334.96,2026-08-06 01:56:00,0
TX_001511,ACC_0005,ACC_0110,1001.31,2026-08-06 02:01:00,0
TX_000107,ACC_0200,ACC_0482,84.61,2026-08-06 02:08:00,0
TX_004327,ACC_0781,ACC_0067,127.93,2026-08-06 02:11:00,0
TX_004988,ACC_0498,ACC_0157,181.13,2026-08-06 02:25:00,0
TX_005250,ACC_0170,ACC_0009,189.07,2026-08-06 02:25:00,1
TX_005251,ACC_0170,ACC_0009,29528.7,2026-08-06 02:35:00,1
TX_001637,ACC_0084,ACC_0427,77.51,2026-08-06 02:56:00,0
TX_003922,ACC_0723,ACC_0178,284.66,2026-08-06 03:13:00,0
TX_001107,ACC_0245,ACC_0382,1259.86,2026-08-06 03:13:00,0
TX_000335,ACC_0521,ACC_0441,451.87,2026-08-06 03:24:00,0
TX_004484,ACC_0911,ACC_0953,720.61,2026-08-06 03:28:00,0
TX_000229,ACC_0028,ACC_0961,319.83,2026-08-06 03:29:00,0
TX_004101,ACC_0430,ACC_0199,1311.91,2026-08-06 03:39:00,0
TX_000694,ACC_0015,ACC_0622,555.95,2026-08-06 03:45:00,0
TX_002006,ACC_0564,ACC_0829,1002.45,2026-08-06 03:47:00,0
TX_004210,ACC_0561,ACC_0015,130.59,2026-08-06 03:48:00,0
TX_004123,ACC_0598,ACC_0723,178.1,2026-08-06 03:49:00,0
TX_004576,ACC_0158,ACC_0679,643.31,2026-08-06 03:53:00,0
TX_003097,ACC_0896,ACC_0601,951.88,2026-08-06 04:25:00,0
TX_001882,ACC_0955,ACC_0560,1042.69,2026-08-06 04:31:00,0
TX_001899,ACC_0954,ACC_0098,124.45,2026-08-06 04:31:00,0
TX_003304,ACC_0928,ACC_0655,1873.67,2026-08-06 04:43:00,0
TX_004241,ACC_0552,ACC_0896,408.89,2026-08-06 04:57:00,0
TX_002600,ACC_0797,ACC_0292,176.17,2026-08-06 05:00:00,0
TX_004056,ACC_0395,ACC_0246,103.13,2026-08-06 05:01:00,0
TX_002163,ACC_0231,ACC_0917,243.33,2026-08-06 05:05:00,0
TX_000921,ACC_0527,ACC_0586,639.18,2026-08-06 05:12:00,0
TX_003407,ACC_0070,ACC_0064,502.26,2026-08-06 05:50:00,0
TX_004669,ACC_0442,ACC_0833,175.38,2026-08-06 05:59:00,0
TX_000800,ACC_0806,ACC_0822,1544.85,2026-08-06 06:17:00,0
TX_004814,ACC_0498,ACC_0480,502.95,2026-08-06 06:18:00,0
TX_002493,ACC_0675,ACC_0528,993.07,2026-08-06 06:24:00,0
TX_004205,ACC_0502,ACC_0706,521.78,2026-08-06 06:26:00,0
TX_005094,ACC_0674,ACC_0033,197.76,2026-08-06 06:37:00,1
TX_005095,ACC_0674,ACC_0033,42181.9,2026-08-06 06:47:00,1
TX_000526,ACC_0444,ACC_0498,83.88,2026-08-06 06:55:00,0
TX_000659,ACC_0007,ACC_0369,93.92,2026-08-06 07:19:00,0
TX_002923,ACC_0020,ACC_0990,336.08,2026-08-06 07:26:00,0
TX_004886,ACC_0300,ACC_0289,631.69,2026-08-06 07:32:00,0
TX_003082,ACC_0201,ACC_0777,1768.95,2026-08-06 07:32:00,0
TX_002067,ACC_0354,ACC_0725,307.9,2026-08-06 07:38:00,0
TX_004673,ACC_0710,ACC_0596,682.84,2026-08-06 07:50:00,0
TX_004333,ACC_0496,ACC_0082,369.73,2026-08-06 07:58:00,0
TX_002972,ACC_0517,ACC_0516,406.41,2026-08-06 08:11:00,0
TX_003039,ACC_0005,ACC_0865,223.17,2026-08-06 08:16:00,0
TX_001443,ACC_0467,ACC_0518,247.61,2026-08-06 08:35:00,0
TX_002515,ACC_0886,ACC_0779,312.82,2026-08-06 08:41:00,0
TX_004516,ACC_0805,ACC_0419,321.26,2026-08-06 08:44:00,0
TX_001463,ACC_0720,ACC_0771,1269.9,2026-08-06 08:45:00,0
TX_002501,ACC_0058,ACC_0794,223.94,2026-08-06 08:46:00,0
TX_000249,ACC_0760,ACC_0295,280.7,2026-08-06 08:46:00,0
TX_002494,ACC_0737,ACC_0046,126.67,2026-08-06 08:48:00,0
TX_001759,ACC_0282,ACC_0864,261.53,2026-08-06 08:56:00,0
TX_000006,ACC_0990,ACC_0251,676.69,2026-08-06 09:06:00,0
TX_001845,ACC_0650,ACC_0422,545.29,2026-08-06 09:07:00,0
TX_001943,ACC_0772,ACC_0732,257.45,2026-08-06 09:30:00,0
TX_001169,ACC_0139,ACC_0360,68.5,2026-08-06 09:44:00,0
TX_004926,ACC_0738,ACC_0842,103.79,2026-08-06 09:49:00,0
TX_003350,ACC_0245,ACC_0743,509.37,2026-08-06 09:49:00,0
TX_001568,ACC_0166,ACC_0785,826.03,2026-08-06 09:51:00,0
TX_002739,ACC_0070,ACC_0705,1635.54,2026-08-06 09:51:00,0
TX_000851,ACC_0213,ACC_0792,1040.23,2026-08-06 09:59:00,0
TX_001415,ACC_0743,ACC_0103,232.34,2026-08-06 10:04:00,0
TX_001480,ACC_0574,ACC_0082,713.81,2026-08-06 10:13:00,0
TX_003154,ACC_0926,ACC_0568,229.27,2026-08-06 10:19:00,0
TX_004166,ACC_0763,ACC_0688,164.21,2026-08-06 10:29:00,0
TX_004872,ACC_0384,ACC_0025,61.04,2026-08-06 10:32:00,0
TX_004513,ACC_0067,ACC_0837,544.39,2026-08-06 10:33:00,0
TX_001924,ACC_0249,ACC_0623,526.11,2026-08-06 10:39:00,0
TX_004567,ACC_0140,ACC_0154,207.83,2026-08-06 10:50:00,0
TX_003390,ACC_0353,ACC_0220,890.13,2026-08-06 10:51:00,0
TX_001400,ACC_0020,ACC_0341,329.74,2026-08-06 10:57:00,0
TX_000130,ACC_0587,ACC_0583,578.9,2026-08-06 11:09:00,0
TX_001880,ACC_0639,ACC_0435,1434.83,2026-08-06 11:13:00,0
TX_000588,ACC_0777,ACC_0245,1039.05,2026-08-06 11:18:00,0
TX_000112,ACC_0989,ACC_0228,345.63,2026-08-06 11:31:00,0
TX_001222,ACC_0327,ACC_0088,652.6,2026-08-06 11:43:00,0
TX_003453,ACC_0638,ACC_0988,949.07,2026-08-06 11:46:00,0
TX_004902,ACC_0573,ACC_0958,778.77,2026-08-06 11:47:00,0
TX_000086,ACC_0013,ACC_0573,252.72,2026-08-06 11:54:00,0
TX_000517,ACC_0761,ACC_0270,1526.69,2026-08-06 11:58:00,0
TX_000603,ACC_0895,ACC_0619,681.18,2026-08-06 11:59:00,0
TX_003754,ACC_0887,ACC_0396,67.33,2026-08-06 12:18:00,0
TX_000883,ACC_0632,ACC_0465,520.34,2026-08-06 12:41:00,0
TX_001757,ACC_0865,ACC_0997,1547.54,2026-08-06 12:43:00,0
TX_002342,ACC_0782,ACC_0104,473.02,2026-08-06 13:07:00,0
TX_003702,ACC_0635,ACC_0825,560.54,2026-08-06 13:11:00,0
TX_001236,ACC_0555,ACC_0018,703.87,2026-08-06 13:15:00,0
TX_003564,ACC_0128,ACC_0432,431.73,2026-08-06 13:23:00,0
TX_001528,ACC_0612,ACC_0403,1868.83,2026-08-06 13:24:00,0
TX_004818,ACC_0750,ACC_0691,329.33,2026-08-06 13:34:00,0
TX_004721,ACC_0033,ACC_0373,2482.03,2026-08-06 13:50:00,0
TX_004551,ACC_0011,ACC_0671,1002.32,2026-08-06 13:52:00,0
TX_003683,ACC_0718,ACC_0259,234.59,2026-08-06 13:54:00,0
TX_000598,ACC_0491,ACC_0428,973.43,2026-08-06 14:02:00,0
TX_004222,ACC_0816,ACC_0340,354.37,2026-08-06 14:10:00,0
TX_002748,ACC_0476,ACC_0487,1112.57,2026-08-06 15:06:00,0
TX_005046,ACC_0629,ACC_0026,228.06,2026-08-06 15:09:00,1
TX_004586,ACC_0299,ACC_0964,684.7,2026-08-06 15:10:00,0
TX_005047,ACC_0629,ACC_0026,19969.13,2026-08-06 15:19:00,1
TX_003431,ACC_0566,ACC_0559,232.35,2026-08-06 15:24:00,0
TX_004527,ACC_0794,ACC_0011,1981.56,2026-08-06 15:24:00,0
TX_002886,ACC_0800,ACC_0361,601.32,2026-08-06 15:34:00,0
TX_001087,ACC_0744,ACC_0986,747.75,2026-08-06 16:14:00,0
TX_001425,ACC_0546,ACC_0214,262.33,2026-08-06 16:24:00,0
TX_004410,ACC_0877,ACC_0932,487.42,2026-08-06 16:25:00,0
TX_002104,ACC_0349,ACC_0182,197.09,2026-08-06 16:36:00,0
TX_004930,ACC_0607,ACC_0448,439.97,2026-08-06 16:43:00,0
TX_004461,ACC_0379,ACC_0255,799.26,2026-08-06 16:47:00,0
TX_005188,ACC_0466,ACC_0021,182.08,2026-08-06 16:48:00,1
TX_005189,ACC_0466,ACC_0021,49526.87,2026-08-06 16:58:00,1
TX_001089,ACC_0005,ACC_0861,147.51,2026-08-06 16:59:00,0
TX_003675,ACC_0299,ACC_0313,2123.81,2026-08-06 17:10:00,0
TX_003991,ACC_0236,ACC_0086,494.63,2026-08-06 17:11:00,0
TX_001276,ACC_0896,ACC_0557,1085.42,2026-08-06 17:42:00,0
TX_003876,ACC_0313,ACC_0239,429.48,2026-08-06 17:43:00,0
TX_005048,ACC_0394,ACC_0028,205.22,2026-08-06 17:46:00,1
TX_003298,ACC_0938,ACC_0404,366.37,2026-08-06 17:55:00,0
TX_005049,ACC_0394,ACC_0028,31610.93,2026-08-06 17:56:00,1
TX_002641,ACC_0299,ACC_0960,684.74,2026-08-06 18:00:00,0
TX_004329,ACC_0291,ACC_0832,223.24,2026-08-06 18:00:00,0
TX_001502,ACC_0730,ACC_0857,616.36,2026-08-06 18:01:00,0
TX_003130,ACC_0074,ACC_0702,81.64,2026-08-06 18:11:00,0
TX_001999,ACC_0358,ACC_0101,2100.08,2026-08-06 18:18:00,0
TX_003017,ACC_0970,ACC_0737,278.48,2026-08-06 18:31:00,0
TX_004884,ACC_0365,ACC_0572,181.8,2026-08-06 18:32:00,0
TX_002871,ACC_0801,ACC_0938,638.39,2026-08-06 18:32:00,0
TX_004991,ACC_0119,ACC_0346,953.42,2026-08-06 18:46:00,0
TX_003508,ACC_0789,ACC_0871,654.35,2026-08-06 19:11:00,0
TX_002803,ACC_0324,ACC_0255,355.92,2026-08-06 19:31:00,0
TX_003500,ACC_0436,ACC_0905,1077.3,2026-08-06 19:33:00,0
TX_002049,ACC_0077,ACC_0405,1179.17,2026-08-06 19:41:00,0
TX_000721,ACC_0727,ACC_0026,2581.5,2026-08-06 19:42:00,0
TX_001252,ACC_0170,ACC_0455,54.97,2026-08-06 20:04:00,0
TX_003076,ACC_0246,ACC_0081,427.76,2026-08-06 20:09:00,0
TX_002020,ACC_0519,ACC_0771,365.01,2026-08-06 20:14:00,0
TX_000312,ACC_0663,ACC_0693,306.41,2026-08-06 20:22:00,0
TX_002186,ACC_0682,ACC_0639,135.72,2026-08-06 20:38:00,0
TX_004496,ACC_0946,ACC_0289,205.31,2026-08-06 21:13:00,0
TX_001323,ACC_0559,ACC_0319,137.7,2026-08-06 21:18:00,0
TX_003860,ACC_0723,ACC_0861,256.84,2026-08-06 21:24:00,0
TX_001687,ACC_0898,ACC_0660,66.57,2026-08-06 21:27:00,0
TX_003054,ACC_0180,ACC_0901,1566.88,2026-08-06 21:53:00,0
TX_004407,ACC_0962,ACC_0042,1194.67,2026-08-06 21:55:00,0
TX_001043,ACC_0358,ACC_0157,1465.74,2026-08-06 22:12:00,0
TX_001201,ACC_0322,ACC_0418,884.22,2026-08-06 22:38:00,0
TX_000349,ACC_0102,ACC_0960,698.24,2026-08-06 22:41:00,0
TX_002386,ACC_0209,ACC_0569,590.28,2026-08-06 22:45:00,0
TX_001002,ACC_0244,ACC_0660,1230.2,2026-08-06 22:49:00,0
TX_002553,ACC_0651,ACC_0234,1071.09,2026-08-06 22:52:00,0
TX_003452,ACC_0116,ACC_0805,118.06,2026-08-06 23:04:00,0
TX_003638,ACC_0018,ACC_0306,554.76,2026-08-06 23:16:00,0
TX_001102,ACC_0754,ACC_0341,527.2,2026-08-06 23:18:00,0
TX_003138,ACC_0129,ACC_0229,50.03,2026-08-06 23:20:00,0
TX_004187,ACC_0061,ACC_0045,159.14,2026-08-06 23:30:00,0
TX_000067,ACC_0021,ACC_0730,699.37,2026-08-06 23:36:00,0
TX_004437,ACC_0475,ACC_0398,120.48,2026-08-06 23:48:00,0
TX_002269,ACC_0838,ACC_0165,493.36,2026-08-06 23:55:00,0
TX_004839,ACC_0804,ACC_0097,592.69,2026-08-07 00:11:00,0
TX_004381,ACC_0129,ACC_0339,278.02,2026-08-07 00:23:00,0
TX_004766,ACC_0074,ACC_0199,339.4,2026-08-07 00:35:00,0
TX_004760,ACC_0939,ACC_0384,132.61,2026-08-07 00:35:00,0
TX_003883,ACC_0392,ACC_0987,742.46,2026-08-07 00:39:00,0
TX_001491,ACC_0595,ACC_0169,504.85,2026-08-07 00:40:00,0
TX_000527,ACC_0322,ACC_0344,274.22,2026-08-07 00:43:00,0
TX_005186,ACC_0351,ACC_0036,183.94,2026-08-07 00:52:00,1
TX_005187,ACC_0351,ACC_0036,16354.26,2026-08-07 01:02:00,1
TX_003483,ACC_0854,ACC_0486,1121.04,2026-08-07 01:19:00,0
TX_000696,ACC_0406,ACC_0353,545.23,2026-08-07 01:48:00,0
TX_001113,ACC_0591,ACC_0586,83.49,2026-08-07 01:55:00,0
TX_005070,ACC_0567,ACC_0035,190.09,2026-08-07 01:56:00,1
TX_005071,ACC_0567,ACC_0035,34542.07,2026-08-07 02:06:00,1
TX_002654,ACC_0857,ACC_0464,1166.67,2026-08-07 02:07:00,0
TX_000404,ACC_0333,ACC_0946,259.61,2026-08-07 02:16:00,0
TX_004277,ACC_0903,ACC_0911,2469.29,2026-08-07 02:19:00,0
TX_002632,ACC_0195,ACC_0957,54.9,2026-08-07 03:03:00,0
TX_001374,ACC_0952,ACC_0369,1022.42,2026-08-07 03:09:00,0
TX_003822,ACC_0757,ACC_0195,157.48,2026-08-07 03:24:00,0
TX_000522,ACC_0577,ACC_0431,1086.2,2026-08-07 03:26:00,0
TX_000277,ACC_0222,ACC_0209,530.11,2026-08-07 03:30:00,0
TX_000786,ACC_0424,ACC_0665,88.87,2026-08-07 03:41:00,0
TX_004180,ACC_0464,ACC_0654,103.96,2026-08-07 03:46:00,0
TX_004081,ACC_0920,ACC_0835,433.08,2026-08-07 03:55:00,0
TX_004524,ACC_0301,ACC_0145,86.99,2026-08-07 03:55:00,0
TX_001837,ACC_0298,ACC_0990,83.79,2026-08-07 03:57:00,0
TX_001339,ACC_0935,ACC_0877,494.89,2026-08-07 03:57:00,0
TX_002248,ACC_0367,ACC_0118,388.0,2026-08-07 03:59:00,0
TX_003047,ACC_0676,ACC_0576,203.29,2026-08-07 04:04:00,0
TX_003769,ACC_0180,ACC_0367,179.38,2026-08-07 04:11:00,0
TX_003954,ACC_0617,ACC_0657,1306.84,2026-08-07 04:20:00,0
TX_003100,ACC_0640,ACC_0235,1465.48,2026-08-07 04:28:00,0
TX_004912,ACC_0479,ACC_0578,494.58,2026-08-07 04:59:00,0
TX_003829,ACC_0312,ACC_0408,3052.85,2026-08-07 05:02:00,0
TX_004809,ACC_0530,ACC_0202,136.6,2026-08-07 05:29:00,0
TX_003755,ACC_0252,ACC_0210,142.41,2026-08-07 05:31:00,0
TX_003482,ACC_0173,ACC_0762,1331.89,2026-08-07 05:36:00,0
TX_001103,ACC_0786,ACC_0423,396.19,2026-08-07 05:41:00,0
TX_001552,ACC_0074,ACC_0376,152.36,2026-08-07 05:43:00,0
TX_003853,ACC_0095,ACC_0693,947.97,2026-08-07 05:44:00,0
TX_004070,ACC_0482,ACC_0551,508.78,2026-08-07 05:47:00,0
TX_000039,ACC_0658,ACC_0906,1101.11,2026-08-07 05:55:00,0
TX_002119,ACC_0352,ACC_0863,456.74,2026-08-07 05:55:00,0
TX_001886,ACC_0872,ACC_0814,372.94,2026-08-07 05:56:00,0
TX_003966,ACC_0758,ACC_0794,57.34,2026-08-07 06:07:00,0
TX_004981,ACC_0423,ACC_0963,369.69,2026-08-07 06:18:00,0
TX_003422,ACC_0644,ACC_0992,61.07,2026-08-07 06:22:00,0
TX_000241,ACC_0301,ACC_0832,108.84,2026-08-07 06:32:00,0
TX_003880,ACC_0513,ACC_0297,154.65,2026-08-07 06:59:00,0
TX_002211,ACC_0711,ACC_0096,1178.94,2026-08-07 07:03:00,0
TX_001129,ACC_0795,ACC_0114,460.31,2026-08-07 07:10:00,0
TX_000964,ACC_0995,ACC_0944,238.03,2026-08-07 07:16:00,0
TX_002850,ACC_0735,ACC_0091,523.24,2026-08-07 07:17:00,0
TX_003168,ACC_0411,ACC_0444,626.56,2026-08-07 07:18:00,0
TX_001995,ACC_0497,ACC_0787,309.48,2026-08-07 07:19:00,0
TX_003925,ACC_0601,ACC_0605,669.34,2026-08-07 07:20:00,0
TX_003477,ACC_0855,ACC_0206,355.76,2026-08-07 07:24:00,0
TX_002085,ACC_0913,ACC_0277,127.21,2026-08-07 07:30:00,0
TX_000594,ACC_0510,ACC_0742,412.56,2026-08-07 07:32:00,0
TX_001081,ACC_0286,ACC_0650,179.76,2026-08-07 07:37:00,0
TX_003427,ACC_0568,ACC_0851,82.32,2026-08-07 07:52:00,0
TX_000210,ACC_0688,ACC_0278,245.74,2026-08-07 07:53:00,0
TX_003863,ACC_0325,ACC_0925,1286.16,2026-08-07 07:54:00,0
TX_001382,ACC_0258,ACC_0519,402.18,2026-08-07 08:01:00,0
TX_002769,ACC_0131,ACC_0387,162.63,2026-08-07 08:21:00,0
TX_001186,ACC_0513,ACC_0704,108.96,2026-08-07 08:36:00,0
TX_003059,ACC_0264,ACC_0195,578.62,2026-08-07 08:44:00,0
TX_004034,ACC_0949,ACC_0110,84.58,2026-08-07 08:51:00,0
TX_001823,ACC_0274,ACC_0241,174.55,2026-08-07 09:15:00,0
TX_004419,ACC_0603,ACC_0935,265.68,2026-08-07 09:22:00,0
TX_003151,ACC_0399,ACC_0293,202.42,2026-08-07 09:24:00,0
TX_003257,ACC_0561,ACC_0576,487.9,2026-08-07 09:27:00,0
TX_001315,ACC_0454,ACC_0912,755.19,2026-08-07 09:28:00,0
TX_002496,ACC_0311,ACC_0681,1096.16,2026-08-07 09:44:00,0
TX_004969,ACC_0605,ACC_0171,218.79,2026-08-07 09:52:00,0
TX_003710,ACC_0611,ACC_0914,185.27,2026-08-07 09:53:00,0
TX_001199,ACC_0613,ACC_0249,210.52,2026-08-07 10:24:00,0
TX_001633,ACC_0060,ACC_0959,141.52,2026-08-07 10:39:00,0
TX_004916,ACC_0619,ACC_0179,162.22,2026-08-07 11:58:00,0
TX_002932,ACC_0098,ACC_0990,303.48,2026-08-07 12:00:00,0
TX_001418,ACC_0530,ACC_0354,210.17,2026-08-07 12:01:00,0
TX_001988,ACC_0206,ACC_0108,219.97,2026-08-07 12:02:00,0
TX_000443,ACC_0696,ACC_0666,249.72,2026-08-07 12:07:00,0
TX_000615,ACC_0031,ACC_0293,328.64,2026-08-07 12:08:00,0
TX_001850,ACC_0593,ACC_0021,62.48,2026-08-07 12:08:00,0
TX_005098,ACC_0108,ACC_0039,108.22,2026-08-07 12:18:00,1
TX_004138,ACC_0433,ACC_0563,294.84,2026-08-07 12:22:00,0
TX_005099,ACC_0108,ACC_0039,47917.75,2026-08-07 12:28:00,1
TX_003016,ACC_0076,ACC_0198,1132.75,2026-08-07 12:39:00,0
TX_001711,ACC_0140,ACC_0646,150.74,2026-08-07 12:48:00,0
TX_003885,ACC_0304,ACC_0223,325.2,2026-08-07 12:49:00,0
TX_003078,ACC_0522,ACC_0183,633.92,2026-08-07 12:59:00,0
TX_002453,ACC_0200,ACC_0047,155.23,2026-08-07 13:15:00,0
TX_001120,ACC_0788,ACC_0517,366.5,2026-08-07 13:15:00,0
TX_004592,ACC_0080,ACC_0143,3472.31,2026-08-07 13:33:00,0
TX_003671,ACC_0266,ACC_0950,333.51,2026-08-07 13:53:00,0
TX_000400,ACC_0710,ACC_0629,112.3,2026-08-07 13:55:00,0
TX_001160,ACC_0597,ACC_0795,218.18,2026-08-07 14:08:00,0
TX_003672,ACC_0267,ACC_0668,114.93,2026-08-07 14:19:00,0
TX_003122,ACC_0988,ACC_0777,645.28,2026-08-07 14:22:00,0
TX_001940,ACC_0679,ACC_0493,1807.51,2026-08-07 14:24:00,0
TX_003692,ACC_0087,ACC_0128,202.08,2026-08-07 14:27:00,0
TX_004905,ACC_0404,ACC_0015,463.34,2026-08-07 14:55:00,0
TX_001646,ACC_0496,ACC_0452,702.41,2026-08-07 15:03:00,0
TX_004540,ACC_0432,ACC_0507,589.47,2026-08-07 15:08:00,0
TX_000622,ACC_0602,ACC_0918,63.01,2026-08-07 15:11:00,0
TX_003622,ACC_0734,ACC_0384,978.57,2026-08-07 15:20:00,0
TX_002114,ACC_0445,ACC_0090,133.08,2026-08-07 15:27:00,0
TX_005240,ACC_0693,ACC_0026,227.57,2026-08-07 15:27:00,1
TX_000461,ACC_0903,ACC_0996,467.84,2026-08-07 15:36:00,0
TX_005241,ACC_0693,ACC_0026,19317.35,2026-08-07 15:37:00,1
TX_005068,ACC_0102,ACC_0014,217.75,2026-08-07 15:53:00,1
TX_005069,ACC_0102,ACC_0014,15377.75,2026-08-07 16:03:00,1
TX_002833,ACC_0772,ACC_0138,273.22,2026-08-07 16:32:00,0
TX_000943,ACC_0948,ACC_0997,149.49,2026-08-07 16:35:00,0
TX_002355,ACC_0598,ACC_0581,99.53,2026-08-07 16:39:00,0
TX_003150,ACC_0442,ACC_0012,911.97,2026-08-07 16:40:00,0
TX_004183,ACC_0113,ACC_0244,102.14,2026-08-07 16:53:00,0
TX_002183,ACC_0632,ACC_0068,1091.18,2026-08-07 17:00:00,0
TX_005066,ACC_0746,ACC_0049,267.15,2026-08-07 17:04:00,1
TX_002682,ACC_0954,ACC_0616,701.85,2026-08-07 17:10:00,0
TX_005067,ACC_0746,ACC_0049,22795.09,2026-08-07 17:14:00,1
TX_002980,ACC_0806,ACC_0010,159.56,2026-08-07 17:21:00,0
TX_001181,ACC_0091,ACC_0446,1134.39,2026-08-07 17:29:00,0
TX_003112,ACC_0140,ACC_0718,436.56,2026-08-07 17:29:00,0
TX_004659,ACC_0797,ACC_0880,506.32,2026-08-07 17:32:00,0
TX_004124,ACC_0097,ACC_0911,2752.91,2026-08-07 18:08:00,0
TX_004675,ACC_0948,ACC_0830,978.34,2026-08-07 18:34:00,0
TX_000221,ACC_0734,ACC_0074,149.48,2026-08-07 18:36:00,0
TX_004830,ACC_0650,ACC_0124,90.82,2026-08-07 18:45:00,0
TX_003601,ACC_0027,ACC_0056,432.96,2026-08-07 18:49:00,0
TX_002558,ACC_0514,ACC_0435,321.92,2026-08-07 18:53:00,0
TX_002700,ACC_0136,ACC_0234,69.1,2026-08-07 18:54:00,0
TX_004778,ACC_0972,ACC_0325,327.55,2026-08-07 19:27:00,0
TX_003446,ACC_0689,ACC_0241,697.32,2026-08-07 19:29:00,0
TX_001127,ACC_0155,ACC_0094,209.94,2026-08-07 19:30:00,0
TX_002377,ACC_0868,ACC_0586,1196.04,2026-08-07 19:33:00,0
TX_004050,ACC_0875,ACC_0604,338.55,2026-08-07 19:43:00,0
TX_002719,ACC_0164,ACC_0821,373.24,2026-08-07 20:33:00,0
TX_000164,ACC_0189,ACC_0533,621.22,2026-08-07 20:38:00,0
TX_000885,ACC_0060,ACC_0004,576.17,2026-08-07 20:57:00,0
TX_002352,ACC_0988,ACC_0908,317.45,2026-08-07 20:58:00,0
TX_001045,ACC_0430,ACC_0671,580.54,2026-08-07 21:15:00,0
TX_002224,ACC_0036,ACC_0301,125.31,2026-08-07 21:24:00,0
TX_004624,ACC_0875,ACC_0491,881.01,2026-08-07 21:33:00,0
TX_002367,ACC_0514,ACC_0073,855.06,2026-08-07 21:34:00,0
TX_001501,ACC_0518,ACC_0201,291.92,2026-08-07 21:59:00,0
TX_002273,ACC_0799,ACC_0856,678.49,2026-08-07 22:11:00,0
TX_001753,ACC_0165,ACC_0667,380.02,2026-08-07 22:13:00,0
TX_004199,ACC_0951,ACC_0341,575.55,2026-08-07 22:13:00,0
TX_004393,ACC_0248,ACC_0224,413.53,2026-08-07 22:19:00,0
TX_002181,ACC_0149,ACC_0193,437.67,2026-08-07 22:27:00,0
TX_000977,ACC_0830,ACC_0340,204.3,2026-08-07 22:28:00,0
TX_000440,ACC_0199,ACC_0231,337.25,2026-08-07 22:35:00,0
TX_003908,ACC_0358,ACC_0659,456.57,2026-08-07 22:36:00,0
TX_000471,ACC_0234,ACC_0694,235.67,2026-08-07 22:47:00,0
TX_001027,ACC_0970,ACC_0480,399.74,2026-08-07 22:50:00,0
TX_001863,ACC_0338,ACC_0420,157.8,2026-08-07 23:29:00,0
TX_004486,ACC_0324,ACC_0054,701.88,2026-08-07 23:33:00,0
TX_001951,ACC_0455,ACC_0904,216.9,2026-08-07 23:43:00,0
TX_002667,ACC_0410,ACC_0290,1417.22,2026-08-07 23:49:00,0
TX_001587,ACC_0851,ACC_0451,261.05,2026-08-07 23:57:00,0
TX_003057,ACC_0468,ACC_0976,242.74,2026-08-08 00:14:00,0
TX_001642,ACC_0238,ACC_0844,405.79,2026-08-08 00:20:00,0
TX_004156,ACC_0868,ACC_0093,300.62,2026-08-08 00:36:00,0
TX_000447,ACC_0538,ACC_0333,165.54,2026-08-08 00:41:00,0
TX_002267,ACC_0399,ACC_0923,113.07,2026-08-08 00:50:00,0
TX_002261,ACC_0942,ACC_0242,151.27,2026-08-08 00:59:00,0
TX_002841,ACC_0098,ACC_0258,214.84,2026-08-08 01:04:00,0
TX_001805,ACC_0264,ACC_0434,389.6,2026-08-08 01:12:00,0
TX_003704,ACC_0863,ACC_0237,483.39,2026-08-08 01:12:00,0
TX_002208,ACC_0520,ACC_0137,728.09,2026-08-08 01:15:00,0
TX_002909,ACC_0863,ACC_0820,243.25,2026-08-08 01:41:00,0
TX_004654,ACC_0625,ACC_0322,350.48,2026-08-08 01:43:00,0
TX_004915,ACC_0003,ACC_0456,1116.86,2026-08-08 01:47:00,0
TX_000216,ACC_0893,ACC_0411,109.82,2026-08-08 01:53:00,0
TX_001855,ACC_0511,ACC_0044,1048.59,2026-08-08 02:21:00,0
TX_003033,ACC_0648,ACC_0786,253.64,2026-08-08 02:43:00,0
TX_001983,ACC_0917,ACC_0630,563.7,2026-08-08 02:44:00,0
TX_001018,ACC_0591,ACC_0185,1999.89,2026-08-08 02:46:00,0
TX_001865,ACC_0813,ACC_0967,1946.43,2026-08-08 02:47:00,0
TX_001410,ACC_0121,ACC_0227,647.51,2026-08-08 02:50:00,0
TX_002378,ACC_0379,ACC_0573,266.67,2026-08-08 02:57:00,0
TX_003544,ACC_0496,ACC_0854,465.06,2026-08-08 02:59:00,0
TX_000620,ACC_0107,ACC_0727,1504.47,2026-08-08 02:59:00,0
TX_000324,ACC_0479,ACC_0404,397.72,2026-08-08 03:11:00,0
TX_002324,ACC_0235,ACC_0121,81.36,2026-08-08 03:21:00,0
TX_000553,ACC_0420,ACC_0309,1322.33,2026-08-08 03:40:00,0
TX_003814,ACC_0371,ACC_0070,844.35,2026-08-08 03:57:00,0
TX_002481,ACC_0382,ACC_0125,534.48,2026-08-08 03:57:00,0
TX_002787,ACC_0945,ACC_0910,200.71,2026-08-08 03:58:00,0
TX_001438,ACC_0752,ACC_0773,532.61,2026-08-08 04:01:00,0
TX_003648,ACC_0544,ACC_0579,582.2,2026-08-08 04:05:00,0
TX_003201,ACC_0415,ACC_0359,122.11,2026-08-08 04:06:00,0
TX_004011,ACC_0251,ACC_0547,424.04,2026-08-08 04:08:00,0
TX_002950,ACC_0433,ACC_0654,1457.19,2026-08-08 04:09:00,0
TX_000983,ACC_0712,ACC_0099,119.93,2026-08-08 04:18:00,0
TX_002675,ACC_0813,ACC_0241,1221.21,2026-08-08 04:18:00,0
TX_004943,ACC_0547,ACC_0368,511.88,2026-08-08 04:18:00,0
TX_001344,ACC_0209,ACC_0734,129.29,2026-08-08 04:23:00,0
TX_003170,ACC_0884,ACC_0009,1506.06,2026-08-08 04:26:00,0
TX_002445,ACC_0400,ACC_0456,989.8,2026-08-08 04:26:00,0
TX_003541,ACC_0124,ACC_0389,419.05,2026-08-08 04:37:00,0
TX_000984,ACC_0230,ACC_0605,356.6,2026-08-08 04:38:00,0
TX_003437,ACC_0239,ACC_0397,216.8,2026-08-08 04:50:00,0
TX_003086,ACC_0747,ACC_0647,481.52,2026-08-08 04:55:00,0
TX_000585,ACC_0865,ACC_0193,836.13,2026-08-08 04:59:00,0
TX_003973,ACC_0653,ACC_0854,411.5,2026-08-08 05:02:00,0
TX_000891,ACC_0535,ACC_0750,185.37,2026-08-08 05:03:00,0
TX_005042,ACC_0096,ACC_0011,204.73,2026-08-08 05:13:00,1
TX_001762,ACC_0142,ACC_0938,1389.66,2026-08-08 05:19:00,0
TX_003391,ACC_0587,ACC_0851,636.21,2026-08-08 05:20:00,0
TX_005043,ACC_0096,ACC_0011,25691.74,2026-08-08 05:23:00,1
TX_000348,ACC_0035,ACC_0489,110.29,2026-08-08 05:42:00,0
TX_002702,ACC_0921,ACC_0906,455.07,2026-08-08 05:44:00,0
TX_002371,ACC_0826,ACC_0024,118.72,2026-08-08 05:51:00,0
TX_000889,ACC_0960,ACC_0121,613.98,2026-08-08 05:57:00,0
TX_000181,ACC_0807,ACC_0865,1134.42,2026-08-08 06:01:00,0
TX_004344,ACC_0515,ACC_0553,139.87,2026-08-08 06:10:00,0
TX_002332,ACC_0026,ACC_0057,679.67,2026-08-08 06:39:00,0
TX_003373,ACC_0967,ACC_0758,933.98,2026-08-08 06:47:00,0
TX_002617,ACC_0198,ACC_0287,923.35,2026-08-08 06:47:00,0
TX_004911,ACC_0686,ACC_0907,203.4,2026-08-08 07:01:00,0
TX_001905,ACC_0914,ACC_0840,913.67,2026-08-08 07:13:00,0
TX_001861,ACC_0145,ACC_0873,287.08,2026-08-08 07:28:00,0
TX_002832,ACC_0934,ACC_0601,251.59,2026-08-08 07:37:00,0
TX_004709,ACC_0970,ACC_0454,257.48,2026-08-08 07:44:00,0
TX_000073,ACC_0832,ACC_0592,362.68,2026-08-08 07:44:00,0
TX_001749,ACC_0931,ACC_0312,277.17,2026-08-08 07:56:00,0
TX_003949,ACC_0526,ACC_0737,1057.96,2026-08-08 08:19:00,0
TX_002911,ACC_0910,ACC_0733,393.4,2026-08-08 08:20:00,0
TX_003892,ACC_0356,ACC_0687,140.8,2026-08-08 08:25:00,0
TX_003172,ACC_0803,ACC_0435,232.56,2026-08-08 08:51:00,0
TX_003827,ACC_0997,ACC_0188,242.91,2026-08-08 08:56:00,0
TX_000550,ACC_0062,ACC_0210,183.16,2026-08-08 09:18:00,0
TX_000084,ACC_0724,ACC_0499,490.07,2026-08-08 09:18:00,0
TX_001641,ACC_0091,ACC_0149,187.4,2026-08-08 09:31:00,0
TX_000543,ACC_0147,ACC_0235,913.69,2026-08-08 09:37:00,0
TX_002677,ACC_0845,ACC_0699,241.57,2026-08-08 10:00:00,0
TX_001645,ACC_0977,ACC_0224,243.35,2026-08-08 10:02:00,0
TX_004972,ACC_0363,ACC_0595,446.33,2026-08-08 10:09:00,0
TX_001448,ACC_0616,ACC_0249,423.11,2026-08-08 10:09:00,0
TX_000429,ACC_0477,ACC_0654,159.48,2026-08-08 10:14:00,0
TX_004154,ACC_0861,ACC_0651,535.35,2026-08-08 10:28:00,0
TX_003475,ACC_0538,ACC_0081,217.5,2026-08-08 10:29:00,0
TX_003709,ACC_0374,ACC_0317,113.6,2026-08-08 10:39:00,0
TX_004206,ACC_0352,ACC_0127,57.16,2026-08-08 10:48:00,0
TX_002928,ACC_0396,ACC_0367,575.06,2026-08-08 11:10:00,0
TX_002986,ACC_0410,ACC_0902,638.19,2026-08-08 11:15:00,0
TX_003958,ACC_0206,ACC_0338,496.58,2026-08-08 11:25:00,0
TX_001536,ACC_0058,ACC_0862,2488.39,2026-08-08 11:38:00,0
TX_005160,ACC_0925,ACC_0032,230.27,2026-08-08 11:41:00,1
TX_001904,ACC_0846,ACC_0640,564.29,2026-08-08 11:48:00,0
TX_005161,ACC_0925,ACC_0032,28951.17,2026-08-08 11:51:00,1
TX_002288,ACC_0995,ACC_0871,961.05,2026-08-08 12:06:00,0
TX_002315,ACC_0963,ACC_0317,71.01,2026-08-08 12:07:00,0
TX_000230,ACC_0816,ACC_0902,498.71,2026-08-08 12:19:00,0
TX_004181,ACC_0818,ACC_0099,131.2,2026-08-08 12:28:00,0
TX_004892,ACC_0930,ACC_0749,788.44,2026-08-08 12:42:00,0
TX_000205,ACC_0435,ACC_0275,166.18,2026-08-08 13:03:00,0
TX_001123,ACC_0918,ACC_0717,360.36,2026-08-08 13:05:00,0
TX_004423,ACC_0730,ACC_0922,695.56,2026-08-08 13:31:00,0
TX_002422,ACC_0092,ACC_0140,100.01,2026-08-08 13:41:00,0
TX_000610,ACC_0642,ACC_0801,1375.25,2026-08-08 13:51:00,0
TX_002879,ACC_0164,ACC_0267,312.3,2026-08-08 14:01:00,0
TX_001969,ACC_0147,ACC_0951,128.64,2026-08-08 14:02:00,0
TX_000561,ACC_0181,ACC_0216,258.01,2026-08-08 14:13:00,0
TX_000134,ACC_0627,ACC_0905,157.25,2026-08-08 14:14:00,0
TX_002701,ACC_0463,ACC_0531,70.26,2026-08-08 14:19:00,0
TX_001602,ACC_0827,ACC_0614,215.35,2026-08-08 14:19:00,0
TX_002887,ACC_0139,ACC_0015,601.4,2026-08-08 14:33:00,0
TX_003375,ACC_0853,ACC_0352,102.67,2026-08-08 14:33:00,0
TX_000929,ACC_0869,ACC_0117,247.14,2026-08-08 14:36:00,0
TX_002668,ACC_0809,ACC_0141,64.56,2026-08-08 14:38:00,0
TX_003093,ACC_0786,ACC_0751,586.59,2026-08-08 14:56:00,0
TX_002942,ACC_0775,ACC_0229,383.08,2026-08-08 15:03:00,0
TX_002957,ACC_0458,ACC_0855,304.22,2026-08-08 15:04:00,0
TX_003428,ACC_0057,ACC_0370,254.43,2026-08-08 15:10:00,0
TX_002585,ACC_0639,ACC_0930,507.6,2026-08-08 15:12:00,0
TX_004013,ACC_0636,ACC_0838,533.75,2026-08-08 15:33:00,0
TX_002874,ACC_0744,ACC_0718,289.23,2026-08-08 15:54:00,0
TX_000687,ACC_0171,ACC_0888,71.12,2026-08-08 16:02:00,0
TX_002443,ACC_0414,ACC_0288,493.58,2026-08-08 16:07:00,0
TX_000790,ACC_0600,ACC_0137,348.86,2026-08-08 16:29:00,0
TX_001630,ACC_0853,ACC_0282,349.17,2026-08-08 16:38:00,0
TX_004829,ACC_0976,ACC_0144,311.0,2026-08-08 16:50:00,0
TX_003289,ACC_0524,ACC_0755,419.43,2026-08-08 16:57:00,0
TX_001676,ACC_0181,ACC_0164,946.16,2026-08-08 17:15:00,0
TX_003766,ACC_0488,ACC_0003,1000.74,2026-08-08 17:16:00,0
TX_003159,ACC_0143,ACC_0522,66.33,2026-08-08 17:20:00,0
TX_004415,ACC_0022,ACC_0695,189.44,2026-08-08 17:28:00,0
TX_000674,ACC_0543,ACC_0924,425.29,2026-08-08 17:28:00,0
TX_004296,ACC_0593,ACC_0475,77.01,2026-08-08 17:33:00,0
TX_002696,ACC_0478,ACC_0816,1024.35,2026-08-08 17:52:00,0
TX_000387,ACC_0513,ACC_0256,349.95,2026-08-08 18:03:00,0
TX_000142,ACC_0806,ACC_0938,290.42,2026-08-08 18:04:00,0
TX_004200,ACC_0244,ACC_0439,290.07,2026-08-08 18:07:00,0
TX_004106,ACC_0154,ACC_0974,380.42,2026-08-08 18:25:00,0
TX_003741,ACC_0329,ACC_0535,101.17,2026-08-08 18:36:00,0
TX_004456,ACC_0739,ACC_0916,436.05,2026-08-08 18:49:00,0
TX_003927,ACC_0693,ACC_0838,1027.42,2026-08-08 18:49:00,0
TX_002815,ACC_0882,ACC_0988,87.21,2026-08-08 18:54:00,0
TX_004039,ACC_0412,ACC_0953,471.75,2026-08-08 19:03:00,0
TX_003967,ACC_0894,ACC_0281,622.41,2026-08-08 19:18:00,0
TX_003818,ACC_0378,ACC_0516,342.29,2026-08-08 19:24:00,0
TX_001913,ACC_0900,ACC_0075,1229.35,2026-08-08 19:25:00,0
TX_000066,ACC_0954,ACC_0538,448.96,2026-08-08 19:31:00,0
TX_001708,ACC_0807,ACC_0938,423.86,2026-08-08 19:57:00,0
TX_004168,ACC_0653,ACC_0525,1263.49,2026-08-08 21:01:00,0
TX_004787,ACC_0449,ACC_0190,84.01,2026-08-08 21:15:00,0
TX_001358,ACC_0351,ACC_0644,446.05,2026-08-08 21:22:00,0
TX_002891,ACC_0739,ACC_0123,164.55,2026-08-08 21:30:00,0
TX_002767,ACC_0668,ACC_0821,349.47,2026-08-08 21:37:00,0
TX_000232,ACC_0886,ACC_0861,1288.46,2026-08-08 21:38:00,0
TX_005296,ACC_0925,ACC_0033,188.91,2026-08-08 21:43:00,1
TX_004812,ACC_0198,ACC_0922,618.04,2026-08-08 21:50:00,0
TX_002717,ACC_0387,ACC_0846,3935.71,2026-08-08 21:50:00,0
TX_005297,ACC_0925,ACC_0033,36438.34,2026-08-08 21:53:00,1
TX_000133,ACC_0199,ACC_0891,336.32,2026-08-08 21:56:00,0
TX_000045,ACC_0298,ACC_0383,749.8,2026-08-08 21:58:00,0
TX_004442,ACC_0507,ACC_0290,912.88,2026-08-08 22:01:00,0
TX_002082,ACC_0410,ACC_0500,1081.29,2026-08-08 22:21:00,0
TX_002462,ACC_0719,ACC_0690,123.94,2026-08-08 22:35:00,0
TX_004217,ACC_0564,ACC_0181,953.51,2026-08-08 22:43:00,0
TX_004053,ACC_0837,ACC_0555,496.02,2026-08-08 22:48:00,0
TX_004846,ACC_0319,ACC_0277,81.49,2026-08-08 22:54:00,0
TX_003455,ACC_0701,ACC_0452,218.85,2026-08-08 23:21:00,0
TX_004547,ACC_0547,ACC_0877,203.8,2026-08-08 23:32:00,0
TX_003837,ACC_0637,ACC_0762,530.89,2026-08-08 23:47:00,0
TX_001549,ACC_0790,ACC_0117,419.57,2026-08-08 23:53:00,0
TX_004924,ACC_0753,ACC_0884,555.86,2026-08-09 00:11:00,0
TX_003335,ACC_0445,ACC_0789,214.78,2026-08-09 00:15:00,0
TX_004851,ACC_0636,ACC_0721,951.85,2026-08-09 00:22:00,0
TX_000052,ACC_0158,ACC_0824,183.77,2026-08-09 00:35:00,0
TX_004732,ACC_0120,ACC_0383,1662.23,2026-08-09 00:55:00,0
TX_002487,ACC_0364,ACC_0656,106.21,2026-08-09 01:01:00,0
TX_001071,ACC_0402,ACC_0287,515.79,2026-08-09 01:03:00,0
TX_000735,ACC_0539,ACC_0114,790.97,2026-08-09 01:04:00,0
TX_004495,ACC_0352,ACC_0302,1148.86,2026-08-09 01:06:00,0
TX_003496,ACC_0221,ACC_0415,124.25,2026-08-09 01:21:00,0
TX_004667,ACC_0484,ACC_0321,2297.19,2026-08-09 01:22:00,0
TX_003331,ACC_0993,ACC_0364,175.8,2026-08-09 01:27:00,0
TX_004141,ACC_0067,ACC_0756,673.56,2026-08-09 01:30:00,0
TX_004286,ACC_0282,ACC_0256,363.48,2026-08-09 01:31:00,0
TX_003526,ACC_0215,ACC_0393,955.29,2026-08-09 01:34:00,0
TX_004315,ACC_0636,ACC_0133,338.9,2026-08-09 01:34:00,0
TX_005088,ACC_0075,ACC_0013,183.7,2026-08-09 01:40:00,1
TX_003360,ACC_0595,ACC_0723,51.7,2026-08-09 01:47:00,0
TX_005089,ACC_0075,ACC_0013,29141.05,2026-08-09 01:50:00,1
TX_001357,ACC_0946,ACC_0102,351.72,2026-08-09 01:54:00,0
TX_003443,ACC_0774,ACC_0656,561.82,2026-08-09 02:01:00,0
TX_004857,ACC_0010,ACC_0638,437.86,2026-08-09 02:15:00,0
TX_001922,ACC_0885,ACC_0581,2512.41,2026-08-09 02:19:00,0
TX_003258,ACC_0300,ACC_0996,781.27,2026-08-09 02:33:00,0
TX_003763,ACC_0419,ACC_0940,206.54,2026-08-09 02:35:00,0
TX_002234,ACC_0088,ACC_0654,438.07,2026-08-09 02:35:00,0
TX_000901,ACC_0738,ACC_0344,1111.34,2026-08-09 02:52:00,0
TX_000002,ACC_0582,ACC_0463,158.97,2026-08-09 03:04:00,0
TX_002350,ACC_0285,ACC_0967,138.92,2026-08-09 03:10:00,0
TX_002851,ACC_0226,ACC_0076,390.45,2026-08-09 03:21:00,0
TX_003573,ACC_0657,ACC_0825,484.98,2026-08-09 03:22:00,0
TX_004840,ACC_0112,ACC_0598,1001.27,2026-08-09 03:26:00,0
TX_002278,ACC_0448,ACC_0737,213.68,2026-08-09 03:29:00,0
TX_000701,ACC_0307,ACC_0285,285.51,2026-08-09 03:29:00,0
TX_002375,ACC_0198,ACC_0168,51.46,2026-08-09 03:31:00,0
TX_000869,ACC_0647,ACC_0335,515.69,2026-08-09 03:32:00,0
TX_001784,ACC_0593,ACC_0331,321.83,2026-08-09 03:35:00,0
TX_004989,ACC_0793,ACC_0081,365.88,2026-08-09 03:41:00,0
TX_002311,ACC_0599,ACC_0263,901.03,2026-08-09 03:49:00,0
TX_000814,ACC_0501,ACC_0118,107.29,2026-08-09 03:50:00,0
TX_004184,ACC_0210,ACC_0773,616.05,2026-08-09 03:56:00,0
TX_003028,ACC_0711,ACC_0604,180.99,2026-08-09 04:04:00,0
TX_004416,ACC_0833,ACC_0327,1494.99,2026-08-09 04:25:00,0
TX_004359,ACC_0474,ACC_0925,159.2,2026-08-09 04:37:00,0
TX_001788,ACC_0286,ACC_0955,161.71,2026-08-09 04:45:00,0
TX_002685,ACC_0965,ACC_0364,669.8,2026-08-09 04:51:00,0
TX_001386,ACC_0485,ACC_0194,354.74,2026-08-09 04:55:00,0
TX_001603,ACC_0985,ACC_0669,717.65,2026-08-09 04:55:00,0
TX_004603,ACC_0054,ACC_0811,499.24,2026-08-09 04:55:00,0
TX_000710,ACC_0287,ACC_0591,597.36,2026-08-09 04:56:00,0
TX_004177,ACC_0167,ACC_0592,87.88,2026-08-09 05:22:00,0
TX_001163,ACC_0651,ACC_0026,626.88,2026-08-09 05:29:00,0
TX_001521,ACC_0460,ACC_0360,186.49,2026-08-09 05:42:00,0
TX_002576,ACC_0300,ACC_0415,299.72,2026-08-09 05:57:00,0
TX_005034,ACC_0813,ACC_0049,172.09,2026-08-09 06:03:00,1
TX_002707,ACC_0097,ACC_0032,257.0,2026-08-09 06:06:00,0
TX_001197,ACC_0852,ACC_0052,185.34,2026-08-09 06:07:00,0
TX_004225,ACC_0285,ACC_0337,1139.77,2026-08-09 06:08:00,0
TX_002489,ACC_0294,ACC_0755,60.86,2026-08-09 06:12:00,0
TX_005035,ACC_0813,ACC_0049,31444.06,2026-08-09 06:13:00,1
TX_004471,ACC_0293,ACC_0572,249.79,2026-08-09 06:27:00,0
TX_003190,ACC_0452,ACC_0719,1005.57,2026-08-09 06:32:00,0
TX_004815,ACC_0864,ACC_0261,299.83,2026-08-09 06:42:00,0
TX_002959,ACC_0465,ACC_0768,83.36,2026-08-09 06:42:00,0
TX_003854,ACC_0083,ACC_0607,599.14,2026-08-09 06:45:00,0
TX_000059,ACC_0540,ACC_0181,218.95,2026-08-09 06:53:00,0
TX_003728,ACC_0109,ACC_0611,189.37,2026-08-09 07:04:00,0
TX_002840,ACC_0668,ACC_0191,532.55,2026-08-09 07:04:00,0
TX_004198,ACC_0257,ACC_0373,628.05,2026-08-09 07:25:00,0
TX_001351,ACC_0822,ACC_0108,642.4,2026-08-09 07:29:00,0
TX_001072,ACC_0901,ACC_0219,2192.44,2026-08-09 07:52:00,0
TX_004354,ACC_0636,ACC_0743,788.06,2026-08-09 07:58:00,0
TX_000737,ACC_0942,ACC_0009,295.11,2026-08-09 07:58:00,0
TX_004753,ACC_0031,ACC_0751,550.86,2026-08-09 08:10:00,0
TX_003235,ACC_0287,ACC_0158,391.66,2026-08-09 08:23:00,0
TX_004874,ACC_0017,ACC_0196,369.02,2026-08-09 08:30:00,0
TX_003480,ACC_0669,ACC_0867,107.48,2026-08-09 08:38:00,0
TX_000101,ACC_0451,ACC_0258,480.26,2026-08-09 08:47:00,0
TX_001367,ACC_0527,ACC_0878,558.69,2026-08-09 08:54:00,0
TX_003629,ACC_0307,ACC_0666,431.38,2026-08-09 09:09:00,0
TX_001244,ACC_0234,ACC_0482,124.92,2026-08-09 09:14:00,0
TX_002238,ACC_0982,ACC_0560,379.24,2026-08-09 09:17:00,0
TX_003720,ACC_0939,ACC_0140,743.98,2026-08-09 09:19:00,0
TX_001214,ACC_0092,ACC_0216,302.24,2026-08-09 09:26:00,0
TX_000871,ACC_0751,ACC_0255,848.64,2026-08-09 10:08:00,0
TX_000666,ACC_0458,ACC_0928,626.8,2026-08-09 10:16:00,0
TX_001896,ACC_0989,ACC_0019,132.57,2026-08-09 10:16:00,0
TX_001948,ACC_0722,ACC_0397,378.36,2026-08-09 10:24:00,0
TX_003845,ACC_0644,ACC_0290,276.68,2026-08-09 10:43:00,0
TX_001378,ACC_0915,ACC_0825,359.92,2026-08-09 11:07:00,0
TX_004614,ACC_0793,ACC_0667,197.93,2026-08-09 11:18:00,0
TX_000147,ACC_0472,ACC_0463,602.48,2026-08-09 11:22:00,0
TX_003750,ACC_0083,ACC_0592,1049.91,2026-08-09 11:22:00,0
TX_002034,ACC_0433,ACC_0052,815.57,2026-08-09 11:24:00,0
TX_004773,ACC_0922,ACC_0220,106.19,2026-08-09 11:33:00,0
TX_002147,ACC_0235,ACC_0872,250.45,2026-08-09 11:37:00,0
TX_004713,ACC_0996,ACC_0258,878.18,2026-08-09 11:57:00,0
TX_003543,ACC_0804,ACC_0737,200.1,2026-08-09 12:13:00,0
TX_003978,ACC_0315,ACC_0414,74.51,2026-08-09 12:39:00,0
TX_004185,ACC_0646,ACC_0344,583.93,2026-08-09 12:41:00,0
TX_002676,ACC_0240,ACC_0065,180.1,2026-08-09 12:48:00,0
TX_003361,ACC_0795,ACC_0553,156.26,2026-08-09 12:49:00,0
TX_004425,ACC_0184,ACC_0479,279.5,2026-08-09 13:07:00,0
TX_001909,ACC_0644,ACC_0541,1287.65,2026-08-09 13:16:00,0
TX_004800,ACC_0238,ACC_0929,55.59,2026-08-09 13:34:00,0
TX_002539,ACC_0216,ACC_0966,692.34,2026-08-09 13:53:00,0
TX_001352,ACC_0926,ACC_0305,279.89,2026-08-09 14:06:00,0
TX_003322,ACC_0312,ACC_0763,160.63,2026-08-09 14:09:00,0
TX_000064,ACC_0516,ACC_0315,70.5,2026-08-09 14:21:00,0
TX_003275,ACC_0754,ACC_0578,66.01,2026-08-09 14:34:00,0
TX_002292,ACC_0623,ACC_0668,686.67,2026-08-09 14:43:00,0
TX_002199,ACC_0431,ACC_0791,504.82,2026-08-09 14:52:00,0
TX_001341,ACC_0285,ACC_0538,478.45,2026-08-09 14:55:00,0
TX_000832,ACC_0846,ACC_0419,685.65,2026-08-09 15:07:00,0
TX_001917,ACC_0464,ACC_0474,180.21,2026-08-09 15:09:00,0
TX_004346,ACC_0194,ACC_0826,275.33,2026-08-09 15:18:00,0
TX_004367,ACC_0095,ACC_0314,837.37,2026-08-09 15:38:00,0
TX_003620,ACC_0351,ACC_0277,293.18,2026-08-09 15:40:00,0
TX_003820,ACC_0511,ACC_0877,303.47,2026-08-09 15:45:00,0
TX_001660,ACC_0136,ACC_0014,489.51,2026-08-09 15:45:00,0
TX_001249,ACC_0750,ACC_0128,510.1,2026-08-09 15:53:00,0
TX_002790,ACC_0142,ACC_0036,472.99,2026-08-09 16:03:00,0
TX_002711,ACC_0120,ACC_0155,271.42,2026-08-09 16:07:00,0
TX_000599,ACC_0639,ACC_0294,640.92,2026-08-09 16:17:00,0
TX_002587,ACC_0296,ACC_0335,671.56,2026-08-09 16:22:00,0
TX_001235,ACC_0475,ACC_0392,684.06,2026-08-09 16:28:00,0
TX_003040,ACC_0536,ACC_0126,881.41,2026-08-09 16:43:00,0
TX_003055,ACC_0845,ACC_0476,192.78,2026-08-09 17:03:00,0
TX_004389,ACC_0214,ACC_0039,671.54,2026-08-09 17:04:00,0
TX_003244,ACC_0612,ACC_0389,376.26,2026-08-09 17:13:00,0
TX_004322,ACC_0418,ACC_0399,157.03,2026-08-09 17:19:00,0
TX_003342,ACC_0003,ACC_0142,280.31,2026-08-09 17:21:00,0
TX_002407,ACC_0152,ACC_0469,236.48,2026-08-09 17:25:00,0
TX_004355,ACC_0569,ACC_0559,480.9,2026-08-09 17:31:00,0
TX_001375,ACC_0724,ACC_0233,150.79,2026-08-09 17:34:00,0
TX_000272,ACC_0081,ACC_0505,2071.78,2026-08-09 17:36:00,0
TX_003585,ACC_0397,ACC_0947,1733.47,2026-08-09 17:41:00,0
TX_003651,ACC_0227,ACC_0844,363.06,2026-08-09 17:42:00,0
TX_000089,ACC_0069,ACC_0035,75.97,2026-08-09 17:54:00,0
TX_001290,ACC_0818,ACC_0251,373.82,2026-08-09 17:55:00,0
TX_001455,ACC_0636,ACC_0357,391.4,2026-08-09 18:11:00,0
TX_001022,ACC_0290,ACC_0169,1570.32,2026-08-09 18:19:00,0
TX_003353,ACC_0465,ACC_0365,192.62,2026-08-09 18:21:00,0
TX_001015,ACC_0711,ACC_0670,136.47,2026-08-09 18:35:00,0
TX_003725,ACC_0251,ACC_0611,273.25,2026-08-09 18:51:00,0
TX_004356,ACC_0347,ACC_0086,181.94,2026-08-09 19:01:00,0
TX_003614,ACC_0616,ACC_0498,1433.16,2026-08-09 19:15:00,0
TX_003410,ACC_0549,ACC_0004,79.77,2026-08-09 19:28:00,0
TX_001692,ACC_0725,ACC_0612,1264.95,2026-08-09 19:34:00,0
TX_003606,ACC_0373,ACC_0044,538.05,2026-08-09 19:41:00,0
TX_003251,ACC_0591,ACC_0978,83.78,2026-08-09 19:41:00,0
TX_003785,ACC_0070,ACC_0305,585.59,2026-08-09 19:49:00,0
TX_003239,ACC_0108,ACC_0476,192.43,2026-08-09 19:53:00,0
TX_004318,ACC_0253,ACC_0586,283.18,2026-08-09 19:56:00,0
TX_000182,ACC_0954,ACC_0917,731.15,2026-08-09 19:59:00,0
TX_004403,ACC_0478,ACC_0522,1658.49,2026-08-09 20:00:00,0
TX_000717,ACC_0695,ACC_0422,1068.66,2026-08-09 20:17:00,0
TX_004878,ACC_0584,ACC_0802,103.08,2026-08-09 20:19:00,0
TX_000379,ACC_0703,ACC_0583,132.54,2026-08-09 20:21:00,0
TX_001417,ACC_0512,ACC_0649,489.69,2026-08-09 20:26:00,0
TX_002818,ACC_0135,ACC_0972,1034.29,2026-08-09 20:27:00,0
TX_000515,ACC_0133,ACC_0962,581.6,2026-08-09 20:31:00,0
TX_004276,ACC_0508,ACC_0466,305.75,2026-08-09 20:35:00,0
TX_002143,ACC_0865,ACC_0293,2511.72,2026-08-09 21:17:00,0
TX_002842,ACC_0357,ACC_0810,189.09,2026-08-09 21:26:00,0
TX_000174,ACC_0305,ACC_0892,925.72,2026-08-09 21:27:00,0
TX_004065,ACC_0183,ACC_0077,155.55,2026-08-09 21:37:00,0
TX_002954,ACC_0677,ACC_0015,51.74,2026-08-09 21:38:00,0
TX_000206,ACC_0190,ACC_0054,929.47,2026-08-09 21:58:00,0
TX_004136,ACC_0640,ACC_0679,665.97,2026-08-09 22:00:00,0
TX_002569,ACC_0794,ACC_0558,689.9,2026-08-09 22:12:00,0
TX_002233,ACC_0965,ACC_0250,108.6,2026-08-09 22:13:00,0
TX_000286,ACC_0380,ACC_0529,655.66,2026-08-09 22:21:00,0
TX_002270,ACC_0440,ACC_0849,171.9,2026-08-09 22:22:00,0
TX_004993,ACC_0449,ACC_0968,2708.21,2026-08-09 22:22:00,0
TX_002438,ACC_0688,ACC_0276,517.09,2026-08-09 22:32:00,0
TX_000235,ACC_0494,ACC_0662,1311.38,2026-08-09 22:36:00,0
TX_003979,ACC_0627,ACC_0866,68.18,2026-08-09 23:05:00,0
TX_003175,ACC_0104,ACC_0226,1589.38,2026-08-09 23:10:00,0
TX_003686,ACC_0675,ACC_0610,87.97,2026-08-09 23:17:00,0
TX_005140,ACC_0417,ACC_0018,158.36,2026-08-09 23:26:00,1
TX_005141,ACC_0417,ACC_0018,32978.13,2026-08-09 23:36:00,1
TX_000213,ACC_0889,ACC_0685,214.42,2026-08-09 23:45:00,0
TX_001871,ACC_0194,ACC_0502,102.02,2026-08-09 23:49:00,0
TX_001555,ACC_0751,ACC_0617,58.67,2026-08-09 23:57:00,0
TX_004125,ACC_0562,ACC_0814,1680.37,2026-08-10 00:24:00,0
TX_004345,ACC_0392,ACC_0681,826.34,2026-08-10 00:27:00,0
TX_003588,ACC_0103,ACC_0870,621.56,2026-08-10 00:38:00,0
TX_000807,ACC_0273,ACC_0924,1189.2,2026-08-10 00:47:00,0
TX_001689,ACC_0360,ACC_0909,913.26,2026-08-10 00:53:00,0
TX_002308,ACC_0148,ACC_0440,258.72,2026-08-10 00:54:00,0
TX_003188,ACC_0645,ACC_0340,1839.66,2026-08-10 01:09:00,0
TX_000071,ACC_0062,ACC_0263,425.8,2026-08-10 01:11:00,0
TX_004074,ACC_0075,ACC_0256,50.87,2026-08-10 01:13:00,0
TX_001149,ACC_0166,ACC_0332,207.93,2026-08-10 01:17:00,0
TX_002901,ACC_0024,ACC_0245,220.2,2026-08-10 01:18:00,0
TX_001658,ACC_0126,ACC_0288,2348.82,2026-08-10 01:32:00,0
TX_001196,ACC_0257,ACC_0816,414.78,2026-08-10 01:38:00,0
TX_001958,ACC_0752,ACC_0407,158.76,2026-08-10 01:53:00,0
TX_001492,ACC_0963,ACC_0962,1231.83,2026-08-10 02:09:00,0
TX_000262,ACC_0583,ACC_0053,238.53,2026-08-10 02:18:00,0
TX_001730,ACC_0072,ACC_0669,1365.43,2026-08-10 02:30:00,0
TX_000315,ACC_0836,ACC_0734,532.28,2026-08-10 02:39:00,0
TX_002692,ACC_0015,ACC_0109,494.6,2026-08-10 02:41:00,0
TX_003706,ACC_0543,ACC_0719,786.84,2026-08-10 02:41:00,0
TX_004739,ACC_0774,ACC_0809,277.44,2026-08-10 02:45:00,0
TX_001652,ACC_0118,ACC_0333,994.53,2026-08-10 02:56:00,0
TX_000001,ACC_0981,ACC_0486,988.39,2026-08-10 03:00:00,0
TX_002747,ACC_0479,ACC_0765,2178.81,2026-08-10 03:01:00,0
TX_005106,ACC_0927,ACC_0044,213.15,2026-08-10 03:26:00,1
TX_003383,ACC_0799,ACC_0520,432.62,2026-08-10 03:27:00,0
TX_001224,ACC_0396,ACC_0144,509.83,2026-08-10 03:32:00,0
TX_001299,ACC_0684,ACC_0626,972.07,2026-08-10 03:34:00,0
TX_005107,ACC_0927,ACC_0044,25268.18,2026-08-10 03:36:00,1
TX_000792,ACC_0640,ACC_0661,389.47,2026-08-10 03:57:00,0
TX_002458,ACC_0665,ACC_0684,503.41,2026-08-10 04:05:00,0
TX_002598,ACC_0229,ACC_0322,1255.54,2026-08-10 04:17:00,0
TX_000959,ACC_0800,ACC_0533,215.92,2026-08-10 04:44:00,0
TX_002203,ACC_0223,ACC_0205,85.41,2026-08-10 04:46:00,0
TX_005224,ACC_0184,ACC_0037,178.2,2026-08-10 04:47:00,1
TX_001030,ACC_0974,ACC_0669,1103.57,2026-08-10 04:48:00,0
TX_001095,ACC_0506,ACC_0917,484.81,2026-08-10 04:51:00,0
TX_004736,ACC_0541,ACC_0587,102.47,2026-08-10 04:56:00,0
TX_005225,ACC_0184,ACC_0037,36885.65,2026-08-10 04:57:00,1
TX_004271,ACC_0943,ACC_0894,74.06,2026-08-10 04:58:00,0
TX_004023,ACC_0180,ACC_0161,244.29,2026-08-10 04:58:00,0
TX_003986,ACC_0477,ACC_0683,311.24,2026-08-10 05:06:00,0
TX_000962,ACC_0187,ACC_0120,1050.15,2026-08-10 05:15:00,0
TX_003297,ACC_0429,ACC_0971,139.85,2026-08-10 05:29:00,0
TX_004798,ACC_0265,ACC_0645,101.25,2026-08-10 05:30:00,0
TX_000802,ACC_0994,ACC_0673,119.76,2026-08-10 05:31:00,0
TX_002294,ACC_0781,ACC_0709,648.23,2026-08-10 05:49:00,0
TX_001631,ACC_0307,ACC_0462,54.32,2026-08-10 05:51:00,0
TX_001944,ACC_0499,ACC_0624,167.95,2026-08-10 05:56:00,0
TX_000252,ACC_0418,ACC_0983,517.4,2026-08-10 06:04:00,0
TX_004791,ACC_0249,ACC_0027,355.42,2026-08-10 06:12:00,0
TX_002283,ACC_0644,ACC_0782,720.29,2026-08-10 06:22:00,0
TX_001742,ACC_0607,ACC_0684,277.11,2026-08-10 06:50:00,0
TX_001472,ACC_0510,ACC_0702,90.08,2026-08-10 07:24:00,0
TX_002444,ACC_0181,ACC_0064,111.27,2026-08-10 07:43:00,0
TX_002629,ACC_0262,ACC_0839,1319.53,2026-08-10 08:03:00,0
TX_002346,ACC_0050,ACC_0635,1131.87,2026-08-10 08:05:00,0
TX_002556,ACC_0179,ACC_0868,233.82,2026-08-10 08:11:00,0
TX_000300,ACC_0089,ACC_0421,358.08,2026-08-10 08:18:00,0
TX_000411,ACC_0952,ACC_0510,658.94,2026-08-10 08:23:00,0
TX_000727,ACC_0236,ACC_0156,133.95,2026-08-10 08:33:00,0
TX_001795,ACC_0688,ACC_0819,379.76,2026-08-10 08:40:00,0
TX_004828,ACC_0720,ACC_0512,149.91,2026-08-10 08:42:00,0
TX_002843,ACC_0714,ACC_0024,631.58,2026-08-10 08:44:00,0
TX_000817,ACC_0758,ACC_0910,405.67,2026-08-10 08:46:00,0
TX_002209,ACC_0717,ACC_0549,1846.61,2026-08-10 08:55:00,0
TX_000118,ACC_0477,ACC_0275,203.23,2026-08-10 09:12:00,0
TX_003895,ACC_0694,ACC_0133,111.95,2026-08-10 09:17:00,0
TX_001124,ACC_0781,ACC_0372,520.59,2026-08-10 09:25:00,0
TX_004702,ACC_0120,ACC_0709,391.61,2026-08-10 09:54:00,0
TX_002880,ACC_0058,ACC_0493,502.64,2026-08-10 09:57:00,0
TX_003050,ACC_0456,ACC_0160,539.48,2026-08-10 10:21:00,0
TX_002275,ACC_0631,ACC_0505,742.56,2026-08-10 10:27:00,0
TX_004618,ACC_0547,ACC_0591,213.34,2026-08-10 10:29:00,0
TX_005210,ACC_0636,ACC_0012,255.17,2026-08-10 10:34:00,1
TX_004103,ACC_0302,ACC_0862,227.7,2026-08-10 10:41:00,0
TX_005211,ACC_0636,ACC_0012,29813.45,2026-08-10 10:44:00,1
TX_001954,ACC_0058,ACC_0223,207.35,2026-08-10 10:44:00,0
TX_002826,ACC_0515,ACC_0394,1153.98,2026-08-10 11:00:00,0
TX_003081,ACC_0790,ACC_0443,306.82,2026-08-10 11:11:00,0
TX_004275,ACC_0184,ACC_0949,825.99,2026-08-10 11:17:00,0
TX_003014,ACC_0688,ACC_0140,172.69,2026-08-10 11:26:00,0
TX_000132,ACC_0862,ACC_0385,1531.49,2026-08-10 11:37:00,0
TX_004605,ACC_0761,ACC_0453,1358.27,2026-08-10 11:37:00,0
TX_000369,ACC_0258,ACC_0530,1634.61,2026-08-10 11:38:00,0
TX_004910,ACC_0988,ACC_0196,1751.22,2026-08-10 11:43:00,0
TX_000487,ACC_0917,ACC_0501,301.84,2026-08-10 11:53:00,0
TX_002213,ACC_0674,ACC_0247,358.58,2026-08-10 11:56:00,0
TX_002414,ACC_0103,ACC_0009,556.34,2026-08-10 11:56:00,0
TX_001746,ACC_0502,ACC_0411,415.59,2026-08-10 12:05:00,0
TX_001736,ACC_0718,ACC_0621,268.67,2026-08-10 12:16:00,0
TX_001462,ACC_0180,ACC_0165,273.44,2026-08-10 12:22:00,0
TX_002951,ACC_0662,ACC_0061,2060.49,2026-08-10 12:25:00,0
TX_005078,ACC_0952,ACC_0015,226.97,2026-08-10 12:52:00,1
TX_005079,ACC_0952,ACC_0015,31799.09,2026-08-10 13:02:00,1
TX_003905,ACC_0112,ACC_0209,553.15,2026-08-10 13:05:00,0
TX_003271,ACC_0173,ACC_0883,305.84,2026-08-10 13:07:00,0
TX_000767,ACC_0717,ACC_0628,680.8,2026-08-10 13:09:00,0
TX_002433,ACC_0973,ACC_0211,175.89,2026-08-10 13:21:00,0
TX_000541,ACC_0413,ACC_0863,188.02,2026-08-10 13:45:00,0
TX_004191,ACC_0475,ACC_0146,96.21,2026-08-10 13:52:00,0
TX_002307,ACC_0880,ACC_0854,423.15,2026-08-10 13:59:00,0
TX_004454,ACC_0452,ACC_0869,386.66,2026-08-10 14:00:00,0
TX_001366,ACC_0851,ACC_0970,442.17,2026-08-10 14:02:00,0
TX_003792,ACC_0335,ACC_0076,1465.74,2026-08-10 14:10:00,0
TX_003539,ACC_0333,ACC_0594,716.94,2026-08-10 14:12:00,0
TX_000075,ACC_0444,ACC_0644,2610.16,2026-08-10 14:15:00,0
TX_002393,ACC_0240,ACC_0345,171.03,2026-08-10 14:18:00,0
TX_001319,ACC_0364,ACC_0843,125.58,2026-08-10 14:31:00,0
TX_002610,ACC_0300,ACC_0840,544.11,2026-08-10 14:36:00,0
TX_003781,ACC_0492,ACC_0883,429.18,2026-08-10 14:58:00,0
TX_000926,ACC_0849,ACC_0614,260.74,2026-08-10 15:19:00,0
TX_001797,ACC_0446,ACC_0078,1860.75,2026-08-10 15:19:00,0
TX_004927,ACC_0440,ACC_0399,52.53,2026-08-10 15:25:00,0
TX_002219,ACC_0193,ACC_0622,628.5,2026-08-10 15:30:00,0
TX_003471,ACC_0706,ACC_0267,532.9,2026-08-10 15:45:00,0
TX_002380,ACC_0251,ACC_0733,353.93,2026-08-10 15:57:00,0
TX_000716,ACC_0235,ACC_0636,339.13,2026-08-10 16:13:00,0
TX_005132,ACC_0745,ACC_0006,144.54,2026-08-10 16:24:00,1
TX_001791,ACC_0131,ACC_0104,1086.68,2026-08-10 16:26:00,0
TX_001399,ACC_0379,ACC_0640,1432.79,2026-08-10 16:30:00,0
TX_005133,ACC_0745,ACC_0006,23016.42,2026-08-10 16:34:00,1
TX_004507,ACC_0099,ACC_0835,1828.51,2026-08-10 16:47:00,0
TX_004514,ACC_0069,ACC_0777,91.56,2026-08-10 16:49:00,0
TX_001766,ACC_0944,ACC_0037,308.51,2026-08-10 16:50:00,0
TX_004744,ACC_0903,ACC_0131,159.34,2026-08-10 17:07:00,0
TX_002796,ACC_0309,ACC_0429,198.15,2026-08-10 17:13:00,0
TX_002916,ACC_0569,ACC_0049,239.49,2026-08-10 17:13:00,0
TX_003847,ACC_0392,ACC_0369,2192.21,2026-08-10 17:18:00,0
TX_002193,ACC_0411,ACC_0956,876.99,2026-08-10 17:22:00,0
TX_000523,ACC_0073,ACC_0012,205.89,2026-08-10 17:48:00,0
TX_000079,ACC_0898,ACC_0536,1004.61,2026-08-10 17:52:00,0
TX_002372,ACC_0011,ACC_0666,477.54,2026-08-10 17:53:00,0
TX_002523,ACC_0608,ACC_0840,695.0,2026-08-10 18:02:00,0
TX_000870,ACC_0554,ACC_0045,317.65,2026-08-10 18:02:00,0
TX_001050,ACC_0077,ACC_0456,275.72,2026-08-10 18:09:00,0
TX_000269,ACC_0588,ACC_0557,939.35,2026-08-10 18:35:00,0
TX_004151,ACC_0327,ACC_0592,510.95,2026-08-10 18:36:00,0
TX_001780,ACC_0868,ACC_0883,87.37,2026-08-10 18:40:00,0
TX_004242,ACC_0838,ACC_0981,908.55,2026-08-10 18:40:00,0
TX_004411,ACC_0511,ACC_0889,374.29,2026-08-10 18:41:00,0
TX_004305,ACC_0609,ACC_0289,263.4,2026-08-10 18:48:00,0
TX_004608,ACC_0740,ACC_0292,1503.88,2026-08-10 18:48:00,0
TX_000212,ACC_0253,ACC_0304,518.82,2026-08-10 18:53:00,0
TX_004110,ACC_0199,ACC_0176,813.15,2026-08-10 18:55:00,0
TX_001335,ACC_0509,ACC_0125,612.81,2026-08-10 18:56:00,0
TX_000201,ACC_0390,ACC_0734,820.71,2026-08-10 18:58:00,0
TX_003791,ACC_0435,ACC_0877,1284.33,2026-08-10 19:01:00,0
TX_001885,ACC_0823,ACC_0863,278.7,2026-08-10 19:03:00,0
TX_000465,ACC_0913,ACC_0446,826.72,2026-08-10 19:03:00,0
TX_003911,ACC_0978,ACC_0582,104.32,2026-08-10 19:07:00,0
TX_000896,ACC_0251,ACC_0917,139.63,2026-08-10 19:22:00,0
TX_003490,ACC_0071,ACC_0149,612.24,2026-08-10 19:28:00,0
TX_001576,ACC_0871,ACC_0601,167.11,2026-08-10 19:38:00,0
TX_001560,ACC_0681,ACC_0522,411.94,2026-08-10 19:55:00,0
TX_001040,ACC_0530,ACC_0074,569.04,2026-08-10 20:01:00,0
TX_000148,ACC_0330,ACC_0332,513.22,2026-08-10 20:05:00,0
TX_004175,ACC_0688,ACC_0926,878.84,2026-08-10 20:13:00,0
TX_003540,ACC_0929,ACC_0507,803.23,2026-08-10 20:16:00,0
TX_000936,ACC_0939,ACC_0571,53.83,2026-08-10 20:20:00,0
TX_001608,ACC_0124,ACC_0134,609.73,2026-08-10 20:31:00,0
TX_003295,ACC_0596,ACC_0554,275.9,2026-08-10 20:49:00,0
TX_000381,ACC_0807,ACC_0394,490.02,2026-08-10 20:58:00,0
TX_003160,ACC_0722,ACC_0879,231.35,2026-08-10 21:04:00,0
TX_001991,ACC_0542,ACC_0185,773.08,2026-08-10 21:16:00,0
TX_002194,ACC_0735,ACC_0668,270.05,2026-08-10 21:26:00,0
TX_002630,ACC_0527,ACC_0324,791.27,2026-08-10 21:38:00,0
TX_004940,ACC_0141,ACC_0934,143.24,2026-08-10 21:39:00,0
TX_002249,ACC_0646,ACC_0950,477.07,2026-08-10 21:45:00,0
TX_002358,ACC_0071,ACC_0271,1534.61,2026-08-10 21:56:00,0
TX_004856,ACC_0913,ACC_0414,62.86,2026-08-10 21:59:00,0
TX_000693,ACC_0878,ACC_0960,456.1,2026-08-10 22:06:00,0
TX_002786,ACC_0170,ACC_0596,84.73,2026-08-10 22:11:00,0
TX_001679,ACC_0713,ACC_0401,744.84,2026-08-10 22:13:00,0
TX_002115,ACC_0293,ACC_0601,144.59,2026-08-10 22:33:00,0
TX_000978,ACC_0454,ACC_0038,581.97,2026-08-10 22:41:00,0
TX_002567,ACC_0499,ACC_0232,243.7,2026-08-10 22:55:00,0
TX_000968,ACC_0026,ACC_0548,979.14,2026-08-10 22:58:00,0
TX_004824,ACC_0708,ACC_0054,884.61,2026-08-10 23:17:00,0
TX_002239,ACC_0959,ACC_0264,1228.53,2026-08-10 23:17:00,0
TX_002080,ACC_0780,ACC_0438,330.83,2026-08-10 23:28:00,0
TX_004250,ACC_0068,ACC_0349,377.65,2026-08-10 23:36:00,0
TX_002398,ACC_0932,ACC_0303,283.67,2026-08-10 23:40:00,0
TX_001614,ACC_0297,ACC_0607,639.77,2026-08-10 23:59:00,0
TX_003095,ACC_0348,ACC_0783,177.06,2026-08-10 23:59:00,0
TX_004889,ACC_0444,ACC_0977,594.34,2026-08-11 00:16:00,0
TX_003326,ACC_0263,ACC_0856,3563.38,2026-08-11 00:24:00,0
TX_002906,ACC_0407,ACC_0715,132.59,2026-08-11 00:40:00,0
TX_004282,ACC_0090,ACC_0190,161.5,2026-08-11 00:53:00,0
TX_001700,ACC_0458,ACC_0411,89.19,2026-08-11 01:00:00,0
TX_003557,ACC_0854,ACC_0512,181.64,2026-08-11 01:05:00,0
TX_004740,ACC_0565,ACC_0673,280.79,2026-08-11 02:00:00,0
TX_004265,ACC_0033,ACC_0465,342.17,2026-08-11 02:04:00,0
TX_002289,ACC_0055,ACC_0861,603.12,2026-08-11 02:10:00,0
TX_000386,ACC_0776,ACC_0820,1438.99,2026-08-11 02:20:00,0
TX_004686,ACC_0206,ACC_0610,1161.75,2026-08-11 02:25:00,0
TX_004782,ACC_0729,ACC_0660,1041.19,2026-08-11 02:47:00,0
TX_003464,ACC_0343,ACC_0496,939.87,2026-08-11 02:54:00,0
TX_000890,ACC_0980,ACC_0304,480.47,2026-08-11 03:10:00,0
TX_003800,ACC_0557,ACC_0513,1071.78,2026-08-11 03:17:00,0
TX_003426,ACC_0772,ACC_0912,572.54,2026-08-11 03:20:00,0
TX_000263,ACC_0514,ACC_0678,77.42,2026-08-11 03:50:00,0
TX_001768,ACC_0379,ACC_0947,261.36,2026-08-11 04:02:00,0
TX_002068,ACC_0319,ACC_0224,197.92,2026-08-11 04:05:00,0
TX_001453,ACC_0911,ACC_0529,1015.87,2026-08-11 04:07:00,0
TX_004281,ACC_0606,ACC_0738,375.77,2026-08-11 04:19:00,0
TX_002757,ACC_0043,ACC_0906,887.35,2026-08-11 04:25:00,0
TX_000299,ACC_0469,ACC_0951,1108.46,2026-08-11 04:32:00,0
TX_004653,ACC_0207,ACC_0677,142.13,2026-08-11 04:44:00,0
TX_000030,ACC_0334,ACC_0135,141.89,2026-08-11 04:48:00,0
TX_004179,ACC_0436,ACC_0955,63.97,2026-08-11 04:50:00,0
TX_003236,ACC_0252,ACC_0281,131.73,2026-08-11 04:58:00,0
TX_002247,ACC_0508,ACC_0191,892.91,2026-08-11 04:58:00,0
TX_000336,ACC_0400,ACC_0834,650.33,2026-08-11 05:00:00,0
TX_004433,ACC_0127,ACC_0042,629.89,2026-08-11 05:01:00,0
TX_005206,ACC_0246,ACC_0023,258.77,2026-08-11 05:03:00,1
TX_005207,ACC_0246,ACC_0023,48121.87,2026-08-11 05:13:00,1
TX_002551,ACC_0952,ACC_0908,477.9,2026-08-11 05:18:00,0
TX_001289,ACC_0703,ACC_0317,312.93,2026-08-11 05:28:00,0
TX_002344,ACC_0119,ACC_0944,1282.56,2026-08-11 05:28:00,0
TX_003603,ACC_0669,ACC_0879,723.96,2026-08-11 05:31:00,0
TX_003265,ACC_0050,ACC_0864,119.82,2026-08-11 05:35:00,0
TX_000377,ACC_0622,ACC_0160,120.15,2026-08-11 05:40:00,0
TX_000796,ACC_0221,ACC_0045,1654.61,2026-08-11 06:00:00,0
TX_002589,ACC_0336,ACC_0950,617.09,2026-08-11 06:18:00,0
TX_004458,ACC_0050,ACC_0504,198.59,2026-08-11 06:34:00,0
TX_002583,ACC_0664,ACC_0426,433.17,2026-08-11 06:35:00,0
TX_002968,ACC_0743,ACC_0897,740.68,2026-08-11 07:06:00,0
TX_001868,ACC_0907,ACC_0418,830.97,2026-08-11 07:06:00,0
TX_001112,ACC_0789,ACC_0759,290.42,2026-08-11 07:07:00,0
TX_001777,ACC_0376,ACC_0339,900.52,2026-08-11 07:12:00,0
TX_000194,ACC_0531,ACC_0428,158.57,2026-08-11 07:19:00,0
TX_000426,ACC_0613,ACC_0174,87.51,2026-08-11 07:21:00,0
TX_000941,ACC_0554,ACC_0931,1201.63,2026-08-11 07:23:00,0
TX_001372,ACC_0970,ACC_0205,101.86,2026-08-11 07:29:00,0
TX_003948,ACC_0244,ACC_0454,529.7,2026-08-11 07:31:00,0
TX_004601,ACC_0441,ACC_0725,390.36,2026-08-11 07:32:00,0
TX_001503,ACC_0237,ACC_0991,827.24,2026-08-11 07:38:00,0
TX_000025,ACC_0079,ACC_0901,185.88,2026-08-11 07:44:00,0
TX_003228,ACC_0952,ACC_0105,229.24,2026-08-11 07:50:00,0
TX_003923,ACC_0066,ACC_0374,190.11,2026-08-11 07:53:00,0
TX_001799,ACC_0503,ACC_0730,1592.8,2026-08-11 07:59:00,0
TX_000313,ACC_0639,ACC_0012,82.12,2026-08-11 08:04:00,0
TX_003799,ACC_0974,ACC_0507,628.65,2026-08-11 08:08:00,0
TX_000776,ACC_0922,ACC_0570,177.5,2026-08-11 08:14:00,0
TX_003049,ACC_0236,ACC_0150,652.11,2026-08-11 08:27:00,0
TX_003805,ACC_0456,ACC_0265,622.51,2026-08-11 08:39:00,0
TX_003411,ACC_0517,ACC_0527,821.07,2026-08-11 08:43:00,0
TX_001911,ACC_0030,ACC_0793,2808.05,2026-08-11 08:47:00,0
TX_002794,ACC_0980,ACC_0590,677.65,2026-08-11 09:14:00,0
TX_002775,ACC_0429,ACC_0892,587.88,2026-08-11 09:24:00,0
TX_005016,ACC_0643,ACC_0004,213.41,2026-08-11 09:38:00,1
TX_000368,ACC_0518,ACC_0073,474.75,2026-08-11 09:39:00,0
TX_002477,ACC_0614,ACC_0765,283.08,2026-08-11 09:41:00,0
TX_000474,ACC_0053,ACC_0798,308.3,2026-08-11 09:42:00,0
TX_004893,ACC_0526,ACC_0836,916.38,2026-08-11 09:46:00,0
TX_000433,ACC_0797,ACC_0790,1162.2,2026-08-11 09:47:00,0
TX_005017,ACC_0643,ACC_0004,34045.32,2026-08-11 09:48:00,1
TX_003001,ACC_0812,ACC_0424,985.58,2026-08-11 09:51:00,0
TX_000491,ACC_0586,ACC_0595,164.78,2026-08-11 10:01:00,0
TX_001192,ACC_0253,ACC_0301,74.02,2026-08-11 10:22:00,0
TX_000011,ACC_0988,ACC_0954,1003.53,2026-08-11 10:25:00,0
TX_001303,ACC_0213,ACC_0646,639.33,2026-08-11 10:36:00,0
TX_004909,ACC_0860,ACC_0220,91.76,2026-08-11 10:38:00,0
TX_003889,ACC_0130,ACC_0190,880.33,2026-08-11 10:48:00,0
TX_000292,ACC_0733,ACC_0122,568.16,2026-08-11 10:56:00,0
TX_002480,ACC_0603,ACC_0466,264.24,2026-08-11 10:58:00,0
TX_002328,ACC_0173,ACC_0184,655.53,2026-08-11 11:19:00,0
TX_002032,ACC_0342,ACC_0817,3050.13,2026-08-11 11:24:00,0
TX_004958,ACC_0498,ACC_0099,1463.73,2026-08-11 11:51:00,0
TX_004774,ACC_0244,ACC_0874,471.87,2026-08-11 11:52:00,0
TX_000092,ACC_0755,ACC_0141,302.53,2026-08-11 12:06:00,0
TX_003085,ACC_0335,ACC_0990,828.1,2026-08-11 12:07:00,0
TX_000114,ACC_0975,ACC_0807,559.43,2026-08-11 12:08:00,0
TX_002237,ACC_0447,ACC_0543,941.74,2026-08-11 12:18:00,0
TX_002940,ACC_0069,ACC_0945,234.34,2026-08-11 12:54:00,0
TX_002910,ACC_0778,ACC_0675,166.88,2026-08-11 12:54:00,0
TX_004761,ACC_0075,ACC_0813,635.47,2026-08-11 13:08:00,0
TX_000036,ACC_0299,ACC_0351,303.28,2026-08-11 13:44:00,0
TX_000186,ACC_0558,ACC_0251,1224.71,2026-08-11 13:47:00,0
TX_002185,ACC_0057,ACC_0851,847.73,2026-08-11 13:55:00,0
TX_000162,ACC_0003,ACC_0353,208.61,2026-08-11 14:02:00,0
TX_001200,ACC_0227,ACC_0949,101.96,2026-08-11 14:02:00,0
TX_003067,ACC_0348,ACC_0204,679.02,2026-08-11 14:19:00,0
TX_001980,ACC_0958,ACC_0678,207.36,2026-08-11 14:22:00,0
TX_000750,ACC_0174,ACC_0041,626.79,2026-08-11 14:23:00,0
TX_002063,ACC_0535,ACC_0738,395.09,2026-08-11 14:25:00,0
TX_001930,ACC_0128,ACC_0722,1324.04,2026-08-11 14:25:00,0
TX_002727,ACC_0599,ACC_0736,139.5,2026-08-11 14:37:00,0
TX_004443,ACC_0875,ACC_0778,1028.06,2026-08-11 14:41:00,0
TX_004340,ACC_0437,ACC_0739,2086.7,2026-08-11 14:41:00,0
TX_004093,ACC_0327,ACC_0252,868.2,2026-08-11 14:45:00,0
TX_002175,ACC_0584,ACC_0809,296.67,2026-08-11 14:48:00,0
TX_002486,ACC_0287,ACC_0784,249.17,2026-08-11 14:50:00,0
TX_002870,ACC_0602,ACC_0666,215.42,2026-08-11 14:51:00,0
TX_005036,ACC_0701,ACC_0031,267.32,2026-08-11 14:57:00,1
TX_004414,ACC_0164,ACC_0422,613.26,2026-08-11 14:59:00,0
TX_002547,ACC_0403,ACC_0168,294.58,2026-08-11 15:05:00,0
TX_005037,ACC_0701,ACC_0031,15488.63,2026-08-11 15:07:00,1
TX_003637,ACC_0813,ACC_0684,89.89,2026-08-11 15:17:00,0
TX_003402,ACC_0844,ACC_0297,153.15,2026-08-11 15:25:00,0
TX_001342,ACC_0757,ACC_0893,215.99,2026-08-11 15:35:00,0
TX_001207,ACC_0473,ACC_0663,749.37,2026-08-11 15:52:00,0
TX_000427,ACC_0997,ACC_0705,509.68,2026-08-11 15:55:00,0
TX_005238,ACC_0689,ACC_0006,231.2,2026-08-11 16:02:00,1
TX_001557,ACC_0001,ACC_0065,674.3,2026-08-11 16:11:00,0
TX_005239,ACC_0689,ACC_0006,34400.39,2026-08-11 16:12:00,1
TX_000713,ACC_0935,ACC_0783,224.07,2026-08-11 16:14:00,0
TX_000488,ACC_0929,ACC_0062,193.11,2026-08-11 16:22:00,0
TX_000065,ACC_0204,ACC_0512,97.15,2026-08-11 16:24:00,0
TX_002045,ACC_0683,ACC_0805,655.51,2026-08-11 16:30:00,0
TX_004682,ACC_0467,ACC_0753,259.36,2026-08-11 16:44:00,0
TX_004167,ACC_0478,ACC_0211,54.29,2026-08-11 16:45:00,0
TX_002376,ACC_0893,ACC_0390,202.97,2026-08-11 16:46:00,0
TX_000100,ACC_0378,ACC_0644,1138.07,2026-08-11 16:51:00,0
TX_004132,ACC_0676,ACC_0056,562.33,2026-08-11 17:21:00,0
TX_003397,ACC_0720,ACC_0208,256.48,2026-08-11 17:46:00,0
TX_002859,ACC_0989,ACC_0732,823.63,2026-08-11 17:47:00,0
TX_002795,ACC_0224,ACC_0588,366.63,2026-08-11 18:02:00,0
TX_000499,ACC_0893,ACC_0706,766.11,2026-08-11 18:10:00,0
TX_005286,ACC_0216,ACC_0003,139.48,2026-08-11 18:27:00,1
TX_001281,ACC_0229,ACC_0641,154.59,2026-08-11 18:35:00,0
TX_000725,ACC_0701,ACC_0173,69.4,2026-08-11 18:35:00,0
TX_005287,ACC_0216,ACC_0003,18056.47,2026-08-11 18:37:00,1
TX_004813,ACC_0618,ACC_0921,123.55,2026-08-11 18:39:00,0
TX_002860,ACC_0331,ACC_0255,290.14,2026-08-11 18:39:00,0
TX_000193,ACC_0540,ACC_0123,597.96,2026-08-11 18:40:00,0
TX_003136,ACC_0691,ACC_0706,76.87,2026-08-11 18:53:00,0
TX_002359,ACC_0677,ACC_0425,643.24,2026-08-11 18:55:00,0
TX_001093,ACC_0618,ACC_0655,94.59,2026-08-11 18:56:00,0
TX_002935,ACC_0945,ACC_0873,1101.63,2026-08-11 19:00:00,0
TX_002341,ACC_0443,ACC_0762,1684.88,2026-08-11 19:00:00,0
TX_000988,ACC_0371,ACC_0202,1335.81,2026-08-11 19:04:00,0
TX_004585,ACC_0280,ACC_0153,166.05,2026-08-11 19:06:00,0
TX_003166,ACC_0130,ACC_0234,628.27,2026-08-11 19:17:00,0
TX_002152,ACC_0967,ACC_0839,407.59,2026-08-11 19:33:00,0
TX_004221,ACC_0095,ACC_0664,446.23,2026-08-11 19:51:00,0
TX_004178,ACC_0538,ACC_0500,73.79,2026-08-11 20:04:00,0
TX_002479,ACC_0216,ACC_0529,276.98,2026-08-11 20:08:00,0
TX_003420,ACC_0709,ACC_0930,331.57,2026-08-11 20:11:00,0
TX_001412,ACC_0617,ACC_0122,829.96,2026-08-11 20:26:00,0
TX_003811,ACC_0504,ACC_0190,584.47,2026-08-11 20:29:00,0
TX_002687,ACC_0164,ACC_0138,273.87,2026-08-11 21:06:00,0
TX_003386,ACC_0362,ACC_0712,654.86,2026-08-11 21:18:00,0
TX_004298,ACC_0960,ACC_0496,79.26,2026-08-11 21:26:00,0
TX_000582,ACC_0545,ACC_0312,840.44,2026-08-11 21:30:00,0
TX_001559,ACC_0320,ACC_0124,223.21,2026-08-11 21:34:00,0
TX_001695,ACC_0567,ACC_0189,668.38,2026-08-11 21:43:00,0
TX_004593,ACC_0019,ACC_0025,562.28,2026-08-11 21:44:00,0
TX_002460,ACC_0408,ACC_0533,658.74,2026-08-11 21:54:00,0
TX_004646,ACC_0664,ACC_0836,192.43,2026-08-11 22:04:00,0
TX_004040,ACC_0518,ACC_0365,354.72,2026-08-11 22:07:00,0
TX_004971,ACC_0520,ACC_0099,189.93,2026-08-11 22:13:00,0
TX_003513,ACC_0337,ACC_0033,170.77,2026-08-11 22:19:00,0
TX_004806,ACC_0882,ACC_0856,935.93,2026-08-11 22:27:00,0
TX_001404,ACC_0390,ACC_0369,610.89,2026-08-11 22:37:00,0
TX_004898,ACC_0859,ACC_0305,393.58,2026-08-11 22:45:00,0
TX_003645,ACC_0852,ACC_0711,321.64,2026-08-11 22:53:00,0
TX_004259,ACC_0248,ACC_0140,1267.34,2026-08-11 22:56:00,0
TX_004836,ACC_0424,ACC_0808,659.79,2026-08-11 23:00:00,0
TX_004386,ACC_0323,ACC_0736,469.07,2026-08-11 23:04:00,0
TX_001327,ACC_0988,ACC_0349,615.76,2026-08-11 23:31:00,0
TX_004246,ACC_0837,ACC_0687,327.09,2026-08-11 23:54:00,0
TX_004714,ACC_0005,ACC_0501,2122.5,2026-08-11 23:55:00,0
TX_004689,ACC_0337,ACC_0607,65.12,2026-08-12 00:00:00,0
TX_004109,ACC_0866,ACC_0803,1574.44,2026-08-12 00:39:00,0
TX_004870,ACC_0610,ACC_0507,1125.45,2026-08-12 00:41:00,0
TX_002809,ACC_0802,ACC_0519,69.8,2026-08-12 00:53:00,0
TX_001187,ACC_0439,ACC_0083,63.52,2026-08-12 01:05:00,0
TX_001440,ACC_0409,ACC_0011,733.71,2026-08-12 01:29:00,0
TX_001078,ACC_0609,ACC_0371,542.86,2026-08-12 01:30:00,0
TX_004134,ACC_0176,ACC_0324,124.81,2026-08-12 01:35:00,0
TX_000298,ACC_0731,ACC_0264,81.65,2026-08-12 01:35:00,0
TX_005168,ACC_0653,ACC_0025,102.53,2026-08-12 01:41:00,1
TX_001273,ACC_0657,ACC_0091,815.62,2026-08-12 01:47:00,0
TX_005169,ACC_0653,ACC_0025,39256.07,2026-08-12 01:51:00,1
TX_003518,ACC_0393,ACC_0636,397.07,2026-08-12 01:54:00,0
TX_000744,ACC_0827,ACC_0298,328.16,2026-08-12 01:58:00,0
TX_000633,ACC_0237,ACC_0524,94.4,2026-08-12 02:06:00,0
TX_001070,ACC_0933,ACC_0402,3910.15,2026-08-12 02:07:00,0
TX_002223,ACC_0157,ACC_0093,510.38,2026-08-12 02:10:00,0
TX_001158,ACC_0680,ACC_0191,564.93,2026-08-12 02:45:00,0
TX_001977,ACC_0773,ACC_0974,3853.68,2026-08-12 02:46:00,0
TX_003416,ACC_0156,ACC_0279,799.74,2026-08-12 02:58:00,0
TX_002760,ACC_0537,ACC_0777,622.17,2026-08-12 03:12:00,0
TX_001364,ACC_0822,ACC_0002,880.42,2026-08-12 03:55:00,0
TX_003301,ACC_0630,ACC_0948,517.67,2026-08-12 04:01:00,0
TX_001664,ACC_0083,ACC_0740,540.8,2026-08-12 04:03:00,0
TX_004600,ACC_0615,ACC_0097,195.76,2026-08-12 04:08:00,0
TX_003208,ACC_0128,ACC_0947,373.55,2026-08-12 04:12:00,0
TX_004611,ACC_0654,ACC_0232,1190.98,2026-08-12 04:16:00,0
TX_001665,ACC_0036,ACC_0647,573.64,2026-08-12 04:36:00,0
TX_001816,ACC_0075,ACC_0908,1195.6,2026-08-12 04:44:00,0
TX_003202,ACC_0341,ACC_0119,396.39,2026-08-12 04:46:00,0
TX_002763,ACC_0337,ACC_0577,2003.17,2026-08-12 04:48:00,0
TX_000245,ACC_0060,ACC_0737,1380.41,2026-08-12 04:56:00,0
TX_000307,ACC_0683,ACC_0207,1251.0,2026-08-12 05:04:00,0
TX_000040,ACC_0317,ACC_0906,1523.17,2026-08-12 05:14:00,0
TX_001019,ACC_0015,ACC_0619,220.14,2026-08-12 05:40:00,0
TX_003098,ACC_0317,ACC_0769,1086.71,2026-08-12 05:57:00,0
TX_002772,ACC_0953,ACC_0311,704.49,2026-08-12 06:32:00,0
TX_002276,ACC_0680,ACC_0887,745.92,2026-08-12 06:35:00,0
TX_004728,ACC_0004,ACC_0335,659.22,2026-08-12 06:39:00,0
TX_000218,ACC_0609,ACC_0358,232.99,2026-08-12 06:40:00,0
TX_002333,ACC_0603,ACC_0351,805.6,2026-08-12 06:43:00,0
TX_003762,ACC_0315,ACC_0541,289.49,2026-08-12 06:58:00,0
TX_001433,ACC_0513,ACC_0440,605.97,2026-08-12 07:15:00,0
TX_002101,ACC_0207,ACC_0090,57.33,2026-08-12 07:15:00,0
TX_003222,ACC_0480,ACC_0717,669.8,2026-08-12 07:19:00,0
TX_003783,ACC_0149,ACC_0966,885.27,2026-08-12 07:29:00,0
TX_002511,ACC_0778,ACC_0067,1065.58,2026-08-12 07:31:00,0
TX_001634,ACC_0010,ACC_0668,361.72,2026-08-12 07:34:00,0
TX_004694,ACC_0747,ACC_0707,664.84,2026-08-12 07:37:00,0
TX_001471,ACC_0246,ACC_0057,74.36,2026-08-12 07:40:00,0
TX_004854,ACC_0341,ACC_0934,806.89,2026-08-12 07:49:00,0
TX_003700,ACC_0060,ACC_0077,438.25,2026-08-12 07:59:00,0
TX_003535,ACC_0246,ACC_0848,380.18,2026-08-12 08:01:00,0
TX_002642,ACC_0897,ACC_0683,612.28,2026-08-12 08:06:00,0
TX_003419,ACC_0771,ACC_0343,1111.2,2026-08-12 08:15:00,0
TX_003003,ACC_0634,ACC_0718,511.06,2026-08-12 08:28:00,0
TX_002740,ACC_0948,ACC_0655,966.27,2026-08-12 08:32:00,0
TX_002664,ACC_0900,ACC_0173,60.58,2026-08-12 08:36:00,0
TX_003338,ACC_0031,ACC_0861,810.35,2026-08-12 08:53:00,0
TX_001828,ACC_0527,ACC_0510,629.48,2026-08-12 09:03:00,0
TX_002154,ACC_0810,ACC_0392,165.82,2026-08-12 09:08:00,0
TX_003634,ACC_0351,ACC_0485,213.21,2026-08-12 09:33:00,0
TX_000362,ACC_0459,ACC_0260,370.05,2026-08-12 09:44:00,0
TX_001047,ACC_0369,ACC_0889,911.06,2026-08-12 09:44:00,0
TX_003131,ACC_0437,ACC_0204,664.75,2026-08-12 09:55:00,0
TX_004687,ACC_0485,ACC_0514,554.55,2026-08-12 10:14:00,0
TX_002781,ACC_0461,ACC_0468,173.7,2026-08-12 10:57:00,0
TX_004029,ACC_0818,ACC_0921,292.3,2026-08-12 11:03:00,0
TX_003558,ACC_0484,ACC_0096,825.84,2026-08-12 11:09:00,0
TX_004891,ACC_0484,ACC_0835,147.93,2026-08-12 11:12:00,0
TX_002722,ACC_0430,ACC_0095,681.05,2026-08-12 11:13:00,0
TX_005204,ACC_0941,ACC_0002,286.01,2026-08-12 11:15:00,1
TX_003038,ACC_0791,ACC_0982,71.09,2026-08-12 11:22:00,0
TX_005205,ACC_0941,ACC_0002,16084.4,2026-08-12 11:25:00,1
TX_003019,ACC_0511,ACC_0785,216.69,2026-08-12 11:26:00,0
TX_001765,ACC_0544,ACC_0148,278.12,2026-08-12 11:38:00,0
TX_002348,ACC_0251,ACC_0674,526.58,2026-08-12 11:41:00,0
TX_004320,ACC_0732,ACC_0410,108.08,2026-08-12 11:46:00,0
TX_003555,ACC_0115,ACC_0544,296.59,2026-08-12 11:47:00,0
TX_000453,ACC_0456,ACC_0882,1151.24,2026-08-12 11:50:00,0
TX_004622,ACC_0344,ACC_0343,770.63,2026-08-12 11:55:00,0
TX_003330,ACC_0648,ACC_0561,424.83,2026-08-12 12:06:00,0
TX_000318,ACC_0920,ACC_0645,1117.92,2026-08-12 12:18:00,0
TX_000081,ACC_0059,ACC_0664,53.33,2026-08-12 12:40:00,0
TX_003325,ACC_0320,ACC_0950,294.23,2026-08-12 12:58:00,0
TX_000597,ACC_0536,ACC_0870,533.93,2026-08-12 13:20:00,0
TX_000692,ACC_0681,ACC_0790,228.04,2026-08-12 13:33:00,0
TX_000524,ACC_0218,ACC_0441,100.37,2026-08-12 13:49:00,0
TX_001295,ACC_0595,ACC_0845,502.1,2026-08-12 13:49:00,0
TX_001728,ACC_0359,ACC_0078,151.64,2026-08-12 14:01:00,0
TX_004734,ACC_0312,ACC_0483,598.27,2026-08-12 14:02:00,0
TX_002285,ACC_0456,ACC_0073,186.31,2026-08-12 14:14:00,0
TX_000430,ACC_0873,ACC_0481,841.37,2026-08-12 14:38:00,0
TX_002669,ACC_0238,ACC_0963,440.94,2026-08-12 14:39:00,0
TX_000253,ACC_0566,ACC_0916,104.85,2026-08-12 14:48:00,0
TX_001957,ACC_0116,ACC_0231,367.22,2026-08-12 14:57:00,0
TX_004777,ACC_0353,ACC_0779,268.95,2026-08-12 14:59:00,0
TX_002411,ACC_0565,ACC_0858,93.2,2026-08-12 15:02:00,0
TX_001928,ACC_0798,ACC_0526,167.32,2026-08-12 15:09:00,0
TX_003156,ACC_0554,ACC_0798,784.61,2026-08-12 15:09:00,0
TX_001257,ACC_0086,ACC_0161,305.51,2026-08-12 15:17:00,0
TX_003708,ACC_0620,ACC_0655,402.85,2026-08-12 15:25:00,0
TX_001849,ACC_0473,ACC_0586,155.19,2026-08-12 15:25:00,0
TX_003481,ACC_0139,ACC_0880,901.85,2026-08-12 15:26:00,0
TX_004235,ACC_0580,ACC_0910,139.88,2026-08-12 15:32:00,0
TX_003643,ACC_0892,ACC_0879,493.98,2026-08-12 15:59:00,0
TX_002890,ACC_0371,ACC_0163,395.04,2026-08-12 16:31:00,0
TX_001240,ACC_0015,ACC_0610,566.79,2026-08-12 16:32:00,0
TX_001150,ACC_0210,ACC_0205,90.57,2026-08-12 16:34:00,0
TX_001230,ACC_0644,ACC_0881,507.71,2026-08-12 16:35:00,0
TX_002149,ACC_0951,ACC_0579,1102.28,2026-08-12 16:49:00,0
TX_001556,ACC_0863,ACC_0518,65.1,2026-08-12 16:57:00,0
TX_001152,ACC_0728,ACC_0527,239.8,2026-08-12 16:58:00,0
TX_000613,ACC_0810,ACC_0012,562.96,2026-08-12 17:00:00,0
TX_004228,ACC_0122,ACC_0589,141.1,2026-08-12 17:02:00,0
TX_003576,ACC_0787,ACC_0110,312.89,2026-08-12 17:07:00,0
TX_000454,ACC_0372,ACC_0746,729.81,2026-08-12 17:13:00,0
TX_001844,ACC_0613,ACC_0594,215.99,2026-08-12 17:17:00,0
TX_004392,ACC_0365,ACC_0227,159.04,2026-08-12 17:27:00,0
TX_003505,ACC_0070,ACC_0149,345.44,2026-08-12 17:31:00,0
TX_001211,ACC_0917,ACC_0347,751.37,2026-08-12 17:36:00,0
TX_000117,ACC_0036,ACC_0105,72.31,2026-08-12 17:41:00,0
TX_000129,ACC_0405,ACC_0193,535.66,2026-08-12 17:44:00,0
TX_000481,ACC_0573,ACC_0930,653.57,2026-08-12 18:01:00,0
TX_000852,ACC_0954,ACC_0682,256.05,2026-08-12 18:14:00,0
TX_004807,ACC_0564,ACC_0300,169.66,2026-08-12 18:26:00,0
TX_004699,ACC_0824,ACC_0537,473.13,2026-08-12 18:38:00,0
TX_004036,ACC_0525,ACC_0803,434.3,2026-08-12 19:06:00,0
TX_002084,ACC_0850,ACC_0580,983.49,2026-08-12 19:07:00,0
TX_003972,ACC_0843,ACC_0320,2172.49,2026-08-12 19:10:00,0
TX_001659,ACC_0292,ACC_0128,97.85,2026-08-12 19:23:00,0
TX_000911,ACC_0868,ACC_0023,156.47,2026-08-12 19:32:00,0
TX_003209,ACC_0099,ACC_0916,790.01,2026-08-12 19:42:00,0
TX_000185,ACC_0035,ACC_0447,204.16,2026-08-12 19:58:00,0
TX_003268,ACC_0004,ACC_0530,126.79,2026-08-12 20:10:00,0
TX_000733,ACC_0397,ACC_0324,182.68,2026-08-12 20:14:00,0
TX_000986,ACC_0883,ACC_0212,409.51,2026-08-12 20:15:00,0
TX_000027,ACC_0615,ACC_0707,61.29,2026-08-12 20:18:00,0
TX_001937,ACC_0785,ACC_0682,169.5,2026-08-12 20:23:00,0
TX_003589,ACC_0568,ACC_0483,396.91,2026-08-12 20:28:00,0
TX_001259,ACC_0345,ACC_0744,1626.72,2026-08-12 20:29:00,0
TX_004024,ACC_0859,ACC_0863,122.78,2026-08-12 20:32:00,0
TX_004169,ACC_0995,ACC_0311,1229.67,2026-08-12 20:35:00,0
TX_003099,ACC_0748,ACC_0585,354.49,2026-08-12 20:39:00,0
TX_001678,ACC_0661,ACC_0735,92.25,2026-08-12 20:47:00,0
TX_004914,ACC_0663,ACC_0730,210.11,2026-08-12 20:55:00,0
TX_000226,ACC_0431,ACC_0037,924.11,2026-08-12 21:09:00,0
TX_004189,ACC_0052,ACC_0596,167.36,2026-08-12 21:10:00,0
TX_002648,ACC_0813,ACC_0919,236.52,2026-08-12 21:13:00,0
TX_001680,ACC_0202,ACC_0184,326.03,2026-08-12 21:21:00,0
TX_005004,ACC_0792,ACC_0020,154.21,2026-08-12 21:23:00,1
TX_005005,ACC_0792,ACC_0020,34316.61,2026-08-12 21:33:00,1
TX_002347,ACC_0944,ACC_0560,308.23,2026-08-12 21:33:00,0
TX_003698,ACC_0851,ACC_0733,1167.31,2026-08-12 21:46:00,0
TX_003035,ACC_0909,ACC_0159,232.37,2026-08-12 21:51:00,0
TX_003976,ACC_0204,ACC_0051,128.74,2026-08-12 22:00:00,0
TX_004453,ACC_0229,ACC_0820,879.47,2026-08-12 22:10:00,0
TX_004215,ACC_0573,ACC_0891,393.59,2026-08-12 22:36:00,0
TX_005062,ACC_0659,ACC_0047,232.71,2026-08-12 22:54:00,1
TX_002454,ACC_0173,ACC_0691,849.66,2026-08-12 23:00:00,0
TX_000323,ACC_0540,ACC_0999,274.87,2026-08-12 23:01:00,0
TX_005063,ACC_0659,ACC_0047,15158.52,2026-08-12 23:04:00,1
TX_003748,ACC_0140,ACC_0732,328.55,2026-08-12 23:07:00,0
TX_001062,ACC_0072,ACC_0417,595.6,2026-08-12 23:12:00,0
TX_001839,ACC_0759,ACC_0050,91.61,2026-08-12 23:18:00,0
TX_003013,ACC_0748,ACC_0762,498.64,2026-08-12 23:33:00,0
TX_001131,ACC_0792,ACC_0339,1051.93,2026-08-12 23:41:00,0
TX_000854,ACC_0505,ACC_0579,340.62,2026-08-12 23:42:00,0
TX_002110,ACC_0430,ACC_0424,601.14,2026-08-13 00:03:00,0
TX_000095,ACC_0853,ACC_0083,1076.64,2026-08-13 00:03:00,0
TX_003174,ACC_0374,ACC_0068,139.41,2026-08-13 00:04:00,0
TX_004808,ACC_0338,ACC_0653,123.42,2026-08-13 00:06:00,0
TX_000412,ACC_0530,ACC_0622,408.39,2026-08-13 00:23:00,0
TX_003524,ACC_0455,ACC_0488,417.74,2026-08-13 00:24:00,0
TX_004700,ACC_0064,ACC_0680,261.91,2026-08-13 00:46:00,0
TX_001733,ACC_0992,ACC_0083,459.87,2026-08-13 00:56:00,0
TX_002856,ACC_0211,ACC_0961,183.14,2026-08-13 00:59:00,0
TX_004719,ACC_0350,ACC_0650,259.26,2026-08-13 01:04:00,0
TX_002867,ACC_0897,ACC_0189,112.68,2026-08-13 01:06:00,0
TX_005056,ACC_0698,ACC_0028,191.83,2026-08-13 01:07:00,1
TX_003727,ACC_0703,ACC_0273,655.91,2026-08-13 01:09:00,0
TX_005057,ACC_0698,ACC_0028,24712.16,2026-08-13 01:17:00,1
TX_004369,ACC_0039,ACC_0662,172.58,2026-08-13 01:30:00,0
TX_001210,ACC_0000,ACC_0966,460.8,2026-08-13 01:39:00,0
TX_001650,ACC_0345,ACC_0354,590.06,2026-08-13 01:41:00,0
TX_000865,ACC_0100,ACC_0026,88.59,2026-08-13 01:43:00,0
TX_005082,ACC_0542,ACC_0027,165.43,2026-08-13 01:53:00,1
TX_004975,ACC_0930,ACC_0667,283.24,2026-08-13 01:57:00,0
TX_004855,ACC_0616,ACC_0798,375.37,2026-08-13 02:00:00,0
TX_005083,ACC_0542,ACC_0027,29455.96,2026-08-13 02:03:00,1
TX_002741,ACC_0740,ACC_0484,91.66,2026-08-13 02:03:00,0
TX_002612,ACC_0096,ACC_0251,1016.49,2026-08-13 02:05:00,0
TX_004028,ACC_0792,ACC_0278,753.98,2026-08-13 02:09:00,0
TX_003474,ACC_0539,ACC_0895,329.46,2026-08-13 02:10:00,0
TX_001498,ACC_0281,ACC_0175,179.95,2026-08-13 02:17:00,0
TX_000256,ACC_0191,ACC_0132,335.19,2026-08-13 03:02:00,0
TX_004966,ACC_0032,ACC_0243,742.71,2026-08-13 03:09:00,0
TX_001488,ACC_0346,ACC_0571,479.48,2026-08-13 03:10:00,0
TX_004448,ACC_0955,ACC_0453,2286.79,2026-08-13 03:12:00,0
TX_004937,ACC_0892,ACC_0243,744.3,2026-08-13 03:15:00,0
TX_003071,ACC_0258,ACC_0457,484.0,2026-08-13 03:18:00,0
TX_003674,ACC_0464,ACC_0650,360.88,2026-08-13 03:23:00,0
TX_000789,ACC_0566,ACC_0462,827.69,2026-08-13 03:45:00,0
TX_002242,ACC_0204,ACC_0785,1533.76,2026-08-13 03:45:00,0
TX_000202,ACC_0021,ACC_0188,354.81,2026-08-13 03:48:00,0
TX_001647,ACC_0152,ACC_0093,1008.31,2026-08-13 03:53:00,0
TX_002492,ACC_0812,ACC_0813,667.79,2026-08-13 03:53:00,0
TX_003507,ACC_0970,ACC_0241,540.38,2026-08-13 03:59:00,0
TX_001620,ACC_0602,ACC_0519,148.41,2026-08-13 04:01:00,0
TX_003707,ACC_0963,ACC_0167,823.01,2026-08-13 04:12:00,0
TX_000602,ACC_0437,ACC_0935,617.66,2026-08-13 04:23:00,0
TX_004145,ACC_0350,ACC_0636,345.73,2026-08-13 04:25:00,0
TX_001579,ACC_0794,ACC_0342,1005.73,2026-08-13 04:39:00,0
TX_003628,ACC_0738,ACC_0874,416.35,2026-08-13 04:41:00,0
TX_004530,ACC_0815,ACC_0634,65.48,2026-08-13 04:49:00,0
TX_004790,ACC_0282,ACC_0941,392.67,2026-08-13 04:50:00,0
TX_003784,ACC_0521,ACC_0622,522.28,2026-08-13 05:02:00,0
TX_003276,ACC_0601,ACC_0494,175.16,2026-08-13 05:23:00,0
TX_001655,ACC_0303,ACC_0166,332.34,2026-08-13 05:35:00,0
TX_003286,ACC_0878,ACC_0640,214.9,2026-08-13 05:49:00,0
TX_002770,ACC_0484,ACC_0109,596.09,2026-08-13 05:58:00,0
TX_000038,ACC_0618,ACC_0196,1359.15,2026-08-13 06:18:00,0
TX_000462,ACC_0248,ACC_0350,195.08,2026-08-13 06:27:00,0
TX_004572,ACC_0482,ACC_0722,1109.58,2026-08-13 06:31:00,0
TX_002993,ACC_0873,ACC_0023,548.05,2026-08-13 06:36:00,0
TX_002663,ACC_0165,ACC_0122,632.0,2026-08-13 07:03:00,0
TX_001802,ACC_0172,ACC_0712,80.43,2026-08-13 07:12:00,0
TX_003960,ACC_0052,ACC_0304,632.09,2026-08-13 07:30:00,0
TX_001714,ACC_0337,ACC_0385,85.49,2026-08-13 07:38:00,0
TX_002614,ACC_0790,ACC_0925,296.15,2026-08-13 07:46:00,0
TX_002440,ACC_0094,ACC_0431,288.42,2026-08-13 08:02:00,0
TX_000354,ACC_0817,ACC_0251,134.13,2026-08-13 08:06:00,0
TX_004904,ACC_0507,ACC_0206,1221.82,2026-08-13 08:08:00,0
TX_003372,ACC_0083,ACC_0809,117.39,2026-08-13 08:12:00,0
TX_003804,ACC_0053,ACC_0337,247.62,2026-08-13 08:15:00,0
TX_002088,ACC_0897,ACC_0643,57.68,2026-08-13 08:28:00,0
TX_001395,ACC_0369,ACC_0527,393.27,2026-08-13 08:35:00,0
TX_002601,ACC_0756,ACC_0044,1331.17,2026-08-13 08:43:00,0
TX_003468,ACC_0256,ACC_0302,186.91,2026-08-13 08:49:00,0
TX_004063,ACC_0767,ACC_0981,206.78,2026-08-13 08:58:00,0
TX_001548,ACC_0474,ACC_0190,591.18,2026-08-13 09:07:00,0
TX_001739,ACC_0162,ACC_0141,119.87,2026-08-13 09:11:00,0
TX_000775,ACC_0531,ACC_0178,394.3,2026-08-13 09:12:00,0
TX_000903,ACC_0052,ACC_0131,233.11,2026-08-13 09:17:00,0
TX_005026,ACC_0631,ACC_0037,248.81,2026-08-13 09:17:00,1
TX_005027,ACC_0631,ACC_0037,29473.65,2026-08-13 09:27:00,1
TX_002674,ACC_0601,ACC_0150,663.78,2026-08-13 09:27:00,0
TX_000730,ACC_0414,ACC_0346,210.72,2026-08-13 09:50:00,0
TX_000203,ACC_0055,ACC_0960,56.61,2026-08-13 09:53:00,0
TX_000306,ACC_0050,ACC_0832,1041.04,2026-08-13 09:55:00,0
TX_004130,ACC_0748,ACC_0195,236.89,2026-08-13 09:56:00,0
TX_001916,ACC_0542,ACC_0725,155.72,2026-08-13 10:09:00,0
TX_000997,ACC_0181,ACC_0361,349.22,2026-08-13 10:22:00,0
TX_002136,ACC_0084,ACC_0180,196.85,2026-08-13 10:25:00,0
TX_000018,ACC_0506,ACC_0970,900.41,2026-08-13 10:43:00,0
TX_002575,ACC_0408,ACC_0896,309.08,2026-08-13 10:50:00,0
TX_005148,ACC_0087,ACC_0016,234.32,2026-08-13 10:51:00,1
TX_002751,ACC_0628,ACC_0968,203.0,2026-08-13 10:53:00,0
TX_005149,ACC_0087,ACC_0016,18290.64,2026-08-13 11:01:00,1
TX_004226,ACC_0177,ACC_0462,59.6,2026-08-13 11:23:00,0
TX_003894,ACC_0203,ACC_0886,386.98,2026-08-13 11:49:00,0
TX_001013,ACC_0726,ACC_0469,1036.18,2026-08-13 12:08:00,0
TX_004563,ACC_0991,ACC_0971,820.48,2026-08-13 12:12:00,0
TX_003224,ACC_0106,ACC_0572,119.04,2026-08-13 12:21:00,0
TX_001467,ACC_0995,ACC_0294,546.26,2026-08-13 12:24:00,0
TX_002274,ACC_0155,ACC_0823,739.95,2026-08-13 12:26:00,0
TX_004805,ACC_0463,ACC_0169,2195.57,2026-08-13 12:27:00,0
TX_003417,ACC_0045,ACC_0394,586.86,2026-08-13 12:28:00,0
TX_001108,ACC_0189,ACC_0110,456.62,2026-08-13 12:59:00,0
TX_000026,ACC_0749,ACC_0903,375.73,2026-08-13 13:04:00,0
TX_001139,ACC_0561,ACC_0865,177.27,2026-08-13 13:09:00,0
TX_004690,ACC_0308,ACC_0177,339.3,2026-08-13 13:27:00,0
TX_004519,ACC_0130,ACC_0741,747.72,2026-08-13 13:50:00,0
TX_000042,ACC_0316,ACC_0703,1163.3,2026-08-13 13:54:00,0
TX_004848,ACC_0423,ACC_0912,302.6,2026-08-13 14:09:00,0
TX_004562,ACC_0928,ACC_0494,740.74,2026-08-13 14:16:00,0
TX_002939,ACC_0966,ACC_0729,116.48,2026-08-13 14:18:00,0
TX_003928,ACC_0329,ACC_0986,902.45,2026-08-13 14:31:00,0
TX_000414,ACC_0551,ACC_0631,399.91,2026-08-13 14:37:00,0
TX_000822,ACC_0011,ACC_0954,125.42,2026-08-13 14:38:00,0
TX_003593,ACC_0826,ACC_0561,620.78,2026-08-13 14:39:00,0
TX_003955,ACC_0554,ACC_0525,557.76,2026-08-13 14:48:00,0
TX_003527,ACC_0862,ACC_0486,182.8,2026-08-13 14:50:00,0
TX_000745,ACC_0011,ACC_0574,1400.81,2026-08-13 14:57:00,0
TX_002072,ACC_0091,ACC_0703,747.86,2026-08-13 14:58:00,0
TX_004944,ACC_0719,ACC_0976,1526.2,2026-08-13 15:02:00,0
TX_004090,ACC_0858,ACC_0663,157.96,2026-08-13 15:10:00,0
TX_002872,ACC_0552,ACC_0058,54.05,2026-08-13 15:12:00,0
TX_003339,ACC_0595,ACC_0389,386.09,2026-08-13 15:20:00,0
TX_004108,ACC_0920,ACC_0940,559.65,2026-08-13 15:25:00,0
TX_000204,ACC_0324,ACC_0785,621.02,2026-08-13 15:26:00,0
TX_000642,ACC_0501,ACC_0532,1120.5,2026-08-13 15:27:00,0
TX_001376,ACC_0620,ACC_0202,93.12,2026-08-13 15:49:00,0
TX_004006,ACC_0524,ACC_0352,573.42,2026-08-13 16:19:00,0
TX_003920,ACC_0654,ACC_0049,53.68,2026-08-13 16:24:00,0
TX_000931,ACC_0122,ACC_0375,832.24,2026-08-13 16:37:00,0
TX_003534,ACC_0052,ACC_0791,685.74,2026-08-13 16:38:00,0
TX_004362,ACC_0269,ACC_0462,1818.57,2026-08-13 16:43:00,0
TX_001311,ACC_0262,ACC_0005,494.72,2026-08-13 16:46:00,0
TX_004394,ACC_0098,ACC_0032,1803.75,2026-08-13 16:53:00,0
TX_004292,ACC_0305,ACC_0716,281.8,2026-08-13 17:03:00,0
TX_004548,ACC_0148,ACC_0563,55.26,2026-08-13 17:10:00,0
TX_001848,ACC_0348,ACC_0818,56.09,2026-08-13 17:30:00,0
TX_001245,ACC_0014,ACC_0919,300.6,2026-08-13 17:43:00,0
TX_005134,ACC_0949,ACC_0032,219.46,2026-08-13 18:03:00,1
TX_002778,ACC_0694,ACC_0184,820.05,2026-08-13 18:11:00,0
TX_005135,ACC_0949,ACC_0032,46458.53,2026-08-13 18:13:00,1
TX_004163,ACC_0338,ACC_0340,2472.67,2026-08-13 18:21:00,0
TX_000714,ACC_0080,ACC_0578,146.15,2026-08-13 18:32:00,0
TX_002189,ACC_0925,ACC_0306,93.42,2026-08-13 18:45:00,0
TX_004253,ACC_0573,ACC_0887,685.12,2026-08-13 18:58:00,0
TX_005084,ACC_0224,ACC_0012,176.35,2026-08-13 19:03:00,1
TX_003290,ACC_0273,ACC_0885,1130.72,2026-08-13 19:12:00,0
TX_005085,ACC_0224,ACC_0012,22445.24,2026-08-13 19:13:00,1
TX_004316,ACC_0701,ACC_0227,477.6,2026-08-13 19:14:00,0
TX_003600,ACC_0584,ACC_0085,821.17,2026-08-13 19:21:00,0
TX_000806,ACC_0620,ACC_0935,253.05,2026-08-13 19:23:00,0
TX_005152,ACC_0948,ACC_0018,137.58,2026-08-13 19:32:00,1
TX_000234,ACC_0069,ACC_0563,1151.52,2026-08-13 19:40:00,0
TX_005153,ACC_0948,ACC_0018,18339.34,2026-08-13 19:42:00,1
TX_003247,ACC_0327,ACC_0249,134.54,2026-08-13 19:57:00,0
TX_003234,ACC_0114,ACC_0603,970.28,2026-08-13 20:00:00,0
TX_000314,ACC_0413,ACC_0177,493.44,2026-08-13 20:00:00,0
TX_002392,ACC_0776,ACC_0944,541.79,2026-08-13 20:12:00,0
TX_004337,ACC_0115,ACC_0174,317.17,2026-08-13 20:29:00,0
TX_001809,ACC_0024,ACC_0487,375.89,2026-08-13 20:41:00,0
TX_004408,ACC_0064,ACC_0442,215.01,2026-08-13 20:44:00,0
TX_004536,ACC_0057,ACC_0703,433.67,2026-08-13 20:58:00,0
TX_002153,ACC_0484,ACC_0469,400.58,2026-08-13 21:02:00,0
TX_003140,ACC_0550,ACC_0337,1600.37,2026-08-13 21:12:00,0
TX_001639,ACC_0909,ACC_0069,300.38,2026-08-13 21:17:00,0
TX_002400,ACC_0546,ACC_0817,225.86,2026-08-13 21:23:00,0
TX_003721,ACC_0508,ACC_0985,2220.53,2026-08-13 21:47:00,0
TX_001967,ACC_0790,ACC_0447,88.06,2026-08-13 21:56:00,0
TX_002079,ACC_0620,ACC_0556,60.62,2026-08-13 21:59:00,0
TX_002391,ACC_0976,ACC_0370,63.52,2026-08-13 21:59:00,0
TX_000464,ACC_0592,ACC_0652,168.95,2026-08-13 22:24:00,0
TX_004602,ACC_0124,ACC_0881,862.94,2026-08-13 22:37:00,0
TX_004398,ACC_0756,ACC_0637,1044.37,2026-08-13 22:47:00,0
TX_004746,ACC_0571,ACC_0145,365.1,2026-08-13 22:50:00,0
TX_001875,ACC_0005,ACC_0833,4009.73,2026-08-13 22:59:00,0
TX_004979,ACC_0744,ACC_0460,165.08,2026-08-13 23:18:00,0
TX_001574,ACC_0254,ACC_0678,462.86,2026-08-13 23:33:00,0
TX_004583,ACC_0942,ACC_0182,709.32,2026-08-13 23:35:00,0
TX_002661,ACC_0114,ACC_0808,735.36,2026-08-13 23:36:00,0
TX_004722,ACC_0339,ACC_0779,128.98,2026-08-13 23:37:00,0
TX_000982,ACC_0418,ACC_0087,642.66,2026-08-13 23:53:00,0
TX_003447,ACC_0839,ACC_0701,548.56,2026-08-13 23:58:00,0
TX_000425,ACC_0873,ACC_0879,399.11,2026-08-14 00:12:00,0
TX_001430,ACC_0450,ACC_0025,343.47,2026-08-14 00:14:00,0
TX_004429,ACC_0695,ACC_0666,104.3,2026-08-14 00:21:00,0
TX_000902,ACC_0169,ACC_0575,182.61,2026-08-14 00:26:00,0
TX_004619,ACC_0707,ACC_0027,345.24,2026-08-14 01:11:00,0
TX_002033,ACC_0808,ACC_0103,706.91,2026-08-14 01:25:00,0
TX_004377,ACC_0791,ACC_0930,385.85,2026-08-14 01:32:00,0
TX_003772,ACC_0975,ACC_0186,406.96,2026-08-14 01:33:00,0
TX_004020,ACC_0259,ACC_0798,132.24,2026-08-14 01:41:00,0
TX_000021,ACC_0327,ACC_0188,280.82,2026-08-14 01:43:00,0
TX_001309,ACC_0847,ACC_0830,1005.37,2026-08-14 02:03:00,0
TX_001760,ACC_0546,ACC_0242,127.44,2026-08-14 02:16:00,0
TX_001077,ACC_0780,ACC_0568,206.02,2026-08-14 02:25:00,0
TX_004861,ACC_0481,ACC_0175,131.05,2026-08-14 02:28:00,0
TX_004499,ACC_0749,ACC_0065,222.17,2026-08-14 02:32:00,0
TX_001686,ACC_0421,ACC_0812,552.29,2026-08-14 02:38:00,0
TX_003169,ACC_0639,ACC_0870,257.06,2026-08-14 03:03:00,0
TX_003056,ACC_0855,ACC_0329,83.09,2026-08-14 03:10:00,0
TX_000088,ACC_0495,ACC_0023,1039.27,2026-08-14 03:18:00,0
TX_002688,ACC_0085,ACC_0455,529.9,2026-08-14 03:25:00,0
TX_004115,ACC_0936,ACC_0576,331.34,2026-08-14 03:26:00,0
TX_003705,ACC_0446,ACC_0276,630.77,2026-08-14 03:33:00,0
TX_002623,ACC_0475,ACC_0952,195.4,2026-08-14 03:44:00,0
TX_002678,ACC_0494,ACC_0034,382.32,2026-08-14 03:55:00,0
TX_000845,ACC_0424,ACC_0369,536.77,2026-08-14 04:09:00,0
TX_003281,ACC_0923,ACC_0441,309.47,2026-08-14 04:13:00,0
TX_003346,ACC_0602,ACC_0288,1751.62,2026-08-14 04:35:00,0
TX_003214,ACC_0014,ACC_0785,141.32,2026-08-14 04:36:00,0
TX_004545,ACC_0614,ACC_0795,558.78,2026-08-14 04:50:00,0
TX_003546,ACC_0630,ACC_0592,791.14,2026-08-14 04:53:00,0
TX_000695,ACC_0187,ACC_0221,168.97,2026-08-14 04:58:00,0
TX_002434,ACC_0374,ACC_0496,503.68,2026-08-14 05:15:00,0
TX_004804,ACC_0161,ACC_0266,356.27,2026-08-14 05:18:00,0
TX_001856,ACC_0502,ACC_0908,838.42,2026-08-14 05:25:00,0
TX_001583,ACC_0260,ACC_0278,173.6,2026-08-14 05:36:00,0
TX_001691,ACC_0506,ACC_0482,64.68,2026-08-14 05:38:00,0
TX_003105,ACC_0676,ACC_0094,445.28,2026-08-14 05:44:00,0
TX_001596,ACC_0812,ACC_0463,368.89,2026-08-14 05:46:00,0
TX_004349,ACC_0669,ACC_0869,269.24,2026-08-14 06:06:00,0
TX_004938,ACC_0566,ACC_0089,100.65,2026-08-14 06:07:00,0
TX_002924,ACC_0253,ACC_0992,110.81,2026-08-14 06:19:00,0
TX_004873,ACC_0208,ACC_0467,479.79,2026-08-14 06:35:00,0
TX_000143,ACC_0548,ACC_0759,814.27,2026-08-14 06:35:00,0
TX_003989,ACC_0511,ACC_0621,178.46,2026-08-14 06:38:00,0
TX_001673,ACC_0392,ACC_0344,790.09,2026-08-14 06:47:00,0
TX_004480,ACC_0823,ACC_0032,544.29,2026-08-14 06:57:00,0
TX_004785,ACC_0565,ACC_0204,50.17,2026-08-14 07:23:00,0
TX_001821,ACC_0948,ACC_0009,316.78,2026-08-14 07:34:00,0
TX_002518,ACC_0488,ACC_0059,176.98,2026-08-14 07:43:00,0
TX_004921,ACC_0386,ACC_0834,271.68,2026-08-14 07:47:00,0
TX_002142,ACC_0358,ACC_0834,393.29,2026-08-14 07:51:00,0
TX_002513,ACC_0958,ACC_0353,113.16,2026-08-14 07:52:00,0
TX_000655,ACC_0701,ACC_0687,504.36,2026-08-14 08:38:00,0
TX_002967,ACC_0068,ACC_0710,719.2,2026-08-14 08:49:00,0
TX_002937,ACC_0850,ACC_0378,233.48,2026-08-14 08:56:00,0
TX_001941,ACC_0800,ACC_0202,835.16,2026-08-14 08:58:00,0
TX_002962,ACC_0784,ACC_0010,446.95,2026-08-14 08:59:00,0
TX_002469,ACC_0943,ACC_0907,617.59,2026-08-14 09:01:00,0
TX_002698,ACC_0706,ACC_0947,128.43,2026-08-14 09:12:00,0
TX_001826,ACC_0550,ACC_0401,592.87,2026-08-14 09:26:00,0
TX_002318,ACC_0590,ACC_0393,408.59,2026-08-14 09:27:00,0
TX_001617,ACC_0417,ACC_0298,416.83,2026-08-14 09:30:00,0
TX_004626,ACC_0922,ACC_0180,1052.05,2026-08-14 09:39:00,0
TX_002478,ACC_0666,ACC_0561,692.74,2026-08-14 09:45:00,0
TX_002731,ACC_0863,ACC_0897,1639.11,2026-08-14 09:45:00,0
TX_000119,ACC_0604,ACC_0531,232.97,2026-08-14 09:51:00,0
TX_004269,ACC_0498,ACC_0305,715.75,2026-08-14 10:09:00,0
TX_000595,ACC_0026,ACC_0392,349.73,2026-08-14 10:13:00,0
TX_004088,ACC_0363,ACC_0397,253.26,2026-08-14 10:17:00,0
TX_001189,ACC_0202,ACC_0628,491.92,2026-08-14 10:19:00,0
TX_002290,ACC_0339,ACC_0537,244.85,2026-08-14 10:28:00,0
TX_003599,ACC_0722,ACC_0041,132.29,2026-08-14 10:30:00,0
TX_000658,ACC_0709,ACC_0297,93.0,2026-08-14 10:36:00,0
TX_000955,ACC_0160,ACC_0842,784.16,2026-08-14 11:00:00,0
TX_001920,ACC_0938,ACC_0328,389.09,2026-08-14 11:07:00,0
TX_002120,ACC_0286,ACC_0233,161.84,2026-08-14 11:09:00,0
TX_002306,ACC_0955,ACC_0549,338.3,2026-08-14 11:12:00,0
TX_000743,ACC_0139,ACC_0059,265.69,2026-08-14 11:35:00,0
TX_002812,ACC_0949,ACC_0964,353.24,2026-08-14 11:40:00,0
TX_003264,ACC_0940,ACC_0563,99.16,2026-08-14 11:45:00,0
TX_005260,ACC_0286,ACC_0048,203.54,2026-08-14 11:56:00,1
TX_005261,ACC_0286,ACC_0048,15158.79,2026-08-14 12:06:00,1
TX_000511,ACC_0715,ACC_0944,118.27,2026-08-14 12:12:00,0
TX_005254,ACC_0722,ACC_0039,241.54,2026-08-14 12:17:00,1
TX_004542,ACC_0495,ACC_0953,462.71,2026-08-14 12:17:00,0
TX_001952,ACC_0279,ACC_0510,290.59,2026-08-14 12:25:00,0
TX_002050,ACC_0308,ACC_0068,273.87,2026-08-14 12:25:00,0
TX_005255,ACC_0722,ACC_0039,43600.33,2026-08-14 12:27:00,1
TX_004273,ACC_0106,ACC_0706,569.66,2026-08-14 12:30:00,0
TX_000708,ACC_0618,ACC_0504,59.94,2026-08-14 12:43:00,0
TX_004497,ACC_0298,ACC_0368,467.32,2026-08-14 12:46:00,0
TX_003348,ACC_0678,ACC_0092,478.29,2026-08-14 12:52:00,0
TX_003012,ACC_0271,ACC_0138,322.25,2026-08-14 12:53:00,0
TX_002383,ACC_0831,ACC_0619,1663.61,2026-08-14 12:54:00,0
TX_001565,ACC_0696,ACC_0760,656.98,2026-08-14 12:57:00,0
TX_000646,ACC_0921,ACC_0100,280.8,2026-08-14 13:03:00,0
TX_001593,ACC_0093,ACC_0190,912.03,2026-08-14 13:10:00,0
TX_000691,ACC_0847,ACC_0161,53.47,2026-08-14 13:16:00,0
TX_004464,ACC_0436,ACC_0258,344.79,2026-08-14 13:20:00,0
TX_001772,ACC_0158,ACC_0449,909.99,2026-08-14 13:25:00,0
TX_004792,ACC_0817,ACC_0403,1960.0,2026-08-14 13:29:00,0
TX_004211,ACC_0267,ACC_0986,201.53,2026-08-14 13:33:00,0
TX_003592,ACC_0123,ACC_0350,249.41,2026-08-14 13:54:00,0
TX_004544,ACC_0314,ACC_0891,855.44,2026-08-14 13:56:00,0
TX_004696,ACC_0905,ACC_0084,567.49,2026-08-14 14:02:00,0
TX_002250,ACC_0306,ACC_0751,569.86,2026-08-14 14:06:00,0
TX_002974,ACC_0087,ACC_0534,532.99,2026-08-14 14:11:00,0
TX_004658,ACC_0793,ACC_0753,1105.55,2026-08-14 14:17:00,0
TX_003522,ACC_0229,ACC_0317,720.02,2026-08-14 14:22:00,0
TX_005172,ACC_0528,ACC_0004,105.2,2026-08-14 14:34:00,1
TX_003371,ACC_0112,ACC_0110,1971.73,2026-08-14 14:38:00,0
TX_003135,ACC_0358,ACC_0421,455.3,2026-08-14 14:41:00,0
TX_005173,ACC_0528,ACC_0004,48811.75,2026-08-14 14:44:00,1
TX_001790,ACC_0136,ACC_0420,88.32,2026-08-14 15:07:00,0
TX_003776,ACC_0615,ACC_0110,328.91,2026-08-14 15:07:00,0
TX_001310,ACC_0472,ACC_0221,519.7,2026-08-14 15:33:00,0
TX_001242,ACC_0666,ACC_0144,331.79,2026-08-14 15:42:00,0
TX_002602,ACC_0010,ACC_0895,203.91,2026-08-14 15:48:00,0
TX_004014,ACC_0217,ACC_0810,249.11,2026-08-14 16:09:00,0
TX_002076,ACC_0836,ACC_0217,548.94,2026-08-14 16:32:00,0
TX_004164,ACC_0291,ACC_0238,348.64,2026-08-14 17:06:00,0
TX_001857,ACC_0006,ACC_0678,301.03,2026-08-14 17:23:00,0
TX_001392,ACC_0932,ACC_0001,155.85,2026-08-14 17:30:00,0
TX_004299,ACC_0973,ACC_0594,549.53,2026-08-14 17:53:00,0
TX_003939,ACC_0233,ACC_0760,102.05,2026-08-14 18:16:00,0
TX_003618,ACC_0728,ACC_0488,726.4,2026-08-14 18:17:00,0
TX_002231,ACC_0940,ACC_0585,1182.69,2026-08-14 18:30:00,0
TX_004204,ACC_0728,ACC_0923,116.7,2026-08-14 18:32:00,0
TX_000070,ACC_0296,ACC_0136,136.18,2026-08-14 19:00:00,0
TX_005086,ACC_0592,ACC_0012,123.04,2026-08-14 19:05:00,1
TX_002280,ACC_0133,ACC_0279,292.18,2026-08-14 19:09:00,0
TX_000872,ACC_0940,ACC_0373,61.92,2026-08-14 19:11:00,0
TX_005087,ACC_0592,ACC_0012,39125.82,2026-08-14 19:15:00,1
TX_001054,ACC_0971,ACC_0246,458.21,2026-08-14 19:18:00,0
TX_004112,ACC_0642,ACC_0738,423.87,2026-08-14 19:41:00,0
TX_001712,ACC_0932,ACC_0251,747.72,2026-08-14 19:42:00,0
TX_002764,ACC_0022,ACC_0599,246.52,2026-08-14 19:50:00,0
TX_000452,ACC_0595,ACC_0457,200.91,2026-08-14 19:57:00,0
TX_002541,ACC_0981,ACC_0124,59.91,2026-08-14 20:02:00,0
TX_004192,ACC_0522,ACC_0606,280.13,2026-08-14 20:05:00,0
TX_005076,ACC_0587,ACC_0027,164.76,2026-08-14 20:06:00,1
TX_004061,ACC_0405,ACC_0215,360.48,2026-08-14 20:07:00,0
TX_005077,ACC_0587,ACC_0027,30076.67,2026-08-14 20:16:00,1
TX_004584,ACC_0975,ACC_0397,58.37,2026-08-14 20:43:00,0
TX_001253,ACC_0598,ACC_0272,491.31,2026-08-14 21:12:00,0
TX_002625,ACC_0071,ACC_0904,246.02,2026-08-14 21:20:00,0
TX_003788,ACC_0488,ACC_0273,1343.99,2026-08-14 21:32:00,0
TX_001159,ACC_0804,ACC_0064,1508.76,2026-08-14 21:34:00,0
TX_004598,ACC_0137,ACC_0587,208.23,2026-08-14 21:51:00,0
TX_001416,ACC_0447,ACC_0350,898.88,2026-08-14 21:57:00,0
TX_000329,ACC_0355,ACC_0120,77.84,2026-08-14 22:08:00,0
TX_000398,ACC_0516,ACC_0288,481.32,2026-08-14 22:08:00,0
TX_001025,ACC_0095,ACC_0441,57.16,2026-08-14 22:28:00,0
TX_002087,ACC_0193,ACC_0835,1199.63,2026-08-14 22:39:00,0
TX_005138,ACC_0629,ACC_0038,168.06,2026-08-14 22:51:00,1
TX_001217,ACC_0020,ACC_0830,126.17,2026-08-14 22:54:00,0
TX_000469,ACC_0372,ACC_0424,371.47,2026-08-14 22:58:00,0
TX_005139,ACC_0629,ACC_0038,31309.83,2026-08-14 23:01:00,1
TX_000608,ACC_0542,ACC_0837,1372.22,2026-08-14 23:03:00,0
TX_002369,ACC_0226,ACC_0950,871.06,2026-08-14 23:05:00,0
TX_001562,ACC_0640,ACC_0378,125.15,2026-08-14 23:07:00,0
TX_001278,ACC_0672,ACC_0629,1344.91,2026-08-14 23:17:00,0
TX_004964,ACC_0696,ACC_0378,292.22,2026-08-14 23:18:00,0
TX_001685,ACC_0977,ACC_0824,266.38,2026-08-14 23:24:00,0
TX_003871,ACC_0273,ACC_0004,472.68,2026-08-14 23:26:00,0
TX_000770,ACC_0127,ACC_0768,256.66,2026-08-14 23:31:00,0
TX_004059,ACC_0755,ACC_0829,253.82,2026-08-14 23:37:00,0
TX_002644,ACC_0573,ACC_0699,1221.01,2026-08-14 23:50:00,0
TX_003063,ACC_0917,ACC_0508,338.28,2026-08-14 23:52:00,0
TX_000271,ACC_0581,ACC_0081,861.63,2026-08-15 00:10:00,0
TX_003761,ACC_0190,ACC_0704,622.24,2026-08-15 00:27:00,0
TX_001551,ACC_0562,ACC_0731,428.35,2026-08-15 00:41:00,0
TX_004302,ACC_0422,ACC_0112,100.21,2026-08-15 00:58:00,0
TX_002884,ACC_0971,ACC_0927,229.26,2026-08-15 01:01:00,0
TX_004280,ACC_0182,ACC_0475,362.93,2026-08-15 01:01:00,0
TX_001195,ACC_0659,ACC_0290,772.9,2026-08-15 01:02:00,0
TX_004153,ACC_0410,ACC_0372,256.86,2026-08-15 01:21:00,0
TX_003974,ACC_0857,ACC_0567,1233.07,2026-08-15 01:22:00,0
TX_000939,ACC_0262,ACC_0274,92.95,2026-08-15 01:36:00,0
TX_003930,ACC_0007,ACC_0708,216.71,2026-08-15 01:38:00,0
TX_000406,ACC_0696,ACC_0546,419.08,2026-08-15 01:42:00,0
TX_002881,ACC_0697,ACC_0277,1484.28,2026-08-15 01:47:00,0
TX_003626,ACC_0746,ACC_0826,111.21,2026-08-15 01:54:00,0
TX_001743,ACC_0355,ACC_0822,164.03,2026-08-15 01:56:00,0
TX_002652,ACC_0224,ACC_0279,238.45,2026-08-15 01:56:00,0
TX_000783,ACC_0779,ACC_0701,134.25,2026-08-15 02:00:00,0
TX_000436,ACC_0224,ACC_0717,437.04,2026-08-15 02:01:00,0
TX_001166,ACC_0800,ACC_0066,694.93,2026-08-15 02:23:00,0
TX_000502,ACC_0713,ACC_0536,394.07,2026-08-15 02:27:00,0
TX_002455,ACC_0886,ACC_0611,94.15,2026-08-15 02:34:00,0
TX_003833,ACC_0078,ACC_0301,72.48,2026-08-15 02:35:00,0
TX_001702,ACC_0661,ACC_0322,1419.99,2026-08-15 02:36:00,0
TX_002047,ACC_0430,ACC_0519,657.01,2026-08-15 03:11:00,0
TX_000600,ACC_0320,ACC_0373,158.36,2026-08-15 03:17:00,0
TX_000102,ACC_0230,ACC_0698,578.11,2026-08-15 03:23:00,0
TX_001361,ACC_0094,ACC_0486,186.76,2026-08-15 03:40:00,0
TX_001683,ACC_0028,ACC_0357,361.0,2026-08-15 03:57:00,0
TX_002520,ACC_0205,ACC_0042,203.4,2026-08-15 04:08:00,0
TX_004091,ACC_0054,ACC_0341,540.97,2026-08-15 04:18:00,0
TX_001084,ACC_0889,ACC_0201,50.2,2026-08-15 04:38:00,0
TX_003615,ACC_0587,ACC_0657,969.61,2026-08-15 04:42:00,0
TX_002296,ACC_0056,ACC_0304,243.23,2026-08-15 04:43:00,0
TX_001270,ACC_0811,ACC_0833,1043.51,2026-08-15 04:57:00,0
TX_000673,ACC_0031,ACC_0857,213.72,2026-08-15 05:07:00,0
TX_002241,ACC_0048,ACC_0524,236.47,2026-08-15 05:09:00,0
TX_002465,ACC_0900,ACC_0565,1292.62,2026-08-15 05:12:00,0
TX_001558,ACC_0609,ACC_0871,217.31,2026-08-15 05:21:00,0
TX_001262,ACC_0407,ACC_0086,164.22,2026-08-15 05:21:00,0
TX_004844,ACC_0344,ACC_0165,348.45,2026-08-15 05:36:00,0
TX_001371,ACC_0347,ACC_0650,399.59,2026-08-15 05:48:00,0
TX_002665,ACC_0231,ACC_0035,97.63,2026-08-15 06:17:00,0
TX_002229,ACC_0462,ACC_0978,247.28,2026-08-15 06:29:00,0
TX_000208,ACC_0336,ACC_0047,410.29,2026-08-15 06:30:00,0
TX_003554,ACC_0330,ACC_0538,803.8,2026-08-15 06:33:00,0
TX_004105,ACC_0902,ACC_0844,87.01,2026-08-15 06:34:00,0
TX_000626,ACC_0695,ACC_0188,948.1,2026-08-15 06:38:00,0
TX_000577,ACC_0771,ACC_0581,1499.35,2026-08-15 06:44:00,0
TX_004749,ACC_0472,ACC_0657,490.32,2026-08-15 06:54:00,0
TX_003673,ACC_0626,ACC_0317,93.83,2026-08-15 06:57:00,0
TX_005052,ACC_0803,ACC_0029,195.05,2026-08-15 06:59:00,1
TX_005053,ACC_0803,ACC_0029,15553.07,2026-08-15 07:09:00,1
TX_000651,ACC_0788,ACC_0199,845.04,2026-08-15 07:15:00,0
TX_002106,ACC_0178,ACC_0516,2951.18,2026-08-15 07:21:00,0
TX_002616,ACC_0893,ACC_0733,347.89,2026-08-15 07:35:00,0
TX_001445,ACC_0653,ACC_0417,218.46,2026-08-15 07:37:00,0
TX_002970,ACC_0790,ACC_0469,561.95,2026-08-15 07:41:00,0
TX_002265,ACC_0839,ACC_0316,329.31,2026-08-15 07:45:00,0
TX_000123,ACC_0956,ACC_0687,2105.58,2026-08-15 07:46:00,0
TX_000855,ACC_0120,ACC_0409,176.21,2026-08-15 08:14:00,0
TX_002357,ACC_0779,ACC_0537,65.54,2026-08-15 08:20:00,0
TX_003270,ACC_0922,ACC_0035,264.76,2026-08-15 08:21:00,0
TX_003162,ACC_0806,ACC_0547,161.3,2026-08-15 08:41:00,0
TX_003369,ACC_0410,ACC_0678,1146.94,2026-08-15 08:42:00,0
TX_002693,ACC_0695,ACC_0674,1470.63,2026-08-15 08:43:00,0
TX_002426,ACC_0652,ACC_0120,1267.35,2026-08-15 09:01:00,0
TX_001099,ACC_0020,ACC_0996,51.65,2026-08-15 09:22:00,0
TX_003238,ACC_0775,ACC_0293,117.71,2026-08-15 09:23:00,0
TX_001220,ACC_0822,ACC_0917,283.68,2026-08-15 09:49:00,0
TX_001724,ACC_0083,ACC_0310,303.76,2026-08-15 09:52:00,0
TX_003633,ACC_0164,ACC_0204,712.69,2026-08-15 09:53:00,0
TX_004871,ACC_0488,ACC_0206,55.72,2026-08-15 09:54:00,0
TX_001925,ACC_0313,ACC_0500,550.3,2026-08-15 09:59:00,0
TX_003739,ACC_0991,ACC_0096,256.19,2026-08-15 10:01:00,0
TX_000532,ACC_0613,ACC_0954,523.84,2026-08-15 10:07:00,0
TX_002976,ACC_0726,ACC_0233,862.15,2026-08-15 10:11:00,0
TX_001912,ACC_0012,ACC_0107,988.23,2026-08-15 10:23:00,0
TX_002498,ACC_0622,ACC_0730,495.83,2026-08-15 10:35:00,0
TX_002014,ACC_0097,ACC_0828,96.69,2026-08-15 10:40:00,0
TX_001024,ACC_0322,ACC_0903,339.81,2026-08-15 10:44:00,0
TX_000004,ACC_0130,ACC_0284,1296.07,2026-08-15 10:51:00,0
TX_005142,ACC_0504,ACC_0046,161.88,2026-08-15 11:01:00,1
TX_002197,ACC_0859,ACC_0483,134.26,2026-08-15 11:02:00,0
TX_002439,ACC_0828,ACC_0058,2022.27,2026-08-15 11:07:00,0
TX_005143,ACC_0504,ACC_0046,45050.77,2026-08-15 11:11:00,1
TX_003864,ACC_0307,ACC_0007,1267.25,2026-08-15 11:11:00,0
TX_002948,ACC_0732,ACC_0077,115.41,2026-08-15 11:52:00,0
TX_000910,ACC_0595,ACC_0786,555.28,2026-08-15 12:18:00,0
TX_002931,ACC_0920,ACC_0902,177.01,2026-08-15 12:24:00,0
TX_004730,ACC_0291,ACC_0591,226.91,2026-08-15 12:27:00,0
TX_002196,ACC_0289,ACC_0959,317.11,2026-08-15 12:30:00,0
TX_002718,ACC_0185,ACC_0748,121.87,2026-08-15 12:46:00,0
TX_003323,ACC_0488,ACC_0878,499.88,2026-08-15 12:50:00,0
TX_001215,ACC_0780,ACC_0216,1288.96,2026-08-15 12:57:00,0
TX_003654,ACC_0753,ACC_0156,65.02,2026-08-15 12:59:00,0
TX_003655,ACC_0690,ACC_0774,596.67,2026-08-15 13:09:00,0
TX_001682,ACC_0103,ACC_0826,1511.3,2026-08-15 13:12:00,0
TX_002866,ACC_0716,ACC_0034,1484.49,2026-08-15 13:47:00,0
TX_003703,ACC_0412,ACC_0416,109.44,2026-08-15 13:51:00,0
TX_000151,ACC_0571,ACC_0789,289.19,2026-08-15 14:01:00,0
TX_000960,ACC_0438,ACC_0468,867.66,2026-08-15 14:04:00,0
TX_000741,ACC_0944,ACC_0160,330.95,2026-08-15 14:07:00,0
TX_003185,ACC_0355,ACC_0058,248.96,2026-08-15 14:12:00,0
TX_002580,ACC_0334,ACC_0608,589.3,2026-08-15 14:16:00,0
TX_002621,ACC_0435,ACC_0136,1580.8,2026-08-15 14:16:00,0
TX_004620,ACC_0151,ACC_0525,508.86,2026-08-15 14:37:00,0
TX_004334,ACC_0768,ACC_0521,96.87,2026-08-15 14:40:00,0
TX_004718,ACC_0171,ACC_0548,474.78,2026-08-15 14:46:00,0
TX_002793,ACC_0914,ACC_0252,844.89,2026-08-15 14:47:00,0
TX_000994,ACC_0254,ACC_0364,234.03,2026-08-15 14:50:00,0
TX_000265,ACC_0950,ACC_0107,783.38,2026-08-15 14:54:00,0
TX_000149,ACC_0491,ACC_0692,432.18,2026-08-15 15:01:00,0
TX_001291,ACC_0903,ACC_0175,96.13,2026-08-15 15:04:00,0
TX_004637,ACC_0036,ACC_0888,265.3,2026-08-15 15:06:00,0
TX_003010,ACC_0732,ACC_0412,256.3,2026-08-15 15:09:00,0
TX_002594,ACC_0957,ACC_0488,1033.16,2026-08-15 15:11:00,0
TX_002361,ACC_0288,ACC_0827,243.29,2026-08-15 15:14:00,0
TX_004748,ACC_0297,ACC_0004,782.79,2026-08-15 15:15:00,0
TX_003872,ACC_0180,ACC_0809,746.86,2026-08-15 15:21:00,0
TX_000183,ACC_0279,ACC_0717,317.2,2026-08-15 15:41:00,0
TX_001514,ACC_0724,ACC_0006,648.21,2026-08-15 15:41:00,0
TX_000035,ACC_0738,ACC_0917,265.71,2026-08-15 15:58:00,0
TX_004906,ACC_0041,ACC_0590,447.43,2026-08-15 15:58:00,0
TX_001302,ACC_0253,ACC_0995,112.95,2026-08-15 16:02:00,0
TX_000325,ACC_0752,ACC_0642,1443.6,2026-08-15 16:15:00,0
TX_003352,ACC_0312,ACC_0536,490.19,2026-08-15 16:21:00,0
TX_004866,ACC_0266,ACC_0629,95.28,2026-08-15 16:32:00,0
TX_002882,ACC_0127,ACC_0623,145.85,2026-08-15 16:34:00,0
TX_002952,ACC_0851,ACC_0826,624.7,2026-08-15 16:55:00,0
TX_003744,ACC_0508,ACC_0595,1037.32,2026-08-15 17:13:00,0
TX_000058,ACC_0698,ACC_0771,375.58,2026-08-15 17:18:00,0
TX_000875,ACC_0236,ACC_0014,479.61,2026-08-15 18:15:00,0
TX_002571,ACC_0749,ACC_0501,149.68,2026-08-15 18:18:00,0
TX_001580,ACC_0447,ACC_0596,482.92,2026-08-15 18:21:00,0
TX_003819,ACC_0188,ACC_0337,284.72,2026-08-15 18:26:00,0
TX_002051,ACC_0139,ACC_0221,621.02,2026-08-15 18:29:00,0
TX_001431,ACC_0789,ACC_0831,618.17,2026-08-15 18:33:00,0
TX_003723,ACC_0665,ACC_0598,167.86,2026-08-15 18:39:00,0
TX_004303,ACC_0939,ACC_0250,437.21,2026-08-15 18:45:00,0
TX_003357,ACC_0928,ACC_0620,1692.34,2026-08-15 18:52:00,0
TX_004633,ACC_0227,ACC_0050,407.5,2026-08-15 19:08:00,0
TX_004342,ACC_0060,ACC_0972,1427.61,2026-08-15 19:09:00,0
TX_001212,ACC_0903,ACC_0641,885.46,2026-08-15 19:21:00,0
TX_003432,ACC_0710,ACC_0833,612.01,2026-08-15 19:37:00,0
TX_002410,ACC_0744,ACC_0428,1416.95,2026-08-15 19:49:00,0
TX_004625,ACC_0184,ACC_0191,318.35,2026-08-15 20:01:00,0
TX_004708,ACC_0776,ACC_0432,369.06,2026-08-15 20:11:00,0
TX_003343,ACC_0857,ACC_0921,55.43,2026-08-15 20:11:00,0
TX_004220,ACC_0470,ACC_0845,214.02,2026-08-15 20:31:00,0
TX_005236,ACC_0586,ACC_0017,100.26,2026-08-15 20:55:00,1
TX_005237,ACC_0586,ACC_0017,20773.97,2026-08-15 21:05:00,1
TX_002172,ACC_0263,ACC_0664,1416.86,2026-08-15 21:36:00,0
TX_000317,ACC_0052,ACC_0421,172.24,2026-08-15 21:44:00,0
TX_002626,ACC_0623,ACC_0074,106.47,2026-08-15 21:45:00,0
TX_005268,ACC_0358,ACC_0003,277.42,2026-08-15 21:49:00,1
TX_002945,ACC_0729,ACC_0963,143.74,2026-08-15 21:50:00,0
TX_000333,ACC_0735,ACC_0825,361.0,2026-08-15 21:56:00,0
TX_003382,ACC_0892,ACC_0792,86.64,2026-08-15 21:57:00,0
TX_005269,ACC_0358,ACC_0003,37224.09,2026-08-15 21:59:00,1
TX_001524,ACC_0469,ACC_0629,293.78,2026-08-15 22:08:00,0
TX_002428,ACC_0030,ACC_0312,92.7,2026-08-15 22:10:00,0
TX_002260,ACC_0587,ACC_0369,333.17,2026-08-15 22:13:00,0
TX_004025,ACC_0826,ACC_0631,904.93,2026-08-15 22:18:00,0
TX_001649,ACC_0767,ACC_0545,134.95,2026-08-15 22:21:00,0
TX_005060,ACC_0543,ACC_0018,214.41,2026-08-15 22:41:00,1
TX_000439,ACC_0009,ACC_0875,1234.61,2026-08-15 22:43:00,0
TX_005061,ACC_0543,ACC_0018,43775.76,2026-08-15 22:51:00,1
TX_003578,ACC_0780,ACC_0524,79.23,2026-08-15 22:55:00,0
TX_002024,ACC_0598,ACC_0035,291.65,2026-08-15 23:00:00,0
TX_003498,ACC_0119,ACC_0265,1016.28,2026-08-15 23:12:00,0
TX_003147,ACC_0531,ACC_0792,111.74,2026-08-15 23:17:00,0
TX_000244,ACC_0114,ACC_0737,120.92,2026-08-15 23:29:00,0
TX_001628,ACC_0213,ACC_0453,1837.1,2026-08-15 23:37:00,0
TX_001892,ACC_0473,ACC_0326,281.83,2026-08-15 23:42:00,0
TX_001939,ACC_0645,ACC_0581,173.85,2026-08-15 23:47:00,0
TX_002712,ACC_0010,ACC_0895,770.04,2026-08-15 23:49:00,0
TX_002293,ACC_0593,ACC_0643,251.69,2026-08-15 23:51:00,0
TX_002159,ACC_0008,ACC_0668,1989.9,2026-08-15 23:53:00,0
TX_005274,ACC_0579,ACC_0006,273.22,2026-08-16 00:01:00,1
TX_001547,ACC_0779,ACC_0746,375.48,2026-08-16 00:02:00,0
TX_005275,ACC_0579,ACC_0006,29135.29,2026-08-16 00:11:00,1
TX_001143,ACC_0131,ACC_0716,103.05,2026-08-16 00:12:00,0
TX_001162,ACC_0719,ACC_0985,610.5,2026-08-16 00:21:00,0
TX_004350,ACC_0301,ACC_0872,1091.84,2026-08-16 00:25:00,0
TX_003401,ACC_0931,ACC_0013,1387.28,2026-08-16 00:31:00,0
TX_003839,ACC_0537,ACC_0893,652.64,2026-08-16 00:33:00,0
TX_002838,ACC_0069,ACC_0646,872.09,2026-08-16 01:05:00,0
TX_004518,ACC_0005,ACC_0799,82.05,2026-08-16 01:15:00,0
TX_002122,ACC_0683,ACC_0428,473.63,2026-08-16 01:24:00,0
TX_002673,ACC_0045,ACC_0131,83.14,2026-08-16 01:52:00,0
TX_003499,ACC_0762,ACC_0927,91.6,2026-08-16 02:15:00,0
TX_003083,ACC_0546,ACC_0462,312.23,2026-08-16 02:19:00,0
TX_003609,ACC_0925,ACC_0537,428.09,2026-08-16 02:23:00,0
TX_001046,ACC_0307,ACC_0993,332.92,2026-08-16 02:23:00,0
TX_001135,ACC_0478,ACC_0608,159.01,2026-08-16 02:45:00,0
TX_005184,ACC_0837,ACC_0027,284.65,2026-08-16 02:53:00,1
TX_002065,ACC_0311,ACC_0520,77.44,2026-08-16 02:54:00,0
TX_003858,ACC_0508,ACC_0791,640.96,2026-08-16 02:58:00,0
TX_005185,ACC_0837,ACC_0027,28033.61,2026-08-16 03:03:00,1
TX_004578,ACC_0662,ACC_0377,538.21,2026-08-16 03:24:00,0
TX_003433,ACC_0719,ACC_0154,164.92,2026-08-16 03:38:00,0
TX_004406,ACC_0234,ACC_0721,154.93,2026-08-16 04:03:00,0
TX_003998,ACC_0548,ACC_0200,1003.58,2026-08-16 04:06:00,0
TX_000450,ACC_0995,ACC_0372,382.28,2026-08-16 04:12:00,0
TX_001931,ACC_0192,ACC_0942,1173.84,2026-08-16 04:19:00,0
TX_000592,ACC_0008,ACC_0751,556.29,2026-08-16 04:33:00,0
TX_001316,ACC_0632,ACC_0696,748.61,2026-08-16 04:40:00,0
TX_000240,ACC_0067,ACC_0650,111.58,2026-08-16 04:41:00,0
TX_001191,ACC_0839,ACC_0770,138.71,2026-08-16 04:46:00,0
TX_002519,ACC_0470,ACC_0300,730.25,2026-08-16 04:50:00,0
TX_000586,ACC_0471,ACC_0539,800.09,2026-08-16 04:59:00,0
TX_000161,ACC_0196,ACC_0349,492.24,2026-08-16 05:01:00,0
TX_001611,ACC_0865,ACC_0424,540.52,2026-08-16 05:18:00,0
TX_003865,ACC_0011,ACC_0034,986.12,2026-08-16 05:37:00,0
TX_002671,ACC_0265,ACC_0628,189.76,2026-08-16 05:40:00,0
TX_004623,ACC_0791,ACC_0612,183.03,2026-08-16 05:50:00,0
TX_001818,ACC_0103,ACC_0973,1190.0,2026-08-16 05:59:00,0
TX_004679,ACC_0626,ACC_0380,124.04,2026-08-16 06:03:00,0
TX_000616,ACC_0377,ACC_0594,890.14,2026-08-16 06:09:00,0
TX_000490,ACC_0130,ACC_0053,1773.33,2026-08-16 06:12:00,0
TX_000751,ACC_0050,ACC_0658,530.29,2026-08-16 06:27:00,0
TX_000466,ACC_0538,ACC_0619,479.53,2026-08-16 06:38:00,0
TX_004635,ACC_0221,ACC_0574,381.45,2026-08-16 06:40:00,0
TX_000956,ACC_0710,ACC_0589,51.95,2026-08-16 06:47:00,0
TX_000060,ACC_0442,ACC_0820,989.28,2026-08-16 06:48:00,0
TX_000136,ACC_0693,ACC_0316,211.46,2026-08-16 06:48:00,0
TX_000191,ACC_0085,ACC_0516,1055.33,2026-08-16 06:49:00,0
TX_002825,ACC_0642,ACC_0412,1119.97,2026-08-16 07:00:00,0
TX_004494,ACC_0262,ACC_0857,595.12,2026-08-16 07:08:00,0
TX_005242,ACC_0682,ACC_0015,237.47,2026-08-16 07:09:00,1
TX_004917,ACC_0914,ACC_0677,561.32,2026-08-16 07:10:00,0
TX_005243,ACC_0682,ACC_0015,41899.86,2026-08-16 07:19:00,1
TX_004284,ACC_0653,ACC_0591,432.84,2026-08-16 07:25:00,0
TX_000635,ACC_0670,ACC_0535,235.69,2026-08-16 07:25:00,0
TX_001773,ACC_0480,ACC_0748,609.13,2026-08-16 07:36:00,0
TX_004960,ACC_0834,ACC_0009,2133.72,2026-08-16 07:50:00,0
TX_004317,ACC_0413,ACC_0544,151.92,2026-08-16 08:01:00,0
TX_003584,ACC_0035,ACC_0152,1101.86,2026-08-16 08:02:00,0
TX_000726,ACC_0441,ACC_0923,415.44,2026-08-16 08:03:00,0
TX_001811,ACC_0061,ACC_0571,883.09,2026-08-16 08:12:00,0
TX_003641,ACC_0913,ACC_0928,464.07,2026-08-16 08:16:00,0
TX_004672,ACC_0971,ACC_0305,142.75,2026-08-16 08:31:00,0
TX_004152,ACC_0392,ACC_0515,982.67,2026-08-16 08:33:00,0
TX_001817,ACC_0787,ACC_0569,422.45,2026-08-16 08:36:00,0
TX_002394,ACC_0192,ACC_0616,263.04,2026-08-16 08:37:00,0
TX_004341,ACC_0263,ACC_0259,671.78,2026-08-16 08:45:00,0
TX_003774,ACC_0035,ACC_0788,933.97,2026-08-16 08:49:00,0
TX_000795,ACC_0517,ACC_0659,589.51,2026-08-16 08:53:00,0
TX_003027,ACC_0142,ACC_0336,357.36,2026-08-16 09:01:00,0
TX_001945,ACC_0225,ACC_0599,379.67,2026-08-16 09:05:00,0
TX_001978,ACC_0363,ACC_0321,335.14,2026-08-16 09:07:00,0
TX_000121,ACC_0879,ACC_0010,792.45,2026-08-16 09:07:00,0
TX_005182,ACC_0088,ACC_0032,286.72,2026-08-16 09:11:00,1
TX_004002,ACC_0751,ACC_0249,500.06,2026-08-16 09:15:00,0
TX_005183,ACC_0088,ACC_0032,28767.53,2026-08-16 09:21:00,1
TX_004939,ACC_0607,ACC_0309,253.7,2026-08-16 09:32:00,0
TX_002934,ACC_0781,ACC_0600,381.97,2026-08-16 09:33:00,0
TX_001066,ACC_0343,ACC_0459,512.14,2026-08-16 09:42:00,0
TX_001346,ACC_0878,ACC_0070,449.48,2026-08-16 09:48:00,0
TX_004304,ACC_0584,ACC_0239,1082.01,2026-08-16 10:13:00,0
TX_005006,ACC_0199,ACC_0024,261.14,2026-08-16 10:19:00,1
TX_002864,ACC_0920,ACC_0117,695.93,2026-08-16 10:23:00,0
TX_005007,ACC_0199,ACC_0024,33415.3,2026-08-16 10:29:00,1
TX_003167,ACC_0515,ACC_0786,223.46,2026-08-16 10:31:00,0
TX_000177,ACC_0626,ACC_0910,718.69,2026-08-16 10:37:00,0
TX_001447,ACC_0009,ACC_0845,1212.73,2026-08-16 10:54:00,0
TX_003466,ACC_0540,ACC_0385,144.73,2026-08-16 11:01:00,0
TX_004165,ACC_0605,ACC_0108,151.54,2026-08-16 11:02:00,0
TX_000091,ACC_0949,ACC_0427,438.25,2026-08-16 11:22:00,0
TX_001830,ACC_0049,ACC_0176,148.75,2026-08-16 11:39:00,0
TX_003537,ACC_0117,ACC_0383,217.22,2026-08-16 11:49:00,0
TX_001656,ACC_0561,ACC_0211,198.72,2026-08-16 11:52:00,0
TX_001986,ACC_0783,ACC_0842,65.2,2026-08-16 11:59:00,0
TX_003778,ACC_0671,ACC_0535,370.09,2026-08-16 12:18:00,0
TX_001157,ACC_0718,ACC_0300,166.23,2026-08-16 12:18:00,0
TX_000560,ACC_0242,ACC_0762,1413.4,2026-08-16 12:31:00,0
TX_001601,ACC_0646,ACC_0350,2175.68,2026-08-16 12:37:00,0
TX_000720,ACC_0242,ACC_0563,57.04,2026-08-16 12:42:00,0
TX_002287,ACC_0602,ACC_0433,125.94,2026-08-16 12:52:00,0
TX_000063,ACC_0573,ACC_0126,226.86,2026-08-16 12:57:00,0
TX_004068,ACC_0074,ACC_0157,724.48,2026-08-16 13:01:00,0
TX_003924,ACC_0520,ACC_0907,813.07,2026-08-16 13:01:00,0
TX_001571,ACC_0618,ACC_0208,205.16,2026-08-16 13:08:00,0
TX_001947,ACC_0704,ACC_0949,446.35,2026-08-16 13:09:00,0
TX_004858,ACC_0637,ACC_0140,1544.5,2026-08-16 13:14:00,0
TX_003825,ACC_0284,ACC_0267,1036.26,2026-08-16 13:15:00,0
TX_003458,ACC_0541,ACC_0443,941.67,2026-08-16 13:22:00,0
TX_002845,ACC_0799,ACC_0607,1352.17,2026-08-16 13:23:00,0
TX_000981,ACC_0070,ACC_0702,202.59,2026-08-16 13:23:00,0
TX_003642,ACC_0442,ACC_0868,792.14,2026-08-16 13:27:00,0
TX_004383,ACC_0288,ACC_0830,253.11,2026-08-16 13:48:00,0
TX_000944,ACC_0107,ACC_0702,294.71,2026-08-16 13:56:00,0
TX_000367,ACC_0132,ACC_0904,324.6,2026-08-16 14:02:00,0
TX_004741,ACC_0742,ACC_0410,96.6,2026-08-16 14:10:00,0
TX_000156,ACC_0238,ACC_0050,336.64,2026-08-16 14:18:00,0
TX_004490,ACC_0805,ACC_0607,96.95,2026-08-16 14:19:00,0
TX_002396,ACC_0532,ACC_0778,2946.13,2026-08-16 14:21:00,0
TX_003919,ACC_0834,ACC_0591,1340.67,2026-08-16 14:22:00,0
TX_003307,ACC_0564,ACC_0511,633.79,2026-08-16 14:31:00,0
TX_001699,ACC_0283,ACC_0272,220.13,2026-08-16 14:46:00,0
TX_004331,ACC_0011,ACC_0382,342.95,2026-08-16 14:50:00,0
TX_003715,ACC_0695,ACC_0129,127.72,2026-08-16 15:03:00,0
TX_003273,ACC_0027,ACC_0482,412.46,2026-08-16 15:05:00,0
TX_001745,ACC_0121,ACC_0137,306.28,2026-08-16 15:07:00,0
TX_002103,ACC_0942,ACC_0337,858.61,2026-08-16 15:22:00,0
TX_003875,ACC_0795,ACC_0280,432.61,2026-08-16 15:45:00,0
TX_004031,ACC_0396,ACC_0321,824.66,2026-08-16 15:46:00,0
TX_000417,ACC_0969,ACC_0802,728.03,2026-08-16 15:50:00,0
TX_001600,ACC_0486,ACC_0169,492.7,2026-08-16 15:57:00,0
TX_004483,ACC_0561,ACC_0193,975.17,2026-08-16 16:04:00,0
TX_004501,ACC_0821,ACC_0171,107.78,2026-08-16 16:11:00,0
TX_003233,ACC_0560,ACC_0171,352.26,2026-08-16 16:22:00,0
TX_000044,ACC_0467,ACC_0049,298.6,2026-08-16 16:26:00,0
TX_001721,ACC_0955,ACC_0435,289.55,2026-08-16 16:30:00,0
TX_004616,ACC_0600,ACC_0011,361.91,2026-08-16 16:44:00,0
TX_002759,ACC_0039,ACC_0006,704.85,2026-08-16 16:44:00,0
TX_003184,ACC_0418,ACC_0186,1030.28,2026-08-16 16:47:00,0
TX_000611,ACC_0181,ACC_0774,754.39,2026-08-16 16:58:00,0
TX_003529,ACC_0319,ACC_0453,267.45,2026-08-16 17:13:00,0
TX_001008,ACC_0166,ACC_0281,522.52,2026-08-16 17:19:00,0
TX_004645,ACC_0149,ACC_0696,948.19,2026-08-16 17:25:00,0
TX_003084,ACC_0004,ACC_0494,627.12,2026-08-16 17:25:00,0
TX_002093,ACC_0264,ACC_0865,596.28,2026-08-16 17:26:00,0
TX_002953,ACC_0412,ACC_0996,380.39,2026-08-16 17:28:00,0
TX_000927,ACC_0967,ACC_0881,750.0,2026-08-16 17:29:00,0
TX_000360,ACC_0567,ACC_0416,364.59,2026-08-16 17:44:00,0
TX_004797,ACC_0835,ACC_0302,1677.72,2026-08-16 17:45:00,0
TX_000703,ACC_0463,ACC_0928,480.12,2026-08-16 18:19:00,0
TX_001783,ACC_0268,ACC_0692,164.61,2026-08-16 18:20:00,0
TX_000993,ACC_0320,ACC_0321,90.87,2026-08-16 18:39:00,0
TX_004003,ACC_0598,ACC_0110,87.48,2026-08-16 18:45:00,0
TX_003192,ACC_0659,ACC_0813,1392.32,2026-08-16 18:48:00,0
TX_001080,ACC_0371,ACC_0322,731.46,2026-08-16 18:50:00,0
TX_000371,ACC_0612,ACC_0281,497.68,2026-08-16 18:56:00,0
TX_002749,ACC_0289,ACC_0048,569.17,2026-08-16 19:04:00,0
TX_001684,ACC_0072,ACC_0472,556.9,2026-08-16 19:14:00,0
TX_002915,ACC_0471,ACC_0514,4143.04,2026-08-16 19:14:00,0
TX_001336,ACC_0880,ACC_0806,168.11,2026-08-16 19:15:00,0
TX_003107,ACC_0564,ACC_0010,197.67,2026-08-16 19:24:00,0
TX_001529,ACC_0074,ACC_0966,354.64,2026-08-16 19:42:00,0
TX_004819,ACC_0190,ACC_0703,761.44,2026-08-16 20:03:00,0
TX_001862,ACC_0510,ACC_0275,131.26,2026-08-16 20:19:00,0
TX_003363,ACC_0393,ACC_0705,563.08,2026-08-16 20:27:00,0
TX_002073,ACC_0585,ACC_0219,404.91,2026-08-16 20:38:00,0
TX_002938,ACC_0011,ACC_0761,1726.52,2026-08-16 20:40:00,0
TX_001461,ACC_0512,ACC_0527,173.11,2026-08-16 20:43:00,0
TX_003461,ACC_0856,ACC_0793,522.03,2026-08-16 20:54:00,0
TX_004232,ACC_0978,ACC_0510,51.59,2026-08-16 21:00:00,0
TX_001098,ACC_0386,ACC_0673,893.57,2026-08-16 21:27:00,0
TX_001838,ACC_0262,ACC_0525,318.81,2026-08-16 21:43:00,0
TX_000719,ACC_0110,ACC_0912,698.95,2026-08-16 21:43:00,0
TX_004326,ACC_0100,ACC_0742,347.94,2026-08-16 21:52:00,0
TX_005232,ACC_0837,ACC_0028,166.92,2026-08-16 21:54:00,1
TX_004543,ACC_0882,ACC_0947,701.82,2026-08-16 21:55:00,0
TX_003888,ACC_0580,ACC_0565,3431.83,2026-08-16 21:57:00,0
TX_004182,ACC_0426,ACC_0062,323.65,2026-08-16 22:01:00,0
TX_005233,ACC_0837,ACC_0028,19428.64,2026-08-16 22:04:00,1
TX_001060,ACC_0205,ACC_0488,396.24,2026-08-16 22:09:00,0
TX_002852,ACC_0407,ACC_0475,510.73,2026-08-16 22:11:00,0
TX_003425,ACC_0306,ACC_0914,613.15,2026-08-16 22:16:00,0
TX_004677,ACC_0251,ACC_0873,1178.48,2026-08-16 22:18:00,0
TX_001402,ACC_0098,ACC_0074,63.3,2026-08-16 22:24:00,0
TX_000008,ACC_0026,ACC_0703,658.99,2026-08-16 22:28:00,0
TX_000415,ACC_0715,ACC_0162,524.12,2026-08-16 22:32:00,0
TX_004287,ACC_0212,ACC_0032,207.14,2026-08-16 22:37:00,0
TX_002164,ACC_0037,ACC_0380,1714.44,2026-08-16 22:49:00,0
TX_005216,ACC_0575,ACC_0049,152.14,2026-08-16 22:54:00,1
TX_005217,ACC_0575,ACC_0049,34475.63,2026-08-16 23:04:00,1
TX_001767,ACC_0347,ACC_0948,258.68,2026-08-16 23:07:00,0
TX_000233,ACC_0909,ACC_0451,305.46,2026-08-16 23:09:00,0
TX_001653,ACC_0155,ACC_0275,748.86,2026-08-16 23:14:00,0
TX_002490,ACC_0253,ACC_0202,53.92,2026-08-16 23:20:00,0
TX_001337,ACC_0459,ACC_0347,361.72,2026-08-16 23:21:00,0
TX_001672,ACC_0759,ACC_0312,498.44,2026-08-16 23:43:00,0
TX_004371,ACC_0002,ACC_0974,593.22,2026-08-16 23:46:00,0
TX_004100,ACC_0566,ACC_0595,123.75,2026-08-16 23:48:00,0
TX_002985,ACC_0821,ACC_0886,625.88,2026-08-16 23:52:00,0
TX_000578,ACC_0887,ACC_0902,1195.41,2026-08-16 23:54:00,0
TX_000803,ACC_0309,ACC_0828,356.59,2026-08-16 23:55:00,0
TX_003519,ACC_0996,ACC_0779,257.14,2026-08-16 23:56:00,0
TX_003117,ACC_0513,ACC_0767,2198.6,2026-08-17 00:00:00,0
TX_001525,ACC_0536,ACC_0109,346.0,2026-08-17 00:01:00,0
TX_005044,ACC_0225,ACC_0016,182.51,2026-08-17 00:02:00,1
TX_005045,ACC_0225,ACC_0016,17353.42,2026-08-17 00:12:00,1
TX_003267,ACC_0942,ACC_0854,494.89,2026-08-17 00:22:00,0
TX_002885,ACC_0560,ACC_0150,1023.96,2026-08-17 00:22:00,0
TX_001028,ACC_0271,ACC_0332,470.88,2026-08-17 00:26:00,0
TX_004239,ACC_0670,ACC_0422,404.11,2026-08-17 00:29:00,0
TX_004066,ACC_0961,ACC_0202,185.72,2026-08-17 00:37:00,0
TX_003943,ACC_0178,ACC_0851,1168.67,2026-08-17 00:43:00,0
TX_004420,ACC_0331,ACC_0619,924.83,2026-08-17 00:55:00,0
TX_000857,ACC_0982,ACC_0786,527.76,2026-08-17 01:14:00,0
TX_001359,ACC_0343,ACC_0665,327.53,2026-08-17 01:33:00,0
TX_000077,ACC_0120,ACC_0254,335.76,2026-08-17 01:33:00,0
TX_003444,ACC_0492,ACC_0847,349.66,2026-08-17 01:47:00,0
TX_000669,ACC_0043,ACC_0431,131.24,2026-08-17 01:51:00,0
TX_000458,ACC_0881,ACC_0843,1278.66,2026-08-17 02:05:00,0
TX_000238,ACC_0105,ACC_0534,474.23,2026-08-17 02:06:00,0
TX_000076,ACC_0347,ACC_0386,583.08,2026-08-17 02:06:00,0
TX_003796,ACC_0585,ACC_0973,487.49,2026-08-17 02:09:00,0
TX_003313,ACC_0816,ACC_0730,298.03,2026-08-17 02:26:00,0
TX_003438,ACC_0788,ACC_0121,377.7,2026-08-17 02:27:00,0
TX_003970,ACC_0849,ACC_0607,610.66,2026-08-17 02:37:00,0
TX_002042,ACC_0278,ACC_0473,124.77,2026-08-17 02:46:00,0
TX_002586,ACC_0537,ACC_0918,63.86,2026-08-17 02:49:00,0
TX_003697,ACC_0247,ACC_0506,631.78,2026-08-17 02:55:00,0
TX_000893,ACC_0258,ACC_0081,1156.87,2026-08-17 02:59:00,0
TX_002752,ACC_0583,ACC_0567,1304.9,2026-08-17 03:03:00,0
TX_004735,ACC_0515,ACC_0306,378.72,2026-08-17 03:13:00,0
TX_002312,ACC_0745,ACC_0864,321.78,2026-08-17 03:19:00,0
TX_003877,ACC_0643,ACC_0619,864.07,2026-08-17 03:31:00,0
TX_000567,ACC_0532,ACC_0830,460.76,2026-08-17 03:36:00,0
TX_002041,ACC_0339,ACC_0537,765.88,2026-08-17 03:41:00,0
TX_003232,ACC_0609,ACC_0203,1641.14,2026-08-17 03:42:00,0
TX_003867,ACC_0668,ACC_0208,1432.02,2026-08-17 03:43:00,0
TX_004621,ACC_0245,ACC_0289,1329.99,2026-08-17 03:43:00,0
TX_003795,ACC_0799,ACC_0459,158.33,2026-08-17 03:44:00,0
TX_003828,ACC_0095,ACC_0191,810.99,2026-08-17 03:55:00,0
TX_000570,ACC_0418,ACC_0046,794.41,2026-08-17 03:59:00,0
TX_000268,ACC_0912,ACC_0274,510.05,2026-08-17 04:23:00,0
TX_004720,ACC_0231,ACC_0488,432.85,2026-08-17 04:55:00,0
TX_001122,ACC_0956,ACC_0023,2349.41,2026-08-17 05:07:00,0
TX_003124,ACC_0826,ACC_0343,1175.71,2026-08-17 05:20:00,0
TX_002768,ACC_0452,ACC_0938,670.05,2026-08-17 05:29:00,0
TX_001048,ACC_0051,ACC_0710,495.09,2026-08-17 05:33:00,0
TX_003525,ACC_0769,ACC_0622,598.02,2026-08-17 05:37:00,0
TX_001786,ACC_0706,ACC_0067,70.85,2026-08-17 05:37:00,0
TX_004444,ACC_0197,ACC_0194,1261.23,2026-08-17 05:48:00,0
TX_001870,ACC_0998,ACC_0859,467.59,2026-08-17 05:49:00,0
TX_002246,ACC_0921,ACC_0853,739.81,2026-08-17 06:01:00,0
TX_002070,ACC_0852,ACC_0621,527.72,2026-08-17 06:17:00,0
TX_000342,ACC_0235,ACC_0700,195.21,2026-08-17 06:19:00,0
TX_004705,ACC_0404,ACC_0502,580.21,2026-08-17 06:23:00,0
TX_003984,ACC_0100,ACC_0686,109.75,2026-08-17 06:25:00,0
TX_000573,ACC_0141,ACC_0808,327.86,2026-08-17 06:38:00,0
TX_000391,ACC_0636,ACC_0924,581.05,2026-08-17 07:11:00,0
TX_001268,ACC_0064,ACC_0297,753.15,2026-08-17 07:25:00,0
TX_002449,ACC_0790,ACC_0597,581.05,2026-08-17 07:39:00,0
TX_002325,ACC_0386,ACC_0426,1333.63,2026-08-17 07:55:00,0
TX_003374,ACC_0179,ACC_0671,66.64,2026-08-17 08:00:00,0
TX_004609,ACC_0486,ACC_0987,551.4,2026-08-17 08:18:00,0
TX_003873,ACC_0129,ACC_0516,145.85,2026-08-17 08:25:00,0
TX_003610,ACC_0846,ACC_0837,612.1,2026-08-17 08:27:00,0
TX_001476,ACC_0095,ACC_0480,633.33,2026-08-17 08:36:00,0
TX_003947,ACC_0402,ACC_0783,154.1,2026-08-17 08:37:00,0
TX_002756,ACC_0245,ACC_0380,346.15,2026-08-17 08:41:00,0
TX_003515,ACC_0110,ACC_0900,445.37,2026-08-17 08:45:00,0
TX_002165,ACC_0851,ACC_0646,245.87,2026-08-17 08:49:00,0
TX_000321,ACC_0025,ACC_0525,2339.35,2026-08-17 08:52:00,0
TX_004794,ACC_0346,ACC_0754,241.72,2026-08-17 09:28:00,0
TX_004779,ACC_0624,ACC_0772,301.67,2026-08-17 09:32:00,0
TX_003116,ACC_0258,ACC_0706,180.2,2026-08-17 09:47:00,0
TX_000862,ACC_0003,ACC_0278,1040.6,2026-08-17 09:50:00,0
TX_002766,ACC_0926,ACC_0616,154.59,2026-08-17 09:53:00,0
TX_000945,ACC_0284,ACC_0770,640.76,2026-08-17 10:18:00,0
TX_003861,ACC_0140,ACC_0274,69.38,2026-08-17 10:27:00,0
TX_002168,ACC_0814,ACC_0301,109.4,2026-08-17 10:30:00,0
TX_004776,ACC_0251,ACC_0375,297.99,2026-08-17 10:30:00,0
TX_004986,ACC_0839,ACC_0185,951.82,2026-08-17 10:32:00,0
TX_004363,ACC_0379,ACC_0640,2723.84,2026-08-17 10:38:00,0
TX_001026,ACC_0871,ACC_0645,116.32,2026-08-17 10:44:00,0
TX_000746,ACC_0218,ACC_0662,1419.34,2026-08-17 10:53:00,0
TX_002169,ACC_0400,ACC_0462,1292.04,2026-08-17 10:58:00,0
TX_004612,ACC_0902,ACC_0905,722.71,2026-08-17 11:15:00,0
TX_002179,ACC_0458,ACC_0472,646.49,2026-08-17 11:27:00,0
TX_002313,ACC_0983,ACC_0350,463.07,2026-08-17 11:33:00,0
TX_001935,ACC_0307,ACC_0041,1411.75,2026-08-17 11:40:00,0
TX_000808,ACC_0912,ACC_0291,261.52,2026-08-17 12:04:00,0
TX_001313,ACC_0997,ACC_0038,632.77,2026-08-17 12:05:00,0
TX_004560,ACC_0388,ACC_0060,236.16,2026-08-17 12:08:00,0
TX_004781,ACC_0419,ACC_0642,114.49,2026-08-17 12:16:00,0
TX_000835,ACC_0990,ACC_0568,181.66,2026-08-17 12:23:00,0
TX_001612,ACC_0005,ACC_0608,249.98,2026-08-17 12:25:00,0
TX_000754,ACC_0985,ACC_0291,529.89,2026-08-17 12:33:00,0
TX_001256,ACC_0325,ACC_0626,208.46,2026-08-17 12:46:00,0
TX_004084,ACC_0966,ACC_0529,288.92,2026-08-17 13:03:00,0
TX_000394,ACC_0411,ACC_0518,313.33,2026-08-17 13:04:00,0
TX_004099,ACC_0773,ACC_0860,501.9,2026-08-17 13:23:00,0
TX_003900,ACC_0254,ACC_0592,364.02,2026-08-17 13:26:00,0
TX_003143,ACC_0337,ACC_0111,417.41,2026-08-17 13:26:00,0
TX_004533,ACC_0402,ACC_0665,2282.9,2026-08-17 13:27:00,0
TX_004999,ACC_0131,ACC_0528,62.12,2026-08-17 13:40:00,0
TX_000302,ACC_0703,ACC_0755,247.23,2026-08-17 13:45:00,0
TX_004768,ACC_0481,ACC_0891,456.29,2026-08-17 13:57:00,0
TX_000998,ACC_0413,ACC_0526,351.07,2026-08-17 13:58:00,0
TX_003068,ACC_0769,ACC_0925,744.89,2026-08-17 14:22:00,0
TX_004738,ACC_0106,ACC_0056,113.69,2026-08-17 14:23:00,0
TX_003983,ACC_0638,ACC_0522,725.01,2026-08-17 14:23:00,0
TX_005248,ACC_0986,ACC_0008,299.45,2026-08-17 14:38:00,1
TX_000884,ACC_0493,ACC_0214,503.33,2026-08-17 14:43:00,0
TX_005249,ACC_0986,ACC_0008,26234.96,2026-08-17 14:48:00,1
TX_004054,ACC_0630,ACC_0135,615.92,2026-08-17 14:53:00,0
TX_000531,ACC_0017,ACC_0532,675.02,2026-08-17 14:56:00,0
TX_003711,ACC_0505,ACC_0310,1011.52,2026-08-17 14:56:00,0
TX_000555,ACC_0084,ACC_0232,508.45,2026-08-17 15:00:00,0
TX_003582,ACC_0022,ACC_0523,389.67,2026-08-17 15:02:00,0
TX_002235,ACC_0339,ACC_0816,406.24,2026-08-17 15:02:00,0
TX_002379,ACC_0809,ACC_0850,1088.7,2026-08-17 15:03:00,0
TX_000787,ACC_0131,ACC_0451,555.0,2026-08-17 15:05:00,0
TX_003583,ACC_0129,ACC_0382,1014.01,2026-08-17 15:07:00,0
TX_004835,ACC_0233,ACC_0381,220.97,2026-08-17 15:13:00,0
TX_001379,ACC_0366,ACC_0913,375.01,2026-08-17 15:22:00,0
TX_004338,ACC_0421,ACC_0956,425.64,2026-08-17 15:23:00,0
TX_001860,ACC_0486,ACC_0434,422.28,2026-08-17 15:53:00,0
TX_003521,ACC_0547,ACC_0779,2948.52,2026-08-17 15:54:00,0
TX_004233,ACC_0818,ACC_0179,364.51,2026-08-17 16:00:00,0
TX_004920,ACC_0829,ACC_0947,740.25,2026-08-17 16:04:00,0
TX_002579,ACC_0474,ACC_0824,207.03,2026-08-17 16:10:00,0
TX_001097,ACC_0060,ACC_0146,464.81,2026-08-17 16:33:00,0
TX_000715,ACC_0460,ACC_0203,959.01,2026-08-17 16:33:00,0
TX_001444,ACC_0032,ACC_0113,171.09,2026-08-17 17:11:00,0
TX_002546,ACC_0855,ACC_0227,715.04,2026-08-17 17:21:00,0
TX_003552,ACC_0444,ACC_0396,405.98,2026-08-17 17:30:00,0
TX_004711,ACC_0204,ACC_0736,134.58,2026-08-17 17:30:00,0
TX_004347,ACC_0706,ACC_0454,592.57,2026-08-17 17:50:00,0
TX_005192,ACC_0883,ACC_0017,294.52,2026-08-17 17:58:00,1
TX_003689,ACC_0992,ACC_0875,724.25,2026-08-17 18:01:00,0
TX_001133,ACC_0111,ACC_0434,360.57,2026-08-17 18:02:00,0
TX_005193,ACC_0883,ACC_0017,16548.03,2026-08-17 18:08:00,1
TX_002904,ACC_0848,ACC_0768,2654.67,2026-08-17 18:10:00,0
TX_002943,ACC_0651,ACC_0830,247.76,2026-08-17 18:30:00,0
TX_000184,ACC_0440,ACC_0402,301.69,2026-08-17 18:31:00,0
TX_001156,ACC_0352,ACC_0379,1387.8,2026-08-17 18:37:00,0
TX_005102,ACC_0075,ACC_0004,229.88,2026-08-17 18:42:00,1
TX_001296,ACC_0702,ACC_0089,83.48,2026-08-17 18:42:00,0
TX_001481,ACC_0365,ACC_0159,213.92,2026-08-17 18:46:00,0
TX_005103,ACC_0075,ACC_0004,31076.5,2026-08-17 18:52:00,1
TX_003488,ACC_0731,ACC_0890,702.02,2026-08-17 19:10:00,0
TX_004018,ACC_0662,ACC_0964,707.22,2026-08-17 19:11:00,0
TX_005116,ACC_0293,ACC_0002,142.23,2026-08-17 19:17:00,1
TX_004843,ACC_0634,ACC_0601,111.45,2026-08-17 19:18:00,0
TX_003009,ACC_0351,ACC_0037,333.38,2026-08-17 19:19:00,0
TX_005117,ACC_0293,ACC_0002,45501.76,2026-08-17 19:27:00,1
TX_003631,ACC_0107,ACC_0074,327.55,2026-08-17 20:02:00,0
TX_004007,ACC_0015,ACC_0912,840.81,2026-08-17 20:14:00,0
TX_002225,ACC_0380,ACC_0827,112.86,2026-08-17 20:23:00,0
TX_003545,ACC_0337,ACC_0410,373.46,2026-08-17 20:25:00,0
TX_001142,ACC_0456,ACC_0953,884.38,2026-08-17 20:49:00,0
TX_002222,ACC_0058,ACC_0936,1800.23,2026-08-17 20:52:00,0
TX_000654,ACC_0265,ACC_0001,727.01,2026-08-17 20:57:00,0
TX_004642,ACC_0861,ACC_0363,381.75,2026-08-17 21:00:00,0
TX_003921,ACC_0740,ACC_0219,413.22,2026-08-17 21:02:00,0
TX_003240,ACC_0685,ACC_0521,610.92,2026-08-17 21:13:00,0
TX_001111,ACC_0890,ACC_0875,112.77,2026-08-17 21:43:00,0
TX_001132,ACC_0482,ACC_0157,100.41,2026-08-17 21:44:00,0
TX_000437,ACC_0717,ACC_0729,259.68,2026-08-17 21:46:00,0
TX_000905,ACC_0252,ACC_0765,701.12,2026-08-17 22:00:00,0
TX_001363,ACC_0683,ACC_0612,1355.14,2026-08-17 22:33:00,0
TX_004122,ACC_0671,ACC_0378,391.08,2026-08-17 22:38:00,0
TX_005180,ACC_0551,ACC_0041,251.14,2026-08-17 22:50:00,1
TX_005181,ACC_0551,ACC_0041,33271.99,2026-08-17 23:00:00,1
TX_003473,ACC_0522,ACC_0800,246.01,2026-08-17 23:06:00,0
TX_003230,ACC_0881,ACC_0304,163.36,2026-08-17 23:10:00,0
TX_000580,ACC_0002,ACC_0461,993.33,2026-08-17 23:25:00,0
TX_001205,ACC_0491,ACC_0566,841.53,2026-08-17 23:38:00,0
TX_000152,ACC_0992,ACC_0640,73.58,2026-08-17 23:39:00,0
TX_001096,ACC_0778,ACC_0553,623.76,2026-08-17 23:56:00,0
TX_002544,ACC_0537,ACC_0869,1015.46,2026-08-18 00:26:00,0
TX_000752,ACC_0850,ACC_0508,630.73,2026-08-18 00:42:00,0
TX_002927,ACC_0465,ACC_0853,121.73,2026-08-18 00:44:00,0
TX_004821,ACC_0392,ACC_0091,2392.5,2026-08-18 00:45:00,0
TX_000420,ACC_0778,ACC_0853,192.83,2026-08-18 00:46:00,0
TX_002658,ACC_0725,ACC_0314,658.32,2026-08-18 00:52:00,0
TX_002792,ACC_0962,ACC_0327,483.72,2026-08-18 00:53:00,0
TX_000559,ACC_0583,ACC_0713,715.63,2026-08-18 01:00:00,0
TX_003950,ACC_0048,ACC_0248,382.74,2026-08-18 01:12:00,0
TX_002785,ACC_0421,ACC_0629,634.28,2026-08-18 01:15:00,0
TX_002423,ACC_0252,ACC_0062,73.43,2026-08-18 01:19:00,0
TX_004351,ACC_0045,ACC_0947,495.96,2026-08-18 01:28:00,0
TX_003961,ACC_0828,ACC_0066,604.84,2026-08-18 01:31:00,0
TX_004648,ACC_0657,ACC_0271,488.26,2026-08-18 01:32:00,0
TX_002897,ACC_0396,ACC_0985,132.89,2026-08-18 01:43:00,0
TX_004697,ACC_0038,ACC_0926,673.43,2026-08-18 01:46:00,0
TX_002549,ACC_0300,ACC_0933,148.43,2026-08-18 01:48:00,0
TX_004582,ACC_0855,ACC_0579,580.58,2026-08-18 01:56:00,0
TX_003936,ACC_0461,ACC_0165,505.93,2026-08-18 01:57:00,0
TX_000748,ACC_0706,ACC_0199,1258.19,2026-08-18 02:02:00,0
TX_002038,ACC_0787,ACC_0304,53.09,2026-08-18 02:08:00,0
TX_001540,ACC_0810,ACC_0565,79.26,2026-08-18 02:13:00,0
TX_002150,ACC_0948,ACC_0454,222.49,2026-08-18 02:15:00,0
TX_003421,ACC_0898,ACC_0271,1357.07,2026-08-18 02:30:00,0
TX_002083,ACC_0191,ACC_0672,703.01,2026-08-18 02:34:00,0
TX_002936,ACC_0660,ACC_0132,87.92,2026-08-18 02:48:00,0
TX_004148,ACC_0598,ACC_0255,52.28,2026-08-18 03:06:00,0
TX_003205,ACC_0860,ACC_0932,692.53,2026-08-18 03:10:00,0
TX_002828,ACC_0935,ACC_0471,214.27,2026-08-18 03:18:00,0
TX_003957,ACC_0533,ACC_0346,50.21,2026-08-18 03:24:00,0
TX_000472,ACC_0328,ACC_0940,183.99,2026-08-18 03:26:00,0
TX_000700,ACC_0055,ACC_0457,833.29,2026-08-18 03:52:00,0
TX_000416,ACC_0255,ACC_0577,114.46,2026-08-18 04:07:00,0
TX_002857,ACC_0591,ACC_0101,149.02,2026-08-18 04:10:00,0
TX_000441,ACC_0774,ACC_0756,504.95,2026-08-18 04:24:00,0
TX_000900,ACC_0745,ACC_0157,725.41,2026-08-18 04:37:00,0
TX_002690,ACC_0683,ACC_0738,111.26,2026-08-18 04:45:00,0
TX_003119,ACC_0023,ACC_0187,414.72,2026-08-18 04:46:00,0
TX_000287,ACC_0701,ACC_0348,493.79,2026-08-18 04:55:00,0
TX_004751,ACC_0109,ACC_0941,79.73,2026-08-18 05:16:00,0
TX_001522,ACC_0487,ACC_0691,551.97,2026-08-18 05:19:00,0
TX_003743,ACC_0080,ACC_0650,529.17,2026-08-18 05:29:00,0
TX_001421,ACC_0495,ACC_0019,346.56,2026-08-18 05:42:00,0
TX_001161,ACC_0503,ACC_0611,163.47,2026-08-18 05:54:00,0
TX_001934,ACC_0795,ACC_0805,71.19,2026-08-18 06:01:00,0
TX_001594,ACC_0454,ACC_0491,84.92,2026-08-18 06:01:00,0
TX_001960,ACC_0451,ACC_0139,264.06,2026-08-18 06:08:00,0
TX_003789,ACC_0645,ACC_0260,242.15,2026-08-18 06:09:00,0
TX_000679,ACC_0602,ACC_0775,953.73,2026-08-18 06:22:00,0
TX_004476,ACC_0724,ACC_0171,583.94,2026-08-18 06:35:00,0
TX_001203,ACC_0722,ACC_0782,825.11,2026-08-18 06:36:00,0
TX_001039,ACC_0902,ACC_0187,73.92,2026-08-18 06:36:00,0
TX_004361,ACC_0679,ACC_0852,1273.88,2026-08-18 06:39:00,0
TX_002999,ACC_0690,ACC_0132,407.59,2026-08-18 06:40:00,0
TX_005280,ACC_0056,ACC_0005,196.2,2026-08-18 06:53:00,1
TX_001094,ACC_0549,ACC_0755,420.6,2026-08-18 06:58:00,0
TX_002180,ACC_0618,ACC_0447,282.71,2026-08-18 07:00:00,0
TX_005281,ACC_0056,ACC_0005,40464.17,2026-08-18 07:03:00,1
TX_002188,ACC_0721,ACC_0419,373.84,2026-08-18 07:24:00,0
TX_000925,ACC_0215,ACC_0325,164.25,2026-08-18 07:34:00,0
TX_000280,ACC_0792,ACC_0013,1072.45,2026-08-18 07:40:00,0
TX_000141,ACC_0233,ACC_0578,899.32,2026-08-18 08:01:00,0
TX_002637,ACC_0400,ACC_0863,135.89,2026-08-18 08:12:00,0
TX_002645,ACC_0550,ACC_0579,230.58,2026-08-18 08:20:00,0
TX_004194,ACC_0768,ACC_0747,959.7,2026-08-18 08:20:00,0
TX_002069,ACC_0991,ACC_0401,366.46,2026-08-18 08:29:00,0
TX_004258,ACC_0655,ACC_0183,772.02,2026-08-18 08:36:00,0
TX_005272,ACC_0406,ACC_0044,178.69,2026-08-18 08:40:00,1
TX_000165,ACC_0001,ACC_0495,94.33,2026-08-18 08:41:00,0
TX_003501,ACC_0434,ACC_0276,494.03,2026-08-18 08:48:00,0
TX_005273,ACC_0406,ACC_0044,28564.78,2026-08-18 08:50:00,1
TX_002506,ACC_0775,ACC_0642,96.02,2026-08-18 08:52:00,0
TX_002054,ACC_0746,ACC_0247,431.01,2026-08-18 08:53:00,0
TX_000483,ACC_0193,ACC_0971,720.78,2026-08-18 09:01:00,0
TX_002029,ACC_0793,ACC_0588,107.14,2026-08-18 09:16:00,0
TX_002606,ACC_0454,ACC_0266,623.04,2026-08-18 09:30:00,0
TX_003351,ACC_0866,ACC_0588,667.24,2026-08-18 09:37:00,0
TX_002505,ACC_0598,ACC_0561,1223.06,2026-08-18 09:41:00,0
TX_000155,ACC_0666,ACC_0504,728.99,2026-08-18 09:47:00,0
TX_002908,ACC_0826,ACC_0013,657.06,2026-08-18 10:00:00,0
TX_001241,ACC_0018,ACC_0372,434.36,2026-08-18 10:07:00,0
TX_004610,ACC_0206,ACC_0253,261.6,2026-08-18 10:26:00,0
TX_002336,ACC_0999,ACC_0841,267.15,2026-08-18 10:29:00,0
TX_000686,ACC_0159,ACC_0736,654.84,2026-08-18 10:38:00,0
TX_000290,ACC_0879,ACC_0954,771.41,2026-08-18 10:40:00,0
TX_004064,ACC_0466,ACC_0844,124.65,2026-08-18 10:55:00,0
TX_001058,ACC_0975,ACC_0870,362.83,2026-08-18 10:55:00,0
TX_004663,ACC_0234,ACC_0243,1374.17,2026-08-18 10:57:00,0
TX_004139,ACC_0096,ACC_0483,734.06,2026-08-18 11:00:00,0
TX_004075,ACC_0963,ACC_0985,623.03,2026-08-18 11:05:00,0
TX_004467,ACC_0290,ACC_0854,355.89,2026-08-18 11:07:00,0
TX_000677,ACC_0226,ACC_0271,127.76,2026-08-18 11:13:00,0
TX_003504,ACC_0841,ACC_0389,632.94,2026-08-18 11:25:00,0
TX_001063,ACC_0773,ACC_0533,448.53,2026-08-18 11:26:00,0
TX_001781,ACC_0875,ACC_0407,284.84,2026-08-18 11:27:00,0
TX_004922,ACC_0810,ACC_0800,861.42,2026-08-18 11:36:00,0
TX_002354,ACC_0186,ACC_0453,446.45,2026-08-18 11:42:00,0
TX_004723,ACC_0846,ACC_0687,1537.31,2026-08-18 11:51:00,0
TX_002451,ACC_0826,ACC_0101,155.82,2026-08-18 11:51:00,0
TX_000098,ACC_0441,ACC_0424,365.62,2026-08-18 11:52:00,0
TX_000083,ACC_0387,ACC_0745,73.35,2026-08-18 11:56:00,0
TX_004385,ACC_0383,ACC_0272,357.14,2026-08-18 12:02:00,0
TX_003294,ACC_0279,ACC_0498,178.11,2026-08-18 12:06:00,0
TX_003303,ACC_0418,ACC_0271,97.36,2026-08-18 12:23:00,0
TX_004983,ACC_0659,ACC_0271,691.73,2026-08-18 12:24:00,0
TX_005032,ACC_0670,ACC_0049,291.49,2026-08-18 12:24:00,1
TX_004632,ACC_0880,ACC_0863,248.27,2026-08-18 12:27:00,0
TX_005033,ACC_0670,ACC_0049,47199.49,2026-08-18 12:34:00,1
TX_005028,ACC_0893,ACC_0018,148.24,2026-08-18 12:46:00,1
TX_001164,ACC_0051,ACC_0706,343.22,2026-08-18 12:53:00,0
TX_005029,ACC_0893,ACC_0018,15011.32,2026-08-18 12:56:00,1
TX_000209,ACC_0437,ACC_0529,586.61,2026-08-18 13:10:00,0
TX_003836,ACC_0614,ACC_0598,180.57,2026-08-18 13:19:00,0
TX_000697,ACC_0788,ACC_0216,279.3,2026-08-18 13:34:00,0
TX_005158,ACC_0165,ACC_0007,187.31,2026-08-18 13:45:00,1
TX_003798,ACC_0060,ACC_0507,421.62,2026-08-18 13:51:00,0
TX_002124,ACC_0863,ACC_0269,64.41,2026-08-18 13:52:00,0
TX_005159,ACC_0165,ACC_0007,36620.49,2026-08-18 13:55:00,1
TX_001701,ACC_0881,ACC_0127,592.52,2026-08-18 13:56:00,0
TX_001842,ACC_0561,ACC_0484,167.77,2026-08-18 14:03:00,0
TX_001981,ACC_0944,ACC_0820,465.74,2026-08-18 14:10:00,0
TX_004896,ACC_0447,ACC_0306,131.23,2026-08-18 14:15:00,0
TX_002681,ACC_0900,ACC_0185,684.77,2026-08-18 14:32:00,0
TX_001546,ACC_0035,ACC_0762,90.88,2026-08-18 14:42:00,0
TX_002907,ACC_0299,ACC_0123,766.61,2026-08-18 14:46:00,0
TX_004901,ACC_0455,ACC_0864,482.44,2026-08-18 14:54:00,0
TX_002926,ACC_0099,ACC_0157,415.26,2026-08-18 14:55:00,0
TX_003914,ACC_0387,ACC_0614,722.71,2026-08-18 15:29:00,0
TX_001956,ACC_0045,ACC_0866,160.34,2026-08-18 15:29:00,0
TX_000051,ACC_0268,ACC_0191,895.23,2026-08-18 15:49:00,0
TX_004248,ACC_0292,ACC_0051,271.92,2026-08-18 15:57:00,0
TX_003266,ACC_0903,ACC_0429,120.06,2026-08-18 16:07:00,0
TX_001864,ACC_0188,ACC_0363,80.35,2026-08-18 16:18:00,0
TX_000644,ACC_0110,ACC_0895,163.34,2026-08-18 16:24:00,0
TX_002593,ACC_0737,ACC_0434,79.38,2026-08-18 16:27:00,0
TX_002660,ACC_0909,ACC_0885,865.42,2026-08-18 16:38:00,0
TX_000516,ACC_0534,ACC_0755,927.78,2026-08-18 16:45:00,0
TX_002327,ACC_0458,ACC_0385,581.67,2026-08-18 16:49:00,0
TX_004116,ACC_0314,ACC_0589,852.21,2026-08-18 16:52:00,0
TX_003177,ACC_0035,ACC_0784,94.05,2026-08-18 16:56:00,0
TX_003292,ACC_0911,ACC_0220,929.4,2026-08-18 17:02:00,0
TX_003630,ACC_0909,ACC_0988,204.72,2026-08-18 17:03:00,0
TX_003379,ACC_0367,ACC_0712,540.05,2026-08-18 17:06:00,0
TX_003567,ACC_0246,ACC_0027,112.76,2026-08-18 17:17:00,0
TX_004114,ACC_0187,ACC_0151,753.69,2026-08-18 17:20:00,0
TX_003448,ACC_0211,ACC_0401,184.95,2026-08-18 17:31:00,0
TX_004504,ACC_0732,ACC_0969,147.33,2026-08-18 17:35:00,0
TX_004990,ACC_0945,ACC_0137,1067.27,2026-08-18 17:36:00,0
TX_001923,ACC_0315,ACC_0868,163.14,2026-08-18 17:41:00,0
TX_002470,ACC_0869,ACC_0310,1001.02,2026-08-18 17:45:00,0
TX_000631,ACC_0522,ACC_0714,563.47,2026-08-18 17:55:00,0
TX_002008,ACC_0575,ACC_0422,97.54,2026-08-18 18:14:00,0
TX_003317,ACC_0675,ACC_0962,524.55,2026-08-18 18:18:00,0
TX_002808,ACC_0350,ACC_0361,782.89,2026-08-18 18:24:00,0
TX_000200,ACC_0365,ACC_0508,266.46,2026-08-18 18:32:00,0
TX_001033,ACC_0247,ACC_0675,180.76,2026-08-18 19:02:00,0
TX_003646,ACC_0001,ACC_0813,496.29,2026-08-18 19:04:00,0
TX_004255,ACC_0253,ACC_0276,186.69,2026-08-18 19:10:00,0
TX_004596,ACC_0887,ACC_0278,50.47,2026-08-18 19:27:00,0
TX_004278,ACC_0880,ACC_0451,62.76,2026-08-18 19:37:00,0
TX_002425,ACC_0919,ACC_0155,106.46,2026-08-18 19:58:00,0
TX_000596,ACC_0594,ACC_0591,673.34,2026-08-18 20:02:00,0
TX_004771,ACC_0890,ACC_0627,547.23,2026-08-18 20:11:00,0
TX_000704,ACC_0421,ACC_0937,2755.98,2026-08-18 20:31:00,0
TX_002337,ACC_0118,ACC_0195,324.74,2026-08-18 20:33:00,0
TX_004733,ACC_0603,ACC_0029,209.98,2026-08-18 21:18:00,0
TX_003742,ACC_0221,ACC_0193,1414.15,2026-08-18 21:25:00,0
TX_004571,ACC_0222,ACC_0920,1672.56,2026-08-18 21:28:00,0
TX_005024,ACC_0860,ACC_0008,148.02,2026-08-18 21:45:00,1
TX_005025,ACC_0860,ACC_0008,34054.8,2026-08-18 21:55:00,1
TX_002447,ACC_0974,ACC_0809,155.87,2026-08-18 21:55:00,0
TX_001232,ACC_0633,ACC_0114,72.14,2026-08-18 22:04:00,0
TX_002044,ACC_0745,ACC_0459,95.38,2026-08-18 22:15:00,0
TX_000922,ACC_0785,ACC_0254,346.49,2026-08-18 22:18:00,0
TX_003823,ACC_0727,ACC_0700,375.87,2026-08-18 22:28:00,0
TX_002611,ACC_0454,ACC_0778,185.62,2026-08-18 22:33:00,0
TX_000820,ACC_0569,ACC_0692,102.29,2026-08-18 22:46:00,0
TX_004236,ACC_0573,ACC_0412,50.96,2026-08-18 22:51:00,0
TX_001213,ACC_0303,ACC_0796,1076.7,2026-08-18 22:54:00,0
TX_005000,ACC_0713,ACC_0038,296.32,2026-08-18 22:54:00,1
TX_003087,ACC_0949,ACC_0717,659.45,2026-08-18 22:58:00,0
TX_005001,ACC_0713,ACC_0038,27437.09,2026-08-18 23:04:00,1
TX_003430,ACC_0100,ACC_0354,144.24,2026-08-18 23:16:00,0
TX_000254,ACC_0762,ACC_0014,320.53,2026-08-18 23:22:00,0
TX_001715,ACC_0278,ACC_0679,137.39,2026-08-18 23:28:00,0
TX_004852,ACC_0717,ACC_0045,102.96,2026-08-18 23:38:00,0
TX_001390,ACC_0731,ACC_0782,271.56,2026-08-19 00:04:00,0
TX_000050,ACC_0325,ACC_0305,2399.94,2026-08-19 00:08:00,0
TX_002086,ACC_0266,ACC_0826,891.52,2026-08-19 00:09:00,0
TX_004945,ACC_0936,ACC_0809,1068.78,2026-08-19 00:16:00,0
TX_001675,ACC_0168,ACC_0646,449.82,2026-08-19 00:17:00,0
TX_003579,ACC_0556,ACC_0272,745.05,2026-08-19 00:39:00,0
TX_000544,ACC_0493,ACC_0105,58.79,2026-08-19 00:53:00,0
TX_000106,ACC_0738,ACC_0913,505.15,2026-08-19 00:55:00,0
TX_000432,ACC_0168,ACC_0270,327.37,2026-08-19 00:56:00,0
TX_003223,ACC_0048,ACC_0819,330.34,2026-08-19 00:58:00,0
TX_001586,ACC_0176,ACC_0370,1060.95,2026-08-19 01:29:00,0
TX_003220,ACC_0131,ACC_0414,56.17,2026-08-19 01:35:00,0
TX_004097,ACC_0503,ACC_0566,128.66,2026-08-19 01:54:00,0
TX_001041,ACC_0964,ACC_0395,300.0,2026-08-19 01:57:00,0
TX_000366,ACC_0748,ACC_0529,240.4,2026-08-19 01:57:00,0
TX_004816,ACC_0144,ACC_0036,155.97,2026-08-19 02:11:00,0
TX_000763,ACC_0944,ACC_0685,552.31,2026-08-19 02:17:00,0
TX_000722,ACC_0412,ACC_0325,1030.41,2026-08-19 02:18:00,0
TX_005100,ACC_0774,ACC_0023,177.62,2026-08-19 02:31:00,1
TX_005101,ACC_0774,ACC_0023,36825.88,2026-08-19 02:41:00,1
TX_000005,ACC_0320,ACC_0707,247.47,2026-08-19 02:41:00,0
TX_003977,ACC_0571,ACC_0587,128.35,2026-08-19 02:42:00,0
TX_004373,ACC_0926,ACC_0183,747.65,2026-08-19 02:43:00,0
TX_001533,ACC_0477,ACC_0675,1092.65,2026-08-19 02:51:00,0
TX_000774,ACC_0292,ACC_0390,744.72,2026-08-19 02:52:00,0
TX_002977,ACC_0997,ACC_0489,1919.27,2026-08-19 02:53:00,0
TX_000618,ACC_0350,ACC_0738,64.16,2026-08-19 02:58:00,0
TX_000484,ACC_0234,ACC_0323,335.55,2026-08-19 03:07:00,0
TX_002413,ACC_0083,ACC_0522,413.04,2026-08-19 03:25:00,0
TX_001609,ACC_0585,ACC_0855,408.68,2026-08-19 03:32:00,0
TX_002973,ACC_0432,ACC_0250,957.12,2026-08-19 03:49:00,0
TX_003359,ACC_0421,ACC_0307,470.65,2026-08-19 03:52:00,0
TX_002221,ACC_0197,ACC_0995,222.14,2026-08-19 04:04:00,0
TX_004522,ACC_0165,ACC_0111,399.73,2026-08-19 04:04:00,0
TX_000023,ACC_0977,ACC_0592,245.9,2026-08-19 04:05:00,0
TX_003311,ACC_0798,ACC_0931,709.59,2026-08-19 04:09:00,0
TX_004789,ACC_0735,ACC_0523,84.26,2026-08-19 04:30:00,0
TX_002965,ACC_0085,ACC_0238,217.18,2026-08-19 04:38:00,0
TX_004827,ACC_0647,ACC_0097,101.1,2026-08-19 04:51:00,0
TX_005278,ACC_0908,ACC_0042,161.7,2026-08-19 04:53:00,1
TX_004832,ACC_0318,ACC_0150,988.35,2026-08-19 04:53:00,0
TX_005279,ACC_0908,ACC_0042,46105.92,2026-08-19 05:03:00,1
TX_002232,ACC_0970,ACC_0636,68.8,2026-08-19 05:07:00,0
TX_004230,ACC_0382,ACC_0340,167.9,2026-08-19 05:18:00,0
TX_002684,ACC_0478,ACC_0530,182.98,2026-08-19 05:24:00,0
TX_001049,ACC_0847,ACC_0376,744.97,2026-08-19 05:27:00,0
TX_004973,ACC_0001,ACC_0647,127.71,2026-08-19 05:28:00,0
TX_002003,ACC_0876,ACC_0993,1037.06,2026-08-19 05:30:00,0
TX_003803,ACC_0279,ACC_0963,90.8,2026-08-19 05:35:00,0
TX_000438,ACC_0793,ACC_0189,466.48,2026-08-19 05:46:00,0
TX_002929,ACC_0563,ACC_0435,728.62,2026-08-19 05:47:00,0
TX_000449,ACC_0737,ACC_0736,908.01,2026-08-19 05:47:00,0
TX_000455,ACC_0935,ACC_0280,378.38,2026-08-19 06:27:00,0
TX_003771,ACC_0591,ACC_0345,1307.67,2026-08-19 06:31:00,0
TX_002450,ACC_0550,ACC_0318,291.9,2026-08-19 06:52:00,0
TX_003022,ACC_0523,ACC_0306,395.61,2026-08-19 06:55:00,0
TX_005290,ACC_0851,ACC_0005,103.59,2026-08-19 06:55:00,1
TX_005291,ACC_0851,ACC_0005,41958.58,2026-08-19 07:05:00,1
TX_003613,ACC_0748,ACC_0120,135.48,2026-08-19 07:16:00,0
TX_002565,ACC_0278,ACC_0079,177.37,2026-08-19 07:18:00,0
TX_000473,ACC_0940,ACC_0325,643.25,2026-08-19 07:23:00,0
TX_002526,ACC_0867,ACC_0156,1489.18,2026-08-19 07:35:00,0
TX_003733,ACC_0654,ACC_0734,649.11,2026-08-19 07:36:00,0
TX_000103,ACC_0307,ACC_0577,1492.44,2026-08-19 07:37:00,0
TX_000506,ACC_0801,ACC_0541,2692.45,2026-08-19 07:46:00,0
TX_004765,ACC_0094,ACC_0653,455.42,2026-08-19 07:55:00,0
TX_004638,ACC_0238,ACC_0766,420.5,2026-08-19 08:01:00,0
TX_001592,ACC_0551,ACC_0994,1016.64,2026-08-19 08:21:00,0
TX_001907,ACC_0886,ACC_0761,1547.57,2026-08-19 08:35:00,0
TX_003985,ACC_0531,ACC_0064,287.12,2026-08-19 08:45:00,0
TX_001755,ACC_0636,ACC_0939,741.75,2026-08-19 08:55:00,0
TX_001798,ACC_0848,ACC_0266,591.59,2026-08-19 09:01:00,0
TX_002830,ACC_0947,ACC_0609,169.38,2026-08-19 09:03:00,0
TX_003436,ACC_0329,ACC_0604,434.24,2026-08-19 09:35:00,0
TX_003756,ACC_0435,ACC_0981,83.3,2026-08-19 09:38:00,0
TX_002077,ACC_0930,ACC_0153,436.18,2026-08-19 09:53:00,0
TX_000166,ACC_0656,ACC_0069,455.17,2026-08-19 09:57:00,0
TX_000296,ACC_0516,ACC_0466,1567.5,2026-08-19 10:02:00,0
TX_000017,ACC_0628,ACC_0945,315.48,2026-08-19 10:06:00,0
TX_002649,ACC_0099,ACC_0167,567.16,2026-08-19 10:26:00,0
TX_001595,ACC_0820,ACC_0825,284.07,2026-08-19 10:35:00,0
TX_004747,ACC_0917,ACC_0706,358.88,2026-08-19 10:51:00,0
TX_003561,ACC_0531,ACC_0224,122.74,2026-08-19 10:53:00,0
TX_001774,ACC_0978,ACC_0990,1138.81,2026-08-19 10:57:00,0
TX_000228,ACC_0982,ACC_0960,829.86,2026-08-19 11:01:00,0
TX_004907,ACC_0210,ACC_0979,678.06,2026-08-19 11:04:00,0
TX_005212,ACC_0206,ACC_0037,193.88,2026-08-19 11:05:00,1
TX_002399,ACC_0741,ACC_0275,1600.59,2026-08-19 11:07:00,0
TX_000638,ACC_0201,ACC_0144,395.51,2026-08-19 11:13:00,0
TX_005213,ACC_0206,ACC_0037,44890.29,2026-08-19 11:15:00,1
TX_000295,ACC_0540,ACC_0676,1258.31,2026-08-19 11:18:00,0
TX_004263,ACC_0989,ACC_0533,707.62,2026-08-19 11:20:00,0
TX_002244,ACC_0503,ACC_0248,480.87,2026-08-19 11:20:00,0
TX_002257,ACC_0701,ACC_0668,118.39,2026-08-19 11:20:00,0
TX_003636,ACC_0229,ACC_0935,221.43,2026-08-19 11:33:00,0
TX_002218,ACC_0063,ACC_0987,2273.31,2026-08-19 11:33:00,0
TX_003088,ACC_0710,ACC_0041,85.38,2026-08-19 11:36:00,0
TX_001959,ACC_0397,ACC_0877,1402.53,2026-08-19 11:39:00,0
TX_002762,ACC_0041,ACC_0977,59.49,2026-08-19 11:59:00,0
TX_003193,ACC_0539,ACC_0941,310.03,2026-08-19 12:16:00,0
TX_000664,ACC_0534,ACC_0474,288.93,2026-08-19 12:28:00,0
TX_000489,ACC_0641,ACC_0063,260.75,2026-08-19 12:28:00,0
TX_002613,ACC_0414,ACC_0597,1163.52,2026-08-19 12:29:00,0
TX_001332,ACC_0420,ACC_0596,901.82,2026-08-19 12:30:00,0
TX_005104,ACC_0943,ACC_0049,164.91,2026-08-19 12:39:00,1
TX_005105,ACC_0943,ACC_0049,43968.79,2026-08-19 12:49:00,1
TX_000785,ACC_0743,ACC_0112,61.27,2026-08-19 12:52:00,0
TX_003844,ACC_0578,ACC_0800,56.2,2026-08-19 13:04:00,0
TX_003121,ACC_0874,ACC_0707,58.33,2026-08-19 13:08:00,0
TX_000257,ACC_0577,ACC_0146,167.7,2026-08-19 13:12:00,0
TX_003566,ACC_0908,ACC_0746,966.93,2026-08-19 13:12:00,0
TX_000601,ACC_0017,ACC_0206,524.31,2026-08-19 13:16:00,0
TX_003493,ACC_0699,ACC_0402,196.26,2026-08-19 13:23:00,0
TX_002855,ACC_0136,ACC_0333,634.06,2026-08-19 13:34:00,0
TX_004257,ACC_0684,ACC_0955,273.13,2026-08-19 13:38:00,0
TX_002721,ACC_0398,ACC_0808,53.08,2026-08-19 13:42:00,0
TX_003246,ACC_0903,ACC_0141,759.74,2026-08-19 13:57:00,0
TX_002522,ACC_0230,ACC_0340,84.09,2026-08-19 14:17:00,0
TX_002353,ACC_0866,ACC_0619,758.08,2026-08-19 14:27:00,0
TX_001172,ACC_0841,ACC_0417,329.13,2026-08-19 14:38:00,0
TX_004399,ACC_0664,ACC_0894,171.73,2026-08-19 14:43:00,0
TX_005064,ACC_0217,ACC_0008,137.52,2026-08-19 15:11:00,1
TX_004149,ACC_0576,ACC_0483,988.75,2026-08-19 15:14:00,0
TX_005065,ACC_0217,ACC_0008,26250.25,2026-08-19 15:21:00,1
TX_002040,ACC_0199,ACC_0307,822.16,2026-08-19 15:35:00,0
TX_000540,ACC_0966,ACC_0330,229.57,2026-08-19 15:39:00,0
TX_000239,ACC_0386,ACC_0455,393.02,2026-08-19 15:50:00,0
TX_001424,ACC_0035,ACC_0037,110.6,2026-08-19 15:59:00,0
TX_001624,ACC_0062,ACC_0505,2700.34,2026-08-19 16:09:00,0
TX_001908,ACC_0173,ACC_0242,84.28,2026-08-19 16:17:00,0
TX_000419,ACC_0995,ACC_0366,196.43,2026-08-19 16:19:00,0
TX_005176,ACC_0144,ACC_0026,250.07,2026-08-19 16:20:00,1
TX_002631,ACC_0727,ACC_0910,225.19,2026-08-19 16:22:00,0
TX_005177,ACC_0144,ACC_0026,35422.5,2026-08-19 16:30:00,1
TX_000641,ACC_0753,ACC_0545,797.17,2026-08-19 16:33:00,0
TX_001384,ACC_0052,ACC_0898,85.57,2026-08-19 16:58:00,0
TX_002837,ACC_0499,ACC_0151,380.45,2026-08-19 17:00:00,0
TX_001705,ACC_0776,ACC_0496,864.75,2026-08-19 17:11:00,0
TX_001723,ACC_0051,ACC_0059,88.73,2026-08-19 17:25:00,0
TX_004629,ACC_0382,ACC_0471,758.87,2026-08-19 18:01:00,0
TX_002094,ACC_0096,ACC_0704,935.82,2026-08-19 18:10:00,0
TX_005156,ACC_0103,ACC_0004,107.99,2026-08-19 19:05:00,1
TX_005157,ACC_0103,ACC_0004,29781.83,2026-08-19 19:15:00,1
TX_003737,ACC_0781,ACC_0962,489.29,2026-08-19 19:42:00,0
TX_004087,ACC_0723,ACC_0761,562.57,2026-08-19 19:47:00,0
TX_002310,ACC_0819,ACC_0153,106.3,2026-08-19 19:51:00,0
TX_003670,ACC_0375,ACC_0459,385.91,2026-08-19 20:17:00,0
TX_002557,ACC_0437,ACC_0810,211.29,2026-08-19 20:20:00,0
TX_000971,ACC_0762,ACC_0724,274.11,2026-08-19 20:31:00,0
TX_003165,ACC_0255,ACC_0549,359.0,2026-08-19 20:45:00,0
TX_003102,ACC_0314,ACC_0193,292.94,2026-08-19 20:51:00,0
TX_003676,ACC_0975,ACC_0777,210.61,2026-08-19 20:55:00,0
TX_000676,ACC_0941,ACC_0912,248.88,2026-08-19 21:14:00,0
TX_004955,ACC_0609,ACC_0594,151.44,2026-08-19 21:23:00,0
TX_002135,ACC_0503,ACC_0520,748.25,2026-08-19 21:25:00,0
TX_004783,ACC_0648,ACC_0270,461.21,2026-08-19 22:02:00,0
TX_004549,ACC_0933,ACC_0540,351.1,2026-08-19 22:16:00,0
TX_001520,ACC_0346,ACC_0414,1376.21,2026-08-19 22:19:00,0
TX_000167,ACC_0286,ACC_0951,1321.39,2026-08-19 22:28:00,0
TX_000475,ACC_0441,ACC_0008,124.87,2026-08-19 22:40:00,0
TX_001165,ACC_0271,ACC_0723,1189.7,2026-08-19 22:40:00,0
TX_002800,ACC_0380,ACC_0826,201.92,2026-08-19 22:42:00,0
TX_000759,ACC_0460,ACC_0360,857.63,2026-08-19 22:44:00,0
TX_004532,ACC_0589,ACC_0100,808.71,2026-08-19 22:45:00,0
TX_003691,ACC_0861,ACC_0238,471.68,2026-08-19 22:49:00,0
TX_002960,ACC_0843,ACC_0221,283.07,2026-08-19 22:57:00,0
TX_002092,ACC_0840,ACC_0620,525.33,2026-08-19 23:07:00,0
TX_000734,ACC_0983,ACC_0776,417.72,2026-08-19 23:08:00,0
TX_000260,ACC_0299,ACC_0372,650.04,2026-08-19 23:10:00,0
TX_005270,ACC_0761,ACC_0000,124.25,2026-08-19 23:12:00,1
TX_001537,ACC_0353,ACC_0521,677.21,2026-08-19 23:15:00,0
TX_005271,ACC_0761,ACC_0000,22826.59,2026-08-19 23:22:00,1
TX_001011,ACC_0965,ACC_0876,2027.02,2026-08-19 23:32:00,0
TX_001171,ACC_0924,ACC_0841,332.73,2026-08-19 23:35:00,0
TX_003777,ACC_0133,ACC_0255,155.36,2026-08-19 23:41:00,0
TX_003312,ACC_0467,ACC_0486,288.62,2026-08-19 23:41:00,0
TX_002167,ACC_0918,ACC_0390,747.23,2026-08-19 23:49:00,0
TX_001343,ACC_0013,ACC_0533,655.92,2026-08-19 23:55:00,0
TX_002402,ACC_0347,ACC_0971,121.47,2026-08-20 00:02:00,0
TX_000446,ACC_0491,ACC_0877,1172.98,2026-08-20 00:27:00,0
TX_003073,ACC_0180,ACC_0433,463.92,2026-08-20 00:30:00,0
TX_003442,ACC_0948,ACC_0967,1019.29,2026-08-20 00:38:00,0
TX_001846,ACC_0996,ACC_0689,552.63,2026-08-20 00:51:00,0
TX_001829,ACC_0095,ACC_0699,404.18,2026-08-20 00:51:00,0
TX_002432,ACC_0691,ACC_0454,335.62,2026-08-20 00:52:00,0
TX_001368,ACC_0719,ACC_0466,335.71,2026-08-20 00:52:00,0
TX_001104,ACC_0042,ACC_0249,575.5,2026-08-20 00:55:00,0
TX_003736,ACC_0834,ACC_0785,79.79,2026-08-20 00:56:00,0
TX_003146,ACC_0823,ACC_0362,1086.69,2026-08-20 01:16:00,0
TX_000225,ACC_0355,ACC_0722,910.95,2026-08-20 01:21:00,0
TX_000266,ACC_0309,ACC_0365,350.93,2026-08-20 01:21:00,0
TX_001292,ACC_0993,ACC_0368,62.08,2026-08-20 01:23:00,0
TX_002263,ACC_0251,ACC_0516,178.16,2026-08-20 01:37:00,0
TX_001927,ACC_0147,ACC_0444,238.73,2026-08-20 01:57:00,0
TX_003108,ACC_0554,ACC_0958,164.08,2026-08-20 01:57:00,0
TX_000505,ACC_0591,ACC_0929,238.59,2026-08-20 02:04:00,0
TX_000055,ACC_0127,ACC_0615,518.98,2026-08-20 02:06:00,0
TX_001234,ACC_0080,ACC_0432,733.87,2026-08-20 02:10:00,0
TX_001681,ACC_0961,ACC_0951,1171.66,2026-08-20 02:14:00,0
TX_004077,ACC_0838,ACC_0286,145.27,2026-08-20 02:16:00,0
TX_003693,ACC_0514,ACC_0320,263.71,2026-08-20 02:21:00,0
TX_001553,ACC_0147,ACC_0211,582.94,2026-08-20 02:25:00,0
TX_004466,ACC_0387,ACC_0882,1003.19,2026-08-20 02:32:00,0
TX_004424,ACC_0176,ACC_0006,144.24,2026-08-20 02:39:00,0
TX_001362,ACC_0807,ACC_0572,143.15,2026-08-20 02:47:00,0
TX_001387,ACC_0523,ACC_0884,434.53,2026-08-20 02:52:00,0
TX_003179,ACC_0754,ACC_0448,531.74,2026-08-20 03:02:00,0
TX_001976,ACC_0795,ACC_0592,597.43,2026-08-20 03:05:00,0
TX_002335,ACC_0701,ACC_0775,109.4,2026-08-20 03:23:00,0
TX_000189,ACC_0668,ACC_0672,79.29,2026-08-20 03:25:00,0
TX_000214,ACC_0398,ACC_0582,406.94,2026-08-20 03:27:00,0
TX_001470,ACC_0715,ACC_0813,395.07,2026-08-20 03:30:00,0
TX_001707,ACC_0235,ACC_0667,322.68,2026-08-20 03:40:00,0
TX_004959,ACC_0144,ACC_0669,625.54,2026-08-20 04:08:00,0
TX_000662,ACC_0142,ACC_0740,100.06,2026-08-20 04:09:00,0
TX_004135,ACC_0594,ACC_0652,161.47,2026-08-20 04:12:00,0
TX_003058,ACC_0561,ACC_0010,105.94,2026-08-20 04:18:00,0
TX_001064,ACC_0680,ACC_0927,1113.83,2026-08-20 04:29:00,0
TX_003127,ACC_0412,ACC_0755,1018.74,2026-08-20 04:32:00,0
TX_002363,ACC_0333,ACC_0218,100.14,2026-08-20 04:33:00,0
TX_000562,ACC_0555,ACC_0253,124.8,2026-08-20 04:49:00,0
TX_002709,ACC_0354,ACC_0064,641.26,2026-08-20 04:51:00,0
TX_004517,ACC_0256,ACC_0309,428.25,2026-08-20 05:21:00,0
TX_001137,ACC_0514,ACC_0451,955.23,2026-08-20 05:37:00,0
TX_000860,ACC_0950,ACC_0207,991.58,2026-08-20 05:37:00,0
TX_003115,ACC_0362,ACC_0269,305.68,2026-08-20 05:46:00,0
TX_004404,ACC_0080,ACC_0719,321.51,2026-08-20 06:07:00,0
TX_001255,ACC_0743,ACC_0402,76.01,2026-08-20 06:14:00,0
TX_002424,ACC_0849,ACC_0528,1035.68,2026-08-20 06:20:00,0
TX_001144,ACC_0345,ACC_0631,89.52,2026-08-20 06:22:00,0
TX_001465,ACC_0776,ACC_0956,962.73,2026-08-20 06:29:00,0
TX_000833,ACC_0636,ACC_0732,542.97,2026-08-20 06:33:00,0
TX_004382,ACC_0865,ACC_0623,423.91,2026-08-20 06:35:00,0
TX_002789,ACC_0832,ACC_0825,1133.52,2026-08-20 06:35:00,0
TX_001531,ACC_0468,ACC_0602,233.6,2026-08-20 06:53:00,0
TX_002431,ACC_0466,ACC_0957,774.56,2026-08-20 06:55:00,0
TX_002680,ACC_0205,ACC_0530,517.86,2026-08-20 07:09:00,0
TX_002329,ACC_0966,ACC_0464,211.45,2026-08-20 07:14:00,0
TX_002988,ACC_0312,ACC_0955,60.02,2026-08-20 07:20:00,0
TX_002206,ACC_0628,ACC_0031,2736.75,2026-08-20 07:44:00,0
TX_001814,ACC_0585,ACC_0160,371.72,2026-08-20 07:52:00,0
TX_000358,ACC_0793,ACC_0642,571.42,2026-08-20 07:58:00,0
TX_003441,ACC_0283,ACC_0550,1669.44,2026-08-20 08:11:00,0
TX_003337,ACC_0353,ACC_0332,78.46,2026-08-20 08:26:00,0
TX_000159,ACC_0569,ACC_0072,320.99,2026-08-20 08:43:00,0
TX_000288,ACC_0656,ACC_0858,535.68,2026-08-20 08:46:00,0
TX_003285,ACC_0795,ACC_0728,1009.46,2026-08-20 08:53:00,0
TX_004203,ACC_0748,ACC_0062,68.82,2026-08-20 08:56:00,0
TX_004396,ACC_0875,ACC_0248,1585.51,2026-08-20 09:07:00,0
TX_002429,ACC_0982,ACC_0772,113.25,2026-08-20 09:20:00,0
TX_002555,ACC_0955,ACC_0429,1151.05,2026-08-20 09:23:00,0
TX_001479,ACC_0288,ACC_0267,263.68,2026-08-20 09:25:00,0
TX_001442,ACC_0426,ACC_0019,826.79,2026-08-20 09:25:00,0
TX_002277,ACC_0420,ACC_0980,1052.4,2026-08-20 09:38:00,0
TX_004285,ACC_0945,ACC_0837,306.46,2026-08-20 09:41:00,0
TX_002409,ACC_0114,ACC_0996,593.53,2026-08-20 09:44:00,0
TX_000328,ACC_0918,ACC_0591,169.95,2026-08-20 09:44:00,0
TX_004319,ACC_0698,ACC_0558,688.15,2026-08-20 09:55:00,0
TX_004312,ACC_0401,ACC_0885,211.26,2026-08-20 09:55:00,0
TX_000372,ACC_0937,ACC_0274,1537.62,2026-08-20 10:00:00,0
TX_003538,ACC_0228,ACC_0536,654.56,2026-08-20 10:07:00,0
TX_002322,ACC_0674,ACC_0720,261.77,2026-08-20 10:09:00,0
TX_002738,ACC_0495,ACC_0997,899.4,2026-08-20 10:20:00,0
TX_003053,ACC_0984,ACC_0783,67.9,2026-08-20 10:26:00,0
TX_004010,ACC_0338,ACC_0002,326.54,2026-08-20 10:29:00,0
TX_003025,ACC_0876,ACC_0655,70.3,2026-08-20 10:47:00,0
TX_000518,ACC_0293,ACC_0809,83.53,2026-08-20 10:47:00,0
TX_003942,ACC_0239,ACC_0998,898.88,2026-08-20 11:00:00,0
TX_000566,ACC_0109,ACC_0349,61.52,2026-08-20 11:01:00,0
TX_004666,ACC_0572,ACC_0909,1295.57,2026-08-20 11:09:00,0
TX_002052,ACC_0550,ACC_0715,261.76,2026-08-20 11:21:00,0
TX_005222,ACC_0209,ACC_0025,116.42,2026-08-20 11:22:00,1
TX_002694,ACC_0627,ACC_0566,158.01,2026-08-20 11:30:00,0
TX_005223,ACC_0209,ACC_0025,22206.85,2026-08-20 11:32:00,1
TX_001138,ACC_0529,ACC_0023,745.37,2026-08-20 12:07:00,0
TX_005022,ACC_0544,ACC_0008,297.08,2026-08-20 12:08:00,1
TX_003747,ACC_0674,ACC_0028,74.44,2026-08-20 12:18:00,0
TX_005023,ACC_0544,ACC_0008,45986.64,2026-08-20 12:18:00,1
TX_002037,ACC_0448,ACC_0763,260.36,2026-08-20 12:25:00,0
TX_003045,ACC_0226,ACC_0968,737.6,2026-08-20 12:38:00,0
TX_001178,ACC_0677,ACC_0372,286.59,2026-08-20 12:54:00,0
TX_002590,ACC_0906,ACC_0957,383.13,2026-08-20 12:56:00,0
TX_002031,ACC_0494,ACC_0103,1104.88,2026-08-20 13:15:00,0
TX_003987,ACC_0901,ACC_0466,171.15,2026-08-20 13:15:00,0
TX_001238,ACC_0186,ACC_0086,459.61,2026-08-20 13:17:00,0
TX_000322,ACC_0572,ACC_0990,546.65,2026-08-20 13:27:00,0
TX_004962,ACC_0993,ACC_0861,199.78,2026-08-20 13:39:00,0
TX_000043,ACC_0048,ACC_0449,580.4,2026-08-20 13:52:00,0
TX_003042,ACC_0370,ACC_0322,365.78,2026-08-20 13:53:00,0
TX_002230,ACC_0239,ACC_0046,202.19,2026-08-20 14:01:00,0
TX_003219,ACC_0326,ACC_0878,574.09,2026-08-20 14:02:00,0
TX_001497,ACC_0248,ACC_0335,67.82,2026-08-20 14:16:00,0
TX_002456,ACC_0425,ACC_0296,84.64,2026-08-20 14:18:00,0
TX_003565,ACC_0424,ACC_0551,70.71,2026-08-20 14:54:00,0
TX_001182,ACC_0288,ACC_0806,797.17,2026-08-20 14:59:00,0
TX_004307,ACC_0828,ACC_0684,344.05,2026-08-20 15:12:00,0
TX_003611,ACC_0953,ACC_0435,256.17,2026-08-20 15:12:00,0
TX_002015,ACC_0406,ACC_0873,1315.26,2026-08-20 15:26:00,0
TX_001154,ACC_0835,ACC_0150,82.47,2026-08-20 15:29:00,0
TX_003405,ACC_0249,ACC_0479,262.68,2026-08-20 15:32:00,0
TX_000915,ACC_0673,ACC_0085,1467.13,2026-08-20 15:52:00,0
TX_000542,ACC_0427,ACC_0353,215.17,2026-08-20 16:10:00,0
TX_002215,ACC_0656,ACC_0157,441.38,2026-08-20 16:15:00,0
TX_000930,ACC_0405,ACC_0624,2170.11,2026-08-20 16:18:00,0
TX_003848,ACC_0213,ACC_0229,52.7,2026-08-20 16:28:00,0
TX_004227,ACC_0903,ACC_0862,1110.83,2026-08-20 16:30:00,0
TX_005096,ACC_0956,ACC_0003,229.8,2026-08-20 16:34:00,1
TX_003284,ACC_0180,ACC_0528,374.17,2026-08-20 16:39:00,0
TX_003909,ACC_0079,ACC_0284,341.27,2026-08-20 16:40:00,0
TX_005097,ACC_0956,ACC_0003,46680.18,2026-08-20 16:44:00,1
TX_001769,ACC_0298,ACC_0987,552.58,2026-08-20 17:04:00,0
TX_003004,ACC_0960,ACC_0702,210.19,2026-08-20 17:07:00,0
TX_001819,ACC_0843,ACC_0177,123.26,2026-08-20 17:10:00,0
TX_004961,ACC_0904,ACC_0848,209.8,2026-08-20 17:18:00,0
TX_002408,ACC_0171,ACC_0595,673.64,2026-08-20 17:31:00,0
TX_001482,ACC_0536,ACC_0040,976.36,2026-08-20 17:44:00,0
TX_002406,ACC_0277,ACC_0738,136.42,2026-08-20 17:46:00,0
TX_004027,ACC_0195,ACC_0410,93.72,2026-08-20 17:47:00,0
TX_003878,ACC_0889,ACC_0747,222.63,2026-08-20 17:52:00,0
TX_003218,ACC_0142,ACC_0530,593.39,2026-08-20 17:54:00,0
TX_003549,ACC_0827,ACC_0588,502.17,2026-08-20 17:59:00,0
TX_000384,ACC_0738,ACC_0254,184.24,2026-08-20 18:01:00,0
TX_003332,ACC_0659,ACC_0532,1683.73,2026-08-20 18:19:00,0
TX_003149,ACC_0723,ACC_0383,374.7,2026-08-20 18:20:00,0
TX_000685,ACC_0900,ACC_0209,235.39,2026-08-20 18:49:00,0
TX_000140,ACC_0145,ACC_0492,636.9,2026-08-20 18:52:00,0
TX_000773,ACC_0203,ACC_0433,626.88,2026-08-20 18:58:00,0
TX_000813,ACC_0464,ACC_0249,315.95,2026-08-20 19:02:00,0
TX_000980,ACC_0044,ACC_0717,681.5,2026-08-20 19:06:00,0
TX_002922,ACC_0749,ACC_0262,520.33,2026-08-20 19:09:00,0
TX_003616,ACC_0366,ACC_0573,374.07,2026-08-20 19:13:00,0
TX_000399,ACC_0682,ACC_0273,268.77,2026-08-20 19:18:00,0
TX_000972,ACC_0200,ACC_0237,1205.29,2026-08-20 19:30:00,0
TX_000879,ACC_0048,ACC_0339,160.56,2026-08-20 19:34:00,0
TX_002096,ACC_0132,ACC_0969,551.88,2026-08-20 19:51:00,0
TX_003125,ACC_0954,ACC_0151,616.7,2026-08-20 20:03:00,0
TX_003809,ACC_0750,ACC_0208,249.86,2026-08-20 20:04:00,0
TX_000431,ACC_0167,ACC_0563,248.69,2026-08-20 20:06:00,0
TX_003462,ACC_0280,ACC_0778,100.68,2026-08-20 20:07:00,0
TX_001280,ACC_0277,ACC_0583,3181.36,2026-08-20 20:16:00,0
TX_002384,ACC_0902,ACC_0993,769.26,2026-08-20 20:42:00,0
TX_001782,ACC_0357,ACC_0530,105.08,2026-08-20 20:45:00,0
TX_001348,ACC_0300,ACC_0318,309.21,2026-08-20 21:03:00,0
TX_001306,ACC_0181,ACC_0308,537.28,2026-08-20 21:04:00,0
TX_003155,ACC_0074,ACC_0467,885.62,2026-08-20 21:09:00,0
TX_000390,ACC_0443,ACC_0850,157.24,2026-08-20 21:13:00,0
TX_002382,ACC_0895,ACC_0415,227.11,2026-08-20 21:38:00,0
TX_003210,ACC_0327,ACC_0482,95.28,2026-08-20 21:50:00,0
TX_004925,ACC_0807,ACC_0847,399.0,2026-08-20 21:57:00,0
TX_004845,ACC_0424,ACC_0597,292.47,2026-08-20 22:00:00,0
TX_001953,ACC_0379,ACC_0973,220.11,2026-08-20 22:19:00,0
TX_004421,ACC_0923,ACC_0037,389.36,2026-08-20 22:22:00,0
TX_001890,ACC_0191,ACC_0644,818.41,2026-08-20 22:29:00,0
TX_002807,ACC_0654,ACC_0415,935.13,2026-08-20 22:42:00,0
TX_001020,ACC_0488,ACC_0732,801.38,2026-08-20 22:44:00,0
TX_002385,ACC_0338,ACC_0982,489.7,2026-08-20 22:47:00,0
TX_001697,ACC_0164,ACC_0760,407.07,2026-08-20 23:08:00,0
TX_001972,ACC_0525,ACC_0732,1527.64,2026-08-20 23:38:00,0
TX_000498,ACC_0074,ACC_0447,1612.29,2026-08-20 23:51:00,0
TX_004758,ACC_0359,ACC_0248,479.32,2026-08-21 00:15:00,0
TX_000749,ACC_0373,ACC_0750,721.12,2026-08-21 00:19:00,0
TX_003324,ACC_0630,ACC_0452,588.29,2026-08-21 00:45:00,0
TX_001903,ACC_0063,ACC_0200,518.85,2026-08-21 00:48:00,0
TX_005230,ACC_0220,ACC_0006,131.69,2026-08-21 00:53:00,1
TX_001322,ACC_0488,ACC_0516,1185.26,2026-08-21 00:59:00,0
TX_005231,ACC_0220,ACC_0006,22026.0,2026-08-21 01:03:00,1
TX_002854,ACC_0504,ACC_0622,135.96,2026-08-21 01:10:00,0
TX_003254,ACC_0806,ACC_0863,70.01,2026-08-21 01:11:00,0
TX_003315,ACC_0145,ACC_0583,127.34,2026-08-21 01:26:00,0
TX_001347,ACC_0986,ACC_0700,135.23,2026-08-21 01:49:00,0
TX_005218,ACC_0711,ACC_0011,106.1,2026-08-21 01:53:00,1
TX_005219,ACC_0711,ACC_0011,21569.33,2026-08-21 02:03:00,1
TX_004788,ACC_0444,ACC_0193,279.47,2026-08-21 02:06:00,0
TX_001435,ACC_0430,ACC_0021,1107.32,2026-08-21 02:10:00,0
TX_000015,ACC_0281,ACC_0336,372.4,2026-08-21 02:11:00,0
TX_000024,ACC_0283,ACC_0721,125.33,2026-08-21 02:21:00,0
TX_004636,ACC_0200,ACC_0178,65.82,2026-08-21 02:30:00,0
TX_002060,ACC_0760,ACC_0730,436.65,2026-08-21 02:32:00,0
TX_004775,ACC_0571,ACC_0065,128.91,2026-08-21 02:50:00,0
TX_004509,ACC_0881,ACC_0175,1993.22,2026-08-21 02:52:00,0
TX_003077,ACC_0921,ACC_0757,311.29,2026-08-21 03:11:00,0
TX_000609,ACC_0586,ACC_0568,594.22,2026-08-21 03:13:00,0
TX_000105,ACC_0769,ACC_0115,111.33,2026-08-21 03:14:00,0
TX_000881,ACC_0778,ACC_0013,562.74,2026-08-21 03:14:00,0
TX_001038,ACC_0821,ACC_0460,234.6,2026-08-21 03:15:00,0
TX_000947,ACC_0991,ACC_0199,290.1,2026-08-21 03:35:00,0
TX_002365,ACC_0015,ACC_0710,522.7,2026-08-21 03:41:00,0
TX_001474,ACC_0008,ACC_0878,1042.75,2026-08-21 03:49:00,0
TX_001073,ACC_0361,ACC_0543,1533.4,2026-08-21 04:03:00,0
TX_004757,ACC_0588,ACC_0250,244.33,2026-08-21 04:16:00,0
TX_000650,ACC_0786,ACC_0090,485.09,2026-08-21 04:21:00,0
TX_005276,ACC_0715,ACC_0022,118.09,2026-08-21 04:23:00,1
TX_004764,ACC_0795,ACC_0128,165.83,2026-08-21 04:31:00,0
TX_005277,ACC_0715,ACC_0022,25693.7,2026-08-21 04:33:00,1
TX_004849,ACC_0696,ACC_0446,159.87,2026-08-21 04:41:00,0
TX_004447,ACC_0206,ACC_0428,724.64,2026-08-21 04:41:00,0
TX_000886,ACC_0474,ACC_0207,179.85,2026-08-21 04:44:00,0
TX_003178,ACC_0089,ACC_0050,84.78,2026-08-21 04:44:00,0
TX_003034,ACC_0590,ACC_0645,288.77,2026-08-21 04:56:00,0
TX_003734,ACC_0017,ACC_0833,130.32,2026-08-21 05:02:00,0
TX_001530,ACC_0973,ACC_0861,85.03,2026-08-21 05:21:00,0
TX_002228,ACC_0985,ACC_0727,244.98,2026-08-21 05:26:00,0
TX_004030,ACC_0931,ACC_0768,492.7,2026-08-21 05:34:00,0
TX_003647,ACC_0612,ACC_0786,503.14,2026-08-21 05:35:00,0
TX_004685,ACC_0475,ACC_0098,677.6,2026-08-21 05:35:00,0
TX_000418,ACC_0343,ACC_0819,99.24,2026-08-21 05:37:00,0
TX_003355,ACC_0274,ACC_0052,288.56,2026-08-21 05:50:00,0
TX_001876,ACC_0556,ACC_0333,490.25,2026-08-21 06:00:00,0
TX_000468,ACC_0968,ACC_0019,340.13,2026-08-21 06:10:00,0
TX_003617,ACC_0788,ACC_0009,462.76,2026-08-21 06:10:00,0
TX_004365,ACC_0338,ACC_0885,543.87,2026-08-21 06:50:00,0
TX_002303,ACC_0005,ACC_0775,384.13,2026-08-21 06:53:00,0
TX_000031,ACC_0640,ACC_0108,1115.96,2026-08-21 07:10:00,0
TX_000935,ACC_0763,ACC_0441,1187.01,2026-08-21 07:21:00,0
TX_003069,ACC_0126,ACC_0798,344.14,2026-08-21 07:23:00,0
TX_000099,ACC_0090,ACC_0935,186.34,2026-08-21 07:23:00,0
TX_003684,ACC_0730,ACC_0533,768.56,2026-08-21 07:36:00,0
TX_002765,ACC_0117,ACC_0741,601.47,2026-08-21 07:41:00,0
TX_004323,ACC_0378,ACC_0876,300.85,2026-08-21 07:49:00,0
TX_001748,ACC_0996,ACC_0499,311.52,2026-08-21 07:57:00,0
TX_000548,ACC_0206,ACC_0099,1170.31,2026-08-21 07:59:00,0
TX_000587,ACC_0606,ACC_0217,160.04,2026-08-21 08:00:00,0
TX_002537,ACC_0414,ACC_0510,1008.54,2026-08-21 08:15:00,0
TX_000811,ACC_0293,ACC_0602,594.97,2026-08-21 08:17:00,0
TX_002338,ACC_0310,ACC_0749,520.31,2026-08-21 08:22:00,0
TX_000207,ACC_0943,ACC_0588,2770.39,2026-08-21 08:42:00,0
TX_004005,ACC_0468,ACC_0815,297.31,2026-08-21 09:17:00,0
TX_001543,ACC_0312,ACC_0666,173.38,2026-08-21 09:20:00,0
TX_003903,ACC_0370,ACC_0975,282.82,2026-08-21 09:22:00,0
TX_004528,ACC_0632,ACC_0469,1083.91,2026-08-21 09:29:00,0
TX_001432,ACC_0144,ACC_0635,524.18,2026-08-21 09:34:00,0
TX_004127,ACC_0692,ACC_0876,259.17,2026-08-21 09:37:00,0
TX_003424,ACC_0256,ACC_0392,81.3,2026-08-21 09:38:00,0
TX_001741,ACC_0116,ACC_0583,386.02,2026-08-21 09:39:00,0
TX_004692,ACC_0678,ACC_0635,333.32,2026-08-21 09:42:00,0
TX_000297,ACC_0079,ACC_0537,920.2,2026-08-21 10:02:00,0
TX_002615,ACC_0315,ACC_0047,109.43,2026-08-21 10:03:00,0
TX_003207,ACC_0802,ACC_0527,403.29,2026-08-21 10:09:00,0
TX_000383,ACC_0591,ACC_0799,292.83,2026-08-21 10:13:00,0
TX_003318,ACC_0481,ACC_0457,143.1,2026-08-21 10:23:00,0
TX_000801,ACC_0521,ACC_0041,217.19,2026-08-21 10:28:00,0
TX_002140,ACC_0329,ACC_0707,627.68,2026-08-21 10:30:00,0
TX_001985,ACC_0019,ACC_0628,60.49,2026-08-21 10:35:00,0
TX_001738,ACC_0137,ACC_0551,155.26,2026-08-21 10:43:00,0
TX_001406,ACC_0500,ACC_0081,925.74,2026-08-21 10:44:00,0
TX_000728,ACC_0325,ACC_0823,362.89,2026-08-21 10:52:00,0
TX_004376,ACC_0442,ACC_0473,153.93,2026-08-21 10:56:00,0
TX_001282,ACC_0500,ACC_0812,353.59,2026-08-21 10:57:00,0
TX_001532,ACC_0990,ACC_0067,145.7,2026-08-21 11:17:00,0
TX_000899,ACC_0629,ACC_0859,159.51,2026-08-21 11:24:00,0
TX_004670,ACC_0679,ACC_0468,720.64,2026-08-21 11:29:00,0
TX_001459,ACC_0468,ACC_0813,295.31,2026-08-21 11:29:00,0
TX_004332,ACC_0498,ACC_0331,545.92,2026-08-21 11:45:00,0
TX_000135,ACC_0778,ACC_0165,828.44,2026-08-21 11:46:00,0
TX_004240,ACC_0283,ACC_0393,163.09,2026-08-21 12:27:00,0
TX_002827,ACC_0106,ACC_0394,152.97,2026-08-21 12:33:00,0
TX_002933,ACC_0711,ACC_0330,649.59,2026-08-21 13:07:00,0
TX_003485,ACC_0859,ACC_0161,347.89,2026-08-21 13:07:00,0
TX_003745,ACC_0533,ACC_0806,946.22,2026-08-21 13:18:00,0
TX_000933,ACC_0042,ACC_0133,1039.32,2026-08-21 13:29:00,0
TX_002251,ACC_0957,ACC_0827,264.58,2026-08-21 13:30:00,0
TX_000309,ACC_0638,ACC_0455,103.43,2026-08-21 13:42:00,0
TX_004529,ACC_0981,ACC_0724,657.48,2026-08-21 13:49:00,0
TX_000392,ACC_0856,ACC_0994,820.14,2026-08-21 13:49:00,0
TX_000680,ACC_0142,ACC_0979,382.3,2026-08-21 14:01:00,0
TX_003387,ACC_0820,ACC_0612,144.41,2026-08-21 14:06:00,0
TX_004826,ACC_0331,ACC_0720,352.76,2026-08-21 14:41:00,0
TX_002158,ACC_0498,ACC_0063,351.63,2026-08-21 14:47:00,0
TX_000738,ACC_0591,ACC_0691,81.29,2026-08-21 14:55:00,0
TX_002836,ACC_0244,ACC_0014,343.46,2026-08-21 14:59:00,0
TX_003242,ACC_0821,ACC_0055,910.17,2026-08-21 15:12:00,0
TX_002545,ACC_0301,ACC_0438,389.05,2026-08-21 15:18:00,0
TX_002252,ACC_0658,ACC_0297,50.5,2026-08-21 15:18:00,0
TX_002883,ACC_0860,ACC_0569,200.11,2026-08-21 15:21:00,0
TX_004370,ACC_0515,ACC_0383,360.39,2026-08-21 15:35:00,0
TX_000096,ACC_0175,ACC_0517,234.63,2026-08-21 15:52:00,0
TX_005266,ACC_0569,ACC_0000,136.27,2026-08-21 15:53:00,1
TX_005267,ACC_0569,ACC_0000,32058.3,2026-08-21 16:03:00,1
TX_001806,ACC_0160,ACC_0128,728.25,2026-08-21 16:07:00,0
TX_004590,ACC_0377,ACC_0233,1667.12,2026-08-21 16:12:00,0
TX_003605,ACC_0882,ACC_0128,101.94,2026-08-21 16:14:00,0
TX_000777,ACC_0046,ACC_0018,964.43,2026-08-21 16:51:00,0
TX_002036,ACC_0681,ACC_0209,79.93,2026-08-21 16:52:00,0
TX_001005,ACC_0034,ACC_0295,396.34,2026-08-21 16:55:00,0
TX_002463,ACC_0544,ACC_0691,151.53,2026-08-21 17:06:00,0
TX_002497,ACC_0471,ACC_0017,1287.14,2026-08-21 17:09:00,0
TX_002201,ACC_0438,ACC_0260,104.67,2026-08-21 17:11:00,0
TX_004704,ACC_0145,ACC_0910,68.72,2026-08-21 17:11:00,0
TX_002091,ACC_0927,ACC_0450,164.04,2026-08-21 17:11:00,0
TX_000533,ACC_0861,ACC_0070,1042.58,2026-08-21 17:15:00,0
TX_001065,ACC_0501,ACC_0135,143.43,2026-08-21 17:31:00,0
TX_000378,ACC_0762,ACC_0354,74.89,2026-08-21 17:49:00,0
TX_003070,ACC_0840,ACC_0677,442.49,2026-08-21 17:51:00,0
TX_000919,ACC_0410,ACC_0403,1547.43,2026-08-21 17:58:00,0
TX_000690,ACC_0413,ACC_0421,76.6,2026-08-21 18:03:00,0
TX_002657,ACC_0152,ACC_0875,104.34,2026-08-21 18:17:00,0
TX_001801,ACC_0083,ACC_0032,81.48,2026-08-21 18:31:00,0
TX_004266,ACC_0201,ACC_0311,638.73,2026-08-21 18:35:00,0
TX_004213,ACC_0947,ACC_0766,560.51,2026-08-21 18:42:00,0
TX_000041,ACC_0568,ACC_0579,337.75,2026-08-21 19:09:00,0
TX_004083,ACC_0666,ACC_0780,257.09,2026-08-21 19:25:00,0
TX_004313,ACC_0224,ACC_0214,121.58,2026-08-21 19:26:00,0
TX_003414,ACC_0039,ACC_0682,735.02,2026-08-21 19:29:00,0
TX_004375,ACC_0857,ACC_0175,221.48,2026-08-21 19:40:00,0
TX_000828,ACC_0485,ACC_0213,304.35,2026-08-21 19:42:00,0
TX_003944,ACC_0223,ACC_0659,1829.11,2026-08-21 19:46:00,0
TX_003470,ACC_0721,ACC_0184,1495.92,2026-08-21 20:02:00,0
TX_001918,ACC_0902,ACC_0986,332.24,2026-08-21 20:07:00,0
TX_003996,ACC_0039,ACC_0968,777.71,2026-08-21 20:10:00,0
TX_002171,ACC_0252,ACC_0824,222.56,2026-08-21 20:27:00,0
TX_001140,ACC_0649,ACC_0792,340.89,2026-08-21 20:35:00,0
TX_000849,ACC_0760,ACC_0239,347.25,2026-08-21 20:37:00,0
TX_003187,ACC_0846,ACC_0284,178.99,2026-08-21 20:38:00,0
TX_001051,ACC_0049,ACC_0233,307.02,2026-08-21 20:50:00,0
TX_001436,ACC_0029,ACC_0116,481.49,2026-08-21 20:58:00,0
TX_004062,ACC_0833,ACC_0370,215.31,2026-08-21 21:05:00,0
TX_000127,ACC_0119,ACC_0216,502.2,2026-08-21 21:12:00,0
TX_003134,ACC_0319,ACC_0891,517.58,2026-08-21 21:25:00,0
TX_001851,ACC_0749,ACC_0567,698.22,2026-08-21 21:51:00,0
TX_001204,ACC_0844,ACC_0148,99.44,2026-08-21 21:58:00,0
TX_002421,ACC_0971,ACC_0073,636.86,2026-08-21 22:11:00,0
TX_002345,ACC_0500,ACC_0804,79.76,2026-08-21 22:13:00,0
TX_000906,ACC_0333,ACC_0268,135.31,2026-08-21 22:15:00,0
TX_003041,ACC_0822,ACC_0252,1246.92,2026-08-21 22:15:00,0
TX_002716,ACC_0247,ACC_0439,1736.87,2026-08-21 22:26:00,0
TX_001456,ACC_0706,ACC_0826,69.07,2026-08-21 22:29:00,0
TX_003503,ACC_0115,ACC_0825,2020.33,2026-08-21 22:31:00,0
TX_002334,ACC_0622,ACC_0599,230.95,2026-08-21 22:49:00,0
TX_001704,ACC_0959,ACC_0695,537.29,2026-08-21 22:50:00,0
TX_000316,ACC_0575,ACC_0243,526.4,2026-08-21 23:13:00,0
TX_002990,ACC_0551,ACC_0633,652.56,2026-08-21 23:16:00,0
TX_003278,ACC_0034,ACC_0861,1889.86,2026-08-21 23:20:00,0
TX_003850,ACC_0644,ACC_0527,90.49,2026-08-21 23:24:00,0
TX_001228,ACC_0721,ACC_0536,529.7,2026-08-21 23:27:00,0
TX_004767,ACC_0544,ACC_0012,2971.59,2026-08-21 23:33:00,0
TX_003621,ACC_0507,ACC_0374,1145.54,2026-08-21 23:37:00,0
TX_003476,ACC_0833,ACC_0026,284.28,2026-08-21 23:41:00,0
TX_002582,ACC_0917,ACC_0715,260.97,2026-08-22 00:09:00,0
TX_004688,ACC_0152,ACC_0452,158.84,2026-08-22 00:13:00,0
TX_001550,ACC_0477,ACC_0105,521.41,2026-08-22 00:27:00,0
TX_001330,ACC_0344,ACC_0225,420.49,2026-08-22 00:42:00,0
TX_001878,ACC_0451,ACC_0604,306.66,2026-08-22 00:51:00,0
TX_000217,ACC_0885,ACC_0370,185.67,2026-08-22 00:55:00,0
TX_001946,ACC_0674,ACC_0711,195.98,2026-08-22 00:57:00,0
TX_004823,ACC_0660,ACC_0469,74.9,2026-08-22 01:08:00,0
TX_001190,ACC_0100,ACC_0651,100.19,2026-08-22 01:22:00,0
TX_004615,ACC_0998,ACC_0836,69.9,2026-08-22 01:29:00,0
TX_004546,ACC_0049,ACC_0947,541.22,2026-08-22 01:34:00,0
TX_004172,ACC_0104,ACC_0990,1648.37,2026-08-22 01:40:00,0
TX_005128,ACC_0069,ACC_0010,214.83,2026-08-22 01:45:00,1
TX_005129,ACC_0069,ACC_0010,17153.74,2026-08-22 01:55:00,1
TX_000435,ACC_0024,ACC_0412,855.52,2026-08-22 02:02:00,0
TX_000534,ACC_0302,ACC_0059,2345.66,2026-08-22 02:18:00,0
TX_002699,ACC_0554,ACC_0763,759.68,2026-08-22 02:41:00,0
TX_004252,ACC_0026,ACC_0163,462.23,2026-08-22 02:53:00,0
TX_004957,ACC_0215,ACC_0249,829.95,2026-08-22 03:03:00,0
TX_004272,ACC_0667,ACC_0040,839.42,2026-08-22 03:06:00,0
TX_001263,ACC_0836,ACC_0638,61.86,2026-08-22 03:15:00,0
TX_003206,ACC_0782,ACC_0874,408.16,2026-08-22 03:37:00,0
TX_004656,ACC_0326,ACC_0933,988.73,2026-08-22 03:38:00,0
TX_004048,ACC_0007,ACC_0536,1270.19,2026-08-22 03:46:00,0
TX_001016,ACC_0183,ACC_0640,424.3,2026-08-22 04:04:00,0
TX_001625,ACC_0481,ACC_0620,305.98,2026-08-22 04:20:00,0
TX_000868,ACC_0962,ACC_0955,158.9,2026-08-22 04:26:00,0
TX_000847,ACC_0545,ACC_0758,264.24,2026-08-22 04:30:00,0
TX_001118,ACC_0398,ACC_0533,293.79,2026-08-22 04:36:00,0
TX_004553,ACC_0944,ACC_0326,1072.59,2026-08-22 04:37:00,0
TX_001227,ACC_0136,ACC_0850,231.66,2026-08-22 04:41:00,0
TX_002317,ACC_0029,ACC_0048,549.61,2026-08-22 04:57:00,0
TX_002925,ACC_0466,ACC_0364,62.81,2026-08-22 05:01:00,0
TX_000124,ACC_0786,ACC_0313,62.08,2026-08-22 05:03:00,0
TX_002131,ACC_0761,ACC_0567,126.77,2026-08-22 05:03:00,0
TX_000671,ACC_0387,ACC_0692,411.08,2026-08-22 05:05:00,0
TX_001677,ACC_0756,ACC_0776,352.94,2026-08-22 05:09:00,0
TX_004468,ACC_0655,ACC_0661,481.15,2026-08-22 05:32:00,0
TX_004817,ACC_0077,ACC_0686,458.17,2026-08-22 05:37:00,0
TX_002452,ACC_0384,ACC_0971,676.55,2026-08-22 05:42:00,0
TX_003726,ACC_0532,ACC_0493,3480.1,2026-08-22 05:51:00,0
TX_000913,ACC_0494,ACC_0259,405.01,2026-08-22 06:07:00,0
TX_003624,ACC_0415,ACC_0998,104.53,2026-08-22 06:11:00,0
TX_004417,ACC_0935,ACC_0893,59.61,2026-08-22 06:31:00,0
TX_000537,ACC_0152,ACC_0049,303.58,2026-08-22 06:55:00,0
TX_000421,ACC_0452,ACC_0621,65.67,2026-08-22 07:08:00,0
TX_001567,ACC_0251,ACC_0556,430.03,2026-08-22 07:12:00,0
TX_002914,ACC_0859,ACC_0956,58.32,2026-08-22 07:48:00,0
TX_000706,ACC_0393,ACC_0831,1917.93,2026-08-22 07:51:00,0
TX_004786,ACC_0452,ACC_0196,135.95,2026-08-22 07:55:00,0
TX_000057,ACC_0647,ACC_0107,532.85,2026-08-22 08:06:00,0
TX_004463,ACC_0696,ACC_0555,779.44,2026-08-22 08:20:00,0
TX_001710,ACC_0776,ACC_0935,313.25,2026-08-22 08:43:00,0
TX_003746,ACC_0655,ACC_0185,700.38,2026-08-22 08:47:00,0
TX_003701,ACC_0198,ACC_0455,397.28,2026-08-22 08:59:00,0
TX_004643,ACC_0070,ACC_0852,2180.71,2026-08-22 09:05:00,0
TX_003904,ACC_0194,ACC_0507,586.51,2026-08-22 09:16:00,0
TX_003394,ACC_0697,ACC_0744,202.42,2026-08-22 09:39:00,0
TX_002309,ACC_0184,ACC_0444,405.01,2026-08-22 09:40:00,0
TX_000632,ACC_0118,ACC_0505,108.53,2026-08-22 09:42:00,0
TX_003834,ACC_0286,ACC_0585,268.81,2026-08-22 10:00:00,0
TX_002543,ACC_0296,ACC_0357,336.45,2026-08-22 10:10:00,0
TX_001527,ACC_0415,ACC_0179,989.39,2026-08-22 10:15:00,0
TX_001578,ACC_0746,ACC_0341,466.98,2026-08-22 10:16:00,0
TX_004069,ACC_0818,ACC_0942,413.89,2026-08-22 10:18:00,0
TX_002057,ACC_0883,ACC_0390,139.33,2026-08-22 10:24:00,0
TX_004457,ACC_0733,ACC_0827,1082.71,2026-08-22 10:29:00,0
TX_000456,ACC_0778,ACC_0561,569.51,2026-08-22 10:57:00,0
TX_004875,ACC_0301,ACC_0161,2112.93,2026-08-22 11:02:00,0
TX_002966,ACC_0213,ACC_0945,406.94,2026-08-22 11:03:00,0
TX_003808,ACC_0919,ACC_0181,160.28,2026-08-22 11:04:00,0
TX_002554,ACC_0963,ACC_0607,266.53,2026-08-22 11:24:00,0
TX_003528,ACC_0167,ACC_0900,1120.93,2026-08-22 11:27:00,0
TX_000991,ACC_0159,ACC_0133,86.79,2026-08-22 11:37:00,0
TX_002734,ACC_0638,ACC_0415,1044.96,2026-08-22 11:40:00,0
TX_002979,ACC_0746,ACC_0178,204.97,2026-08-22 11:50:00,0
TX_001561,ACC_0369,ACC_0442,109.9,2026-08-22 11:51:00,0
TX_004895,ACC_0765,ACC_0902,1216.15,2026-08-22 11:53:00,0
TX_001496,ACC_0747,ACC_0079,255.56,2026-08-22 12:05:00,0
TX_003450,ACC_0379,ACC_0681,58.78,2026-08-22 12:19:00,0
TX_000689,ACC_0270,ACC_0528,296.69,2026-08-22 12:23:00,0
TX_000583,ACC_0665,ACC_0106,480.2,2026-08-22 12:35:00,0
TX_000821,ACC_0257,ACC_0480,320.15,2026-08-22 12:39:00,0
TX_000190,ACC_0218,ACC_0547,345.74,2026-08-22 12:40:00,0
TX_004137,ACC_0108,ACC_0172,892.94,2026-08-22 12:45:00,0
TX_004022,ACC_0870,ACC_0412,261.48,2026-08-22 13:12:00,0
TX_003881,ACC_0890,ACC_0823,784.24,2026-08-22 13:13:00,0
TX_004577,ACC_0924,ACC_0762,850.89,2026-08-22 13:21:00,0
TX_000942,ACC_0414,ACC_0790,109.46,2026-08-22 13:28:00,0
TX_004279,ACC_0322,ACC_0372,364.06,2026-08-22 13:31:00,0
TX_000552,ACC_0863,ACC_0055,180.79,2026-08-22 13:33:00,0
TX_000281,ACC_0945,ACC_0020,294.47,2026-08-22 13:38:00,0
TX_003752,ACC_0477,ACC_0613,561.13,2026-08-22 13:39:00,0
TX_004223,ACC_0101,ACC_0652,355.93,2026-08-22 13:54:00,0
TX_003591,ACC_0062,ACC_0876,1263.65,2026-08-22 14:00:00,0
TX_003899,ACC_0602,ACC_0747,240.09,2026-08-22 14:01:00,0
TX_000782,ACC_0514,ACC_0525,428.13,2026-08-22 14:16:00,0
TX_003687,ACC_0606,ACC_0284,297.77,2026-08-22 14:16:00,0
TX_001427,ACC_0515,ACC_0333,615.21,2026-08-22 14:18:00,0
TX_004862,ACC_0230,ACC_0568,230.6,2026-08-22 14:32:00,0
TX_003598,ACC_0090,ACC_0847,1305.38,2026-08-22 14:46:00,0
TX_003412,ACC_0705,ACC_0127,232.94,2026-08-22 15:01:00,0
TX_004606,ACC_0111,ACC_0179,3000.79,2026-08-22 15:02:00,0
TX_000958,ACC_0591,ACC_0577,458.29,2026-08-22 15:06:00,0
TX_004072,ACC_0833,ACC_0664,523.5,2026-08-22 15:14:00,0
TX_000627,ACC_0048,ACC_0001,83.2,2026-08-22 15:20:00,0
TX_001446,ACC_0862,ACC_0618,131.25,2026-08-22 15:39:00,0
TX_000401,ACC_0035,ACC_0807,357.36,2026-08-22 15:41:00,0
TX_004565,ACC_0421,ACC_0566,174.86,2026-08-22 16:12:00,0
TX_004244,ACC_0382,ACC_0477,1215.33,2026-08-22 16:16:00,0
TX_002780,ACC_0553,ACC_0347,153.28,2026-08-22 16:18:00,0
TX_001287,ACC_0232,ACC_0730,244.99,2026-08-22 16:44:00,0
TX_002805,ACC_0005,ACC_0928,1499.88,2026-08-22 16:50:00,0
TX_000684,ACC_0833,ACC_0890,164.71,2026-08-22 16:51:00,0
TX_002166,ACC_0030,ACC_0003,1514.98,2026-08-22 17:00:00,0
TX_001732,ACC_0491,ACC_0233,279.22,2026-08-22 17:02:00,0
TX_004237,ACC_0894,ACC_0644,158.72,2026-08-22 17:04:00,0
TX_003404,ACC_0064,ACC_0789,639.61,2026-08-22 17:04:00,0
TX_004339,ACC_0443,ACC_0601,582.14,2026-08-22 17:07:00,0
TX_000014,ACC_0206,ACC_0784,477.16,2026-08-22 17:23:00,0
TX_005074,ACC_0998,ACC_0049,229.63,2026-08-22 17:30:00,1
TX_001251,ACC_0874,ACC_0084,78.67,2026-08-22 17:38:00,0
TX_005075,ACC_0998,ACC_0049,22392.38,2026-08-22 17:40:00,1
TX_001499,ACC_0356,ACC_0900,113.59,2026-08-22 18:01:00,0
TX_002300,ACC_0157,ACC_0106,210.11,2026-08-22 18:07:00,0
TX_000973,ACC_0251,ACC_0820,66.76,2026-08-22 18:22:00,0
TX_003882,ACC_0951,ACC_0478,201.33,2026-08-22 18:22:00,0
TX_002107,ACC_0016,ACC_0041,203.78,2026-08-22 18:29:00,0
TX_002835,ACC_0996,ACC_0809,1158.94,2026-08-22 18:44:00,0
TX_000279,ACC_0970,ACC_0248,874.15,2026-08-22 19:10:00,0
TX_003787,ACC_0412,ACC_0602,372.75,2026-08-22 19:16:00,0
TX_003575,ACC_0187,ACC_0012,651.47,2026-08-22 19:18:00,0
TX_002591,ACC_0653,ACC_0755,331.09,2026-08-22 19:19:00,0
TX_004482,ACC_0786,ACC_0087,289.84,2026-08-22 19:22:00,0
TX_001778,ACC_0632,ACC_0485,961.68,2026-08-22 19:24:00,0
TX_002531,ACC_0195,ACC_0209,104.8,2026-08-22 19:36:00,0
TX_000337,ACC_0538,ACC_0435,129.74,2026-08-22 19:37:00,0
TX_000480,ACC_0504,ACC_0465,76.62,2026-08-22 19:45:00,0
TX_004554,ACC_0678,ACC_0489,442.15,2026-08-22 19:49:00,0
TX_005130,ACC_0717,ACC_0002,111.2,2026-08-22 19:55:00,1
TX_004096,ACC_0370,ACC_0619,985.56,2026-08-22 19:55:00,0
TX_005131,ACC_0717,ACC_0002,42022.92,2026-08-22 20:05:00,1
TX_004780,ACC_0055,ACC_0734,1300.8,2026-08-22 20:08:00,0
TX_002592,ACC_0133,ACC_0307,392.94,2026-08-22 20:28:00,0
TX_003253,ACC_0447,ACC_0251,195.99,2026-08-22 20:29:00,0
TX_000470,ACC_0737,ACC_0565,922.73,2026-08-22 20:46:00,0
TX_002316,ACC_0163,ACC_0328,270.75,2026-08-22 20:47:00,0
TX_003328,ACC_0945,ACC_0714,1072.42,2026-08-22 20:50:00,0
TX_002784,ACC_0651,ACC_0009,107.93,2026-08-22 21:10:00,0
TX_002949,ACC_0772,ACC_0809,180.49,2026-08-22 21:18:00,0
TX_003993,ACC_0211,ACC_0556,262.31,2026-08-22 21:41:00,0
TX_000528,ACC_0713,ACC_0328,489.96,2026-08-22 21:41:00,0
TX_003243,ACC_0599,ACC_0962,1334.53,2026-08-22 21:54:00,0
TX_003439,ACC_0611,ACC_0510,173.98,2026-08-22 22:09:00,0
TX_002174,ACC_0996,ACC_0900,643.98,2026-08-22 22:24:00,0
TX_004997,ACC_0515,ACC_0729,1345.54,2026-08-22 22:24:00,0
TX_000274,ACC_0283,ACC_0306,510.22,2026-08-22 22:34:00,0
TX_004724,ACC_0026,ACC_0961,372.17,2026-08-22 23:01:00,0
TX_000876,ACC_0748,ACC_0669,2328.19,2026-08-22 23:07:00,0
TX_003520,ACC_0363,ACC_0313,760.92,2026-08-22 23:08:00,0
TX_004268,ACC_0188,ACC_0157,881.25,2026-08-22 23:16:00,0
TX_002799,ACC_0873,ACC_0457,201.35,2026-08-22 23:16:00,0
TX_004913,ACC_0053,ACC_0810,301.34,2026-08-22 23:19:00,0
TX_001494,ACC_0270,ACC_0722,534.16,2026-08-22 23:19:00,0
TX_001690,ACC_0937,ACC_0589,58.35,2026-08-22 23:31:00,0
TX_004479,ACC_0038,ACC_0155,461.28,2026-08-22 23:31:00,0
TX_001971,ACC_0352,ACC_0285,1339.8,2026-08-22 23:38:00,0
TX_004853,ACC_0646,ACC_0972,555.01,2026-08-22 23:46:00,0
TX_004208,ACC_0469,ACC_0093,402.02,2026-08-22 23:49:00,0
TX_004934,ACC_0201,ACC_0483,382.41,2026-08-22 23:56:00,0
TX_001835,ACC_0733,ACC_0603,1448.3,2026-08-22 23:58:00,0
TX_005228,ACC_0600,ACC_0033,195.01,2026-08-22 23:58:00,1
TX_005229,ACC_0600,ACC_0033,18922.62,2026-08-23 00:08:00,1
TX_000283,ACC_0314,ACC_0839,252.13,2026-08-23 00:10:00,0
TX_001629,ACC_0669,ACC_0045,123.89,2026-08-23 00:12:00,0
TX_000682,ACC_0894,ACC_0746,65.46,2026-08-23 00:31:00,0
TX_004360,ACC_0520,ACC_0199,1124.25,2026-08-23 00:33:00,0
TX_001606,ACC_0817,ACC_0247,565.25,2026-08-23 00:41:00,0
TX_001231,ACC_0762,ACC_0104,152.23,2026-08-23 00:53:00,0
TX_003918,ACC_0665,ACC_0873,172.33,2026-08-23 00:58:00,0
TX_003956,ACC_0528,ACC_0726,71.2,2026-08-23 01:08:00,0
TX_002997,ACC_0150,ACC_0006,331.91,2026-08-23 01:11:00,0
TX_000507,ACC_0853,ACC_0806,1438.28,2026-08-23 01:11:00,0
TX_002304,ACC_0391,ACC_0963,384.26,2026-08-23 01:19:00,0
TX_003440,ACC_0240,ACC_0135,68.85,2026-08-23 01:28:00,0
TX_003751,ACC_0390,ACC_0942,161.03,2026-08-23 01:37:00,0
TX_000020,ACC_0359,ACC_0549,556.54,2026-08-23 02:11:00,0
TX_000013,ACC_0187,ACC_0475,1083.65,2026-08-23 02:21:00,0
TX_004219,ACC_0735,ACC_0351,106.93,2026-08-23 02:25:00,0
TX_002733,ACC_0021,ACC_0914,93.24,2026-08-23 02:33:00,0
TX_001151,ACC_0783,ACC_0274,1946.4,2026-08-23 02:33:00,0
TX_000804,ACC_0738,ACC_0621,69.73,2026-08-23 02:54:00,0
TX_003953,ACC_0017,ACC_0208,712.62,2026-08-23 02:54:00,0
TX_003779,ACC_0673,ACC_0541,107.86,2026-08-23 02:55:00,0
TX_004402,ACC_0838,ACC_0014,243.4,2026-08-23 02:58:00,0
TX_004390,ACC_0186,ACC_0937,1455.48,2026-08-23 03:27:00,0
TX_002178,ACC_0457,ACC_0512,185.99,2026-08-23 03:35:00,0
TX_004330,ACC_0324,ACC_0083,546.49,2026-08-23 03:51:00,0
TX_000163,ACC_0983,ACC_0249,834.73,2026-08-23 04:00:00,0
TX_003029,ACC_0490,ACC_0993,1364.98,2026-08-23 04:14:00,0
TX_003627,ACC_0158,ACC_0727,435.97,2026-08-23 04:51:00,0
TX_000078,ACC_0873,ACC_0553,914.54,2026-08-23 04:56:00,0
TX_001644,ACC_0024,ACC_0673,77.48,2026-08-23 05:16:00,0
TX_004631,ACC_0605,ACC_0978,192.57,2026-08-23 05:17:00,0
TX_003110,ACC_0097,ACC_0007,1455.26,2026-08-23 05:33:00,0
TX_003479,ACC_0923,ACC_0605,317.77,2026-08-23 05:40:00,0
TX_004604,ACC_0585,ACC_0208,300.98,2026-08-23 05:48:00,0
TX_002646,ACC_0037,ACC_0000,251.27,2026-08-23 05:50:00,0
TX_000359,ACC_0317,ACC_0729,331.3,2026-08-23 05:53:00,0
TX_004378,ACC_0394,ACC_0113,106.11,2026-08-23 06:07:00,0
TX_001188,ACC_0918,ACC_0890,917.53,2026-08-23 06:24:00,0
TX_001877,ACC_0520,ACC_0444,97.81,2026-08-23 06:29:00,0
TX_000907,ACC_0384,ACC_0353,99.87,2026-08-23 06:32:00,0
TX_005072,ACC_0453,ACC_0026,166.56,2026-08-23 06:33:00,1
TX_004662,ACC_0973,ACC_0188,813.58,2026-08-23 06:39:00,0
TX_005073,ACC_0453,ACC_0026,38719.32,2026-08-23 06:43:00,1
TX_002321,ACC_0670,ACC_0086,814.98,2026-08-23 06:46:00,0
TX_001670,ACC_0606,ACC_0888,141.17,2026-08-23 06:54:00,0
TX_003460,ACC_0537,ACC_0472,740.81,2026-08-23 06:56:00,0
TX_004487,ACC_0916,ACC_0221,1232.86,2026-08-23 07:03:00,0
TX_000530,ACC_0054,ACC_0866,402.31,2026-08-23 07:11:00,0
TX_001092,ACC_0259,ACC_0208,215.84,2026-08-23 07:13:00,0
TX_002578,ACC_0015,ACC_0221,56.75,2026-08-23 07:17:00,0
TX_001083,ACC_0800,ACC_0329,1463.75,2026-08-23 07:17:00,0
TX_002195,ACC_0291,ACC_0309,986.86,2026-08-23 07:21:00,0
TX_004876,ACC_0946,ACC_0212,377.37,2026-08-23 07:32:00,0
TX_003712,ACC_0995,ACC_0368,188.96,2026-08-23 07:45:00,0
TX_002659,ACC_0586,ACC_0092,523.55,2026-08-23 08:05:00,0
TX_001477,ACC_0051,ACC_0802,347.15,2026-08-23 08:10:00,0
TX_001265,ACC_0285,ACC_0041,179.74,2026-08-23 08:17:00,0
TX_004000,ACC_0564,ACC_0904,1041.63,2026-08-23 08:18:00,0
TX_005058,ACC_0395,ACC_0012,248.46,2026-08-23 08:18:00,1
TX_000656,ACC_0779,ACC_0391,1401.57,2026-08-23 08:26:00,0
TX_005059,ACC_0395,ACC_0012,15252.1,2026-08-23 08:28:00,1
TX_002071,ACC_0342,ACC_0304,1719.35,2026-08-23 08:28:00,0
TX_002109,ACC_0865,ACC_0107,373.05,2026-08-23 08:29:00,0
TX_003657,ACC_0857,ACC_0796,481.01,2026-08-23 08:32:00,0
TX_003965,ACC_0966,ACC_0549,1156.36,2026-08-23 08:41:00,0
TX_003314,ACC_0946,ACC_0992,395.07,2026-08-23 08:45:00,0
TX_004879,ACC_0849,ACC_0197,345.71,2026-08-23 08:46:00,0
TX_004511,ACC_0614,ACC_0481,703.97,2026-08-23 08:47:00,0
TX_002761,ACC_0379,ACC_0284,445.62,2026-08-23 08:50:00,0
TX_001512,ACC_0377,ACC_0190,1808.0,2026-08-23 08:56:00,0
TX_000267,ACC_0905,ACC_0736,151.44,2026-08-23 09:15:00,0
TX_002210,ACC_0489,ACC_0065,841.1,2026-08-23 09:33:00,0
TX_000428,ACC_0477,ACC_0551,356.64,2026-08-23 09:33:00,0
TX_003336,ACC_0595,ACC_0702,311.51,2026-08-23 09:36:00,0
TX_000172,ACC_0231,ACC_0997,401.72,2026-08-23 10:00:00,0
TX_001090,ACC_0320,ACC_0830,137.85,2026-08-23 10:07:00,0
TX_003902,ACC_0036,ACC_0930,724.1,2026-08-23 10:10:00,0
TX_001843,ACC_0003,ACC_0790,178.31,2026-08-23 10:17:00,0
TX_004186,ACC_0279,ACC_0749,705.89,2026-08-23 10:17:00,0
TX_002019,ACC_0774,ACC_0489,667.32,2026-08-23 10:24:00,0
TX_002061,ACC_0476,ACC_0517,443.83,2026-08-23 10:25:00,0
TX_001085,ACC_0410,ACC_0867,226.98,2026-08-23 10:32:00,0
TX_002116,ACC_0131,ACC_0466,567.92,2026-08-23 10:42:00,0
TX_002797,ACC_0628,ACC_0352,340.36,2026-08-23 10:47:00,0
TX_004668,ACC_0820,ACC_0231,157.36,2026-08-23 10:48:00,0
TX_001570,ACC_0023,ACC_0125,803.47,2026-08-23 10:53:00,0
TX_000818,ACC_0775,ACC_0945,273.9,2026-08-23 11:07:00,0
TX_001619,ACC_0465,ACC_0295,234.27,2026-08-23 11:13:00,0
TX_003211,ACC_0721,ACC_0182,258.85,2026-08-23 11:31:00,0
TX_000571,ACC_0678,ACC_0712,783.19,2026-08-23 11:36:00,0
TX_005146,ACC_0325,ACC_0043,216.34,2026-08-23 11:37:00,1
TX_001258,ACC_0251,ACC_0404,339.58,2026-08-23 11:38:00,0
TX_001194,ACC_0676,ACC_0999,695.89,2026-08-23 11:41:00,0
TX_002963,ACC_0241,ACC_0255,2257.59,2026-08-23 11:44:00,0
TX_005147,ACC_0325,ACC_0043,39608.61,2026-08-23 11:47:00,1
TX_005014,ACC_0321,ACC_0033,173.76,2026-08-23 11:54:00,1
TX_005015,ACC_0321,ACC_0033,37819.47,2026-08-23 12:04:00,1
TX_000175,ACC_0030,ACC_0862,580.16,2026-08-23 12:17:00,0
TX_001017,ACC_0647,ACC_0762,485.3,2026-08-23 12:26:00,0
TX_001852,ACC_0557,ACC_0369,863.4,2026-08-23 12:56:00,0
TX_004521,ACC_0763,ACC_0603,106.29,2026-08-23 13:04:00,0
TX_001638,ACC_0125,ACC_0069,1052.89,2026-08-23 13:04:00,0
TX_002650,ACC_0760,ACC_0241,97.99,2026-08-23 13:10:00,0
TX_004294,ACC_0775,ACC_0400,388.33,2026-08-23 13:10:00,0
TX_003478,ACC_0937,ACC_0541,354.5,2026-08-23 13:21:00,0
TX_000495,ACC_0386,ACC_0049,124.13,2026-08-23 13:25:00,0
TX_001657,ACC_0471,ACC_0253,774.37,2026-08-23 13:31:00,0
TX_001326,ACC_0550,ACC_0534,2110.35,2026-08-23 13:48:00,0
TX_000246,ACC_0584,ACC_0972,866.43,2026-08-23 13:51:00,0
TX_001709,ACC_0589,ACC_0065,267.64,2026-08-23 13:55:00,0
TX_003690,ACC_0214,ACC_0370,942.17,2026-08-23 14:01:00,0
TX_000823,ACC_0149,ACC_0119,150.63,2026-08-23 14:11:00,0
TX_000778,ACC_0733,ACC_0645,91.1,2026-08-23 14:12:00,0
TX_003846,ACC_0462,ACC_0268,487.4,2026-08-23 14:21:00,0
TX_001381,ACC_0617,ACC_0872,73.33,2026-08-23 14:36:00,0
TX_000068,ACC_0175,ACC_0927,832.76,2026-08-23 14:38:00,0
TX_002532,ACC_0397,ACC_0554,200.85,2026-08-23 14:54:00,0
TX_002202,ACC_0604,ACC_0665,283.68,2026-08-23 15:13:00,0
TX_002323,ACC_0455,ACC_0607,126.16,2026-08-23 15:14:00,0
TX_000442,ACC_0371,ACC_0813,1308.35,2026-08-23 15:34:00,0
TX_004492,ACC_0931,ACC_0327,66.62,2026-08-23 15:52:00,0
TX_003048,ACC_0283,ACC_0506,2125.05,2026-08-23 15:53:00,0
TX_002743,ACC_0605,ACC_0266,59.43,2026-08-23 15:58:00,0
TX_003677,ACC_0808,ACC_0125,305.02,2026-08-23 16:11:00,0
TX_000887,ACC_0074,ACC_0046,653.11,2026-08-23 16:11:00,0
TX_000688,ACC_0926,ACC_0096,1506.76,2026-08-23 16:14:00,0
TX_001812,ACC_0257,ACC_0158,982.61,2026-08-23 16:23:00,0
TX_001059,ACC_0281,ACC_0762,372.14,2026-08-23 16:35:00,0
TX_000116,ACC_0391,ACC_0600,68.56,2026-08-23 16:54:00,0
TX_004617,ACC_0000,ACC_0914,184.82,2026-08-23 16:56:00,0
TX_000874,ACC_0741,ACC_0798,167.43,2026-08-23 16:58:00,0
TX_005234,ACC_0170,ACC_0017,149.06,2026-08-23 17:04:00,1
TX_005235,ACC_0170,ACC_0017,15780.69,2026-08-23 17:14:00,1
TX_003066,ACC_0888,ACC_0950,89.46,2026-08-23 17:17:00,0
TX_000500,ACC_0383,ACC_0473,350.34,2026-08-23 17:24:00,0
TX_001411,ACC_0231,ACC_0997,242.47,2026-08-23 17:24:00,0
TX_001074,ACC_0432,ACC_0498,250.66,2026-08-23 17:38:00,0
TX_001750,ACC_0022,ACC_0002,169.28,2026-08-23 18:04:00,0
TX_000497,ACC_0298,ACC_0831,1520.18,2026-08-23 18:26:00,0
TX_000949,ACC_0428,ACC_0347,400.47,2026-08-23 18:39:00,0
TX_003856,ACC_0417,ACC_0563,816.1,2026-08-23 18:47:00,0
TX_004992,ACC_0527,ACC_0636,322.39,2026-08-23 18:54:00,0
TX_001475,ACC_0013,ACC_0284,152.74,2026-08-23 19:05:00,0
TX_001803,ACC_0100,ACC_0585,364.16,2026-08-23 19:06:00,0
TX_002389,ACC_0076,ACC_0671,806.37,2026-08-23 19:10:00,0
TX_000668,ACC_0491,ACC_0499,333.21,2026-08-23 19:11:00,0
TX_003395,ACC_0825,ACC_0006,177.1,2026-08-23 19:16:00,0
TX_000937,ACC_0871,ACC_0666,56.08,2026-08-23 19:21:00,0
TX_000965,ACC_0805,ACC_0919,1064.88,2026-08-23 19:26:00,0
TX_000961,ACC_0625,ACC_0159,604.98,2026-08-23 19:53:00,0
TX_000320,ACC_0035,ACC_0048,81.97,2026-08-23 20:06:00,0
TX_001170,ACC_0801,ACC_0941,1048.3,2026-08-23 20:07:00,0
TX_001616,ACC_0976,ACC_0112,2894.65,2026-08-23 20:07:00,0
TX_001076,ACC_0393,ACC_0771,443.44,2026-08-23 20:47:00,0
TX_004128,ACC_0323,ACC_0535,73.53,2026-08-23 20:47:00,0
TX_000113,ACC_0604,ACC_0916,540.71,2026-08-23 20:53:00,0
TX_004470,ACC_0127,ACC_0085,223.5,2026-08-23 20:58:00,0
TX_003189,ACC_0832,ACC_0073,512.14,2026-08-23 20:59:00,0
TX_000853,ACC_0788,ACC_0645,608.91,2026-08-23 21:37:00,0
TX_002655,ACC_0501,ACC_0385,74.92,2026-08-23 21:50:00,0
TX_001963,ACC_0851,ACC_0852,55.01,2026-08-23 21:59:00,0
TX_001305,ACC_0920,ACC_0010,479.38,2026-08-23 22:01:00,0
TX_001409,ACC_0681,ACC_0409,194.51,2026-08-23 22:05:00,0
TX_002464,ACC_0506,ACC_0374,71.35,2026-08-23 22:07:00,0
TX_001569,ACC_0080,ACC_0367,1731.24,2026-08-23 22:11:00,0
TX_001423,ACC_0782,ACC_0287,60.74,2026-08-23 22:21:00,0
TX_001635,ACC_0704,ACC_0041,393.54,2026-08-23 22:31:00,0
TX_000199,ACC_0582,ACC_0897,289.21,2026-08-23 22:38:00,0
TX_004557,ACC_0721,ACC_0039,417.75,2026-08-23 22:52:00,0
TX_002262,ACC_0160,ACC_0807,358.64,2026-08-23 22:53:00,0
TX_002858,ACC_0106,ACC_0682,694.83,2026-08-23 22:58:00,0
TX_004599,ACC_0552,ACC_0863,1439.04,2026-08-23 23:04:00,0
TX_000326,ACC_0374,ACC_0709,375.86,2026-08-23 23:10:00,0
TX_005198,ACC_0714,ACC_0041,200.33,2026-08-23 23:13:00,1
TX_004885,ACC_0356,ACC_0775,307.38,2026-08-23 23:15:00,0
TX_005199,ACC_0714,ACC_0041,25016.51,2026-08-23 23:23:00,1
TX_004649,ACC_0105,ACC_0065,774.55,2026-08-23 23:52:00,0
TX_003718,ACC_0891,ACC_0195,295.04,2026-08-24 00:31:00,0
TX_000563,ACC_0783,ACC_0300,326.33,2026-08-24 00:39:00,0
TX_000294,ACC_0512,ACC_0501,977.53,2026-08-24 00:42:00,0
TX_000788,ACC_0748,ACC_0302,53.07,2026-08-24 00:42:00,0
TX_000046,ACC_0565,ACC_0885,142.84,2026-08-24 00:46:00,0
TX_000856,ACC_0828,ACC_0632,78.14,2026-08-24 00:58:00,0
TX_001716,ACC_0982,ACC_0589,1153.21,2026-08-24 01:07:00,0
TX_000477,ACC_0354,ACC_0879,372.26,2026-08-24 01:08:00,0
TX_003639,ACC_0911,ACC_0038,1236.04,2026-08-24 01:32:00,0
TX_003091,ACC_0892,ACC_0257,787.04,2026-08-24 01:32:00,0
TX_003272,ACC_0247,ACC_0196,163.52,2026-08-24 01:56:00,0
TX_004929,ACC_0806,ACC_0518,599.1,2026-08-24 02:13:00,0
TX_005080,ACC_0705,ACC_0045,168.63,2026-08-24 02:14:00,1
TX_005081,ACC_0705,ACC_0045,20199.3,2026-08-24 02:24:00,1
TX_001393,ACC_0857,ACC_0171,105.1,2026-08-24 02:28:00,0
TX_001966,ACC_0945,ACC_0320,58.26,2026-08-24 02:29:00,0
TX_002729,ACC_0148,ACC_0243,601.4,2026-08-24 02:41:00,0
TX_002771,ACC_0242,ACC_0122,181.52,2026-08-24 02:45:00,0
TX_004489,ACC_0731,ACC_0465,1384.85,2026-08-24 02:46:00,0
TX_004710,ACC_0704,ACC_0758,2386.65,2026-08-24 02:50:00,0
TX_004726,ACC_0929,ACC_0179,116.93,2026-08-24 02:55:00,0
TX_001450,ACC_0976,ACC_0209,228.0,2026-08-24 03:14:00,0
TX_002603,ACC_0769,ACC_0189,495.59,2026-08-24 03:43:00,0
TX_001572,ACC_0107,ACC_0478,1824.42,2026-08-24 03:48:00,0
TX_001177,ACC_0474,ACC_0203,757.02,2026-08-24 03:54:00,0
TX_001694,ACC_0597,ACC_0894,116.96,2026-08-24 03:54:00,0
TX_002482,ACC_0718,ACC_0589,62.58,2026-08-24 03:55:00,0
TX_001992,ACC_0278,ACC_0483,99.8,2026-08-24 03:56:00,0
TX_004923,ACC_0852,ACC_0035,507.22,2026-08-24 04:00:00,0
TX_001173,ACC_0357,ACC_0620,1367.58,2026-08-24 04:07:00,0
TX_000619,ACC_0967,ACC_0864,235.31,2026-08-24 04:27:00,0
TX_003465,ACC_0753,ACC_0421,395.25,2026-08-24 04:33:00,0
TX_002893,ACC_0678,ACC_0237,2116.22,2026-08-24 04:35:00,0
TX_004502,ACC_0356,ACC_0722,2049.41,2026-08-24 04:45:00,0
TX_004001,ACC_0527,ACC_0947,126.78,2026-08-24 04:49:00,0
TX_003225,ACC_0866,ACC_0641,76.38,2026-08-24 04:52:00,0
TX_004372,ACC_0615,ACC_0703,1564.01,2026-08-24 05:06:00,0
TX_003060,ACC_0684,ACC_0201,905.91,2026-08-24 05:17:00,0
TX_002624,ACC_0387,ACC_0275,912.8,2026-08-24 05:19:00,0
TX_002878,ACC_0175,ACC_0836,700.49,2026-08-24 05:26:00,0
TX_000649,ACC_0615,ACC_0311,445.56,2026-08-24 05:27:00,0
TX_005040,ACC_0422,ACC_0038,272.92,2026-08-24 05:38:00,1
TX_002005,ACC_0612,ACC_0967,648.26,2026-08-24 05:44:00,0
TX_002869,ACC_0276,ACC_0050,1876.15,2026-08-24 05:48:00,0
TX_005041,ACC_0422,ACC_0038,32713.19,2026-08-24 05:48:00,1
TX_004212,ACC_0940,ACC_0254,535.17,2026-08-24 06:14:00,0
TX_001037,ACC_0287,ACC_0716,636.88,2026-08-24 06:22:00,0
TX_000409,ACC_0034,ACC_0559,435.98,2026-08-24 06:23:00,0
TX_000122,ACC_0243,ACC_0420,491.83,2026-08-24 06:35:00,0
TX_004680,ACC_0171,ACC_0082,852.19,2026-08-24 06:37:00,0
TX_001202,ACC_0323,ACC_0239,535.98,2026-08-24 06:40:00,0
TX_002507,ACC_0797,ACC_0085,158.83,2026-08-24 06:59:00,0
TX_004729,ACC_0936,ACC_0394,236.99,2026-08-24 07:18:00,0
TX_001105,ACC_0931,ACC_0368,1110.02,2026-08-24 07:33:00,0
TX_004756,ACC_0169,ACC_0118,336.86,2026-08-24 07:39:00,0
TX_002184,ACC_0355,ACC_0768,292.61,2026-08-24 07:39:00,0
TX_001397,ACC_0891,ACC_0963,155.14,2026-08-24 08:02:00,0
TX_003595,ACC_0616,ACC_0227,259.45,2026-08-24 08:02:00,0
TX_000393,ACC_0387,ACC_0581,1376.93,2026-08-24 08:13:00,0
TX_004935,ACC_0585,ACC_0748,190.39,2026-08-24 08:19:00,0
TX_003364,ACC_0889,ACC_0352,220.79,2026-08-24 08:24:00,0
TX_002395,ACC_0341,ACC_0819,1090.32,2026-08-24 08:30:00,0
TX_001566,ACC_0048,ACC_0707,1209.89,2026-08-24 08:33:00,0
TX_004970,ACC_0637,ACC_0752,604.48,2026-08-24 08:35:00,0
TX_003299,ACC_0883,ACC_0450,1237.62,2026-08-24 08:42:00,0
TX_004597,ACC_0537,ACC_0858,101.45,2026-08-24 08:43:00,0
TX_005220,ACC_0065,ACC_0044,214.8,2026-08-24 08:47:00,1
TX_005221,ACC_0065,ACC_0044,21938.6,2026-08-24 08:57:00,1
TX_001605,ACC_0074,ACC_0181,947.72,2026-08-24 09:04:00,0
TX_003321,ACC_0932,ACC_0702,700.23,2026-08-24 09:05:00,0
TX_001734,ACC_0047,ACC_0494,1693.67,2026-08-24 09:24:00,0
TX_002810,ACC_0381,ACC_0715,1158.71,2026-08-24 09:25:00,0
TX_002607,ACC_0239,ACC_0311,395.5,2026-08-24 09:29:00,0
TX_001146,ACC_0030,ACC_0671,541.32,2026-08-24 09:30:00,0
TX_000970,ACC_0254,ACC_0359,522.88,2026-08-24 10:23:00,0
TX_002753,ACC_0159,ACC_0915,2338.88,2026-08-24 10:40:00,0
TX_003137,ACC_0836,ACC_0780,1827.44,2026-08-24 10:40:00,0
TX_003980,ACC_0962,ACC_0789,347.24,2026-08-24 11:19:00,0
TX_001535,ACC_0309,ACC_0061,250.26,2026-08-24 11:31:00,0
TX_001997,ACC_0973,ACC_0847,174.02,2026-08-24 11:34:00,0
TX_001279,ACC_0653,ACC_0870,490.12,2026-08-24 11:46:00,0
TX_003663,ACC_0515,ACC_0416,366.3,2026-08-24 11:50:00,0
TX_000863,ACC_0410,ACC_0664,260.7,2026-08-24 12:06:00,0
TX_003248,ACC_0600,ACC_0003,189.83,2026-08-24 12:09:00,0
TX_000842,ACC_0721,ACC_0008,307.26,2026-08-24 12:24:00,0
TX_003662,ACC_0907,ACC_0355,2068.93,2026-08-24 12:32:00,0
TX_003388,ACC_0939,ACC_0188,311.56,2026-08-24 12:40:00,0
TX_003667,ACC_0897,ACC_0335,280.19,2026-08-24 12:50:00,0
TX_003869,ACC_0088,ACC_0817,648.97,2026-08-24 13:00:00,0
TX_003429,ACC_0831,ACC_0333,73.16,2026-08-24 13:23:00,0
TX_001293,ACC_0460,ACC_0034,163.11,2026-08-24 13:25:00,0
TX_000374,ACC_0826,ACC_0100,426.54,2026-08-24 13:28:00,0
TX_001000,ACC_0825,ACC_0302,226.98,2026-08-24 13:29:00,0
TX_003997,ACC_0366,ACC_0988,1172.97,2026-08-24 13:34:00,0
TX_001147,ACC_0359,ACC_0291,179.71,2026-08-24 14:00:00,0
TX_001717,ACC_0497,ACC_0016,106.45,2026-08-24 14:15:00,0
TX_003937,ACC_0235,ACC_0179,243.03,2026-08-24 14:17:00,0
TX_004267,ACC_0395,ACC_0776,83.92,2026-08-24 14:41:00,0
TX_003732,ACC_0050,ACC_0544,147.07,2026-08-24 15:16:00,0
TX_000346,ACC_0909,ACC_0648,104.68,2026-08-24 15:27:00,0
TX_003658,ACC_0201,ACC_0576,1278.68,2026-08-24 15:40:00,0
TX_001457,ACC_0719,ACC_0167,137.0,2026-08-24 15:41:00,0
TX_004628,ACC_0829,ACC_0618,472.86,2026-08-24 16:08:00,0
TX_004017,ACC_0962,ACC_0399,935.34,2026-08-24 16:49:00,0
TX_002913,ACC_0230,ACC_0789,553.07,2026-08-24 16:59:00,0
TX_004491,ACC_0919,ACC_0795,803.51,2026-08-24 17:05:00,0
TX_003024,ACC_0955,ACC_0114,763.98,2026-08-24 17:07:00,0
TX_000120,ACC_0204,ACC_0271,374.8,2026-08-24 17:09:00,0
TX_003649,ACC_0907,ACC_0892,167.99,2026-08-24 17:17:00,0
TX_002118,ACC_0192,ACC_0107,86.95,2026-08-24 17:19:00,0
TX_004712,ACC_0762,ACC_0692,952.83,2026-08-24 17:22:00,0
TX_000093,ACC_0008,ACC_0434,88.43,2026-08-24 17:23:00,0
TX_000104,ACC_0708,ACC_0231,194.6,2026-08-24 17:40:00,0
TX_001136,ACC_0393,ACC_0314,79.11,2026-08-24 17:48:00,0
TX_003037,ACC_0656,ACC_0611,534.99,2026-08-24 18:08:00,0
TX_002819,ACC_0336,ACC_0735,58.53,2026-08-24 18:10:00,0
TX_002405,ACC_0483,ACC_0096,452.36,2026-08-24 18:18:00,0
TX_002282,ACC_0137,ACC_0803,697.82,2026-08-24 18:23:00,0
TX_002849,ACC_0917,ACC_0540,580.36,2026-08-24 18:28:00,0
TX_000834,ACC_0033,ACC_0784,460.47,2026-08-24 18:29:00,0
TX_002834,ACC_0593,ACC_0301,306.27,2026-08-24 18:53:00,0
TX_004469,ACC_0940,ACC_0310,112.57,2026-08-24 19:02:00,0
TX_001500,ACC_0391,ACC_0061,1344.82,2026-08-24 19:08:00,0
TX_004561,ACC_0913,ACC_0883,1623.51,2026-08-24 19:16:00,0
TX_003607,ACC_0446,ACC_0155,132.61,2026-08-24 19:22:00,0
TX_004251,ACC_0187,ACC_0286,647.54,2026-08-24 19:22:00,0
TX_004841,ACC_0586,ACC_0159,326.53,2026-08-24 19:29:00,0
TX_003801,ACC_0166,ACC_0068,719.09,2026-08-24 19:34:00,0
TX_004810,ACC_0114,ACC_0654,178.25,2026-08-24 19:50:00,0
TX_000243,ACC_0599,ACC_0763,454.49,2026-08-24 19:50:00,0
TX_001832,ACC_0880,ACC_0835,941.33,2026-08-24 19:51:00,0
TX_001604,ACC_0088,ACC_0564,269.26,2026-08-24 20:01:00,0
TX_000169,ACC_0545,ACC_0019,139.45,2026-08-24 20:09:00,0
TX_001965,ACC_0472,ACC_0818,96.81,2026-08-24 20:17:00,0
TX_002021,ACC_0718,ACC_0036,411.18,2026-08-24 20:34:00,0
TX_004047,ACC_0494,ACC_0301,167.96,2026-08-24 20:57:00,0
TX_000048,ACC_0960,ACC_0437,1288.74,2026-08-24 21:08:00,0
TX_001056,ACC_0916,ACC_0383,279.82,2026-08-24 21:32:00,0
TX_000938,ACC_0855,ACC_0697,810.13,2026-08-24 21:42:00,0
TX_000589,ACC_0706,ACC_0474,733.2,2026-08-24 22:07:00,0
TX_000072,ACC_0828,ACC_0003,212.04,2026-08-24 22:19:00,0
TX_002820,ACC_0160,ACC_0096,214.28,2026-08-24 22:34:00,0
TX_004111,ACC_0110,ACC_0271,392.69,2026-08-24 22:34:00,0
TX_000247,ACC_0853,ACC_0757,72.33,2026-08-24 22:38:00,0
TX_000128,ACC_0711,ACC_0244,1199.07,2026-08-24 22:46:00,0
TX_002016,ACC_0790,ACC_0325,267.1,2026-08-24 22:57:00,0
TX_002491,ACC_0208,ACC_0073,506.64,2026-08-24 23:06:00,0
TX_000736,ACC_0836,ACC_0709,787.31,2026-08-24 23:17:00,0
TX_001401,ACC_0298,ACC_0262,499.54,2026-08-24 23:19:00,0
TX_002097,ACC_0433,ACC_0889,203.08,2026-08-24 23:25:00,0
TX_004426,ACC_0140,ACC_0388,76.55,2026-08-24 23:29:00,0
TX_000990,ACC_0890,ACC_0665,395.42,2026-08-24 23:29:00,0
TX_001584,ACC_0931,ACC_0609,416.39,2026-08-25 00:05:00,0
TX_001413,ACC_0055,ACC_0640,951.64,2026-08-25 00:10:00,0
TX_000904,ACC_0028,ACC_0594,437.14,2026-08-25 00:13:00,0
TX_003530,ACC_0764,ACC_0595,63.62,2026-08-25 00:23:00,0
TX_000916,ACC_0525,ACC_0294,118.27,2026-08-25 00:30:00,0
TX_002695,ACC_0860,ACC_0590,425.86,2026-08-25 00:31:00,0
TX_002075,ACC_0077,ACC_0035,562.35,2026-08-25 00:35:00,0
TX_000332,ACC_0777,ACC_0827,105.93,2026-08-25 01:00:00,0
TX_001057,ACC_0403,ACC_0933,56.45,2026-08-25 01:05:00,0
TX_001729,ACC_0656,ACC_0675,902.61,2026-08-25 01:12:00,0
TX_004300,ACC_0336,ACC_0117,192.57,2026-08-25 01:21:00,0
TX_000912,ACC_0110,ACC_0857,493.44,2026-08-25 01:30:00,0
TX_000753,ACC_0700,ACC_0212,376.65,2026-08-25 02:01:00,0
TX_000791,ACC_0807,ACC_0232,293.91,2026-08-25 02:04:00,0
TX_002627,ACC_0334,ACC_0652,1060.55,2026-08-25 02:29:00,0
TX_001787,ACC_0132,ACC_0162,323.83,2026-08-25 02:48:00,0
TX_003111,ACC_0017,ACC_0791,1018.41,2026-08-25 02:52:00,0
TX_004336,ACC_0962,ACC_0528,356.33,2026-08-25 02:58:00,0
TX_003198,ACC_0459,ACC_0168,116.85,2026-08-25 03:11:00,0
TX_003006,ACC_0834,ACC_0968,219.47,2026-08-25 03:11:00,0
TX_000850,ACC_0017,ACC_0820,474.8,2026-08-25 03:20:00,0
TX_001834,ACC_0311,ACC_0078,235.3,2026-08-25 03:20:00,0
TX_001021,ACC_0449,ACC_0150,774.62,2026-08-25 03:37:00,0
TX_003852,ACC_0388,ACC_0420,264.16,2026-08-25 03:49:00,0
TX_001820,ACC_0242,ACC_0373,230.63,2026-08-25 04:21:00,0
TX_003815,ACC_0871,ACC_0429,220.99,2026-08-25 04:21:00,0
TX_000836,ACC_0152,ACC_0959,422.32,2026-08-25 04:28:00,0
TX_000276,ACC_0229,ACC_0638,253.82,2026-08-25 04:44:00,0
TX_002420,ACC_0762,ACC_0577,212.15,2026-08-25 04:46:00,0
TX_002256,ACC_0725,ACC_0571,379.11,2026-08-25 04:47:00,0
TX_004060,ACC_0167,ACC_0538,722.21,2026-08-25 04:52:00,0
TX_003699,ACC_0325,ACC_0332,729.52,2026-08-25 05:01:00,0
TX_003999,ACC_0039,ACC_0769,936.77,2026-08-25 05:12:00,0
TX_003005,ACC_0901,ACC_0902,77.46,2026-08-25 05:20:00,0
TX_003975,ACC_0580,ACC_0857,484.15,2026-08-25 05:22:00,0
TX_004655,ACC_0710,ACC_0967,622.64,2026-08-25 05:25:00,0
TX_004627,ACC_0718,ACC_0362,444.92,2026-08-25 05:31:00,0
TX_004343,ACC_0519,ACC_0687,579.0,2026-08-25 05:33:00,0
TX_001902,ACC_0805,ACC_0791,216.01,2026-08-25 05:44:00,0
TX_002978,ACC_0031,ACC_0945,521.28,2026-08-25 05:45:00,0
TX_000932,ACC_0759,ACC_0475,440.03,2026-08-25 06:17:00,0
TX_000222,ACC_0325,ACC_0278,105.11,2026-08-25 06:21:00,0
TX_004558,ACC_0569,ACC_0742,70.21,2026-08-25 06:33:00,0
TX_001487,ACC_0846,ACC_0693,251.31,2026-08-25 06:43:00,0
TX_000712,ACC_0460,ACC_0717,455.51,2026-08-25 06:51:00,0
TX_004661,ACC_0014,ACC_0583,236.0,2026-08-25 06:54:00,0
TX_001508,ACC_0576,ACC_0865,68.51,2026-08-25 07:03:00,0
TX_003660,ACC_0112,ACC_0505,908.01,2026-08-25 07:12:00,0
TX_003287,ACC_0821,ACC_0503,156.58,2026-08-25 07:12:00,0
TX_000747,ACC_0180,ACC_0247,971.47,2026-08-25 07:15:00,0
TX_000549,ACC_0347,ACC_0428,251.88,2026-08-25 07:16:00,0
TX_004691,ACC_0299,ACC_0717,490.56,2026-08-25 07:16:00,0
TX_000080,ACC_0449,ACC_0612,827.38,2026-08-25 07:22:00,0
TX_000482,ACC_0468,ACC_0489,659.08,2026-08-25 07:23:00,0
TX_002148,ACC_0187,ACC_0272,369.35,2026-08-25 07:25:00,0
TX_001998,ACC_0230,ACC_0431,608.72,2026-08-25 07:29:00,0
TX_002403,ACC_0244,ACC_0395,507.84,2026-08-25 07:30:00,0
TX_003915,ACC_0576,ACC_0184,265.67,2026-08-25 07:32:00,0
TX_003413,ACC_0541,ACC_0833,314.08,2026-08-25 07:34:00,0
TX_004117,ACC_0798,ACC_0811,193.55,2026-08-25 07:35:00,0
TX_000301,ACC_0429,ACC_0724,1248.52,2026-08-25 07:38:00,0
TX_005196,ACC_0664,ACC_0046,187.34,2026-08-25 07:41:00,1
TX_005197,ACC_0664,ACC_0046,33952.91,2026-08-25 07:51:00,1
TX_004882,ACC_0551,ACC_0727,393.78,2026-08-25 07:56:00,0
TX_002435,ACC_0676,ACC_0467,1296.76,2026-08-25 07:59:00,0
TX_000665,ACC_0527,ACC_0938,289.24,2026-08-25 08:01:00,0
TX_003891,ACC_0197,ACC_0375,329.44,2026-08-25 08:10:00,0
TX_000250,ACC_0545,ACC_0307,2335.12,2026-08-25 08:13:00,0
TX_001859,ACC_0277,ACC_0963,74.8,2026-08-25 08:20:00,0
TX_000957,ACC_0653,ACC_0675,2217.28,2026-08-25 08:27:00,0
TX_001493,ACC_0383,ACC_0567,993.88,2026-08-25 08:37:00,0
TX_002813,ACC_0559,ACC_0889,738.99,2026-08-25 08:56:00,0
TX_002829,ACC_0926,ACC_0104,1190.91,2026-08-25 09:04:00,0
TX_001260,ACC_0258,ACC_0181,295.54,2026-08-25 09:16:00,0
TX_002737,ACC_0555,ACC_0202,570.16,2026-08-25 09:30:00,0
TX_003757,ACC_0423,ACC_0689,250.08,2026-08-25 09:37:00,0
TX_003459,ACC_0413,ACC_0436,1181.19,2026-08-25 09:38:00,0
TX_002584,ACC_0494,ACC_0292,473.79,2026-08-25 09:49:00,0
TX_001014,ACC_0098,ACC_0672,747.8,2026-08-25 10:06:00,0
TX_001936,ACC_0286,ACC_0193,109.4,2026-08-25 10:08:00,0
TX_001349,ACC_0259,ACC_0753,1093.44,2026-08-25 10:15:00,0
TX_003074,ACC_0873,ACC_0621,810.89,2026-08-25 10:21:00,0
TX_002816,ACC_0727,ACC_0971,492.91,2026-08-25 10:22:00,0
TX_002302,ACC_0044,ACC_0518,133.04,2026-08-25 10:43:00,0
TX_003962,ACC_0516,ACC_0692,1198.93,2026-08-25 10:45:00,0
TX_002895,ACC_0512,ACC_0269,481.09,2026-08-25 10:54:00,0
TX_003935,ACC_0281,ACC_0754,828.48,2026-08-25 11:06:00,0
TX_000826,ACC_0731,ACC_0946,143.09,2026-08-25 11:33:00,0
TX_001007,ACC_0235,ACC_0320,176.83,2026-08-25 11:41:00,0
TX_004270,ACC_0018,ACC_0003,167.22,2026-08-25 12:12:00,0
TX_000125,ACC_0810,ACC_0125,132.66,2026-08-25 12:21:00,0
TX_000827,ACC_0217,ACC_0704,96.56,2026-08-25 12:23:00,0
TX_001269,ACC_0439,ACC_0641,372.16,2026-08-25 12:29:00,0
TX_003912,ACC_0044,ACC_0274,1370.08,2026-08-25 12:50:00,0
TX_001589,ACC_0574,ACC_0709,1530.59,2026-08-25 12:52:00,0
TX_001053,ACC_0764,ACC_0945,599.87,2026-08-25 13:01:00,0
TX_001542,ACC_0187,ACC_0578,305.72,2026-08-25 13:02:00,0
TX_003231,ACC_0753,ACC_0870,281.87,2026-08-25 13:06:00,0
TX_003740,ACC_0416,ACC_0982,77.94,2026-08-25 13:23:00,0
TX_004639,ACC_0606,ACC_0945,200.75,2026-08-25 13:30:00,0
TX_003938,ACC_0320,ACC_0818,167.51,2026-08-25 13:42:00,0
TX_002028,ACC_0589,ACC_0514,790.92,2026-08-25 13:51:00,0
TX_002364,ACC_0035,ACC_0335,1223.2,2026-08-25 14:06:00,0
TX_000877,ACC_0679,ACC_0420,407.03,2026-08-25 14:15:00,0
TX_003157,ACC_0267,ACC_0829,406.48,2026-08-25 14:24:00,0
TX_000825,ACC_0846,ACC_0908,198.25,2026-08-25 14:34:00,0
TX_002000,ACC_0625,ACC_0670,522.28,2026-08-25 14:48:00,0
TX_003153,ACC_0121,ACC_0279,314.75,2026-08-25 14:48:00,0
TX_000621,ACC_0122,ACC_0503,327.43,2026-08-25 14:53:00,0
TX_004982,ACC_0362,ACC_0127,108.44,2026-08-25 14:56:00,0
TX_003472,ACC_0224,ACC_0830,302.02,2026-08-25 15:03:00,0
TX_002025,ACC_0972,ACC_0637,206.73,2026-08-25 15:18:00,0
TX_001964,ACC_0313,ACC_0959,1199.73,2026-08-25 15:31:00,0
TX_001544,ACC_0095,ACC_0554,333.18,2026-08-25 15:42:00,0
TX_003523,ACC_0559,ACC_0850,314.72,2026-08-25 16:07:00,0
TX_002730,ACC_0618,ACC_0213,410.59,2026-08-25 16:19:00,0
TX_001970,ACC_0484,ACC_0390,1800.55,2026-08-25 16:26:00,0
TX_003570,ACC_0702,ACC_0711,568.23,2026-08-25 16:31:00,0
TX_000327,ACC_0784,ACC_0419,411.3,2026-08-25 16:31:00,0
TX_001180,ACC_0084,ACC_0197,1098.71,2026-08-25 16:36:00,0
TX_003963,ACC_0113,ACC_0020,1007.97,2026-08-25 16:46:00,0
TX_003556,ACC_0166,ACC_0882,84.14,2026-08-25 17:08:00,0
TX_001469,ACC_0926,ACC_0014,818.96,2026-08-25 17:11:00,0
TX_004589,ACC_0682,ACC_0867,951.08,2026-08-25 17:25:00,0
TX_000793,ACC_0432,ACC_0782,1982.84,2026-08-25 17:42:00,0
TX_001872,ACC_0144,ACC_0292,50.86,2026-08-25 17:43:00,0
TX_003835,ACC_0227,ACC_0446,759.67,2026-08-25 17:49:00,0
TX_000768,ACC_0159,ACC_0779,59.12,2026-08-25 18:07:00,0
TX_003356,ACC_0512,ACC_0834,924.72,2026-08-25 18:13:00,0
TX_001813,ACC_0387,ACC_0240,323.84,2026-08-25 18:14:00,0
TX_005114,ACC_0266,ACC_0031,178.16,2026-08-25 18:34:00,1
TX_004073,ACC_0229,ACC_0353,273.82,2026-08-25 18:39:00,0
TX_001626,ACC_0021,ACC_0965,261.26,2026-08-25 18:42:00,0
TX_005115,ACC_0266,ACC_0031,37066.34,2026-08-25 18:44:00,1
TX_004405,ACC_0444,ACC_0427,138.29,2026-08-25 18:51:00,0
TX_004897,ACC_0517,ACC_0983,1038.73,2026-08-25 19:11:00,0
TX_003263,ACC_0440,ACC_0887,329.02,2026-08-25 19:11:00,0
TX_001193,ACC_0683,ACC_0992,70.78,2026-08-25 19:12:00,0
TX_002217,ACC_0646,ACC_0246,1805.79,2026-08-25 19:26:00,0
TX_004569,ACC_0774,ACC_0238,78.9,2026-08-25 19:36:00,0
TX_004500,ACC_0558,ACC_0732,330.78,2026-08-25 19:37:00,0
TX_000888,ACC_0453,ACC_0205,234.36,2026-08-25 19:47:00,0
TX_002983,ACC_0798,ACC_0260,117.81,2026-08-25 20:07:00,0
TX_000769,ACC_0436,ACC_0053,228.34,2026-08-25 20:15:00,0
TX_004384,ACC_0372,ACC_0606,180.88,2026-08-25 20:34:00,0
TX_004570,ACC_0751,ACC_0434,436.47,2026-08-25 20:41:00,0
TX_004379,ACC_0448,ACC_0432,679.95,2026-08-25 20:51:00,0
TX_003144,ACC_0035,ACC_0135,200.0,2026-08-25 21:01:00,0
TX_002517,ACC_0512,ACC_0520,946.35,2026-08-25 21:33:00,0
TX_001926,ACC_0280,ACC_0075,144.57,2026-08-25 21:47:00,0
TX_003981,ACC_0837,ACC_0349,152.61,2026-08-25 21:48:00,0
TX_002111,ACC_0409,ACC_0411,334.5,2026-08-25 21:56:00,0
TX_001869,ACC_0898,ACC_0927,216.84,2026-08-25 21:57:00,0
TX_003451,ACC_0566,ACC_0023,209.39,2026-08-25 21:58:00,0
TX_004057,ACC_0934,ACC_0927,809.55,2026-08-25 21:59:00,0
TX_005038,ACC_0434,ACC_0015,266.22,2026-08-25 22:00:00,1
TX_005039,ACC_0434,ACC_0015,16536.75,2026-08-25 22:10:00,1
TX_002971,ACC_0125,ACC_0774,431.74,2026-08-25 22:14:00,0
TX_004801,ACC_0404,ACC_0090,114.41,2026-08-25 22:26:00,0
TX_000967,ACC_0774,ACC_0239,403.96,2026-08-25 22:28:00,0
TX_002560,ACC_0664,ACC_0197,899.16,2026-08-25 22:30:00,0
TX_004478,ACC_0560,ACC_0677,151.45,2026-08-25 22:33:00,0
TX_003719,ACC_0902,ACC_0845,467.51,2026-08-25 22:42:00,0
TX_002466,ACC_0671,ACC_0049,297.85,2026-08-25 22:51:00,0
TX_001473,ACC_0195,ACC_0249,1136.41,2026-08-25 22:53:00,0
TX_003806,ACC_0786,ACC_0576,140.75,2026-08-25 23:05:00,0
TX_003362,ACC_0257,ACC_0107,299.53,2026-08-25 23:13:00,0
TX_004434,ACC_0816,ACC_0499,180.26,2026-08-25 23:15:00,0
TX_002873,ACC_0649,ACC_0230,281.85,2026-08-25 23:29:00,0
TX_003668,ACC_0828,ACC_0407,357.01,2026-08-25 23:31:00,0
TX_001599,ACC_0103,ACC_0560,297.81,2026-08-25 23:32:00,0
TX_002892,ACC_0573,ACC_0603,546.89,2026-08-25 23:47:00,0
TX_003680,ACC_0444,ACC_0189,681.26,2026-08-26 00:00:00,0
TX_001294,ACC_0826,ACC_0767,270.59,2026-08-26 00:05:00,0
TX_004046,ACC_0569,ACC_0673,1202.75,2026-08-26 00:10:00,0
TX_001720,ACC_0321,ACC_0648,463.24,2026-08-26 00:13:00,0
TX_002415,ACC_0113,ACC_0611,374.39,2026-08-26 00:20:00,0
TX_001523,ACC_0638,ACC_0875,103.63,2026-08-26 00:22:00,0
TX_001575,ACC_0812,ACC_0145,2424.1,2026-08-26 00:27:00,0
TX_004052,ACC_0533,ACC_0702,188.74,2026-08-26 00:33:00,0
TX_002521,ACC_0317,ACC_0841,176.03,2026-08-26 00:33:00,0
TX_002726,ACC_0122,ACC_0329,127.89,2026-08-26 00:38:00,0
TX_000606,ACC_0232,ACC_0971,370.04,2026-08-26 00:38:00,0
TX_001426,ACC_0051,ACC_0975,313.89,2026-08-26 00:39:00,0
TX_002755,ACC_0449,ACC_0194,139.17,2026-08-26 00:43:00,0
TX_001804,ACC_0736,ACC_0826,731.1,2026-08-26 00:43:00,0
TX_000176,ACC_0579,ACC_0719,1600.46,2026-08-26 00:47:00,0
TX_000198,ACC_0125,ACC_0497,519.51,2026-08-26 00:52:00,0
TX_004581,ACC_0518,ACC_0050,826.9,2026-08-26 00:56:00,0
TX_002568,ACC_0045,ACC_0909,437.77,2026-08-26 01:01:00,0
TX_000819,ACC_0320,ACC_0182,371.29,2026-08-26 01:06:00,0
TX_001225,ACC_0828,ACC_0564,414.07,2026-08-26 01:22:00,0
TX_003064,ACC_0166,ACC_0211,186.5,2026-08-26 01:23:00,0
TX_000445,ACC_0925,ACC_0083,114.46,2026-08-26 01:24:00,0
TX_002177,ACC_0477,ACC_0278,1157.81,2026-08-26 01:37:00,0
TX_002774,ACC_0819,ACC_0697,701.86,2026-08-26 01:50:00,0
TX_003770,ACC_0410,ACC_0745,108.76,2026-08-26 01:54:00,0
TX_000963,ACC_0723,ACC_0167,434.89,2026-08-26 02:05:00,0
TX_002002,ACC_0836,ACC_0185,98.59,2026-08-26 02:07:00,0
TX_003279,ACC_0399,ACC_0014,576.24,2026-08-26 02:14:00,0
TX_004559,ACC_0417,ACC_0284,401.25,2026-08-26 02:15:00,0
TX_000661,ACC_0188,ACC_0666,190.69,2026-08-26 02:16:00,0
TX_004949,ACC_0931,ACC_0074,1243.79,2026-08-26 02:26:00,0
TX_004171,ACC_0331,ACC_0052,786.89,2026-08-26 02:33:00,0
TX_001298,ACC_0111,ACC_0922,110.23,2026-08-26 02:36:00,0
TX_003408,ACC_0078,ACC_0334,417.92,2026-08-26 02:38:00,0
TX_002503,ACC_0142,ACC_0326,599.57,2026-08-26 02:40:00,0
TX_003182,ACC_0375,ACC_0429,145.84,2026-08-26 02:43:00,0
TX_001174,ACC_0600,ACC_0314,505.35,2026-08-26 02:49:00,0
TX_003296,ACC_0044,ACC_0001,638.19,2026-08-26 02:54:00,0
TX_004455,ACC_0391,ACC_0735,85.83,2026-08-26 02:56:00,0
TX_001598,ACC_0424,ACC_0503,838.35,2026-08-26 02:59:00,0
TX_004833,ACC_0114,ACC_0770,522.19,2026-08-26 03:02:00,0
TX_000339,ACC_0408,ACC_0074,156.19,2026-08-26 03:05:00,0
TX_000457,ACC_0361,ACC_0731,841.03,2026-08-26 03:11:00,0
TX_002527,ACC_0326,ACC_0324,294.1,2026-08-26 03:15:00,0
TX_001807,ACC_0157,ACC_0449,783.4,2026-08-26 03:32:00,0
TX_003682,ACC_0724,ACC_0524,412.0,2026-08-26 03:40:00,0
TX_003340,ACC_0595,ACC_0907,1793.71,2026-08-26 03:40:00,0
TX_002468,ACC_0098,ACC_0864,250.74,2026-08-26 03:50:00,0
TX_004831,ACC_0442,ACC_0381,317.15,2026-08-26 03:51:00,0
TX_003255,ACC_0300,ACC_0579,102.85,2026-08-26 04:02:00,0
TX_004260,ACC_0193,ACC_0747,666.41,2026-08-26 04:21:00,0
TX_004041,ACC_0507,ACC_0607,157.7,2026-08-26 04:33:00,0
TX_002126,ACC_0856,ACC_0723,443.11,2026-08-26 04:43:00,0
TX_004197,ACC_0594,ACC_0282,293.0,2026-08-26 05:09:00,0
TX_003884,ACC_0081,ACC_0917,484.98,2026-08-26 05:34:00,0
TX_002373,ACC_0115,ACC_0898,641.41,2026-08-26 05:44:00,0
TX_002301,ACC_0542,ACC_0043,620.24,2026-08-26 06:15:00,0
TX_001949,ACC_0695,ACC_0734,235.41,2026-08-26 06:20:00,0
TX_003855,ACC_0903,ACC_0956,269.85,2026-08-26 06:23:00,0
TX_000923,ACC_0114,ACC_0994,642.35,2026-08-26 06:24:00,0
TX_003516,ACC_0437,ACC_0159,542.18,2026-08-26 06:29:00,0
TX_000740,ACC_0487,ACC_0970,169.13,2026-08-26 06:46:00,0
TX_001526,ACC_0069,ACC_0796,56.45,2026-08-26 06:48:00,0
TX_000138,ACC_0823,ACC_0134,833.82,2026-08-26 07:20:00,0
TX_003183,ACC_0690,ACC_0880,1289.72,2026-08-26 07:23:00,0
TX_005256,ACC_0670,ACC_0044,243.79,2026-08-26 07:28:00,1
TX_005257,ACC_0670,ACC_0044,47623.5,2026-08-26 07:38:00,1
TX_001061,ACC_0811,ACC_0373,98.65,2026-08-26 07:40:00,0
TX_004238,ACC_0993,ACC_0603,96.57,2026-08-26 07:57:00,0
TX_002397,ACC_0494,ACC_0094,1499.41,2026-08-26 08:03:00,0
TX_004693,ACC_0712,ACC_0054,854.23,2026-08-26 08:03:00,0
TX_004140,ACC_0171,ACC_0818,1503.19,2026-08-26 08:06:00,0
TX_003832,ACC_0047,ACC_0017,167.27,2026-08-26 08:06:00,0
TX_002437,ACC_0030,ACC_0149,415.09,2026-08-26 08:15:00,0
TX_003106,ACC_0014,ACC_0727,63.92,2026-08-26 08:16:00,0
TX_002535,ACC_0144,ACC_0131,1395.57,2026-08-26 08:17:00,0
TX_004026,ACC_0425,ACC_0472,213.64,2026-08-26 08:19:00,0
TX_003807,ACC_0734,ACC_0212,135.03,2026-08-26 08:19:00,0
TX_004044,ACC_0848,ACC_0285,81.76,2026-08-26 08:57:00,0
TX_004498,ACC_0093,ACC_0882,250.35,2026-08-26 09:37:00,0
TX_000373,ACC_0642,ACC_0841,338.93,2026-08-26 09:50:00,0
TX_005178,ACC_0713,ACC_0049,201.08,2026-08-26 09:57:00,1
TX_004953,ACC_0246,ACC_0721,174.12,2026-08-26 10:00:00,0
TX_001264,ACC_0728,ACC_0899,204.81,2026-08-26 10:07:00,0
TX_005179,ACC_0713,ACC_0049,37273.88,2026-08-26 10:07:00,1
TX_000848,ACC_0386,ACC_0700,498.55,2026-08-26 10:11:00,0
TX_004202,ACC_0756,ACC_0774,875.45,2026-08-26 10:13:00,0
TX_001703,ACC_0933,ACC_0374,275.98,2026-08-26 10:20:00,0
TX_003261,ACC_0732,ACC_0455,553.85,2026-08-26 10:33:00,0
TX_000928,ACC_0369,ACC_0591,397.43,2026-08-26 10:33:00,0
TX_003245,ACC_0874,ACC_0755,205.91,2026-08-26 10:47:00,0
TX_004038,ACC_0119,ACC_0327,702.55,2026-08-26 10:55:00,0
TX_001036,ACC_0894,ACC_0659,215.16,2026-08-26 10:56:00,0
TX_001622,ACC_0789,ACC_0886,223.44,2026-08-26 11:02:00,0
TX_002200,ACC_0471,ACC_0389,1933.64,2026-08-26 11:10:00,0
TX_001663,ACC_0531,ACC_0909,283.77,2026-08-26 11:14:00,0
TX_003758,ACC_0359,ACC_0911,100.51,2026-08-26 11:36:00,0
TX_003406,ACC_0627,ACC_0646,129.69,2026-08-26 11:50:00,0
TX_000551,ACC_0966,ACC_0696,154.76,2026-08-26 12:02:00,0
TX_003139,ACC_0741,ACC_0991,375.89,2026-08-26 12:14:00,0
TX_001881,ACC_0458,ACC_0618,555.82,2026-08-26 12:14:00,0
TX_002441,ACC_0718,ACC_0353,339.79,2026-08-26 12:17:00,0
TX_002401,ACC_0945,ACC_0077,62.98,2026-08-26 12:19:00,0
TX_003171,ACC_0073,ACC_0593,487.75,2026-08-26 12:25:00,0
TX_000486,ACC_0459,ACC_0258,165.8,2026-08-26 12:50:00,0
TX_001661,ACC_0028,ACC_0097,775.16,2026-08-26 12:57:00,0
TX_000987,ACC_0234,ACC_0314,227.45,2026-08-26 12:59:00,0
TX_001874,ACC_0963,ACC_0803,228.88,2026-08-26 13:04:00,0
TX_002191,ACC_0863,ACC_0125,608.35,2026-08-26 13:06:00,0
TX_000812,ACC_0063,ACC_0719,1504.34,2026-08-26 13:08:00,0
TX_003200,ACC_0311,ACC_0911,95.05,2026-08-26 13:17:00,0
TX_003594,ACC_0737,ACC_0971,1600.78,2026-08-26 13:29:00,0
TX_004607,ACC_0071,ACC_0203,86.09,2026-08-26 13:35:00,0
TX_000629,ACC_0118,ACC_0868,1165.72,2026-08-26 14:49:00,0
TX_003851,ACC_0991,ACC_0843,88.12,2026-08-26 14:55:00,0
TX_004412,ACC_0764,ACC_0829,174.51,2026-08-26 14:56:00,0
TX_004795,ACC_0812,ACC_0387,2109.44,2026-08-26 15:00:00,0
TX_001283,ACC_0191,ACC_0514,687.8,2026-08-26 15:09:00,0
TX_002340,ACC_0550,ACC_0204,335.26,2026-08-26 15:11:00,0
TX_003489,ACC_0188,ACC_0716,379.2,2026-08-26 15:13:00,0
TX_003015,ACC_0659,ACC_0804,217.07,2026-08-26 15:16:00,0
TX_001825,ACC_0271,ACC_0709,604.32,2026-08-26 15:19:00,0
TX_004045,ACC_0234,ACC_0505,210.36,2026-08-26 15:20:00,0
TX_003347,ACC_0864,ACC_0117,1023.66,2026-08-26 15:31:00,0
TX_000918,ACC_0965,ACC_0439,301.46,2026-08-26 15:41:00,0
TX_002670,ACC_0690,ACC_0558,431.59,2026-08-26 15:41:00,0
TX_001301,ACC_0492,ACC_0422,891.43,2026-08-26 15:49:00,0
TX_002714,ACC_0940,ACC_0653,91.16,2026-08-26 15:50:00,0
TX_005214,ACC_0479,ACC_0008,209.02,2026-08-26 15:50:00,1
TX_005215,ACC_0479,ACC_0008,30705.4,2026-08-26 16:00:00,1
TX_002010,ACC_0965,ACC_0875,317.19,2026-08-26 16:00:00,0
TX_002538,ACC_0270,ACC_0514,891.27,2026-08-26 16:02:00,0
TX_001961,ACC_0322,ACC_0141,104.7,2026-08-26 16:03:00,0
TX_000157,ACC_0611,ACC_0459,734.41,2026-08-26 16:05:00,0
TX_000558,ACC_0634,ACC_0249,164.94,2026-08-26 16:06:00,0
TX_004147,ACC_0494,ACC_0688,187.35,2026-08-26 16:35:00,0
TX_004634,ACC_0017,ACC_0473,400.23,2026-08-26 16:43:00,0
TX_000485,ACC_0860,ACC_0196,607.67,2026-08-26 17:20:00,0
TX_002745,ACC_0755,ACC_0618,1031.25,2026-08-26 17:20:00,0
TX_001914,ACC_0602,ACC_0150,1191.81,2026-08-26 17:25:00,0
TX_003114,ACC_0408,ACC_0233,706.68,2026-08-26 17:32:00,0
TX_000640,ACC_0578,ACC_0472,89.97,2026-08-26 17:35:00,0
TX_000584,ACC_0558,ACC_0052,614.89,2026-08-26 17:39:00,0
TX_000094,ACC_0688,ACC_0882,215.53,2026-08-26 17:45:00,0
TX_001184,ACC_0856,ACC_0093,322.96,2026-08-26 18:00:00,0
TX_004126,ACC_0311,ACC_0506,490.3,2026-08-26 18:14:00,0
TX_002566,ACC_0390,ACC_0401,259.32,2026-08-26 18:26:00,0
TX_003802,ACC_0661,ACC_0530,143.07,2026-08-26 18:37:00,0
TX_004951,ACC_0763,ACC_0363,161.11,2026-08-26 18:44:00,0
TX_004102,ACC_0846,ACC_0765,471.9,2026-08-26 18:49:00,0
TX_002710,ACC_0036,ACC_0291,244.86,2026-08-26 19:21:00,0
TX_000989,ACC_0051,ACC_0812,511.97,2026-08-26 19:29:00,0
TX_000126,ACC_0246,ACC_0923,588.09,2026-08-26 19:32:00,0
TX_002564,ACC_0615,ACC_0626,794.93,2026-08-26 19:44:00,0
TX_004440,ACC_0857,ACC_0510,436.09,2026-08-26 19:46:00,0
TX_002387,ACC_0989,ACC_0142,71.99,2026-08-26 19:52:00,0
TX_001643,ACC_0089,ACC_0750,255.04,2026-08-26 20:04:00,0
TX_001219,ACC_0694,ACC_0112,50.89,2026-08-26 20:44:00,0
TX_001116,ACC_0503,ACC_0886,436.95,2026-08-26 20:46:00,0
TX_004750,ACC_0105,ACC_0642,1102.02,2026-08-26 20:54:00,0
TX_003194,ACC_0714,ACC_0684,53.83,2026-08-26 20:54:00,0
TX_000188,ACC_0035,ACC_0013,322.73,2026-08-26 21:05:00,0
TX_001597,ACC_0715,ACC_0518,293.02,2026-08-26 21:22:00,0
TX_001209,ACC_0511,ACC_0110,2324.85,2026-08-26 21:39:00,0
TX_001320,ACC_0687,ACC_0250,157.19,2026-08-26 21:46:00,0
TX_002821,ACC_0791,ACC_0979,189.1,2026-08-26 22:13:00,0
TX_000866,ACC_0088,ACC_0543,1177.14,2026-08-26 22:17:00,0
TX_002862,ACC_0621,ACC_0761,634.56,2026-08-26 22:31:00,0
TX_001458,ACC_0311,ACC_0859,1131.09,2026-08-26 22:33:00,0
TX_001796,ACC_0507,ACC_0248,335.43,2026-08-26 22:46:00,0
TX_005018,ACC_0660,ACC_0024,281.18,2026-08-26 23:19:00,1
TX_003542,ACC_0973,ACC_0217,987.04,2026-08-26 23:25:00,0
TX_005019,ACC_0660,ACC_0024,17682.68,2026-08-26 23:29:00,1
TX_001452,ACC_0368,ACC_0905,342.46,2026-08-26 23:33:00,0
TX_003517,ACC_0464,ACC_0846,3000.18,2026-08-26 23:43:00,0
TX_002704,ACC_0303,ACC_0114,97.1,2026-08-26 23:50:00,0
TX_000413,ACC_0997,ACC_0166,130.86,2026-08-27 00:01:00,0
TX_001989,ACC_0202,ACC_0104,82.69,2026-08-27 00:19:00,0
TX_003890,ACC_0416,ACC_0930,884.71,2026-08-27 00:27:00,0
TX_002058,ACC_0076,ACC_0631,197.1,2026-08-27 00:37:00,0
TX_002801,ACC_0183,ACC_0094,475.15,2026-08-27 00:37:00,0
TX_002975,ACC_0453,ACC_0051,1283.63,2026-08-27 00:47:00,0
TX_001541,ACC_0654,ACC_0648,67.38,2026-08-27 00:58:00,0
TX_000211,ACC_0170,ACC_0848,257.63,2026-08-27 01:09:00,0
TX_004865,ACC_0052,ACC_0330,120.85,2026-08-27 01:14:00,0
TX_000809,ACC_0373,ACC_0430,215.8,2026-08-27 01:19:00,0
TX_003857,ACC_0562,ACC_0851,464.38,2026-08-27 01:30:00,0
TX_004485,ACC_0378,ACC_0802,751.5,2026-08-27 01:31:00,0
TX_000794,ACC_0069,ACC_0160,358.25,2026-08-27 01:37:00,0
TX_005092,ACC_0840,ACC_0022,164.06,2026-08-27 01:41:00,1
TX_005093,ACC_0840,ACC_0022,37609.45,2026-08-27 01:51:00,1
TX_004859,ACC_0278,ACC_0947,919.74,2026-08-27 02:01:00,0
TX_000028,ACC_0790,ACC_0482,1155.53,2026-08-27 02:02:00,0
TX_001420,ACC_0743,ACC_0019,741.55,2026-08-27 02:03:00,0
TX_002039,ACC_0625,ACC_0045,717.13,2026-08-27 02:15:00,0
TX_003838,ACC_0660,ACC_0564,1270.74,2026-08-27 02:26:00,0
TX_003866,ACC_0545,ACC_0750,258.13,2026-08-27 02:26:00,0
TX_003731,ACC_0109,ACC_0040,645.9,2026-08-27 02:28:00,0
TX_001145,ACC_0551,ACC_0439,543.92,2026-08-27 02:35:00,0
TX_001513,ACC_0827,ACC_0770,1892.42,2026-08-27 02:48:00,0
TX_002488,ACC_0185,ACC_0923,315.34,2026-08-27 02:51:00,0
TX_000168,ACC_0802,ACC_0662,258.59,2026-08-27 03:02:00,0
TX_005262,ACC_0837,ACC_0034,247.19,2026-08-27 03:21:00,1
TX_005263,ACC_0837,ACC_0034,49828.35,2026-08-27 03:31:00,1
TX_003952,ACC_0600,ACC_0956,473.57,2026-08-27 03:31:00,0
TX_001179,ACC_0383,ACC_0822,826.33,2026-08-27 03:33:00,0
TX_000227,ACC_0518,ACC_0897,342.05,2026-08-27 03:49:00,0
TX_001761,ACC_0554,ACC_0191,203.26,2026-08-27 03:55:00,0
TX_001581,ACC_0338,ACC_0457,175.49,2026-08-27 03:55:00,0
TX_002098,ACC_0199,ACC_0892,995.79,2026-08-27 04:03:00,0
TX_001312,ACC_0910,ACC_0636,666.18,2026-08-27 04:09:00,0
TX_002272,ACC_0722,ACC_0570,109.85,2026-08-27 04:10:00,0
TX_001507,ACC_0460,ACC_0707,148.57,2026-08-27 04:12:00,0
TX_001758,ACC_0105,ACC_0103,358.43,2026-08-27 04:13:00,0
TX_001365,ACC_0162,ACC_0989,1026.77,2026-08-27 04:35:00,0
TX_000707,ACC_0321,ACC_0860,248.42,2026-08-27 04:46:00,0
TX_003571,ACC_0993,ACC_0431,74.89,2026-08-27 04:48:00,0
TX_004863,ACC_0980,ACC_0194,815.28,2026-08-27 04:55:00,0
TX_004142,ACC_0833,ACC_0295,1664.52,2026-08-27 05:00:00,0
TX_002216,ACC_0958,ACC_0803,201.01,2026-08-27 05:26:00,0
TX_000178,ACC_0000,ACC_0842,600.21,2026-08-27 05:37:00,0
TX_004107,ACC_0443,ACC_0993,195.94,2026-08-27 05:38:00,0
TX_003688,ACC_0689,ACC_0080,163.52,2026-08-27 05:38:00,0
TX_001668,ACC_0673,ACC_0301,285.28,2026-08-27 05:51:00,0
TX_000395,ACC_0375,ACC_0118,243.3,2026-08-27 06:03:00,0
TX_001933,ACC_0935,ACC_0231,1904.68,2026-08-27 06:06:00,0
TX_004380,ACC_0155,ACC_0385,1804.66,2026-08-27 06:25:00,0
TX_002339,ACC_0635,ACC_0519,753.75,2026-08-27 06:29:00,0
TX_001873,ACC_0364,ACC_0718,284.42,2026-08-27 06:49:00,0
TX_002023,ACC_0463,ACC_0158,1126.5,2026-08-27 06:49:00,0
TX_002620,ACC_0662,ACC_0292,373.74,2026-08-27 06:56:00,0
TX_003678,ACC_0680,ACC_0575,422.18,2026-08-27 06:58:00,0
TX_002697,ACC_0939,ACC_0919,121.39,2026-08-27 07:03:00,0
TX_002744,ACC_0248,ACC_0588,463.1,2026-08-27 07:04:00,0
TX_002204,ACC_0614,ACC_0862,405.0,2026-08-27 07:09:00,0
TX_000653,ACC_0086,ACC_0489,426.35,2026-08-27 07:36:00,0
TX_004089,ACC_0515,ACC_0499,579.33,2026-08-27 07:40:00,0
TX_004301,ACC_0155,ACC_0919,3004.05,2026-08-27 07:46:00,0
TX_003075,ACC_0831,ACC_0611,411.34,2026-08-27 07:49:00,0
TX_003376,ACC_0221,ACC_0644,1234.74,2026-08-27 08:04:00,0
TX_000954,ACC_0673,ACC_0180,322.9,2026-08-27 08:19:00,0
TX_003901,ACC_0040,ACC_0939,271.09,2026-08-27 08:23:00,0
TX_004671,ACC_0221,ACC_0696,416.74,2026-08-27 08:27:00,0
TX_004358,ACC_0160,ACC_0968,436.45,2026-08-27 09:21:00,0
TX_002388,ACC_0248,ACC_0498,442.09,2026-08-27 09:25:00,0
TX_005294,ACC_0581,ACC_0012,167.08,2026-08-27 09:29:00,1
TX_001451,ACC_0844,ACC_0979,823.71,2026-08-27 09:32:00,0
TX_005295,ACC_0581,ACC_0012,41400.38,2026-08-27 09:39:00,1
TX_001509,ACC_0756,ACC_0626,1523.44,2026-08-27 09:52:00,0
TX_000739,ACC_0558,ACC_0058,149.78,2026-08-27 09:54:00,0
TX_001776,ACC_0386,ACC_0597,75.52,2026-08-27 10:04:00,0
TX_001938,ACC_0660,ACC_0055,530.01,2026-08-27 10:08:00,0
TX_003514,ACC_0028,ACC_0848,1231.43,2026-08-27 10:09:00,0
TX_005054,ACC_0917,ACC_0036,270.51,2026-08-27 10:09:00,1
TX_005055,ACC_0917,ACC_0036,36022.3,2026-08-27 10:19:00,1
TX_000403,ACC_0448,ACC_0629,292.46,2026-08-27 10:30:00,0
TX_004825,ACC_0706,ACC_0391,484.59,2026-08-27 10:32:00,0
TX_004660,ACC_0709,ACC_0769,609.28,2026-08-27 10:33:00,0
TX_001308,ACC_0638,ACC_0617,351.44,2026-08-27 10:35:00,0
TX_002156,ACC_0192,ACC_0375,88.14,2026-08-27 10:36:00,0
TX_004954,ACC_0824,ACC_0777,1210.94,2026-08-27 10:46:00,0
TX_004503,ACC_0265,ACC_0116,848.88,2026-08-27 10:58:00,0
TX_003926,ACC_0282,ACC_0044,179.05,2026-08-27 11:14:00,0
TX_000667,ACC_0709,ACC_0364,791.41,2026-08-27 11:17:00,0
TX_004037,ACC_0175,ACC_0293,582.8,2026-08-27 11:21:00,0
TX_002691,ACC_0542,ACC_0254,151.31,2026-08-27 11:27:00,0
TX_003327,ACC_0686,ACC_0611,477.58,2026-08-27 11:28:00,0
TX_000846,ACC_0736,ACC_0630,506.9,2026-08-27 11:30:00,0
TX_000779,ACC_0810,ACC_0522,332.03,2026-08-27 11:38:00,0
TX_003399,ACC_0914,ACC_0231,925.04,2026-08-27 11:39:00,0
TX_003782,ACC_0675,ACC_0814,258.31,2026-08-27 11:53:00,0
TX_001696,ACC_0377,ACC_0448,842.76,2026-08-27 11:54:00,0
TX_002483,ACC_0281,ACC_0727,1508.68,2026-08-27 12:17:00,0
TX_003104,ACC_0515,ACC_0545,365.96,2026-08-27 12:22:00,0
TX_004158,ACC_0858,ACC_0603,310.75,2026-08-27 12:32:00,0
TX_000590,ACC_0831,ACC_0198,745.0,2026-08-27 12:41:00,0
TX_002017,ACC_0814,ACC_0255,193.54,2026-08-27 12:47:00,0
TX_003764,ACC_0497,ACC_0002,1671.66,2026-08-27 12:50:00,0
TX_000019,ACC_0813,ACC_0248,391.51,2026-08-27 12:50:00,0
TX_000514,ACC_0254,ACC_0461,741.01,2026-08-27 13:07:00,0
TX_004493,ACC_0887,ACC_0880,546.41,2026-08-27 13:21:00,0
TX_002112,ACC_0897,ACC_0482,204.19,2026-08-27 13:22:00,0
TX_000170,ACC_0921,ACC_0397,620.18,2026-08-27 13:26:00,0
TX_003306,ACC_0718,ACC_0404,121.64,2026-08-27 13:45:00,0
TX_004759,ACC_0520,ACC_0660,134.5,2026-08-27 13:54:00,0
TX_001398,ACC_0107,ACC_0541,165.77,2026-08-27 14:05:00,0
TX_000630,ACC_0282,ACC_0049,1475.93,2026-08-27 14:13:00,0
TX_000293,ACC_0047,ACC_0638,692.27,2026-08-27 14:24:00,0
TX_004144,ACC_0562,ACC_0664,402.28,2026-08-27 14:30:00,0
TX_004568,ACC_0135,ACC_0036,51.76,2026-08-27 14:44:00,0
TX_000396,ACC_0512,ACC_0952,275.03,2026-08-27 14:59:00,0
TX_004980,ACC_0343,ACC_0265,480.9,2026-08-27 15:07:00,0
TX_002198,ACC_0677,ACC_0119,611.78,2026-08-27 15:15:00,0
TX_002320,ACC_0395,ACC_0003,270.36,2026-08-27 15:33:00,0
TX_001894,ACC_0195,ACC_0623,71.8,2026-08-27 15:39:00,0
TX_004055,ACC_0693,ACC_0577,1009.68,2026-08-27 15:49:00,0
TX_003250,ACC_0594,ACC_0019,1739.1,2026-08-27 15:54:00,0
TX_004674,ACC_0611,ACC_0899,1401.27,2026-08-27 16:15:00,0
TX_004207,ACC_0618,ACC_0935,262.17,2026-08-27 16:44:00,0
TX_003046,ACC_0951,ACC_0706,175.73,2026-08-27 16:49:00,0
TX_000742,ACC_0714,ACC_0764,841.04,2026-08-27 16:52:00,0
TX_002349,ACC_0723,ACC_0199,766.09,2026-08-27 17:01:00,0
TX_000766,ACC_0930,ACC_0320,271.41,2026-08-27 17:07:00,0
TX_002984,ACC_0576,ACC_0956,181.6,2026-08-27 17:25:00,0
TX_004076,ACC_0096,ACC_0938,269.81,2026-08-27 17:30:00,0
TX_001167,ACC_0235,ACC_0431,266.05,2026-08-27 17:31:00,0
TX_000805,ACC_0314,ACC_0136,299.48,2026-08-27 17:37:00,0
TX_004715,ACC_0947,ACC_0237,186.77,2026-08-27 17:53:00,0
TX_004229,ACC_0599,ACC_0716,945.5,2026-08-27 17:58:00,0
TX_004784,ACC_0326,ACC_0062,412.58,2026-08-27 17:59:00,0
TX_000478,ACC_0743,ACC_0484,934.88,2026-08-27 18:01:00,0
TX_000815,ACC_0831,ACC_0174,168.58,2026-08-27 18:14:00,0
TX_000732,ACC_0207,ACC_0322,372.83,2026-08-27 18:22:00,0
TX_000617,ACC_0683,ACC_0974,553.83,2026-08-27 18:27:00,0
TX_004113,ACC_0290,ACC_0563,317.35,2026-08-27 18:50:00,0
TX_001545,ACC_0003,ACC_0912,758.74,2026-08-27 18:51:00,0
TX_002918,ACC_0799,ACC_0256,2690.13,2026-08-27 18:56:00,0
TX_001713,ACC_0215,ACC_0422,250.49,2026-08-27 19:06:00,0
TX_000389,ACC_0203,ACC_0692,305.7,2026-08-27 19:09:00,0
TX_001297,ACC_0606,ACC_0605,396.57,2026-08-27 19:11:00,0
TX_004459,ACC_0250,ACC_0595,117.45,2026-08-27 19:17:00,0
TX_004537,ACC_0115,ACC_0561,53.9,2026-08-27 19:32:00,0
TX_000940,ACC_0244,ACC_0608,1414.33,2026-08-27 19:35:00,0
TX_000843,ACC_0950,ACC_0155,812.37,2026-08-27 19:36:00,0
TX_005150,ACC_0863,ACC_0035,256.11,2026-08-27 19:38:00,1
TX_005151,ACC_0863,ACC_0035,46110.58,2026-08-27 19:48:00,1
TX_000699,ACC_0992,ACC_0030,607.77,2026-08-27 20:33:00,0
TX_004534,ACC_0436,ACC_0906,1094.21,2026-08-27 20:34:00,0
TX_000160,ACC_0393,ACC_0764,89.36,2026-08-27 20:40:00,0
TX_002259,ACC_0853,ACC_0540,252.87,2026-08-27 20:41:00,0
TX_001100,ACC_0131,ACC_0557,74.96,2026-08-27 20:47:00,0
TX_001121,ACC_0454,ACC_0374,155.21,2026-08-27 21:03:00,0
TX_003196,ACC_0915,ACC_0910,168.46,2026-08-27 21:22:00,0
TX_000581,ACC_0078,ACC_0424,448.14,2026-08-27 21:22:00,0
TX_001718,ACC_0850,ACC_0498,107.9,2026-08-27 21:39:00,0
TX_000545,ACC_0756,ACC_0256,194.26,2026-08-27 21:42:00,0
TX_005008,ACC_0217,ACC_0007,260.77,2026-08-27 21:44:00,1
TX_001370,ACC_0379,ACC_0512,377.69,2026-08-27 21:49:00,0
TX_005009,ACC_0217,ACC_0007,49453.52,2026-08-27 21:54:00,1
TX_002540,ACC_0827,ACC_0003,116.56,2026-08-27 21:58:00,0
TX_002640,ACC_0424,ACC_0923,141.14,2026-08-27 22:11:00,0
TX_000197,ACC_0807,ACC_0957,316.62,2026-08-27 22:23:00,0
TX_000289,ACC_0949,ACC_0523,1280.7,2026-08-27 22:23:00,0
TX_005292,ACC_0898,ACC_0019,208.08,2026-08-27 22:32:00,1
TX_000521,ACC_0364,ACC_0805,354.79,2026-08-27 22:35:00,0
TX_005293,ACC_0898,ACC_0019,24674.33,2026-08-27 22:42:00,1
TX_004387,ACC_0966,ACC_0123,737.21,2026-08-27 23:00:00,0
TX_000914,ACC_0018,ACC_0788,80.01,2026-08-27 23:02:00,0
TX_001325,ACC_0738,ACC_0764,462.33,2026-08-27 23:11:00,0
TX_001437,ACC_0726,ACC_0377,571.48,2026-08-27 23:21:00,0
TX_003094,ACC_0395,ACC_0007,820.79,2026-08-27 23:44:00,0
TX_001771,ACC_0964,ACC_0353,166.82,2026-08-27 23:59:00,0
TX_005090,ACC_0952,ACC_0005,154.57,2026-08-28 00:06:00,1
TX_002776,ACC_0866,ACC_0987,638.91,2026-08-28 00:10:00,0
TX_000145,ACC_0159,ACC_0094,555.19,2026-08-28 00:12:00,0
TX_003164,ACC_0727,ACC_0007,625.0,2026-08-28 00:14:00,0
TX_000844,ACC_0754,ACC_0934,1022.77,2026-08-28 00:15:00,0
TX_005091,ACC_0952,ACC_0005,20467.3,2026-08-28 00:16:00,1
TX_002055,ACC_0085,ACC_0885,381.55,2026-08-28 00:26:00,0
TX_003435,ACC_0184,ACC_0241,847.56,2026-08-28 00:27:00,0
TX_002281,ACC_0978,ACC_0313,1051.09,2026-08-28 00:35:00,0
TX_004428,ACC_0073,ACC_0224,55.23,2026-08-28 00:41:00,0
TX_002130,ACC_0069,ACC_0466,338.03,2026-08-28 00:47:00,0
TX_000572,ACC_0134,ACC_0356,433.74,2026-08-28 00:49:00,0
TX_002100,ACC_0756,ACC_0666,1258.0,2026-08-28 00:54:00,0
TX_002588,ACC_0792,ACC_0708,336.94,2026-08-28 01:00:00,0
TX_004716,ACC_0625,ACC_0927,503.88,2026-08-28 01:00:00,0
TX_003484,ACC_0323,ACC_0526,69.47,2026-08-28 01:01:00,0
TX_004555,ACC_0427,ACC_0645,1098.47,2026-08-28 01:15:00,0
TX_003176,ACC_0872,ACC_0824,655.19,2026-08-28 01:22:00,0
TX_002190,ACC_0902,ACC_0822,2012.8,2026-08-28 01:28:00,0
TX_004515,ACC_0648,ACC_0203,141.91,2026-08-28 01:42:00,0
TX_004080,ACC_0832,ACC_0663,317.45,2026-08-28 01:44:00,0
TX_001434,ACC_0680,ACC_0906,71.49,2026-08-28 02:38:00,0
TX_000509,ACC_0118,ACC_0308,122.56,2026-08-28 02:40:00,0
TX_000357,ACC_0750,ACC_0560,277.62,2026-08-28 03:04:00,0
TX_002129,ACC_0581,ACC_0961,2052.22,2026-08-28 03:10:00,0
TX_001990,ACC_0136,ACC_0763,92.21,2026-08-28 03:10:00,0
TX_003816,ACC_0399,ACC_0209,112.34,2026-08-28 03:12:00,0
TX_002362,ACC_0980,ACC_0075,143.19,2026-08-28 03:25:00,0
TX_000331,ACC_0659,ACC_0128,1434.2,2026-08-28 03:30:00,0
TX_000034,ACC_0461,ACC_0169,1141.5,2026-08-28 03:33:00,0
TX_001464,ACC_0762,ACC_0613,165.64,2026-08-28 03:37:00,0
TX_005194,ACC_0757,ACC_0010,188.21,2026-08-28 03:46:00,1
TX_005195,ACC_0757,ACC_0010,31738.68,2026-08-28 03:56:00,1
TX_004803,ACC_0578,ACC_0212,278.3,2026-08-28 03:56:00,0
TX_004974,ACC_0094,ACC_0716,586.87,2026-08-28 03:59:00,0
TX_002227,ACC_0474,ACC_0646,466.5,2026-08-28 04:22:00,0
TX_002128,ACC_0776,ACC_0889,476.9,2026-08-28 04:26:00,0
TX_000408,ACC_0959,ACC_0304,393.38,2026-08-28 04:29:00,0
TX_000681,ACC_0618,ACC_0588,354.74,2026-08-28 04:30:00,0
TX_004837,ACC_0375,ACC_0886,67.38,2026-08-28 04:31:00,0
TX_001906,ACC_0045,ACC_0641,760.01,2026-08-28 04:31:00,0
TX_000645,ACC_0931,ACC_0372,592.59,2026-08-28 04:37:00,0
TX_004234,ACC_0730,ACC_0135,437.1,2026-08-28 04:40:00,0
TX_000758,ACC_0907,ACC_0774,106.3,2026-08-28 04:41:00,0
TX_004769,ACC_0012,ACC_0780,101.37,2026-08-28 04:44:00,0
TX_002295,ACC_0508,ACC_0028,175.06,2026-08-28 04:46:00,0
TX_000047,ACC_0809,ACC_0879,1132.55,2026-08-28 05:05:00,0
TX_000343,ACC_0359,ACC_0631,418.45,2026-08-28 05:12:00,0
TX_000459,ACC_0551,ACC_0595,158.0,2026-08-28 05:26:00,0
TX_002022,ACC_0003,ACC_0229,517.33,2026-08-28 05:27:00,0
TX_000934,ACC_0291,ACC_0986,1236.57,2026-08-28 05:35:00,0
TX_004067,ACC_0019,ACC_0429,412.59,2026-08-28 05:43:00,0
TX_003259,ACC_0158,ACC_0670,119.9,2026-08-28 06:02:00,0
TX_002284,ACC_0905,ACC_0009,1005.94,2026-08-28 06:02:00,0
TX_001082,ACC_0227,ACC_0284,883.31,2026-08-28 06:11:00,0
TX_002917,ACC_0067,ACC_0916,277.73,2026-08-28 06:12:00,0
TX_004684,ACC_0567,ACC_0269,178.99,2026-08-28 06:22:00,0
TX_002595,ACC_0161,ACC_0797,269.09,2026-08-28 06:43:00,0
TX_004092,ACC_0098,ACC_0461,1772.41,2026-08-28 06:57:00,0
TX_001706,ACC_0635,ACC_0408,72.18,2026-08-28 06:59:00,0
TX_001216,ACC_0473,ACC_0083,545.71,2026-08-28 07:13:00,0
TX_001304,ACC_0154,ACC_0541,502.92,2026-08-28 07:29:00,0
TX_003148,ACC_0642,ACC_0943,289.92,2026-08-28 07:32:00,0
TX_001223,ACC_0156,ACC_0879,302.98,2026-08-28 07:33:00,0
TX_002138,ACC_0400,ACC_0587,316.68,2026-08-28 07:44:00,0
TX_004085,ACC_0762,ACC_0764,58.13,2026-08-28 07:45:00,0
TX_003370,ACC_0874,ACC_0358,540.13,2026-08-28 07:45:00,0
TX_001067,ACC_0072,ACC_0713,1167.56,2026-08-28 07:58:00,0
TX_001010,ACC_0377,ACC_0726,2022.27,2026-08-28 08:04:00,0
TX_003990,ACC_0584,ACC_0276,913.3,2026-08-28 08:14:00,0
TX_000270,ACC_0921,ACC_0991,147.14,2026-08-28 08:14:00,0
TX_004188,ACC_0892,ACC_0077,2159.25,2026-08-28 08:18:00,0
TX_002773,ACC_0540,ACC_0621,446.82,2026-08-28 08:27:00,0
TX_004401,ACC_0881,ACC_0579,663.03,2026-08-28 08:55:00,0
TX_002782,ACC_0650,ACC_0559,355.04,2026-08-28 09:01:00,0
TX_000215,ACC_0819,ACC_0583,202.95,2026-08-28 09:19:00,0
TX_002419,ACC_0269,ACC_0268,102.69,2026-08-28 09:27:00,0
TX_004086,ACC_0316,ACC_0874,456.54,2026-08-28 09:34:00,0
TX_001740,ACC_0733,ACC_0085,568.03,2026-08-28 09:44:00,0
TX_000858,ACC_0245,ACC_0235,476.55,2026-08-28 09:50:00,0
TX_000192,ACC_0836,ACC_0500,226.43,2026-08-28 09:59:00,0
TX_003011,ACC_0430,ACC_0582,1610.32,2026-08-28 10:08:00,0
TX_003227,ACC_0877,ACC_0538,69.34,2026-08-28 10:12:00,0
TX_002846,ACC_0562,ACC_0067,92.02,2026-08-28 10:16:00,0
TX_002814,ACC_0292,ACC_0095,639.28,2026-08-28 10:19:00,0
TX_001836,ACC_0646,ACC_0237,337.06,2026-08-28 10:26:00,0
TX_001824,ACC_0789,ACC_0808,257.58,2026-08-28 10:52:00,0
TX_001176,ACC_0647,ACC_0619,111.17,2026-08-28 10:54:00,0
TX_001793,ACC_0511,ACC_0677,453.87,2026-08-28 10:55:00,0
TX_000917,ACC_0433,ACC_0592,707.29,2026-08-28 11:07:00,0
TX_001982,ACC_0456,ACC_0172,639.14,2026-08-28 11:41:00,0
TX_003548,ACC_0188,ACC_0081,141.75,2026-08-28 11:45:00,0
TX_000648,ACC_0651,ACC_0567,1406.42,2026-08-28 11:46:00,0
TX_004245,ACC_0043,ACC_0733,183.95,2026-08-28 12:08:00,0
TX_001779,ACC_0780,ACC_0627,285.27,2026-08-28 12:14:00,0
TX_003062,ACC_0429,ACC_0557,76.16,2026-08-28 12:25:00,0
TX_000311,ACC_0709,ACC_0091,633.36,2026-08-28 12:32:00,0
TX_001068,ACC_0568,ACC_0080,984.09,2026-08-28 12:43:00,0
TX_003445,ACC_0726,ACC_0066,990.09,2026-08-28 12:58:00,0
TX_002226,ACC_0590,ACC_0398,364.87,2026-08-28 13:01:00,0
TX_000535,ACC_0552,ACC_0430,294.84,2026-08-28 13:02:00,0
TX_001317,ACC_0597,ACC_0648,1216.67,2026-08-28 13:04:00,0
TX_003398,ACC_0999,ACC_0553,202.39,2026-08-28 13:25:00,0
TX_004864,ACC_0525,ACC_0019,767.42,2026-08-28 13:30:00,0
TX_003215,ACC_0279,ACC_0511,643.67,2026-08-28 14:17:00,0
TX_000029,ACC_0264,ACC_0706,66.03,2026-08-28 14:40:00,0
TX_002495,ACC_0352,ACC_0618,704.41,2026-08-28 15:01:00,0
TX_002530,ACC_0502,ACC_0527,840.39,2026-08-28 15:02:00,0
TX_003898,ACC_0341,ACC_0250,1226.66,2026-08-28 15:32:00,0
TX_002525,ACC_0050,ACC_0583,236.51,2026-08-28 15:34:00,0
TX_003812,ACC_0692,ACC_0218,245.53,2026-08-28 15:45:00,0
TX_002958,ACC_0000,ACC_0985,184.83,2026-08-28 15:59:00,0
TX_005258,ACC_0213,ACC_0030,102.47,2026-08-28 16:00:00,1
TX_005259,ACC_0213,ACC_0030,47287.49,2026-08-28 16:10:00,1
TX_004214,ACC_0204,ACC_0539,90.03,2026-08-28 16:21:00,0
TX_001388,ACC_0055,ACC_0274,153.08,2026-08-28 16:24:00,0
TX_002291,ACC_0698,ACC_0602,304.84,2026-08-28 16:26:00,0
TX_002314,ACC_0111,ACC_0587,1195.87,2026-08-28 16:30:00,0
TX_003587,ACC_0514,ACC_0561,83.33,2026-08-28 16:34:00,0
TX_003859,ACC_0911,ACC_0795,121.77,2026-08-28 16:35:00,0
TX_003612,ACC_0914,ACC_0718,264.51,2026-08-28 16:35:00,0
TX_001141,ACC_0634,ACC_0229,551.27,2026-08-28 16:43:00,0
TX_000974,ACC_0700,ACC_0536,100.19,2026-08-28 16:48:00,0
TX_001810,ACC_0014,ACC_0321,414.51,2026-08-28 16:56:00,0
TX_004472,ACC_0741,ACC_0093,812.81,2026-08-28 17:00:00,0
TX_002030,ACC_0105,ACC_0556,453.83,2026-08-28 17:00:00,0
TX_003381,ACC_0324,ACC_0559,402.94,2026-08-28 17:07:00,0
TX_004588,ACC_0484,ACC_0521,633.62,2026-08-28 17:20:00,0
TX_002824,ACC_0483,ACC_0753,412.74,2026-08-28 17:28:00,0
TX_004190,ACC_0751,ACC_0277,877.76,2026-08-28 18:21:00,0
TX_001921,ACC_0694,ACC_0286,102.12,2026-08-28 18:22:00,0
TX_001148,ACC_0684,ACC_0355,984.55,2026-08-28 18:26:00,0
TX_000467,ACC_0352,ACC_0573,227.54,2026-08-28 18:40:00,0
TX_004297,ACC_0355,ACC_0008,156.13,2026-08-28 18:44:00,0
TX_004541,ACC_0124,ACC_0515,161.3,2026-08-28 18:46:00,0
TX_002903,ACC_0957,ACC_0838,171.18,2026-08-28 18:48:00,0
TX_003293,ACC_0573,ACC_0396,865.62,2026-08-28 19:01:00,0
TX_003403,ACC_0069,ACC_0405,151.27,2026-08-28 19:06:00,0
TX_003870,ACC_0518,ACC_0468,285.28,2026-08-28 19:06:00,0
TX_002125,ACC_0736,ACC_0094,90.28,2026-08-28 19:12:00,0
TX_001610,ACC_0161,ACC_0029,423.78,2026-08-28 19:20:00,0
TX_000402,ACC_0760,ACC_0349,1296.23,2026-08-28 19:21:00,0
TX_003696,ACC_0061,ACC_0081,204.2,2026-08-28 19:22:00,0
TX_004325,ACC_0145,ACC_0556,311.59,2026-08-28 19:23:00,0
TX_002679,ACC_0805,ACC_0310,80.91,2026-08-28 19:31:00,0
TX_002804,ACC_0533,ACC_0000,290.4,2026-08-28 19:36:00,0
TX_002597,ACC_0548,ACC_0521,290.79,2026-08-28 19:38:00,0
TX_003652,ACC_0441,ACC_0018,143.42,2026-08-28 19:38:00,0
TX_002848,ACC_0840,ACC_0871,85.94,2026-08-28 19:55:00,0
TX_003886,ACC_0998,ACC_0159,916.83,2026-08-28 20:04:00,0
TX_004051,ACC_0734,ACC_0497,377.5,2026-08-28 20:07:00,0
TX_001517,ACC_0378,ACC_0885,367.73,2026-08-28 20:13:00,0
TX_001822,ACC_0353,ACC_0166,191.61,2026-08-28 20:17:00,0
TX_003765,ACC_0616,ACC_0619,419.35,2026-08-28 20:17:00,0
TX_003940,ACC_0212,ACC_0351,136.03,2026-08-28 20:35:00,0
TX_002563,ACC_0212,ACC_0863,414.55,2026-08-28 20:35:00,0
TX_004079,ACC_0945,ACC_0637,1063.19,2026-08-28 21:13:00,0
TX_004247,ACC_0214,ACC_0849,674.33,2026-08-28 21:25:00,0
TX_003964,ACC_0982,ACC_0939,415.25,2026-08-28 21:31:00,0
TX_002758,ACC_0971,ACC_0720,1041.78,2026-08-28 21:37:00,0
TX_003492,ACC_0852,ACC_0374,2166.23,2026-08-28 21:38:00,0
TX_001175,ACC_0685,ACC_0782,222.99,2026-08-28 21:39:00,0
TX_002533,ACC_0373,ACC_0006,193.83,2026-08-28 21:51:00,0
TX_003354,ACC_0799,ACC_0902,151.93,2026-08-28 21:57:00,0
TX_004477,ACC_0593,ACC_0790,457.17,2026-08-28 21:57:00,0
TX_001884,ACC_0166,ACC_0109,231.63,2026-08-28 22:07:00,0
TX_000407,ACC_0236,ACC_0791,871.09,2026-08-28 22:08:00,0
TX_004314,ACC_0191,ACC_0046,524.92,2026-08-28 22:10:00,0
TX_002018,ACC_0046,ACC_0181,999.0,2026-08-28 22:14:00,0
TX_001266,ACC_0844,ACC_0659,2862.66,2026-08-28 22:22:00,0
TX_000764,ACC_0567,ACC_0677,506.72,2026-08-28 22:28:00,0
TX_002512,ACC_0846,ACC_0837,332.83,2026-08-28 22:30:00,0
TX_002728,ACC_0158,ACC_0819,1500.86,2026-08-28 22:39:00,0
TX_001300,ACC_0878,ACC_0045,1307.54,2026-08-28 22:43:00,0
TX_004474,ACC_0033,ACC_0729,502.53,2026-08-28 22:45:00,0
TX_002548,ACC_0707,ACC_0054,470.98,2026-08-28 22:52:00,0
TX_001585,ACC_0170,ACC_0010,1486.41,2026-08-28 22:53:00,0
TX_002888,ACC_0795,ACC_0818,258.09,2026-08-28 23:02:00,0
TX_004881,ACC_0002,ACC_0538,406.13,2026-08-28 23:02:00,0
TX_002390,ACC_0635,ACC_0416,538.9,2026-08-28 23:06:00,0
TX_001380,ACC_0560,ACC_0193,67.07,2026-08-28 23:14:00,0
TX_003487,ACC_0163,ACC_0711,527.52,2026-08-28 23:15:00,0
TX_003378,ACC_0939,ACC_0568,243.77,2026-08-28 23:20:00,0
TX_003968,ACC_0111,ACC_0857,52.26,2026-08-28 23:26:00,0
TX_002381,ACC_0630,ACC_0775,207.56,2026-08-28 23:31:00,0
TX_004903,ACC_0159,ACC_0498,354.28,2026-08-28 23:35:00,0
TX_000434,ACC_0251,ACC_0362,108.23,2026-08-28 23:40:00,0
TX_004348,ACC_0150,ACC_0339,796.9,2026-08-28 23:41:00,0
TX_003650,ACC_0467,ACC_0025,1283.42,2026-08-28 23:57:00,0
TX_002134,ACC_0954,ACC_0364,320.93,2026-08-29 00:00:00,0
TX_000565,ACC_0524,ACC_0630,147.37,2026-08-29 00:04:00,0
TX_004395,ACC_0138,ACC_0965,1057.82,2026-08-29 00:07:00,0
TX_000251,ACC_0406,ACC_0876,1223.97,2026-08-29 00:14:00,0
TX_001582,ACC_0914,ACC_0768,1410.71,2026-08-29 00:15:00,0
TX_000612,ACC_0211,ACC_0458,169.32,2026-08-29 00:33:00,0
TX_002026,ACC_0345,ACC_0563,1286.15,2026-08-29 00:36:00,0
TX_002577,ACC_0606,ACC_0767,219.92,2026-08-29 00:43:00,0
TX_003653,ACC_0930,ACC_0281,226.21,2026-08-29 01:08:00,0
TX_004946,ACC_0618,ACC_0033,1201.06,2026-08-29 01:16:00,0
TX_003887,ACC_0254,ACC_0070,433.09,2026-08-29 01:17:00,0
TX_003237,ACC_0682,ACC_0731,1401.75,2026-08-29 01:29:00,0
TX_004539,ACC_0323,ACC_0071,53.3,2026-08-29 01:45:00,0
TX_004763,ACC_0855,ACC_0310,276.92,2026-08-29 01:57:00,0
TX_003132,ACC_0086,ACC_0707,154.38,2026-08-29 02:01:00,0
TX_001955,ACC_0784,ACC_0465,61.38,2026-08-29 02:05:00,0
TX_002889,ACC_0610,ACC_0332,104.45,2026-08-29 02:16:00,0
TX_003400,ACC_0239,ACC_0469,80.11,2026-08-29 02:45:00,0
TX_004071,ACC_0723,ACC_0193,319.89,2026-08-29 02:49:00,0
TX_002788,ACC_0688,ACC_0348,465.92,2026-08-29 02:51:00,0
TX_000049,ACC_0633,ACC_0948,323.73,2026-08-29 03:03:00,0
TX_000878,ACC_0954,ACC_0289,408.43,2026-08-29 03:30:00,0
TX_001109,ACC_0089,ACC_0520,96.72,2026-08-29 03:34:00,0
TX_000702,ACC_0503,ACC_0657,143.16,2026-08-29 03:51:00,0
TX_000053,ACC_0328,ACC_0216,462.75,2026-08-29 03:52:00,0
TX_001288,ACC_0458,ACC_0810,111.41,2026-08-29 03:55:00,0
TX_000529,ACC_0378,ACC_0510,2092.47,2026-08-29 03:57:00,0
TX_004439,ACC_0719,ACC_0513,184.51,2026-08-29 04:00:00,0
TX_004996,ACC_0698,ACC_0719,2235.23,2026-08-29 04:05:00,0
TX_002162,ACC_0106,ACC_0751,322.94,2026-08-29 04:13:00,0
TX_000424,ACC_0639,ACC_0860,146.02,2026-08-29 04:17:00,0
TX_003418,ACC_0262,ACC_0518,528.47,2026-08-29 04:23:00,0
TX_003917,ACC_0422,ACC_0672,245.62,2026-08-29 04:31:00,0
TX_002817,ACC_0223,ACC_0027,146.58,2026-08-29 04:57:00,0
TX_004942,ACC_0952,ACC_0955,1136.54,2026-08-29 05:02:00,0
TX_001091,ACC_0168,ACC_0503,543.28,2026-08-29 05:04:00,0
TX_002955,ACC_0751,ACC_0558,214.43,2026-08-29 05:21:00,0
TX_001888,ACC_0325,ACC_0821,963.13,2026-08-29 05:22:00,0
TX_000347,ACC_0269,ACC_0090,1319.97,2026-08-29 05:31:00,0
TX_001115,ACC_0889,ACC_0017,128.7,2026-08-29 05:36:00,0
TX_000966,ACC_0039,ACC_0153,333.42,2026-08-29 05:47:00,0
TX_002127,ACC_0878,ACC_0903,1042.42,2026-08-29 05:54:00,0
TX_003133,ACC_0906,ACC_0025,189.34,2026-08-29 05:58:00,0
TX_000111,ACC_0065,ACC_0127,1166.82,2026-08-29 06:06:00,0
TX_003862,ACC_0782,ACC_0805,111.99,2026-08-29 06:07:00,0
TX_001726,ACC_0907,ACC_0504,221.27,2026-08-29 06:20:00,0
TX_001651,ACC_0124,ACC_0350,338.16,2026-08-29 06:20:00,0
TX_001353,ACC_0871,ACC_0607,119.34,2026-08-29 06:30:00,0
TX_002991,ACC_0927,ACC_0618,381.73,2026-08-29 06:34:00,0
TX_001858,ACC_0066,ACC_0429,222.1,2026-08-29 06:36:00,0
TX_002779,ACC_0593,ACC_0539,278.88,2026-08-29 06:39:00,0
TX_003694,ACC_0285,ACC_0917,1170.94,2026-08-29 06:41:00,0
TX_003509,ACC_0498,ACC_0599,557.17,2026-08-29 06:41:00,0
TX_003933,ACC_0960,ACC_0799,395.79,2026-08-29 06:42:00,0
TX_001590,ACC_0640,ACC_0971,60.15,2026-08-29 06:46:00,0
TX_004811,ACC_0853,ACC_0306,118.11,2026-08-29 06:48:00,0
TX_001429,ACC_0908,ACC_0579,391.92,2026-08-29 06:55:00,0
TX_001373,ACC_0651,ACC_0251,1082.44,2026-08-29 06:59:00,0
TX_000660,ACC_0818,ACC_0753,1078.38,2026-08-29 07:14:00,0
TX_000946,ACC_0242,ACC_0042,75.36,2026-08-29 07:16:00,0
TX_000969,ACC_0282,ACC_0345,270.76,2026-08-29 07:16:00,0
TX_004427,ACC_0052,ACC_0909,88.43,2026-08-29 07:16:00,0
TX_004644,ACC_0261,ACC_0571,296.21,2026-08-29 07:24:00,0
TX_001763,ACC_0668,ACC_0516,342.25,2026-08-29 07:29:00,0
TX_004877,ACC_0753,ACC_0176,584.07,2026-08-29 07:45:00,0
TX_000410,ACC_0242,ACC_0339,509.24,2026-08-29 07:51:00,0
TX_001075,ACC_0830,ACC_0877,625.43,2026-08-29 07:51:00,0
TX_004977,ACC_0880,ACC_0931,61.87,2026-08-29 07:57:00,0
TX_004706,ACC_0918,ACC_0693,332.11,2026-08-29 08:00:00,0
TX_003988,ACC_0026,ACC_0904,747.95,2026-08-29 08:05:00,0
TX_004883,ACC_0009,ACC_0835,311.78,2026-08-29 08:14:00,0
TX_003020,ACC_0277,ACC_0086,253.68,2026-08-29 08:20:00,0
TX_001910,ACC_0022,ACC_0941,2374.11,2026-08-29 08:35:00,0
TX_004952,ACC_0090,ACC_0591,1055.99,2026-08-29 08:40:00,0
TX_002207,ACC_0418,ACC_0208,197.57,2026-08-29 08:50:00,0
TX_001973,ACC_0957,ACC_0294,362.6,2026-08-29 08:51:00,0
TX_001483,ACC_0221,ACC_0347,1454.94,2026-08-29 08:54:00,0
TX_003377,ACC_0092,ACC_0974,235.27,2026-08-29 08:58:00,0
TX_000405,ACC_0132,ACC_0664,872.15,2026-08-29 09:26:00,0
TX_003932,ACC_0554,ACC_0498,51.31,2026-08-29 09:31:00,0
TX_000625,ACC_0737,ACC_0583,595.57,2026-08-29 09:33:00,0
TX_003568,ACC_0804,ACC_0018,259.55,2026-08-29 09:54:00,0
TX_001898,ACC_0383,ACC_0908,1094.64,2026-08-29 10:08:00,0
TX_004994,ACC_0803,ACC_0931,58.66,2026-08-29 10:08:00,0
TX_004388,ACC_0245,ACC_0461,327.03,2026-08-29 10:09:00,0
TX_001993,ACC_0099,ACC_0199,363.32,2026-08-29 10:10:00,0
TX_000242,ACC_0092,ACC_0073,604.67,2026-08-29 10:25:00,0
TX_003512,ACC_0771,ACC_0272,155.81,2026-08-29 10:29:00,0
TX_002108,ACC_0589,ACC_0488,92.28,2026-08-29 10:34:00,0
TX_001414,ACC_0321,ACC_0265,375.7,2026-08-29 10:34:00,0
TX_003123,ACC_0208,ACC_0257,1089.2,2026-08-29 10:59:00,0
TX_003821,ACC_0398,ACC_0465,460.48,2026-08-29 11:11:00,0
TX_001153,ACC_0441,ACC_0963,1258.48,2026-08-29 11:26:00,0
TX_000908,ACC_0639,ACC_0396,311.19,2026-08-29 11:33:00,0
TX_003666,ACC_0615,ACC_0195,558.29,2026-08-29 11:43:00,0
TX_003577,ACC_0928,ACC_0150,518.05,2026-08-29 11:44:00,0
TX_002686,ACC_0513,ACC_0946,664.75,2026-08-29 11:49:00,0
TX_004120,ACC_0992,ACC_0481,1260.88,2026-08-29 11:55:00,0
TX_005118,ACC_0439,ACC_0002,244.44,2026-08-29 12:59:00,1
TX_005119,ACC_0439,ACC_0002,39889.73,2026-08-29 13:09:00,1
TX_003685,ACC_0628,ACC_0965,139.11,2026-08-29 13:14:00,0
TX_002705,ACC_0627,ACC_0964,637.37,2026-08-29 13:47:00,0
TX_001117,ACC_0842,ACC_0390,237.33,2026-08-29 13:52:00,0
TX_004947,ACC_0687,ACC_0090,495.34,2026-08-29 14:11:00,0
TX_002078,ACC_0836,ACC_0521,125.27,2026-08-29 14:13:00,0
TX_000109,ACC_0107,ACC_0768,85.27,2026-08-29 14:14:00,0
TX_000255,ACC_0763,ACC_0519,284.31,2026-08-29 14:24:00,0
TX_002102,ACC_0585,ACC_0268,167.01,2026-08-29 14:32:00,0
TX_004435,ACC_0914,ACC_0356,156.63,2026-08-29 14:44:00,0
TX_003695,ACC_0500,ACC_0840,290.21,2026-08-29 14:45:00,0
TX_000444,ACC_0791,ACC_0352,494.48,2026-08-29 14:52:00,0
TX_001518,ACC_0095,ACC_0174,543.35,2026-08-29 15:07:00,0
TX_001950,ACC_0578,ACC_0348,1315.23,2026-08-29 15:23:00,0
TX_002619,ACC_0778,ACC_0409,1224.23,2026-08-29 15:27:00,0
TX_003840,ACC_0503,ACC_0285,1934.71,2026-08-29 15:45:00,0
TX_001355,ACC_0973,ACC_0037,495.18,2026-08-29 15:46:00,0
TX_004368,ACC_0911,ACC_0160,373.14,2026-08-29 15:48:00,0
TX_003946,ACC_0183,ACC_0756,99.2,2026-08-29 15:54:00,0
TX_000628,ACC_0789,ACC_0157,299.24,2026-08-29 16:05:00,0
TX_003396,ACC_0071,ACC_0337,410.18,2026-08-29 16:05:00,0
TX_001248,ACC_0802,ACC_0425,858.5,2026-08-29 16:06:00,0
TX_003531,ACC_0116,ACC_0146,212.1,2026-08-29 16:10:00,0
TX_001994,ACC_0072,ACC_0885,611.57,2026-08-29 16:18:00,0
TX_004657,ACC_0255,ACC_0493,1013.08,2026-08-29 16:21:00,0
TX_004727,ACC_0423,ACC_0813,50.59,2026-08-29 16:24:00,0
TX_003305,ACC_0653,ACC_0436,105.42,2026-08-29 16:28:00,0
TX_004264,ACC_0800,ACC_0633,2085.36,2026-08-29 16:41:00,0
TX_000678,ACC_0832,ACC_0670,792.44,2026-08-29 16:41:00,0
TX_001627,ACC_0435,ACC_0002,326.81,2026-08-29 16:53:00,0
TX_000920,ACC_0697,ACC_0569,119.8,2026-08-29 16:53:00,0
TX_001009,ACC_0747,ACC_0750,2797.76,2026-08-29 16:56:00,0
TX_001754,ACC_0727,ACC_0514,247.37,2026-08-29 17:01:00,0
TX_005020,ACC_0658,ACC_0010,255.83,2026-08-29 17:17:00,1
TX_005021,ACC_0658,ACC_0010,47169.98,2026-08-29 17:27:00,1
TX_002724,ACC_0461,ACC_0607,53.33,2026-08-29 17:44:00,0
TX_000569,ACC_0178,ACC_0591,336.94,2026-08-29 17:47:00,0
TX_004799,ACC_0979,ACC_0327,474.38,2026-08-29 17:50:00,0
TX_004082,ACC_0040,ACC_0075,1112.73,2026-08-29 17:51:00,0
TX_003659,ACC_0738,ACC_0293,538.1,2026-08-29 17:51:00,0
TX_003713,ACC_0931,ACC_0089,62.33,2026-08-29 17:52:00,0
TX_005288,ACC_0536,ACC_0023,155.94,2026-08-29 17:54:00,1
TX_005289,ACC_0536,ACC_0023,31147.55,2026-08-29 18:04:00,1
TX_004195,ACC_0983,ACC_0604,609.47,2026-08-29 18:06:00,0
TX_002476,ACC_0529,ACC_0832,1352.4,2026-08-29 18:09:00,0
TX_003768,ACC_0218,ACC_0514,1038.73,2026-08-29 18:16:00,0
TX_000180,ACC_0212,ACC_0895,851.25,2026-08-29 18:19:00,0
TX_002608,ACC_0839,ACC_0666,520.42,2026-08-29 18:25:00,0
TX_004510,ACC_0495,ACC_0770,479.3,2026-08-29 18:27:00,0
TX_001086,ACC_0711,ACC_0586,261.8,2026-08-29 18:56:00,0
TX_004538,ACC_0747,ACC_0137,192.98,2026-08-29 18:58:00,0
TX_004418,ACC_0359,ACC_0574,118.67,2026-08-29 19:02:00,0
TX_001640,ACC_0293,ACC_0941,107.52,2026-08-29 19:03:00,0
TX_000310,ACC_0358,ACC_0272,299.87,2026-08-29 19:17:00,0
TX_002875,ACC_0356,ACC_0060,84.04,2026-08-29 19:27:00,0
TX_002994,ACC_0986,ACC_0582,167.52,2026-08-29 19:37:00,0
TX_004664,ACC_0971,ACC_0795,223.98,2026-08-29 19:39:00,0
TX_003080,ACC_0766,ACC_0886,1641.23,2026-08-29 19:43:00,0
TX_003510,ACC_0833,ACC_0831,221.19,2026-08-29 19:48:00,0
TX_003101,ACC_0216,ACC_0141,657.38,2026-08-29 19:57:00,0
TX_001735,ACC_0692,ACC_0630,1656.05,2026-08-29 19:58:00,0
TX_003320,ACC_0668,ACC_0760,485.49,2026-08-29 20:03:00,0
TX_000061,ACC_0860,ACC_0894,608.97,2026-08-29 20:05:00,0
TX_004256,ACC_0964,ACC_0987,352.77,2026-08-29 20:17:00,0
TX_000085,ACC_0096,ACC_0440,377.63,2026-08-29 20:35:00,0
TX_000338,ACC_0204,ACC_0496,882.98,2026-08-29 20:39:00,0
TX_003173,ACC_0798,ACC_0919,100.09,2026-08-29 21:07:00,0
TX_004998,ACC_0071,ACC_0947,100.9,2026-08-29 21:25:00,0
TX_000995,ACC_0046,ACC_0536,441.54,2026-08-29 21:28:00,0
TX_001505,ACC_0610,ACC_0661,122.31,2026-08-29 21:29:00,0
TX_000985,ACC_0991,ACC_0484,982.24,2026-08-29 22:07:00,0
TX_003793,ACC_0662,ACC_0431,236.85,2026-08-29 22:08:00,0
TX_002534,ACC_0810,ACC_0922,344.43,2026-08-29 22:17:00,0
TX_002806,ACC_0992,ACC_0132,1056.43,2026-08-29 22:22:00,0
TX_000829,ACC_0467,ACC_0141,85.2,2026-08-29 22:36:00,0
TX_003368,ACC_0463,ACC_0297,545.54,2026-08-29 22:38:00,0
TX_001031,ACC_0798,ACC_0530,189.47,2026-08-29 22:49:00,0
TX_005174,ACC_0921,ACC_0027,115.84,2026-08-29 23:00:00,1
TX_001246,ACC_0352,ACC_0688,252.91,2026-08-29 23:03:00,0
TX_004224,ACC_0312,ACC_0077,198.66,2026-08-29 23:08:00,0
TX_005175,ACC_0921,ACC_0027,45334.24,2026-08-29 23:10:00,1
TX_003635,ACC_0823,ACC_0742,1642.72,2026-08-29 23:14:00,0
TX_002528,ACC_0705,ACC_0873,105.35,2026-08-29 23:30:00,0
TX_004446,ACC_0847,ACC_0225,385.06,2026-08-29 23:34:00,0
TX_000388,ACC_0743,ACC_0089,371.12,2026-08-29 23:35:00,0
TX_002847,ACC_0753,ACC_0017,2051.2,2026-08-29 23:38:00,0
TX_000074,ACC_0897,ACC_0689,257.44,2026-08-29 23:41:00,0
TX_001840,ACC_0858,ACC_0595,849.44,2026-08-29 23:45:00,0
TX_002703,ACC_0782,ACC_0346,381.62,2026-08-29 23:58:00,0
TX_002474,ACC_0528,ACC_0809,257.55,2026-08-30 00:05:00,0
TX_000798,ACC_0938,ACC_0746,640.39,2026-08-30 00:10:00,0
TX_001895,ACC_0281,ACC_0649,199.61,2026-08-30 00:22:00,0
TX_003842,ACC_0408,ACC_0625,434.29,2026-08-30 00:29:00,0
TX_003773,ACC_0744,ACC_0118,496.62,2026-08-30 00:37:00,0
TX_004703,ACC_0071,ACC_0412,761.37,2026-08-30 00:49:00,0
TX_002043,ACC_0146,ACC_0957,467.11,2026-08-30 00:52:00,0
TX_003602,ACC_0849,ACC_0642,306.0,2026-08-30 00:59:00,0
TX_001731,ACC_0070,ACC_0376,1575.08,2026-08-30 01:17:00,0
TX_000755,ACC_0626,ACC_0522,768.57,2026-08-30 01:20:00,0
TX_004772,ACC_0080,ACC_0721,711.22,2026-08-30 02:03:00,0
TX_000512,ACC_0872,ACC_0222,302.41,2026-08-30 02:10:00,0
TX_001794,ACC_0683,ACC_0834,200.57,2026-08-30 02:18:00,0
TX_001340,ACC_0538,ACC_0682,522.58,2026-08-30 02:25:00,0
TX_004254,ACC_0781,ACC_0481,440.74,2026-08-30 02:32:00,0
TX_003533,ACC_0126,ACC_0401,84.7,2026-08-30 02:46:00,0
TX_001383,ACC_0747,ACC_0528,709.79,2026-08-30 02:57:00,0
TX_003415,ACC_0947,ACC_0355,277.04,2026-08-30 02:57:00,0
TX_000816,ACC_0414,ACC_0189,179.98,2026-08-30 03:12:00,0
TX_000950,ACC_0368,ACC_0530,380.73,2026-08-30 03:15:00,0
TX_001454,ACC_0742,ACC_0469,386.7,2026-08-30 03:21:00,0
TX_000859,ACC_0784,ACC_0092,358.55,2026-08-30 03:33:00,0
TX_004535,ACC_0440,ACC_0075,555.46,2026-08-30 03:41:00,0
TX_000090,ACC_0316,ACC_0801,130.96,2026-08-30 03:43:00,0
TX_004042,ACC_0901,ACC_0789,1240.38,2026-08-30 03:46:00,0
TX_002969,ACC_0549,ACC_0603,1323.73,2026-08-30 04:03:00,0
TX_002995,ACC_0342,ACC_0876,313.46,2026-08-30 04:11:00,0
TX_003186,ACC_0387,ACC_0508,744.45,2026-08-30 04:20:00,0
TX_004032,ACC_0489,ACC_0583,1128.55,2026-08-30 04:27:00,0
TX_001485,ACC_0770,ACC_0906,122.16,2026-08-30 04:28:00,0
TX_002266,ACC_0569,ACC_0720,366.65,2026-08-30 04:32:00,0
TX_001168,ACC_0279,ACC_0667,275.83,2026-08-30 04:40:00,0
TX_000976,ACC_0515,ACC_0443,376.92,2026-08-30 04:46:00,0
TX_002253,ACC_0852,ACC_0818,422.86,2026-08-30 04:57:00,0
TX_000139,ACC_0752,ACC_0117,1384.5,2026-08-30 05:12:00,0
TX_001929,ACC_0033,ACC_0366,802.96,2026-08-30 05:14:00,0
TX_000341,ACC_0258,ACC_0572,485.97,2026-08-30 05:21:00,0
TX_003291,ACC_0689,ACC_0224,200.46,2026-08-30 05:22:00,0
TX_003994,ACC_0065,ACC_0473,865.92,2026-08-30 05:26:00,0
TX_002427,ACC_0108,ACC_0103,110.5,2026-08-30 05:28:00,0
TX_002868,ACC_0693,ACC_0376,451.77,2026-08-30 05:29:00,0
TX_000839,ACC_0026,ACC_0932,176.03,2026-08-30 05:30:00,0
TX_004475,ACC_0591,ACC_0958,124.96,2026-08-30 06:06:00,0
TX_002404,ACC_0854,ACC_0719,889.45,2026-08-30 06:07:00,0
TX_000146,ACC_0412,ACC_0020,362.21,2026-08-30 06:12:00,0
TX_003334,ACC_0995,ACC_0926,586.25,2026-08-30 06:17:00,0
TX_001032,ACC_0162,ACC_0164,496.58,2026-08-30 06:34:00,0
TX_002653,ACC_0838,ACC_0307,157.6,2026-08-30 06:36:00,0
TX_000898,ACC_0332,ACC_0687,637.69,2026-08-30 06:39:00,0
TX_005226,ACC_0522,ACC_0013,268.3,2026-08-30 07:01:00,1
TX_001441,ACC_0002,ACC_0890,354.44,2026-08-30 07:06:00,0
TX_002736,ACC_0128,ACC_0883,768.18,2026-08-30 07:10:00,0
TX_002484,ACC_0530,ACC_0637,65.28,2026-08-30 07:10:00,0
TX_005227,ACC_0522,ACC_0013,39674.89,2026-08-30 07:11:00,1
TX_003109,ACC_0466,ACC_0936,1891.88,2026-08-30 07:18:00,0
TX_003026,ACC_0130,ACC_0667,390.69,2026-08-30 07:21:00,0
TX_004591,ACC_0423,ACC_0461,571.13,2026-08-30 07:27:00,0
TX_000284,ACC_0232,ACC_0125,169.78,2026-08-30 07:27:00,0
TX_002192,ACC_0994,ACC_0422,246.32,2026-08-30 07:29:00,0
TX_000718,ACC_0286,ACC_0285,147.46,2026-08-30 07:56:00,0
TX_000344,ACC_0283,ACC_0924,811.25,2026-08-30 07:58:00,0
TX_004306,ACC_0196,ACC_0683,171.5,2026-08-30 08:13:00,0
TX_004731,ACC_0460,ACC_0133,406.78,2026-08-30 08:17:00,0
TX_000643,ACC_0057,ACC_0823,124.19,2026-08-30 08:25:00,0
TX_001538,ACC_0326,ACC_0781,410.89,2026-08-30 08:27:00,0
TX_000536,ACC_0577,ACC_0454,549.3,2026-08-30 08:27:00,0
TX_001725,ACC_0762,ACC_0450,483.32,2026-08-30 08:35:00,0
TX_004512,ACC_0004,ACC_0927,56.83,2026-08-30 09:05:00,0
TX_002643,ACC_0339,ACC_0398,293.57,2026-08-30 09:17:00,0
TX_004742,ACC_0629,ACC_0089,180.22,2026-08-30 09:25:00,0
TX_002066,ACC_0629,ACC_0178,1197.68,2026-08-30 09:27:00,0
TX_000657,ACC_0348,ACC_0008,167.18,2026-08-30 09:37:00,0
TX_004291,ACC_0749,ACC_0769,58.75,2026-08-30 09:45:00,0
TX_001314,ACC_0877,ACC_0637,330.82,2026-08-30 09:48:00,0
TX_003367,ACC_0447,ACC_0066,1194.28,2026-08-30 09:51:00,0
TX_002121,ACC_0806,ACC_0162,692.51,2026-08-30 09:56:00,0
TX_004413,ACC_0933,ACC_0794,852.8,2026-08-30 09:56:00,0
TX_002581,ACC_0344,ACC_0976,67.52,2026-08-30 10:04:00,0
TX_004170,ACC_0004,ACC_0265,603.24,2026-08-30 10:05:00,0
TX_002360,ACC_0614,ACC_0433,1137.63,2026-08-30 10:09:00,0
TX_000144,ACC_0158,ACC_0587,85.57,2026-08-30 10:09:00,0
TX_004400,ACC_0942,ACC_0400,1783.3,2026-08-30 10:45:00,0
TX_004948,ACC_0125,ACC_0234,333.72,2026-08-30 10:49:00,0
TX_003916,ACC_0182,ACC_0381,661.37,2026-08-30 10:55:00,0
TX_003843,ACC_0095,ACC_0949,1314.48,2026-08-30 11:00:00,0
TX_001408,ACC_0528,ACC_0641,895.58,2026-08-30 11:14:00,0
TX_001563,ACC_0453,ACC_0927,190.64,2026-08-30 11:18:00,0
TX_004931,ACC_0101,ACC_0745,1522.23,2026-08-30 11:18:00,0
TX_000303,ACC_0641,ACC_0689,205.64,2026-08-30 11:41:00,0
TX_002713,ACC_0205,ACC_0859,67.01,2026-08-30 11:43:00,0
TX_000022,ACC_0485,ACC_0334,336.99,2026-08-30 12:50:00,0
TX_003581,ACC_0372,ACC_0033,182.25,2026-08-30 12:56:00,0
TX_002574,ACC_0804,ACC_0288,558.92,2026-08-30 13:02:00,0
TX_004743,ACC_0988,ACC_0466,211.63,2026-08-30 13:03:00,0
TX_003717,ACC_0479,ACC_0021,268.54,2026-08-30 13:04:00,0
TX_003152,ACC_0971,ACC_0802,166.52,2026-08-30 13:13:00,0
TX_000451,ACC_0099,ACC_0365,551.02,2026-08-30 13:18:00,0
TX_003051,ACC_0356,ACC_0699,1736.33,2026-08-30 13:20:00,0
TX_000463,ACC_0416,ACC_0690,1114.39,2026-08-30 13:26:00,0
TX_002099,ACC_0854,ACC_0322,138.82,2026-08-30 13:31:00,0
TX_004890,ACC_0974,ACC_0597,613.6,2026-08-30 13:35:00,0
TX_002416,ACC_0119,ACC_0487,334.84,2026-08-30 13:46:00,0
TX_004118,ACC_0263,ACC_0894,84.06,2026-08-30 13:54:00,0
TX_003007,ACC_0429,ACC_0252,402.49,2026-08-30 13:54:00,0
TX_005282,ACC_0857,ACC_0010,189.0,2026-08-30 13:57:00,1
TX_005283,ACC_0857,ACC_0010,46320.85,2026-08-30 14:07:00,1
TX_003380,ACC_0739,ACC_0915,352.57,2026-08-30 14:10:00,0
TX_005264,ACC_0828,ACC_0034,258.17,2026-08-30 14:17:00,1
TX_003550,ACC_0585,ACC_0695,1966.86,2026-08-30 14:18:00,0
TX_002319,ACC_0192,ACC_0239,335.55,2026-08-30 14:20:00,0
TX_005265,ACC_0828,ACC_0034,46362.8,2026-08-30 14:27:00,1
TX_002139,ACC_0288,ACC_0120,456.6,2026-08-30 14:36:00,0
TX_002155,ACC_0624,ACC_0023,54.22,2026-08-30 14:39:00,0
TX_002436,ACC_0206,ACC_0188,324.3,2026-08-30 14:41:00,0
TX_000639,ACC_0437,ACC_0318,575.84,2026-08-30 14:50:00,0
TX_003274,ACC_0679,ACC_0680,936.43,2026-08-30 14:58:00,0
TX_002502,ACC_0319,ACC_0890,473.58,2026-08-30 14:58:00,0
TX_001932,ACC_0338,ACC_0904,646.22,2026-08-30 15:03:00,0
TX_003907,ACC_0621,ACC_0487,69.02,2026-08-30 15:08:00,0
TX_005154,ACC_0913,ACC_0030,270.41,2026-08-30 15:13:00,1
TX_000037,ACC_0130,ACC_0598,463.7,2026-08-30 15:15:00,0
TX_005155,ACC_0913,ACC_0030,31149.17,2026-08-30 15:23:00,1
TX_001974,ACC_0695,ACC_0292,424.19,2026-08-30 15:29:00,0
TX_002160,ACC_0468,ACC_0159,77.12,2026-08-30 15:42:00,0
TX_003349,ACC_0677,ACC_0235,690.34,2026-08-30 15:49:00,0
TX_001504,ACC_0993,ACC_0214,982.6,2026-08-30 15:51:00,0
TX_005124,ACC_0337,ACC_0003,246.22,2026-08-30 16:31:00,1
TX_003868,ACC_0446,ACC_0589,940.96,2026-08-30 16:38:00,0
TX_001847,ACC_0552,ACC_0525,854.38,2026-08-30 16:41:00,0
TX_005125,ACC_0337,ACC_0003,15471.21,2026-08-30 16:41:00,1
TX_001130,ACC_0920,ACC_0533,1481.44,2026-08-30 17:07:00,0
TX_004049,ACC_0092,ACC_0283,122.57,2026-08-30 17:14:00,0
TX_002802,ACC_0406,ACC_0766,78.81,2026-08-30 17:22:00,0
TX_004431,ACC_0883,ACC_0320,244.82,2026-08-30 17:47:00,0
TX_005112,ACC_0434,ACC_0028,254.76,2026-08-30 17:54:00,1
TX_000724,ACC_0286,ACC_0678,556.24,2026-08-30 18:02:00,0
TX_005113,ACC_0434,ACC_0028,26906.37,2026-08-30 18:04:00,1
TX_002132,ACC_0492,ACC_0196,81.5,2026-08-30 18:05:00,0
TX_001221,ACC_0524,ACC_0442,1548.1,2026-08-30 18:15:00,0
TX_002742,ACC_0272,ACC_0023,481.04,2026-08-30 18:26:00,0
TX_000841,ACC_0250,ACC_0329,101.77,2026-08-30 18:31:00,0
TX_001975,ACC_0980,ACC_0388,286.54,2026-08-30 18:34:00,0
TX_003794,ACC_0050,ACC_0546,226.61,2026-08-30 18:48:00,0
TX_001719,ACC_0861,ACC_0750,780.55,2026-08-30 18:48:00,0
TX_001307,ACC_0560,ACC_0717,441.2,2026-08-30 18:48:00,0
TX_000670,ACC_0422,ACC_0769,413.65,2026-08-30 18:54:00,0
TX_004963,ACC_0488,ACC_0190,465.81,2026-08-30 18:57:00,0
TX_002524,ACC_0343,ACC_0273,109.8,2026-08-30 19:02:00,0
TX_004647,ACC_0345,ACC_0969,456.95,2026-08-30 19:04:00,0
TX_004941,ACC_0772,ACC_0187,84.33,2026-08-30 19:06:00,0
TX_004506,ACC_0939,ACC_0558,242.72,2026-08-30 19:11:00,0
TX_004009,ACC_0904,ACC_0104,648.87,2026-08-30 19:22:00,0
TX_004978,ACC_0542,ACC_0331,472.95,2026-08-30 19:28:00,0
TX_001218,ACC_0323,ACC_0528,997.2,2026-08-30 19:32:00,0
TX_000864,ACC_0773,ACC_0603,282.2,2026-08-30 19:35:00,0
TX_003393,ACC_0987,ACC_0765,335.27,2026-08-30 19:50:00,0
TX_000370,ACC_0923,ACC_0441,369.53,2026-08-30 20:04:00,0
TX_000894,ACC_0384,ACC_0356,447.47,2026-08-30 20:09:00,0
TX_001389,ACC_0559,ACC_0762,855.32,2026-08-30 20:11:00,0
TX_001324,ACC_0321,ACC_0646,307.27,2026-08-30 20:15:00,0
TX_002062,ACC_0766,ACC_0220,263.76,2026-08-30 20:46:00,0
TX_001883,ACC_0826,ACC_0307,163.58,2026-08-30 20:54:00,0
TX_004289,ACC_0980,ACC_0848,245.23,2026-08-30 21:08:00,0
TX_003118,ACC_0067,ACC_0753,257.73,2026-08-30 21:10:00,0
TX_001722,ACC_0737,ACC_0265,1175.83,2026-08-30 21:17:00,0
TX_000508,ACC_0916,ACC_0654,700.51,2026-08-30 21:24:00,0
TX_000363,ACC_0764,ACC_0859,140.05,2026-08-30 21:32:00,0
TX_004838,ACC_0486,ACC_0794,302.4,2026-08-30 21:33:00,0
TX_002902,ACC_0017,ACC_0219,60.88,2026-08-30 21:35:00,0
TX_002715,ACC_0678,ACC_0732,243.2,2026-08-30 21:37:00,0
TX_003079,ACC_0380,ACC_0347,340.05,2026-08-30 21:59:00,0
TX_003212,ACC_0567,ACC_0675,335.68,2026-08-30 22:00:00,0
TX_002725,ACC_0880,ACC_0020,453.52,2026-08-30 22:03:00,0
TX_003596,ACC_0592,ACC_0953,290.74,2026-08-30 22:24:00,0
TX_000173,ACC_0420,ACC_0711,552.47,2026-08-30 22:27:00,0
TX_001250,ACC_0444,ACC_0053,221.74,2026-08-30 22:37:00,0
TX_002723,ACC_0355,ACC_0780,2352.01,2026-08-30 23:04:00,0
TX_000996,ACC_0588,ACC_0706,178.91,2026-08-30 23:08:00,0
TX_003142,ACC_0030,ACC_0291,267.91,2026-08-30 23:10:00,0
TX_003786,ACC_0166,ACC_0524,252.02,2026-08-30 23:11:00,0
TX_001756,ACC_0960,ACC_0392,440.54,2026-08-30 23:15:00,0
TX_003724,ACC_0305,ACC_0915,1128.56,2026-08-30 23:19:00,0
TX_001237,ACC_0790,ACC_0099,169.72,2026-08-30 23:28:00,0
TX_000448,ACC_0100,ACC_0905,51.5,2026-08-30 23:30:00,0
TX_002998,ACC_0895,ACC_0005,185.29,2026-08-30 23:36:00,0
TX_004956,ACC_0914,ACC_0925,383.54,2026-08-30 23:40:00,0
TX_001827,ACC_0319,ACC_0529,761.35,2026-08-30 23:59:00,0
