user_id,timestamp,amount,category,balance
USER_0000,2026-06-01,-145.22606958923188,discretionary,4854.773930410768
USER_0000,2026-06-02,-504.63332099096783,discretionary,4350.1406094198
USER_0000,2026-06-03,-27.531315923085728,discretionary,4322.609293496715
USER_0000,2026-06-04,-352.23203483709165,discretionary,3970.377258659623
USER_0000,2026-06-05,-254.37621670766762,discretionary,3716.0010419519554
USER_0000,2026-06-06,-334.3704780503921,discretionary,3381.630563901563
USER_0000,2026-06-07,-262.3957253852417,discretionary,3119.2348385163214
USER_0000,2026-06-08,-231.9498608533553,discretionary,2887.284977662966
USER_0000,2026-06-09,-218.17076855946516,discretionary,2669.114209103501
USER_0000,2026-06-10,-619.9321828148579,discretionary,2049.182026288643
USER_0000,2026-06-11,-239.3929927106892,discretionary,1809.789033577954
USER_0000,2026-06-12,-155.69634046547057,discretionary,1654.0926931124834
USER_0000,2026-06-13,-239.7023676651845,discretionary,1414.390325447299
USER_0000,2026-06-14,-156.49527689120904,discretionary,1257.89504855609
USER_0000,2026-06-15,-474.0146176808374,discretionary,783.8804308752526
USER_0000,2026-06-16,-465.22160061521384,discretionary,318.65883026003877
USER_0000,2026-06-17,-146.11339595780922,discretionary,172.54543430222955
USER_0000,2026-06-18,-614.7898353289887,discretionary,-442.2444010267592
USER_0000,2026-06-19,-119.10014055759713,discretionary,-561.3445415843563
USER_0000,2026-06-20,-105.9198420802839,discretionary,-667.2643836646403
USER_0000,2026-06-21,-459.73175967174683,discretionary,-1126.9961433363871
USER_0000,2026-06-22,-520.904531246409,discretionary,-1647.900674582796
USER_0000,2026-06-23,-111.99062542682545,discretionary,-1759.8913000096215
USER_0000,2026-06-24,-300.3483970710692,discretionary,-2060.239697080691
USER_0000,2026-06-25,-275.9961897790223,discretionary,-2336.235886859713
USER_0000,2026-06-26,-389.39558715923386,discretionary,-2725.631474018947
USER_0000,2026-06-27,-366.9776680173533,discretionary,-3092.6091420363
USER_0000,2026-06-28,20000.0,income_salary,16907.3908579637
USER_0000,2026-06-28,-333.8822683648364,discretionary,16573.508589598863
USER_0000,2026-06-29,-258.75962855264527,discretionary,16314.748961046218
USER_0000,2026-06-30,-159.16618592539928,discretionary,16155.582775120818
USER_0000,2026-07-01,-5906.756195871126,fixed_rent,10248.826579249693
USER_0000,2026-07-01,-199.8256230716773,discretionary,10049.000956178015
USER_0000,2026-07-02,-328.75862698687143,discretionary,9720.242329191144
USER_0000,2026-07-03,-445.56552765388886,discretionary,9274.676801537255
USER_0000,2026-07-04,-400.68463305241994,discretionary,8873.992168484834
USER_0000,2026-07-05,-235.70666491729415,discretionary,8638.28550356754
USER_0000,2026-07-06,-199.17537682842962,discretionary,8439.110126739111
USER_0000,2026-07-07,-779.062460522076,discretionary,7660.047666217035
USER_0000,2026-07-08,-142.81215761720375,discretionary,7517.2355085998315
USER_0000,2026-07-09,-361.537945197543,discretionary,7155.697563402288
USER_0000,2026-07-10,-319.8146027055079,discretionary,6835.88296069678
USER_0000,2026-07-11,-234.42091635926892,discretionary,6601.4620443375115
USER_0000,2026-07-12,-649.8036171109966,discretionary,5951.658427226515
USER_0000,2026-07-13,-309.88761588509794,discretionary,5641.770811341417
USER_0000,2026-07-14,-232.2732066276588,discretionary,5409.497604713759
USER_0000,2026-07-15,-288.34021540220334,discretionary,5121.157389311556
USER_0000,2026-07-16,-218.2985360860488,discretionary,4902.858853225507
USER_0000,2026-07-17,-265.2641132231399,discretionary,4637.594740002367
USER_0000,2026-07-18,-334.29745373732834,discretionary,4303.297286265039
USER_0000,2026-07-19,-272.4629334858041,discretionary,4030.8343527792345
USER_0000,2026-07-20,-178.4424229444652,discretionary,3852.391929834769
USER_0000,2026-07-21,-133.49651463480265,discretionary,3718.8954151999665
USER_0000,2026-07-22,-153.23995692430861,discretionary,3565.655458275658
USER_0000,2026-07-23,-199.21946904148098,discretionary,3366.435989234177
USER_0000,2026-07-24,-303.24766562337936,discretionary,3063.188323610798
USER_0000,2026-07-25,-198.564028306304,discretionary,2864.624295304494
USER_0000,2026-07-26,-351.31561605227967,discretionary,2513.3086792522145
USER_0000,2026-07-27,-137.57066280984202,discretionary,2375.7380164423726
USER_0000,2026-07-28,20000.0,income_salary,22375.738016442374
USER_0000,2026-07-28,-106.66726506375097,discretionary,22269.070751378622
USER_0000,2026-07-29,-124.68648724522025,discretionary,22144.3842641334
USER_0000,2026-07-30,-121.57991214891423,discretionary,22022.804351984487
USER_0000,2026-07-31,-148.09812159551373,discretionary,21874.706230388972
USER_0000,2026-08-01,-5906.756195871126,fixed_rent,15967.950034517846
USER_0000,2026-08-01,-302.10972715514697,discretionary,15665.8403073627
USER_0000,2026-08-02,-448.0761749744089,discretionary,15217.76413238829
USER_0000,2026-08-03,-387.0234770741984,discretionary,14830.740655314092
USER_0000,2026-08-04,-212.63400552560955,discretionary,14618.106649788482
USER_0000,2026-08-05,-216.66232312941057,discretionary,14401.444326659072
USER_0000,2026-08-06,-451.9694410199528,discretionary,13949.474885639118
USER_0000,2026-08-07,-317.07808365923677,discretionary,13632.396801979881
USER_0000,2026-08-08,-330.72579237353915,discretionary,13301.671009606342
USER_0000,2026-08-09,-280.0542893555719,discretionary,13021.61672025077
USER_0000,2026-08-10,-404.1679014164784,discretionary,12617.448818834291
USER_0000,2026-08-11,-411.6301434596266,discretionary,12205.818675374665
USER_0000,2026-08-12,-221.89945017991516,discretionary,11983.91922519475
USER_0000,2026-08-13,-186.2952162132211,discretionary,11797.62400898153
USER_0000,2026-08-14,-155.7652382608704,discretionary,11641.858770720659
USER_0000,2026-08-15,-161.5572161590802,discretionary,11480.301554561578
USER_0000,2026-08-16,-551.2840929113343,discretionary,10929.017461650245
USER_0000,2026-08-17,-296.0758767548208,discretionary,10632.941584895423
USER_0000,2026-08-18,-177.28114316036073,discretionary,10455.660441735063
USER_0000,2026-08-19,-502.1166578897081,discretionary,9953.543783845354
USER_0000,2026-08-20,-470.02200053863316,discretionary,9483.521783306722
USER_0000,2026-08-21,-211.42061856095245,discretionary,9272.101164745769
USER_0000,2026-08-22,-199.86015466037588,discretionary,9072.241010085392
USER_0000,2026-08-23,-365.61668244995894,discretionary,8706.624327635433
USER_0000,2026-08-24,-201.69490618295256,discretionary,8504.92942145248
USER_0000,2026-08-25,-183.88274227796103,discretionary,8321.046679174518
USER_0000,2026-08-26,-344.4338301224271,discretionary,7976.612849052091
USER_0000,2026-08-27,-299.49621687478094,discretionary,7677.116632177311
USER_0000,2026-08-28,20000.0,income_salary,27677.116632177313
USER_0000,2026-08-28,-265.67830235593783,discretionary,27411.438329821376
USER_0000,2026-08-29,-200.62325757966772,discretionary,27210.81507224171
USER_0001,2026-06-01,-112.6296092414795,discretionary,4887.37039075852
USER_0001,2026-06-02,-504.8355179367267,discretionary,4382.534872821794
USER_0001,2026-06-03,-220.5453866615726,discretionary,4161.9894861602215
USER_0001,2026-06-04,-111.50499728115787,discretionary,4050.4844888790635
USER_0001,2026-06-05,-256.7328054937364,discretionary,3793.751683385327
USER_0001,2026-06-06,-300.65785209759395,discretionary,3493.093831287733
USER_0001,2026-06-07,-213.94221559356413,discretionary,3279.151615694169
USER_0001,2026-06-08,-128.32467660331275,discretionary,3150.8269390908563
USER_0001,2026-06-09,-258.95958314815033,discretionary,2891.867355942706
USER_0001,2026-06-10,-169.4794718688523,discretionary,2722.387884073854
USER_0001,2026-06-11,-281.18339727538466,discretionary,2441.204486798469
USER_0001,2026-06-12,-230.56011638926782,discretionary,2210.644370409201
USER_0001,2026-06-13,-276.10296192536356,discretionary,1934.5414084838376
USER_0001,2026-06-14,-203.5520750991793,discretionary,1730.9893333846583
USER_0001,2026-06-15,-299.92362274160496,discretionary,1431.0657106430533
USER_0001,2026-06-16,-347.03755257003326,discretionary,1084.02815807302
USER_0001,2026-06-17,-173.47768982883986,discretionary,910.5504682441801
USER_0001,2026-06-18,-247.68140133306522,discretionary,662.8690669111149
USER_0001,2026-06-19,-72.58215268590182,discretionary,590.2869142252131
USER_0001,2026-06-20,-418.23118936361703,discretionary,172.05572486159605
USER_0001,2026-06-21,-320.492264509224,discretionary,-148.43653964762797
USER_0001,2026-06-22,-330.53682467741646,discretionary,-478.97336432504443
USER_0001,2026-06-23,-457.08259443113917,discretionary,-936.0559587561836
USER_0001,2026-06-24,-233.3479459493487,discretionary,-1169.4039047055323
USER_0001,2026-06-25,-245.29079366493772,discretionary,-1414.6946983704702
USER_0001,2026-06-26,-347.5939052379031,discretionary,-1762.2886036083733
USER_0001,2026-06-27,-459.4304459899754,discretionary,-2221.7190495983486
USER_0001,2026-06-28,20000.0,income_salary,17778.28095040165
USER_0001,2026-06-28,-310.6915897299189,discretionary,17467.589360671733
USER_0001,2026-06-29,-286.25798275745063,discretionary,17181.33137791428
USER_0001,2026-06-30,-205.4979053129248,discretionary,16975.833472601356
USER_0001,2026-07-01,-8805.038028540643,fixed_rent,8170.795444060714
USER_0001,2026-07-01,-168.4746522077296,discretionary,8002.320791852984
USER_0001,2026-07-02,-192.10521314398738,discretionary,7810.215578708997
USER_0001,2026-07-03,-187.68380031561705,discretionary,7622.53177839338
USER_0001,2026-07-04,-156.97049475780437,discretionary,7465.561283635575
USER_0001,2026-07-05,-187.14527751732135,discretionary,7278.416006118254
USER_0001,2026-07-06,-424.8885728445895,discretionary,6853.527433273664
USER_0001,2026-07-07,-170.74341990652377,discretionary,6682.784013367141
USER_0001,2026-07-08,-180.56947945781408,discretionary,6502.214533909327
USER_0001,2026-07-09,-350.57312561040465,discretionary,6151.641408298922
USER_0001,2026-07-10,-512.5991194107387,discretionary,5639.042288888184
USER_0001,2026-07-11,-249.60043824310992,discretionary,5389.441850645074
USER_0001,2026-07-12,-267.363755338022,discretionary,5122.078095307052
USER_0001,2026-07-13,-216.07077565252942,discretionary,4906.007319654522
USER_0001,2026-07-14,-604.5413778762498,discretionary,4301.465941778272
USER_0001,2026-07-15,-511.02142183809013,discretionary,3790.444519940182
USER_0001,2026-07-16,-276.2633387476445,discretionary,3514.1811811925377
USER_0001,2026-07-17,-114.80751418627246,discretionary,3399.3736670062654
USER_0001,2026-07-18,-179.290002812767,discretionary,3220.0836641934984
USER_0001,2026-07-19,-561.6682779251835,discretionary,2658.415386268315
USER_0001,2026-07-20,-249.0872606273148,discretionary,2409.3281256410005
USER_0001,2026-07-21,-492.80010058495066,discretionary,1916.52802505605
USER_0001,2026-07-22,-230.9176528040168,discretionary,1685.6103722520331
USER_0001,2026-07-23,-521.5950313151252,discretionary,1164.015340936908
USER_0001,2026-07-24,-201.17743322079414,discretionary,962.8379077161138
USER_0001,2026-07-25,-87.22322670658512,discretionary,875.6146810095287
USER_0001,2026-07-26,-354.42993707904105,discretionary,521.1847439304877
USER_0001,2026-07-27,-246.18259929994392,discretionary,275.00214463054374
USER_0001,2026-07-28,20000.0,income_salary,20275.002144630544
USER_0001,2026-07-28,-287.86652916514873,discretionary,19987.135615465395
USER_0001,2026-07-29,-201.7947264862214,discretionary,19785.340888979175
USER_0001,2026-07-30,-106.35133751065472,discretionary,19678.98955146852
USER_0001,2026-07-31,-220.35484688055078,discretionary,19458.63470458797
USER_0001,2026-08-01,-8805.038028540643,fixed_rent,10653.596676047327
USER_0001,2026-08-01,-171.8937476569764,discretionary,10481.70292839035
USER_0001,2026-08-02,-162.45453136187143,discretionary,10319.24839702848
USER_0001,2026-08-03,-204.40710716952788,discretionary,10114.841289858952
USER_0001,2026-08-04,-597.7084160517604,discretionary,9517.132873807192
USER_0001,2026-08-05,-205.61709541404727,discretionary,9311.515778393145
USER_0001,2026-08-06,-182.23748635083325,discretionary,9129.27829204231
USER_0001,2026-08-07,-175.88483527636947,discretionary,8953.393456765942
USER_0001,2026-08-08,-154.98041347774225,discretionary,8798.4130432882
USER_0001,2026-08-09,-142.71966235792263,discretionary,8655.693380930277
USER_0001,2026-08-10,-107.82839499738034,discretionary,8547.864985932896
USER_0001,2026-08-11,-595.3389267476289,discretionary,7952.5260591852675
USER_0001,2026-08-12,-448.63856109883966,discretionary,7503.8874980864275
USER_0001,2026-08-13,-139.42708557246846,discretionary,7364.460412513959
USER_0001,2026-08-14,-247.0072093294346,discretionary,7117.453203184525
USER_0001,2026-08-15,-104.98057324873696,discretionary,7012.472629935788
USER_0001,2026-08-16,-373.2293062620121,discretionary,6639.243323673776
USER_0001,2026-08-17,-355.3032945480909,discretionary,6283.940029125685
USER_0001,2026-08-18,-183.0107611934044,discretionary,6100.929267932281
USER_0001,2026-08-19,-210.09805470383566,discretionary,5890.831213228445
USER_0001,2026-08-20,-166.82439965750405,discretionary,5724.006813570942
USER_0001,2026-08-21,-328.99083436323207,discretionary,5395.015979207709
USER_0001,2026-08-22,-345.92551777262497,discretionary,5049.090461435084
USER_0001,2026-08-23,-446.51491139306023,discretionary,4602.575550042024
USER_0001,2026-08-24,-259.7586021935848,discretionary,4342.816947848439
USER_0001,2026-08-25,-232.38892334898168,discretionary,4110.428024499457
USER_0001,2026-08-26,-255.3236884198661,discretionary,3855.104336079591
USER_0001,2026-08-27,-227.31199504321236,discretionary,3627.7923410363787
USER_0001,2026-08-28,20000.0,income_salary,23627.79234103638
USER_0001,2026-08-28,-498.32494465225005,discretionary,23129.46739638413
USER_0001,2026-08-29,-190.93345905456667,discretionary,22938.533937329565
USER_0002,2026-06-01,-331.59133209589424,discretionary,4668.408667904106
USER_0002,2026-06-02,-111.94768369434712,discretionary,4556.460984209759
USER_0002,2026-06-03,-160.16430107949398,discretionary,4396.296683130265
USER_0002,2026-06-04,-487.6549208239727,discretionary,3908.641762306292
USER_0002,2026-06-05,-127.63094223647082,discretionary,3781.0108200698214
USER_0002,2026-06-06,-426.7070414753938,discretionary,3354.3037785944275
USER_0002,2026-06-07,-193.39667578602544,discretionary,3160.907102808402
USER_0002,2026-06-08,-376.3723220503221,discretionary,2784.53478075808
USER_0002,2026-06-09,-222.46495442377008,discretionary,2562.06982633431
USER_0002,2026-06-10,-182.98390288334306,discretionary,2379.085923450967
USER_0002,2026-06-11,-177.64092724751248,discretionary,2201.4449962034546
USER_0002,2026-06-12,-251.26339791459134,discretionary,1950.1815982888634
USER_0002,2026-06-13,-113.45829600453993,discretionary,1836.7233022843234
USER_0002,2026-06-14,-314.71845175023407,discretionary,1522.0048505340892
USER_0002,2026-06-15,-374.90017185001267,discretionary,1147.1046786840766
USER_0002,2026-06-16,-116.28702934979258,discretionary,1030.817649334284
USER_0002,2026-06-17,-246.40167531789845,discretionary,784.4159740163855
USER_0002,2026-06-18,-134.45026878072312,discretionary,649.9657052356623
USER_0002,2026-06-19,-194.07798467432178,discretionary,455.88772056134053
USER_0002,2026-06-20,-146.71307412681435,discretionary,309.17464643452615
USER_0002,2026-06-21,-227.37765295492397,discretionary,81.79699347960218
USER_0002,2026-06-22,-477.3016859730069,discretionary,-395.5046924934047
USER_0002,2026-06-23,-510.12142475827653,discretionary,-905.6261172516813
USER_0002,2026-06-24,-339.6218874256771,discretionary,-1245.2480046773585
USER_0002,2026-06-25,-161.25724685811284,discretionary,-1406.5052515354714
USER_0002,2026-06-26,-216.60399387381088,discretionary,-1623.1092454092823
USER_0002,2026-06-27,-105.92935136716848,discretionary,-1729.0385967764507
USER_0002,2026-06-28,20000.0,income_salary,18270.961403223548
USER_0002,2026-06-28,-209.426909743908,discretionary,18061.53449347964
USER_0002,2026-06-29,-452.43382145173706,discretionary,17609.100672027904
USER_0002,2026-06-30,-573.6566882471752,discretionary,17035.44398378073
USER_0002,2026-07-01,-5994.472812144305,fixed_rent,11040.971171636425
USER_0002,2026-07-01,-264.7941268592074,discretionary,10776.177044777218
USER_0002,2026-07-02,-431.7386357892039,discretionary,10344.438408988013
USER_0002,2026-07-03,-177.4719586819771,discretionary,10166.966450306036
USER_0002,2026-07-04,-669.0480715754645,discretionary,9497.918378730572
USER_0002,2026-07-05,-248.24076309857838,discretionary,9249.677615631994
USER_0002,2026-07-06,-105.78984927919618,discretionary,9143.887766352798
USER_0002,2026-07-07,-248.74269142687504,discretionary,8895.145074925924
USER_0002,2026-07-08,-324.5387211903645,discretionary,8570.606353735559
USER_0002,2026-07-09,-432.6166357275181,discretionary,8137.989718008041
USER_0002,2026-07-10,-248.6526018739995,discretionary,7889.337116134041
USER_0002,2026-07-11,-232.61196644395577,discretionary,7656.725149690085
USER_0002,2026-07-12,-295.78524950037337,discretionary,7360.939900189712
USER_0002,2026-07-13,-260.65872087343826,discretionary,7100.281179316274
USER_0002,2026-07-14,-170.30262486902964,discretionary,6929.978554447244
USER_0002,2026-07-15,-590.5021508980118,discretionary,6339.476403549233
USER_0002,2026-07-16,-356.3775704911527,discretionary,5983.09883305808
USER_0002,2026-07-17,-387.438424804476,discretionary,5595.660408253604
USER_0002,2026-07-18,-272.59556116949864,discretionary,5323.064847084105
USER_0002,2026-07-19,-166.38404063692752,discretionary,5156.680806447178
USER_0002,2026-07-20,-330.3107425341546,discretionary,4826.370063913023
USER_0002,2026-07-21,-145.49849834611692,discretionary,4680.871565566906
USER_0002,2026-07-22,-380.31931849287025,discretionary,4300.552247074035
USER_0002,2026-07-23,-461.6081293284273,discretionary,3838.944117745608
USER_0002,2026-07-24,-581.3000126354126,discretionary,3257.644105110195
USER_0002,2026-07-25,-543.3172401870231,discretionary,2714.3268649231723
USER_0002,2026-07-26,-445.9018806993287,discretionary,2268.4249842238437
USER_0002,2026-07-27,-173.62587346068514,discretionary,2094.7991107631588
USER_0002,2026-07-28,20000.0,income_salary,22094.79911076316
USER_0002,2026-07-28,-271.02276037969256,discretionary,21823.77635038347
USER_0002,2026-07-29,-263.26661568785744,discretionary,21560.50973469561
USER_0002,2026-07-30,-190.6742498202519,discretionary,21369.83548487536
USER_0002,2026-07-31,-206.1304578678619,discretionary,21163.705027007498
USER_0002,2026-08-01,-5994.472812144305,fixed_rent,15169.232214863194
USER_0002,2026-08-01,-266.18931325551597,discretionary,14903.042901607678
USER_0002,2026-08-02,-421.88261985972565,discretionary,14481.160281747952
USER_0002,2026-08-03,-170.56144965237047,discretionary,14310.598832095582
USER_0002,2026-08-04,-253.64442191220957,discretionary,14056.954410183373
USER_0002,2026-08-05,-165.23596361135606,discretionary,13891.718446572017
USER_0002,2026-08-06,-382.11126554918224,discretionary,13509.607181022835
USER_0002,2026-08-07,-573.9870234206444,discretionary,12935.62015760219
USER_0002,2026-08-08,-169.28865916527874,discretionary,12766.331498436912
USER_0002,2026-08-09,-435.603729646024,discretionary,12330.727768790888
USER_0002,2026-08-10,-126.82693373246778,discretionary,12203.90083505842
USER_0002,2026-08-11,-209.3841760387249,discretionary,11994.516659019697
USER_0002,2026-08-12,-135.09608574679046,discretionary,11859.420573272906
USER_0002,2026-08-13,-151.21429495744192,discretionary,11708.206278315463
USER_0002,2026-08-14,-467.67625226616457,discretionary,11240.530026049299
USER_0002,2026-08-15,-142.85036612898855,discretionary,11097.67965992031
USER_0002,2026-08-16,-342.683894241173,discretionary,10754.995765679138
USER_0002,2026-08-17,-319.95141946799623,discretionary,10435.044346211142
USER_0002,2026-08-18,-134.3017571892296,discretionary,10300.742589021913
USER_0002,2026-08-19,-179.09188939423564,discretionary,10121.650699627677
USER_0002,2026-08-20,-228.7264509445711,discretionary,9892.924248683106
USER_0002,2026-08-21,-288.28682469454617,discretionary,9604.63742398856
USER_0002,2026-08-22,-152.51458291427022,discretionary,9452.122841074292
USER_0002,2026-08-23,-169.62293925115517,discretionary,9282.499901823136
USER_0002,2026-08-24,-185.19454346834772,discretionary,9097.305358354788
USER_0002,2026-08-25,-139.6008712843243,discretionary,8957.704487070463
USER_0002,2026-08-26,-169.39297812089112,discretionary,8788.311508949571
USER_0002,2026-08-27,-260.03982121785424,discretionary,8528.271687731718
USER_0002,2026-08-28,20000.0,income_salary,28528.271687731718
USER_0002,2026-08-28,-184.3784266385823,discretionary,28343.893261093137
USER_0002,2026-08-29,-191.7277258350537,discretionary,28152.165535258082
USER_0003,2026-06-01,-328.84091878535395,discretionary,4671.159081214646
USER_0003,2026-06-02,-327.94528666394115,discretionary,4343.213794550705
USER_0003,2026-06-03,-701.7693007735364,discretionary,3641.444493777168
USER_0003,2026-06-04,-192.0983324193136,discretionary,3449.3461613578547
USER_0003,2026-06-05,-225.73925975888906,discretionary,3223.6069015989656
USER_0003,2026-06-06,-403.7182221893588,discretionary,2819.888679409607
USER_0003,2026-06-07,-312.56629130096417,discretionary,2507.322388108643
USER_0003,2026-06-08,-345.2414275408108,discretionary,2162.080960567832
USER_0003,2026-06-09,-92.54057508526982,discretionary,2069.540385482562
USER_0003,2026-06-10,-275.99793194654717,discretionary,1793.542453536015
USER_0003,2026-06-11,-153.92019730071905,discretionary,1639.622256235296
USER_0003,2026-06-12,-186.0041635702367,discretionary,1453.6180926650593
USER_0003,2026-06-13,-214.71524254481042,discretionary,1238.9028501202488
USER_0003,2026-06-14,-193.0401064177974,discretionary,1045.8627437024513
USER_0003,2026-06-15,-207.0385451495567,discretionary,838.8241985528946
USER_0003,2026-06-16,-167.7825656782653,discretionary,671.0416328746293
USER_0003,2026-06-17,-172.8271523810188,discretionary,498.2144804936105
USER_0003,2026-06-18,-341.61450003695313,discretionary,156.59998045665736
USER_0003,2026-06-19,-83.20550232436658,discretionary,73.39447813229079
USER_0003,2026-06-20,-316.6784724002857,discretionary,-243.28399426799496
USER_0003,2026-06-21,-387.51575598010146,discretionary,-630.7997502480964
USER_0003,2026-06-22,-260.5600164978897,discretionary,-891.3597667459861
USER_0003,2026-06-23,-161.45488674629328,discretionary,-1052.8146534922794
USER_0003,2026-06-24,-330.2568184478748,discretionary,-1383.0714719401542
USER_0003,2026-06-25,-299.92485041071745,discretionary,-1682.9963223508717
USER_0003,2026-06-26,-197.73838463483457,discretionary,-1880.7347069857062
USER_0003,2026-06-27,-159.06126742078962,discretionary,-2039.7959744064958
USER_0003,2026-06-28,20000.0,income_salary,17960.204025593503
USER_0003,2026-06-28,-194.33000519146796,discretionary,17765.874020402036
USER_0003,2026-06-29,-305.67348985865283,discretionary,17460.200530543385
USER_0003,2026-06-30,-196.63656641863903,discretionary,17263.563964124747
USER_0003,2026-07-01,-6289.915994995894,fixed_rent,10973.647969128853
USER_0003,2026-07-01,-264.6886581246902,discretionary,10708.959311004162
USER_0003,2026-07-02,-205.45224808922697,discretionary,10503.507062914936
USER_0003,2026-07-03,-245.93454340693256,discretionary,10257.572519508003
USER_0003,2026-07-04,-103.03874155496912,discretionary,10154.533777953035
USER_0003,2026-07-05,-131.88110379063613,discretionary,10022.652674162398
USER_0003,2026-07-06,-154.40548573368645,discretionary,9868.247188428712
USER_0003,2026-07-07,-194.00568524125165,discretionary,9674.24150318746
USER_0003,2026-07-08,-110.76179941159788,discretionary,9563.479703775864
USER_0003,2026-07-09,-351.82655936811784,discretionary,9211.653144407746
USER_0003,2026-07-10,-286.78514691512873,discretionary,8924.867997492618
USER_0003,2026-07-11,-173.0982114489058,discretionary,8751.769786043713
USER_0003,2026-07-12,-153.79764844541037,discretionary,8597.972137598303
USER_0003,2026-07-13,-286.2033713544395,discretionary,8311.768766243864
USER_0003,2026-07-14,-173.21308518352103,discretionary,8138.555681060343
USER_0003,2026-07-15,-274.0109373200811,discretionary,7864.544743740262
USER_0003,2026-07-16,-166.60570504867806,discretionary,7697.939038691584
USER_0003,2026-07-17,-392.2003715316589,discretionary,7305.738667159925
USER_0003,2026-07-18,-279.0761744798593,discretionary,7026.662492680066
USER_0003,2026-07-19,-155.50716351201288,discretionary,6871.155329168053
USER_0003,2026-07-20,-303.76841491692494,discretionary,6567.3869142511285
USER_0003,2026-07-21,-218.38359132192403,discretionary,6349.003322929205
USER_0003,2026-07-22,-184.45406249701418,discretionary,6164.549260432191
USER_0003,2026-07-23,-349.3836119057173,discretionary,5815.165648526474
USER_0003,2026-07-24,-526.5879437771875,discretionary,5288.577704749287
USER_0003,2026-07-25,-220.30983596761908,discretionary,5068.267868781668
USER_0003,2026-07-26,-238.97630503645232,discretionary,4829.291563745215
USER_0003,2026-07-27,-209.38905497059022,discretionary,4619.902508774625
USER_0003,2026-07-28,20000.0,income_salary,24619.902508774627
USER_0003,2026-07-28,-102.03488443561494,discretionary,24517.86762433901
USER_0003,2026-07-29,-373.0653176523631,discretionary,24144.802306686648
USER_0003,2026-07-30,-488.13610524775135,discretionary,23656.666201438897
USER_0003,2026-07-31,-96.48046905396144,discretionary,23560.185732384936
USER_0003,2026-08-01,-6289.915994995894,fixed_rent,17270.26973738904
USER_0003,2026-08-01,-118.96636599637712,discretionary,17151.303371392663
USER_0003,2026-08-02,-98.49386711857127,discretionary,17052.809504274093
USER_0003,2026-08-03,-319.5693336024303,discretionary,16733.240170671663
USER_0003,2026-08-04,-322.68185507729345,discretionary,16410.558315594368
USER_0003,2026-08-05,-421.3220956952201,discretionary,15989.236219899147
USER_0003,2026-08-06,-306.72378011501746,discretionary,15682.51243978413
USER_0003,2026-08-07,-161.7303261610566,discretionary,15520.782113623074
USER_0003,2026-08-08,-237.4160237935329,discretionary,15283.366089829542
USER_0003,2026-08-09,-129.2283623345548,discretionary,15154.137727494986
USER_0003,2026-08-10,-607.3828913234059,discretionary,14546.75483617158
USER_0003,2026-08-11,-829.6133485781874,discretionary,13717.141487593393
USER_0003,2026-08-12,-137.59335795972424,discretionary,13579.54812963367
USER_0003,2026-08-13,-233.77263479291162,discretionary,13345.775494840758
USER_0003,2026-08-14,-117.08783710205375,discretionary,13228.687657738705
USER_0003,2026-08-15,-200.76180291415682,discretionary,13027.925854824547
USER_0003,2026-08-16,-121.60620571954169,discretionary,12906.319649105006
USER_0003,2026-08-17,-596.7365471205646,discretionary,12309.58310198444
USER_0003,2026-08-18,-65.16906559909167,discretionary,12244.41403638535
USER_0003,2026-08-19,-129.3870983530304,discretionary,12115.026938032319
USER_0003,2026-08-20,-275.9821842115835,discretionary,11839.044753820735
USER_0003,2026-08-21,-255.53565109668486,discretionary,11583.50910272405
USER_0003,2026-08-22,-330.1597446531055,discretionary,11253.349358070946
USER_0003,2026-08-23,-243.54812181687964,discretionary,11009.801236254067
USER_0003,2026-08-24,-473.46937367832425,discretionary,10536.331862575742
USER_0003,2026-08-25,-323.82017976116407,discretionary,10212.511682814578
USER_0003,2026-08-26,-160.9922516197156,discretionary,10051.519431194864
USER_0003,2026-08-27,-216.47088393296968,discretionary,9835.048547261893
USER_0003,2026-08-28,20000.0,income_salary,29835.048547261893
USER_0003,2026-08-28,-431.0217884206098,discretionary,29404.026758841283
USER_0003,2026-08-29,-355.07459832839413,discretionary,29048.95216051289
USER_0004,2026-06-01,-384.90956347285913,discretionary,4615.090436527141
USER_0004,2026-06-02,-509.127645462369,discretionary,4105.962791064771
USER_0004,2026-06-03,-375.14423343865843,discretionary,3730.818557626113
USER_0004,2026-06-04,-185.76876482809303,discretionary,3545.04979279802
USER_0004,2026-06-05,-362.68020501493635,discretionary,3182.3695877830837
USER_0004,2026-06-06,-235.03381647360936,discretionary,2947.3357713094742
USER_0004,2026-06-07,-277.70596810932824,discretionary,2669.629803200146
USER_0004,2026-06-08,-144.9778533968772,discretionary,2524.6519498032685
USER_0004,2026-06-09,-404.9034295130967,discretionary,2119.7485202901717
USER_0004,2026-06-10,-193.64945616058384,discretionary,1926.0990641295878
USER_0004,2026-06-11,-486.92288445755986,discretionary,1439.176179672028
USER_0004,2026-06-12,-176.6688458288578,discretionary,1262.5073338431703
USER_0004,2026-06-13,-278.86305942799476,discretionary,983.6442744151755
USER_0004,2026-06-14,-176.25954841893252,discretionary,807.3847259962429
USER_0004,2026-06-15,-115.4400059517165,discretionary,691.9447200445263
USER_0004,2026-06-16,-273.8652149581174,discretionary,418.0795050864089
USER_0004,2026-06-17,-182.1140800697135,discretionary,235.9654250166954
USER_0004,2026-06-18,-122.09429371588422,discretionary,113.87113130081119
USER_0004,2026-06-19,-283.97382265724815,discretionary,-170.10269135643696
USER_0004,2026-06-20,-363.24783383977626,discretionary,-533.3505251962132
USER_0004,2026-06-21,-424.1756350098286,discretionary,-957.5261602060418
USER_0004,2026-06-22,-161.2114439145861,discretionary,-1118.737604120628
USER_0004,2026-06-23,-347.56003209211843,discretionary,-1466.2976362127465
USER_0004,2026-06-24,-127.5253753917352,discretionary,-1593.8230116044817
USER_0004,2026-06-25,-130.32289364500537,discretionary,-1724.145905249487
USER_0004,2026-06-26,-171.34209685792908,discretionary,-1895.4880021074162
USER_0004,2026-06-27,-195.48325825456024,discretionary,-2090.9712603619764
USER_0004,2026-06-28,25000.0,income_salary,22909.028739638023
USER_0004,2026-06-28,-214.87562072688178,discretionary,22694.15311891114
USER_0004,2026-06-29,-492.3310946903768,discretionary,22201.822024220764
USER_0004,2026-06-30,-256.00929535850804,discretionary,21945.812728862256
USER_0004,2026-07-01,-7684.477274276014,fixed_rent,14261.335454586242
USER_0004,2026-07-01,-249.6414147075857,discretionary,14011.694039878656
USER_0004,2026-07-02,-318.1640340093811,discretionary,13693.530005869274
USER_0004,2026-07-03,-157.17810837680474,discretionary,13536.351897492468
USER_0004,2026-07-04,-147.24245798942107,discretionary,13389.109439503047
USER_0004,2026-07-05,-266.7119940153256,discretionary,13122.39744548772
USER_0004,2026-07-06,-442.2730734480395,discretionary,12680.124372039681
USER_0004,2026-07-07,-125.49668811989027,discretionary,12554.62768391979
USER_0004,2026-07-08,-92.20330153576403,discretionary,12462.424382384026
USER_0004,2026-07-09,-445.568502668265,discretionary,12016.85587971576
USER_0004,2026-07-10,-257.5541374229238,discretionary,11759.301742292837
USER_0004,2026-07-11,-268.52343321176977,discretionary,11490.778309081066
USER_0004,2026-07-12,-109.73998994947458,discretionary,11381.038319131592
USER_0004,2026-07-13,-282.8753040791447,discretionary,11098.163015052447
USER_0004,2026-07-14,-243.3225046861042,discretionary,10854.840510366343
USER_0004,2026-07-15,-239.37129480028534,discretionary,10615.469215566058
USER_0004,2026-07-16,-384.3460308238131,discretionary,10231.123184742244
USER_0004,2026-07-17,-162.97952399894407,discretionary,10068.1436607433
USER_0004,2026-07-18,-496.03602573146935,discretionary,9572.107635011831
USER_0004,2026-07-19,-238.91943938841843,discretionary,9333.188195623412
USER_0004,2026-07-20,-254.5637555998277,discretionary,9078.624440023585
USER_0004,2026-07-21,-341.7751877961886,discretionary,8736.849252227395
USER_0004,2026-07-22,-433.63624443602805,discretionary,8303.213007791368
USER_0004,2026-07-23,-189.04357112370627,discretionary,8114.169436667662
USER_0004,2026-07-24,-199.7613489263615,discretionary,7914.408087741301
USER_0004,2026-07-25,-173.85122719689184,discretionary,7740.556860544409
USER_0004,2026-07-26,-682.0341937170635,discretionary,7058.522666827345
USER_0004,2026-07-27,-402.3747870167496,discretionary,6656.147879810595
USER_0004,2026-07-28,25000.0,income_salary,31656.147879810596
USER_0004,2026-07-28,-349.7375445703287,discretionary,31306.410335240267
USER_0004,2026-07-29,-187.10374276687338,discretionary,31119.306592473393
USER_0004,2026-07-30,-220.2098283977062,discretionary,30899.096764075686
USER_0004,2026-07-31,-387.22283603479275,discretionary,30511.87392804089
USER_0004,2026-08-01,-7684.477274276014,fixed_rent,22827.396653764878
USER_0004,2026-08-01,-340.3441747832985,discretionary,22487.05247898158
USER_0004,2026-08-02,-187.2094765828785,discretionary,22299.843002398702
USER_0004,2026-08-03,-111.84727932864189,discretionary,22187.99572307006
USER_0004,2026-08-04,-384.77406469256647,discretionary,21803.221658377493
USER_0004,2026-08-05,-215.95160507036218,discretionary,21587.270053307133
USER_0004,2026-08-06,-211.2932585024932,discretionary,21375.97679480464
USER_0004,2026-08-07,-541.6496900198156,discretionary,20834.327104784825
USER_0004,2026-08-08,-415.40014503565914,discretionary,20418.926959749166
USER_0004,2026-08-09,-297.8365923333964,discretionary,20121.09036741577
USER_0004,2026-08-10,-303.541679897033,discretionary,19817.548687518738
USER_0004,2026-08-11,-297.55501113120664,discretionary,19519.99367638753
USER_0004,2026-08-12,-513.8854563554315,discretionary,19006.1082200321
USER_0004,2026-08-13,-227.90231538873815,discretionary,18778.20590464336
USER_0004,2026-08-14,-213.82617064706199,discretionary,18564.3797339963
USER_0004,2026-08-15,-202.79225059754242,discretionary,18361.587483398755
USER_0004,2026-08-16,-147.96501134394964,discretionary,18213.622472054805
USER_0004,2026-08-17,-96.17607877226556,discretionary,18117.44639328254
USER_0004,2026-08-18,-310.78577733263836,discretionary,17806.6606159499
USER_0004,2026-08-19,-327.23808717231833,discretionary,17479.42252877758
USER_0004,2026-08-20,-447.0086689249014,discretionary,17032.41385985268
USER_0004,2026-08-21,-291.77862526145714,discretionary,16740.635234591224
USER_0004,2026-08-22,-210.25739362077866,discretionary,16530.377840970446
USER_0004,2026-08-23,-127.60159762715801,discretionary,16402.776243343287
USER_0004,2026-08-24,-167.69851357200588,discretionary,16235.077729771281
USER_0004,2026-08-25,-181.09997061336676,discretionary,16053.977759157915
USER_0004,2026-08-26,-235.04887626705687,discretionary,15818.928882890857
USER_0004,2026-08-27,-214.6868345406581,discretionary,15604.2420483502
USER_0004,2026-08-28,25000.0,income_salary,40604.2420483502
USER_0004,2026-08-28,-551.5597749883955,discretionary,40052.6822733618
USER_0004,2026-08-29,-170.35802513163958,discretionary,39882.324248230165
USER_0005,2026-06-01,-679.8049852722811,discretionary,4320.195014727718
USER_0005,2026-06-02,-155.80925960990479,discretionary,4164.3857551178135
USER_0005,2026-06-03,-227.69497031529437,discretionary,3936.690784802519
USER_0005,2026-06-04,-240.87747362625805,discretionary,3695.813311176261
USER_0005,2026-06-05,-240.1450018198458,discretionary,3455.668309356415
USER_0005,2026-06-06,-319.9150779122564,discretionary,3135.7532314441587
USER_0005,2026-06-07,-246.65576974373607,discretionary,2889.0974617004226
USER_0005,2026-06-08,-196.6965354843007,discretionary,2692.400926216122
USER_0005,2026-06-09,-216.15673671225724,discretionary,2476.244189503865
USER_0005,2026-06-10,-277.60716693587517,discretionary,2198.63702256799
USER_0005,2026-06-11,-302.1512829622743,discretionary,1896.4857396057155
USER_0005,2026-06-12,-152.27115876392668,discretionary,1744.2145808417888
USER_0005,2026-06-13,-166.23542934494975,discretionary,1577.979151496839
USER_0005,2026-06-14,-312.3635318678879,discretionary,1265.6156196289512
USER_0005,2026-06-15,-198.3227010689323,discretionary,1067.292918560019
USER_0005,2026-06-16,-489.7083856847068,discretionary,577.5845328753121
USER_0005,2026-06-17,-139.77211231719843,discretionary,437.8124205581137
USER_0005,2026-06-18,-197.32730143176843,discretionary,240.48511912634524
USER_0005,2026-06-19,-635.3384301438709,discretionary,-394.8533110175257
USER_0005,2026-06-20,-254.3016209399326,discretionary,-649.1549319574583
USER_0005,2026-06-21,-169.5191016542085,discretionary,-818.6740336116668
USER_0005,2026-06-22,-233.79631236830272,discretionary,-1052.4703459799696
USER_0005,2026-06-23,-420.7057201762668,discretionary,-1473.1760661562364
USER_0005,2026-06-24,-389.1425846081539,discretionary,-1862.3186507643904
USER_0005,2026-06-25,-189.98047228661213,discretionary,-2052.2991230510024
USER_0005,2026-06-26,-171.0155094304445,discretionary,-2223.314632481447
USER_0005,2026-06-27,-1002.1320098346688,discretionary,-3225.4466423161157
USER_0005,2026-06-28,25000.0,income_salary,21774.553357683886
USER_0005,2026-06-28,-282.17963338028494,discretionary,21492.3737243036
USER_0005,2026-06-29,-400.3827589970721,discretionary,21091.99096530653
USER_0005,2026-06-30,-365.1738762957958,discretionary,20726.817089010732
USER_0005,2026-07-01,-6433.803358024373,fixed_rent,14293.01373098636
USER_0005,2026-07-01,-164.54678508814425,discretionary,14128.466945898215
USER_0005,2026-07-02,-211.08336412049204,discretionary,13917.383581777724
USER_0005,2026-07-03,-243.17021421107853,discretionary,13674.213367566645
USER_0005,2026-07-04,-362.7782221618648,discretionary,13311.43514540478
USER_0005,2026-07-05,-474.5794508706398,discretionary,12836.855694534139
USER_0005,2026-07-06,-170.1744985813672,discretionary,12666.681195952771
USER_0005,2026-07-07,-738.1665468037008,discretionary,11928.51464914907
USER_0005,2026-07-08,-201.0530849488418,discretionary,11727.461564200228
USER_0005,2026-07-09,-372.7574312870551,discretionary,11354.704132913173
USER_0005,2026-07-10,-249.63412377385302,discretionary,11105.070009139321
USER_0005,2026-07-11,-265.26224246286824,discretionary,10839.807766676453
USER_0005,2026-07-12,-411.5528876558863,discretionary,10428.254879020567
USER_0005,2026-07-13,-322.8343092309968,discretionary,10105.42056978957
USER_0005,2026-07-14,-252.66208389924174,discretionary,9852.758485890328
USER_0005,2026-07-15,-493.3454653556612,discretionary,9359.413020534666
USER_0005,2026-07-16,-246.70798270430186,discretionary,9112.705037830365
USER_0005,2026-07-17,-308.2401400621875,discretionary,8804.464897768177
USER_0005,2026-07-18,-509.80917988627516,discretionary,8294.655717881902
USER_0005,2026-07-19,-265.6953033567268,discretionary,8028.960414525175
USER_0005,2026-07-20,-170.05545699773057,discretionary,7858.904957527445
USER_0005,2026-07-21,-308.95575433002426,discretionary,7549.9492031974205
USER_0005,2026-07-22,-286.1674471054961,discretionary,7263.781756091925
USER_0005,2026-07-23,-247.5522338383956,discretionary,7016.2295222535295
USER_0005,2026-07-24,-122.18218904356942,discretionary,6894.04733320996
USER_0005,2026-07-25,-191.72000372901903,discretionary,6702.3273294809405
USER_0005,2026-07-26,-234.25938831621926,discretionary,6468.067941164722
USER_0005,2026-07-27,-107.21103476296851,discretionary,6360.856906401753
USER_0005,2026-07-28,25000.0,income_salary,31360.856906401754
USER_0005,2026-07-28,-179.374889454694,discretionary,31181.48201694706
USER_0005,2026-07-29,-378.8059202732804,discretionary,30802.67609667378
USER_0005,2026-07-30,-228.42200674759977,discretionary,30574.25408992618
USER_0005,2026-07-31,-257.11190891015303,discretionary,30317.14218101603
USER_0005,2026-08-01,-6433.803358024373,fixed_rent,23883.338822991656
USER_0005,2026-08-01,-198.91285070794177,discretionary,23684.425972283716
USER_0005,2026-08-02,-434.45580754994455,discretionary,23249.97016473377
USER_0005,2026-08-03,-108.64789960705693,discretionary,23141.322265126713
USER_0005,2026-08-04,-154.1733668094046,discretionary,22987.148898317308
USER_0005,2026-08-05,-214.31557865546966,discretionary,22772.833319661837
USER_0005,2026-08-06,-212.5871175442569,discretionary,22560.24620211758
USER_0005,2026-08-07,-160.37811877091076,discretionary,22399.86808334667
USER_0005,2026-08-08,-66.41029573602219,discretionary,22333.45778761065
USER_0005,2026-08-09,-105.76456490735721,discretionary,22227.693222703292
USER_0005,2026-08-10,-278.23980692460333,discretionary,21949.453415778687
USER_0005,2026-08-11,-178.94213938923937,discretionary,21770.511276389447
USER_0005,2026-08-12,-159.87899731866514,discretionary,21610.63227907078
USER_0005,2026-08-13,-222.94940410331787,discretionary,21387.682874967464
USER_0005,2026-08-14,-184.0184148510585,discretionary,21203.664460116404
USER_0005,2026-08-15,-561.128009068515,discretionary,20642.53645104789
USER_0005,2026-08-16,-189.52033658115215,discretionary,20453.016114466736
USER_0005,2026-08-17,-155.68870085160071,discretionary,20297.327413615134
USER_0005,2026-08-18,-248.32691135491908,discretionary,20049.000502260216
USER_0005,2026-08-19,-228.44661689404973,discretionary,19820.553885366167
USER_0005,2026-08-20,-569.6958149490159,discretionary,19250.85807041715
USER_0005,2026-08-21,-696.4415923937964,discretionary,18554.416478023355
USER_0005,2026-08-22,-241.48867458183287,discretionary,18312.927803441522
USER_0005,2026-08-23,-261.9265285204321,discretionary,18051.00127492109
USER_0005,2026-08-24,-108.08068946250654,discretionary,17942.920585458585
USER_0005,2026-08-25,-427.8389760592967,discretionary,17515.081609399287
USER_0005,2026-08-26,-206.17550612867691,discretionary,17308.90610327061
USER_0005,2026-08-27,-270.47829919239206,discretionary,17038.427804078216
USER_0005,2026-08-28,25000.0,income_salary,42038.427804078216
USER_0005,2026-08-28,-487.43458066274565,discretionary,41550.99322341547
USER_0005,2026-08-29,-837.3202178292455,discretionary,40713.67300558622
USER_0006,2026-06-01,-232.44059582362976,discretionary,4767.559404176371
USER_0006,2026-06-02,-119.96558982893616,discretionary,4647.593814347434
USER_0006,2026-06-03,-166.32570206261423,discretionary,4481.26811228482
USER_0006,2026-06-04,-166.03063390838372,discretionary,4315.237478376436
USER_0006,2026-06-05,-447.6100361289158,discretionary,3867.6274422475203
USER_0006,2026-06-06,-205.05010955542383,discretionary,3662.5773326920967
USER_0006,2026-06-07,-167.9451560304738,discretionary,3494.632176661623
USER_0006,2026-06-08,-310.23195936932603,discretionary,3184.400217292297
USER_0006,2026-06-09,-147.9395410791413,discretionary,3036.4606762131557
USER_0006,2026-06-10,-516.1468504615259,discretionary,2520.31382575163
USER_0006,2026-06-11,-184.8277195092619,discretionary,2335.486106242368
USER_0006,2026-06-12,-265.5081893960168,discretionary,2069.977916846351
USER_0006,2026-06-13,-162.31987899281825,discretionary,1907.6580378535327
USER_0006,2026-06-14,-124.26567482344691,discretionary,1783.3923630300858
USER_0006,2026-06-15,-205.21735928149445,discretionary,1578.1750037485913
USER_0006,2026-06-16,-208.09266407754563,discretionary,1370.0823396710457
USER_0006,2026-06-17,-250.21609504868522,discretionary,1119.8662446223605
USER_0006,2026-06-18,-180.34554041316477,discretionary,939.5207042091956
USER_0006,2026-06-19,-765.5450661000846,discretionary,173.97563810911106
USER_0006,2026-06-20,-184.36045742330512,discretionary,-10.384819314194061
USER_0006,2026-06-21,-389.219394051017,discretionary,-399.6042133652111
USER_0006,2026-06-22,-657.6338568319476,discretionary,-1057.2380701971588
USER_0006,2026-06-23,-544.6333785783166,discretionary,-1601.8714487754755
USER_0006,2026-06-24,-302.1136322905168,discretionary,-1903.9850810659923
USER_0006,2026-06-25,-747.2261780632996,discretionary,-2651.2112591292916
USER_0006,2026-06-26,-267.0262889271853,discretionary,-2918.237548056477
USER_0006,2026-06-27,-310.19871117836533,discretionary,-3228.4362592348425
USER_0006,2026-06-28,20000.0,income_salary,16771.56374076516
USER_0006,2026-06-28,-272.3266072198238,discretionary,16499.237133545335
USER_0006,2026-06-29,-174.08686898648688,discretionary,16325.150264558848
USER_0006,2026-06-30,-241.04366055218858,discretionary,16084.10660400666
USER_0006,2026-07-01,-6877.06693254794,fixed_rent,9207.039671458719
USER_0006,2026-07-01,-399.30070481002065,discretionary,8807.738966648698
USER_0006,2026-07-02,-405.3111493588885,discretionary,8402.42781728981
USER_0006,2026-07-03,-230.64538492857946,discretionary,8171.782432361231
USER_0006,2026-07-04,-251.3201818067878,discretionary,7920.462250554443
USER_0006,2026-07-05,-171.7163151135917,discretionary,7748.745935440851
USER_0006,2026-07-06,-197.87689558208356,discretionary,7550.869039858768
USER_0006,2026-07-07,-199.14437160848829,discretionary,7351.724668250279
USER_0006,2026-07-08,-159.41157740386063,discretionary,7192.313090846418
USER_0006,2026-07-09,-198.99165782037684,discretionary,6993.321433026042
USER_0006,2026-07-10,-422.70016787437936,discretionary,6570.621265151663
USER_0006,2026-07-11,-492.9842976308216,discretionary,6077.636967520841
USER_0006,2026-07-12,-655.9944243029269,discretionary,5421.642543217914
USER_0006,2026-07-13,-147.23051109285683,discretionary,5274.4120321250575
USER_0006,2026-07-14,-194.0375657681287,discretionary,5080.374466356929
USER_0006,2026-07-15,-227.36299262208442,discretionary,4853.011473734844
USER_0006,2026-07-16,-175.55544492128791,discretionary,4677.456028813556
USER_0006,2026-07-17,-257.0311445019566,discretionary,4420.424884311599
USER_0006,2026-07-18,-428.3058208481005,discretionary,3992.1190634634986
USER_0006,2026-07-19,-183.81062124775727,discretionary,3808.3084422157413
USER_0006,2026-07-20,-154.9967506892563,discretionary,3653.311691526485
USER_0006,2026-07-21,-94.29787999428808,discretionary,3559.013811532197
USER_0006,2026-07-22,-283.88588544599304,discretionary,3275.127926086204
USER_0006,2026-07-23,-279.43428239379,discretionary,2995.693643692414
USER_0006,2026-07-24,-206.63328151884824,discretionary,2789.0603621735654
USER_0006,2026-07-25,-335.1790125066151,discretionary,2453.8813496669504
USER_0006,2026-07-26,-102.93455080751211,discretionary,2350.9467988594383
USER_0006,2026-07-27,-125.30217370502395,discretionary,2225.6446251544144
USER_0006,2026-07-28,20000.0,income_salary,22225.644625154415
USER_0006,2026-07-28,-194.35328420344268,discretionary,22031.29134095097
USER_0006,2026-07-29,-266.9799762354359,discretionary,21764.311364715537
USER_0006,2026-07-30,-383.0668456289823,discretionary,21381.244519086555
USER_0006,2026-07-31,-210.25766953327536,discretionary,21170.98684955328
USER_0006,2026-08-01,-6877.06693254794,fixed_rent,14293.91991700534
USER_0006,2026-08-01,-320.7470689418142,discretionary,13973.172848063525
USER_0006,2026-08-02,-156.77106553141797,discretionary,13816.401782532106
USER_0006,2026-08-03,-338.3206835779546,discretionary,13478.081098954151
USER_0006,2026-08-04,-130.9781540992035,discretionary,13347.102944854949
USER_0006,2026-08-05,-311.4832407785687,discretionary,13035.61970407638
USER_0006,2026-08-06,-219.29537182398775,discretionary,12816.324332252392
USER_0006,2026-08-07,-265.31784049379957,discretionary,12551.006491758593
USER_0006,2026-08-08,-153.92548230716608,discretionary,12397.081009451427
USER_0006,2026-08-09,-336.36008268153734,discretionary,12060.720926769889
USER_0006,2026-08-10,-210.22347052016505,discretionary,11850.497456249725
USER_0006,2026-08-11,-144.99906241395377,discretionary,11705.498393835771
USER_0006,2026-08-12,-124.69008323964316,discretionary,11580.808310596129
USER_0006,2026-08-13,-326.6959802726005,discretionary,11254.112330323529
USER_0006,2026-08-14,-228.89525851784094,discretionary,11025.217071805688
USER_0006,2026-08-15,-99.21012043099718,discretionary,10926.006951374691
USER_0006,2026-08-16,-562.339604095871,discretionary,10363.66734727882
USER_0006,2026-08-17,-229.67281745797342,discretionary,10133.994529820848
USER_0006,2026-08-18,-611.3841938489397,discretionary,9522.610335971907
USER_0006,2026-08-19,-159.7262372176139,discretionary,9362.884098754294
USER_0006,2026-08-20,-129.48965194803165,discretionary,9233.394446806262
USER_0006,2026-08-21,-113.41774062116565,discretionary,9119.976706185096
USER_0006,2026-08-22,-303.00345515231066,discretionary,8816.973251032785
USER_0006,2026-08-23,-263.14401431782835,discretionary,8553.829236714957
USER_0006,2026-08-24,-142.72693158104673,discretionary,8411.10230513391
USER_0006,2026-08-25,-188.70001852175508,discretionary,8222.402286612156
USER_0006,2026-08-26,-294.61074542309626,discretionary,7927.79154118906
USER_0006,2026-08-27,-565.0777569643795,discretionary,7362.71378422468
USER_0006,2026-08-28,20000.0,income_salary,27362.71378422468
USER_0006,2026-08-28,-466.83022109633004,discretionary,26895.88356312835
USER_0006,2026-08-29,-212.5512813280709,discretionary,26683.33228180028
USER_0007,2026-06-01,-235.95396142430195,discretionary,4764.046038575698
USER_0007,2026-06-02,-193.77377895571348,discretionary,4570.272259619985
USER_0007,2026-06-03,-682.2087877978886,discretionary,3888.0634718220963
USER_0007,2026-06-04,-159.18112561722586,discretionary,3728.8823462048704
USER_0007,2026-06-05,-237.10356663850595,discretionary,3491.7787795663644
USER_0007,2026-06-06,-181.52285569057756,discretionary,3310.2559238757867
USER_0007,2026-06-07,-287.5198596789779,discretionary,3022.736064196809
USER_0007,2026-06-08,-200.8616649962455,discretionary,2821.8743992005634
USER_0007,2026-06-09,-290.52154086962514,discretionary,2531.352858330938
USER_0007,2026-06-10,-312.5794375763112,discretionary,2218.773420754627
USER_0007,2026-06-11,-164.17327477019043,discretionary,2054.6001459844365
USER_0007,2026-06-12,-412.15306704779687,discretionary,1642.4470789366396
USER_0007,2026-06-13,-155.04568137297252,discretionary,1487.4013975636672
USER_0007,2026-06-14,-322.91801704420124,discretionary,1164.483380519466
USER_0007,2026-06-15,-429.9490719262794,discretionary,734.5343085931866
USER_0007,2026-06-16,-373.62985638816394,discretionary,360.9044522050226
USER_0007,2026-06-17,-183.44938745472936,discretionary,177.45506475029325
USER_0007,2026-06-18,-44.0901397813877,discretionary,133.36492496890554
USER_0007,2026-06-19,-216.4146152638934,discretionary,-83.04969029498787
USER_0007,2026-06-20,-252.30999254199875,discretionary,-335.3596828369866
USER_0007,2026-06-21,-85.10582829571389,discretionary,-420.4655111327005
USER_0007,2026-06-22,-307.4054349744149,discretionary,-727.8709461071154
USER_0007,2026-06-23,-227.7968655480665,discretionary,-955.6678116551819
USER_0007,2026-06-24,-137.16023468236588,discretionary,-1092.828046337548
USER_0007,2026-06-25,-137.54223122444662,discretionary,-1230.3702775619945
USER_0007,2026-06-26,-345.16613692136565,discretionary,-1575.5364144833602
USER_0007,2026-06-27,-147.307612788209,discretionary,-1722.8440272715693
USER_0007,2026-06-28,25000.0,income_salary,23277.15597272843
USER_0007,2026-06-28,-234.85032696334383,discretionary,23042.305645765086
USER_0007,2026-06-29,-137.19250223655126,discretionary,22905.113143528535
USER_0007,2026-06-30,-497.91124696684574,discretionary,22407.201896561688
USER_0007,2026-07-01,-6444.350481671328,fixed_rent,15962.85141489036
USER_0007,2026-07-01,-124.54402355807409,discretionary,15838.307391332286
USER_0007,2026-07-02,-316.53531454850213,discretionary,15521.772076783784
USER_0007,2026-07-03,-562.9425425070136,discretionary,14958.82953427677
USER_0007,2026-07-04,-339.8740767524816,discretionary,14618.95545752429
USER_0007,2026-07-05,-287.198472897107,discretionary,14331.756984627182
USER_0007,2026-07-06,-219.10774734959344,discretionary,14112.649237277588
USER_0007,2026-07-07,-367.85002318081814,discretionary,13744.79921409677
USER_0007,2026-07-08,-389.17948260439965,discretionary,13355.619731492372
USER_0007,2026-07-09,-308.87680209288243,discretionary,13046.74292939949
USER_0007,2026-07-10,-164.82564968764098,discretionary,12881.91727971185
USER_0007,2026-07-11,-480.77642623052793,discretionary,12401.140853481322
USER_0007,2026-07-12,-166.70500783739627,discretionary,12234.435845643926
USER_0007,2026-07-13,-206.54562915937925,discretionary,12027.890216484546
USER_0007,2026-07-14,-196.13671281775828,discretionary,11831.753503666787
USER_0007,2026-07-15,-226.31840923934325,discretionary,11605.435094427443
USER_0007,2026-07-16,-244.11742058268652,discretionary,11361.317673844756
USER_0007,2026-07-17,-253.61879784445983,discretionary,11107.698876000297
USER_0007,2026-07-18,-201.32637641820716,discretionary,10906.37249958209
USER_0007,2026-07-19,-129.8275137240547,discretionary,10776.544985858036
USER_0007,2026-07-20,-408.89199150874276,discretionary,10367.652994349293
USER_0007,2026-07-21,-316.9192243363425,discretionary,10050.73377001295
USER_0007,2026-07-22,-194.89215854139343,discretionary,9855.841611471556
USER_0007,2026-07-23,-497.3894986265707,discretionary,9358.452112844985
USER_0007,2026-07-24,-142.705019707448,discretionary,9215.747093137537
USER_0007,2026-07-25,-143.55022519273138,discretionary,9072.196867944805
USER_0007,2026-07-26,-355.38268892248715,discretionary,8716.814179022318
USER_0007,2026-07-27,-417.3501595978325,discretionary,8299.464019424486
USER_0007,2026-07-28,25000.0,income_salary,33299.464019424486
USER_0007,2026-07-28,-123.85512258752269,discretionary,33175.608896836966
USER_0007,2026-07-29,-165.09165604888486,discretionary,33010.51724078808
USER_0007,2026-07-30,-293.7825003948849,discretionary,32716.734740393196
USER_0007,2026-07-31,-384.92163856760635,discretionary,32331.813101825588
USER_0007,2026-08-01,-6444.350481671328,fixed_rent,25887.46262015426
USER_0007,2026-08-01,-280.9734274281768,discretionary,25606.489192726083
USER_0007,2026-08-02,-264.7769931613487,discretionary,25341.712199564736
USER_0007,2026-08-03,-459.2489072907635,discretionary,24882.463292273973
USER_0007,2026-08-04,-151.93105209804455,discretionary,24730.53224017593
USER_0007,2026-08-05,-161.65417784209086,discretionary,24568.87806233384
USER_0007,2026-08-06,-232.2519413261347,discretionary,24336.626121007703
USER_0007,2026-08-07,-207.63075542466484,discretionary,24128.99536558304
USER_0007,2026-08-08,-297.8966867982114,discretionary,23831.098678784827
USER_0007,2026-08-09,-197.65016455985855,discretionary,23633.44851422497
USER_0007,2026-08-10,-273.15982243961247,discretionary,23360.288691785358
USER_0007,2026-08-11,-252.68770968613052,discretionary,23107.600982099226
USER_0007,2026-08-12,-200.96972047400953,discretionary,22906.631261625218
USER_0007,2026-08-13,-317.5678470291083,discretionary,22589.06341459611
USER_0007,2026-08-14,-267.8465772786749,discretionary,22321.216837317435
USER_0007,2026-08-15,-180.27824324087754,discretionary,22140.938594076557
USER_0007,2026-08-16,-510.17303418950263,discretionary,21630.765559887055
USER_0007,2026-08-17,-396.859203734351,discretionary,21233.906356152704
USER_0007,2026-08-18,-147.30324212667858,discretionary,21086.603114026024
USER_0007,2026-08-19,-612.025063428632,discretionary,20474.578050597393
USER_0007,2026-08-20,-445.01105137199227,discretionary,20029.5669992254
USER_0007,2026-08-21,-76.42165816701764,discretionary,19953.14534105838
USER_0007,2026-08-22,-157.95492111854932,discretionary,19795.190419939834
USER_0007,2026-08-23,-260.00608589470295,discretionary,19535.18433404513
USER_0007,2026-08-24,-457.3215788810443,discretionary,19077.862755164086
USER_0007,2026-08-25,-182.99043843232687,discretionary,18894.87231673176
USER_0007,2026-08-26,-481.31058772051995,discretionary,18413.56172901124
USER_0007,2026-08-27,-312.1822894868782,discretionary,18101.37943952436
USER_0007,2026-08-28,25000.0,income_salary,43101.37943952436
USER_0007,2026-08-28,-327.92854534867706,discretionary,42773.45089417569
USER_0007,2026-08-29,-290.8149591066506,discretionary,42482.63593506903
USER_0008,2026-06-01,-339.7824471190994,discretionary,4660.2175528809
USER_0008,2026-06-02,-311.4606448051686,discretionary,4348.756908075731
USER_0008,2026-06-03,-218.7393059162374,discretionary,4130.017602159493
USER_0008,2026-06-04,-186.8725657602681,discretionary,3943.1450363992253
USER_0008,2026-06-05,-188.4791952800707,discretionary,3754.6658411191547
USER_0008,2026-06-06,-210.28284660179042,discretionary,3544.3829945173643
USER_0008,2026-06-07,-348.19520986605716,discretionary,3196.187784651307
USER_0008,2026-06-08,-188.17538066888795,discretionary,3008.012403982419
USER_0008,2026-06-09,-175.659264534313,discretionary,2832.353139448106
USER_0008,2026-06-10,-336.78026358656064,discretionary,2495.5728758615455
USER_0008,2026-06-11,-268.03529979566486,discretionary,2227.537576065881
USER_0008,2026-06-12,-251.86028787678828,discretionary,1975.6772881890925
USER_0008,2026-06-13,-126.34178205889076,discretionary,1849.3355061302018
USER_0008,2026-06-14,-251.45410688874298,discretionary,1597.881399241459
USER_0008,2026-06-15,-172.95530608532013,discretionary,1424.9260931561387
USER_0008,2026-06-16,-325.5959508686844,discretionary,1099.3301422874542
USER_0008,2026-06-17,-220.12982196134058,discretionary,879.2003203261137
USER_0008,2026-06-18,-179.2844204269618,discretionary,699.9158998991519
USER_0008,2026-06-19,-300.6743784346872,discretionary,399.2415214644647
USER_0008,2026-06-20,-334.4904478010707,discretionary,64.75107366339404
USER_0008,2026-06-21,-364.01636242602285,discretionary,-299.2652887626288
USER_0008,2026-06-22,-125.02691996745402,discretionary,-424.29220873008285
USER_0008,2026-06-23,-257.6837721812126,discretionary,-681.9759809112954
USER_0008,2026-06-24,-186.62353936453226,discretionary,-868.5995202758277
USER_0008,2026-06-25,-173.60726085536146,discretionary,-1042.206781131189
USER_0008,2026-06-26,-227.87375202383078,discretionary,-1270.0805331550198
USER_0008,2026-06-27,-286.94032386906156,discretionary,-1557.0208570240814
USER_0008,2026-06-28,20000.0,income_salary,18442.979142975917
USER_0008,2026-06-28,-75.45084947029916,discretionary,18367.528293505617
USER_0008,2026-06-29,-293.6567042531369,discretionary,18073.871589252478
USER_0008,2026-06-30,-168.477692675615,discretionary,17905.39389657686
USER_0008,2026-07-01,-8963.216601352126,fixed_rent,8942.177295224736
USER_0008,2026-07-01,-607.5132973835766,discretionary,8334.663997841159
USER_0008,2026-07-02,-175.26267028266824,discretionary,8159.40132755849
USER_0008,2026-07-03,-180.61238976864652,discretionary,7978.788937789844
USER_0008,2026-07-04,-519.9076894885122,discretionary,7458.881248301332
USER_0008,2026-07-05,-250.5434479240639,discretionary,7208.337800377268
USER_0008,2026-07-06,-424.9466267515093,discretionary,6783.391173625759
USER_0008,2026-07-07,-167.17718063442578,discretionary,6616.213992991333
USER_0008,2026-07-08,-138.64653118168692,discretionary,6477.5674618096455
USER_0008,2026-07-09,-466.7055749326591,discretionary,6010.861886876986
USER_0008,2026-07-10,-140.52187681651668,discretionary,5870.3400100604695
USER_0008,2026-07-11,-85.76173818894355,discretionary,5784.578271871526
USER_0008,2026-07-12,-341.150926381343,discretionary,5443.427345490183
USER_0008,2026-07-13,-150.6839528368422,discretionary,5292.743392653341
USER_0008,2026-07-14,-433.8270425042676,discretionary,4858.916350149074
USER_0008,2026-07-15,-524.3004537672239,discretionary,4334.61589638185
USER_0008,2026-07-16,-284.13110736882874,discretionary,4050.484789013021
USER_0008,2026-07-17,-219.99241317562388,discretionary,3830.492375837397
USER_0008,2026-07-18,-482.487254090452,discretionary,3348.005121746945
USER_0008,2026-07-19,-135.31880818826644,discretionary,3212.6863135586786
USER_0008,2026-07-20,-147.0428264625931,discretionary,3065.6434870960857
USER_0008,2026-07-21,-236.43156962867158,discretionary,2829.211917467414
USER_0008,2026-07-22,-354.2207105279827,discretionary,2474.9912069394313
USER_0008,2026-07-23,-189.97647172803693,discretionary,2285.0147352113945
USER_0008,2026-07-24,-312.70549454998286,discretionary,1972.3092406614116
USER_0008,2026-07-25,-219.04692856603648,discretionary,1753.2623120953751
USER_0008,2026-07-26,-293.52701823754535,discretionary,1459.7352938578297
USER_0008,2026-07-27,-146.1905212239201,discretionary,1313.5447726339096
USER_0008,2026-07-28,20000.0,income_salary,21313.544772633908
USER_0008,2026-07-28,-236.7862435371651,discretionary,21076.758529096744
USER_0008,2026-07-29,-214.2081073620893,discretionary,20862.550421734653
USER_0008,2026-07-30,-542.0892486641654,discretionary,20320.46117307049
USER_0008,2026-07-31,-567.2864833845214,discretionary,19753.17468968597
USER_0008,2026-08-01,-8963.216601352126,fixed_rent,10789.958088333844
USER_0008,2026-08-01,-245.70681604213246,discretionary,10544.25127229171
USER_0008,2026-08-02,-231.956900858767,discretionary,10312.294371432943
USER_0008,2026-08-03,-129.38863188103545,discretionary,10182.905739551908
USER_0008,2026-08-04,-205.78057183494377,discretionary,9977.125167716964
USER_0008,2026-08-05,-126.51741144733138,discretionary,9850.607756269632
USER_0008,2026-08-06,-320.41263209938916,discretionary,9530.195124170243
USER_0008,2026-08-07,-212.83973570828465,discretionary,9317.355388461958
USER_0008,2026-08-08,-308.2498887968756,discretionary,9009.105499665082
USER_0008,2026-08-09,-291.2603213102165,discretionary,8717.845178354866
USER_0008,2026-08-10,-204.6889179302962,discretionary,8513.15626042457
USER_0008,2026-08-11,-143.31337854348007,discretionary,8369.84288188109
USER_0008,2026-08-12,-275.20022865519104,discretionary,8094.642653225899
USER_0008,2026-08-13,-160.48464373235564,discretionary,7934.158009493543
USER_0008,2026-08-14,-366.25135583847316,discretionary,7567.90665365507
USER_0008,2026-08-15,-176.66402134711203,discretionary,7391.242632307958
USER_0008,2026-08-16,-247.73290548451968,discretionary,7143.5097268234385
USER_0008,2026-08-17,-135.78947691306348,discretionary,7007.720249910375
USER_0008,2026-08-18,-321.71653393281076,discretionary,6686.003715977564
USER_0008,2026-08-19,-237.32748205952203,discretionary,6448.676233918042
USER_0008,2026-08-20,-244.9514992807817,discretionary,6203.724734637261
USER_0008,2026-08-21,-275.9993306196381,discretionary,5927.725404017622
USER_0008,2026-08-22,-302.0456764396526,discretionary,5625.67972757797
USER_0008,2026-08-23,-175.4059541918227,discretionary,5450.273773386148
USER_0008,2026-08-24,-229.81964089259785,discretionary,5220.45413249355
USER_0008,2026-08-25,-235.1583472959851,discretionary,4985.295785197564
USER_0008,2026-08-26,-457.61270779320307,discretionary,4527.683077404361
USER_0008,2026-08-27,-218.0352552920114,discretionary,4309.64782211235
USER_0008,2026-08-28,20000.0,income_salary,24309.64782211235
USER_0008,2026-08-28,-247.14176761317538,discretionary,24062.506054499176
USER_0008,2026-08-29,-322.6817276508485,discretionary,23739.824326848327
USER_0009,2026-06-01,-441.89957057952574,discretionary,4558.100429420474
USER_0009,2026-06-02,-542.5163093700462,discretionary,4015.584120050428
USER_0009,2026-06-03,-571.1019178197008,discretionary,3444.482202230727
USER_0009,2026-06-04,-149.6939766681832,discretionary,3294.788225562544
USER_0009,2026-06-05,-181.50449615385386,discretionary,3113.2837294086903
USER_0009,2026-06-06,-95.29893867956848,discretionary,3017.984790729122
USER_0009,2026-06-07,-241.0123005660789,discretionary,2776.972490163043
USER_0009,2026-06-08,-72.5009077017531,discretionary,2704.47158246129
USER_0009,2026-06-09,-267.05770478326366,discretionary,2437.4138776780264
USER_0009,2026-06-10,-714.3275660980186,discretionary,1723.086311580008
USER_0009,2026-06-11,-163.01323653245464,discretionary,1560.0730750475534
USER_0009,2026-06-12,-210.61186038711108,discretionary,1349.4612146604422
USER_0009,2026-06-13,-105.35316183664203,discretionary,1244.1080528238
USER_0009,2026-06-14,-220.23475259499148,discretionary,1023.8733002288086
USER_0009,2026-06-15,-177.62595959377927,discretionary,846.2473406350293
USER_0009,2026-06-16,-510.62674304388884,discretionary,335.6205975911405
USER_0009,2026-06-17,-295.87389708876054,discretionary,39.74670050237995
USER_0009,2026-06-18,-273.29432608086944,discretionary,-233.5476255784895
USER_0009,2026-06-19,-151.66368336106214,discretionary,-385.2113089395516
USER_0009,2026-06-20,-213.4488656077413,discretionary,-598.6601745472929
USER_0009,2026-06-21,-450.6574377809535,discretionary,-1049.3176123282465
USER_0009,2026-06-22,-395.2359160776644,discretionary,-1444.5535284059108
USER_0009,2026-06-23,-246.33216458698064,discretionary,-1690.8856929928916
USER_0009,2026-06-24,-148.86344789072658,discretionary,-1839.749140883618
USER_0009,2026-06-25,-330.61581198452154,discretionary,-2170.36495286814
USER_0009,2026-06-26,-184.50521813541826,discretionary,-2354.870171003558
USER_0009,2026-06-27,-178.81082152437932,discretionary,-2533.680992527937
USER_0009,2026-06-28,20000.0,income_salary,17466.319007472062
USER_0009,2026-06-28,-188.343682317213,discretionary,17277.97532515485
USER_0009,2026-06-29,-721.1980620718051,discretionary,16556.777263083044
USER_0009,2026-06-30,-147.33823598848565,discretionary,16409.43902709456
USER_0009,2026-07-01,-6511.8927870504895,fixed_rent,9897.54624004407
USER_0009,2026-07-01,-414.58405686652026,discretionary,9482.96218317755
USER_0009,2026-07-02,-113.30589334113182,discretionary,9369.656289836417
USER_0009,2026-07-03,-359.9150659056981,discretionary,9009.74122393072
USER_0009,2026-07-04,-288.15033419677735,discretionary,8721.590889733941
USER_0009,2026-07-05,-230.14997657000546,discretionary,8491.440913163937
USER_0009,2026-07-06,-209.70069207765627,discretionary,8281.74022108628
USER_0009,2026-07-07,-432.8888514217752,discretionary,7848.851369664505
USER_0009,2026-07-08,-127.1919423699385,discretionary,7721.659427294567
USER_0009,2026-07-09,-234.2251421848514,discretionary,7487.434285109715
USER_0009,2026-07-10,-363.20312485538085,discretionary,7124.231160254334
USER_0009,2026-07-11,-91.79301190806554,discretionary,7032.4381483462685
USER_0009,2026-07-12,-164.46950942056668,discretionary,6867.968638925702
USER_0009,2026-07-13,-292.5166003695339,discretionary,6575.452038556168
USER_0009,2026-07-14,-276.5397765655312,discretionary,6298.912261990637
USER_0009,2026-07-15,-621.1963888724094,discretionary,5677.715873118227
USER_0009,2026-07-16,-485.025000007465,discretionary,5192.690873110762
USER_0009,2026-07-17,-220.054749323747,discretionary,4972.636123787015
USER_0009,2026-07-18,-276.33738517068457,discretionary,4696.29873861633
USER_0009,2026-07-19,-175.95462600141084,discretionary,4520.344112614919
USER_0009,2026-07-20,-476.24685803938195,discretionary,4044.097254575537
USER_0009,2026-07-21,-473.2781516825,discretionary,3570.8191028930373
USER_0009,2026-07-22,-197.71404575134616,discretionary,3373.1050571416913
USER_0009,2026-07-23,-298.32455440157577,discretionary,3074.7805027401155
USER_0009,2026-07-24,-491.2406651185802,discretionary,2583.5398376215353
USER_0009,2026-07-25,-240.19036866732117,discretionary,2343.349468954214
USER_0009,2026-07-26,-221.15881446334606,discretionary,2122.190654490868
USER_0009,2026-07-27,-405.39871685098177,discretionary,1716.791937639886
USER_0009,2026-07-28,20000.0,income_salary,21716.791937639886
USER_0009,2026-07-28,-125.50896781965211,discretionary,21591.282969820233
USER_0009,2026-07-29,-412.0651794305267,discretionary,21179.217790389706
USER_0009,2026-07-30,-132.33959645678382,discretionary,21046.878193932924
USER_0009,2026-07-31,-221.28187280954486,discretionary,20825.59632112338
USER_0009,2026-08-01,-6511.8927870504895,fixed_rent,14313.70353407289
USER_0009,2026-08-01,-207.53646978330667,discretionary,14106.167064289584
USER_0009,2026-08-02,-408.2291512268637,discretionary,13697.93791306272
USER_0009,2026-08-03,-303.3617917459749,discretionary,13394.576121316746
USER_0009,2026-08-04,-284.4475185868272,discretionary,13110.12860272992
USER_0009,2026-08-05,-178.14685119489462,discretionary,12931.981751535024
USER_0009,2026-08-06,-688.5564226963012,discretionary,12243.425328838723
USER_0009,2026-08-07,-675.0543230877257,discretionary,11568.371005750996
USER_0009,2026-08-08,-494.37886399396587,discretionary,11073.99214175703
USER_0009,2026-08-09,-192.67245205429936,discretionary,10881.31968970273
USER_0009,2026-08-10,-205.34529783373387,discretionary,10675.974391868996
USER_0009,2026-08-11,-169.3143301848227,discretionary,10506.660061684173
USER_0009,2026-08-12,-137.05490747756392,discretionary,10369.605154206609
USER_0009,2026-08-13,-233.4545815105315,discretionary,10136.150572696077
USER_0009,2026-08-14,-303.3242739104098,discretionary,9832.826298785667
USER_0009,2026-08-15,-170.3772107871128,discretionary,9662.449087998553
USER_0009,2026-08-16,-180.82850916404414,discretionary,9481.620578834509
USER_0009,2026-08-17,-111.83807794664061,discretionary,9369.782500887868
USER_0009,2026-08-18,-299.2451474011493,discretionary,9070.53735348672
USER_0009,2026-08-19,-190.88643918395,discretionary,8879.650914302769
USER_0009,2026-08-20,-537.2313192509932,discretionary,8342.419595051775
USER_0009,2026-08-21,-204.71454642751257,discretionary,8137.705048624262
USER_0009,2026-08-22,-148.8221028455696,discretionary,7988.882945778692
USER_0009,2026-08-23,-297.751504536664,discretionary,7691.131441242029
USER_0009,2026-08-24,-177.89721052985234,discretionary,7513.234230712176
USER_0009,2026-08-25,-150.38025414246377,discretionary,7362.853976569712
USER_0009,2026-08-26,-426.58165108296316,discretionary,6936.272325486749
USER_0009,2026-08-27,-183.00680335199905,discretionary,6753.2655221347495
USER_0009,2026-08-28,20000.0,income_salary,26753.26552213475
USER_0009,2026-08-28,-219.0300672854429,discretionary,26534.235454849306
USER_0009,2026-08-29,-391.8123150185314,discretionary,26142.423139830775
USER_0010,2026-06-01,-417.99135297778906,discretionary,4582.008647022211
USER_0010,2026-06-02,-363.27814681355875,discretionary,4218.730500208652
USER_0010,2026-06-03,-180.65908210006427,discretionary,4038.071418108588
USER_0010,2026-06-04,-693.3575203888655,discretionary,3344.713897719723
USER_0010,2026-06-05,-401.21469705597343,discretionary,2943.4992006637494
USER_0010,2026-06-06,-316.84996446598956,discretionary,2626.64923619776
USER_0010,2026-06-07,-182.3156603225208,discretionary,2444.333575875239
USER_0010,2026-06-08,-185.509757197267,discretionary,2258.823818677972
USER_0010,2026-06-09,-140.81657078190997,discretionary,2118.0072478960624
USER_0010,2026-06-10,-457.5363977626034,discretionary,1660.470850133459
USER_0010,2026-06-11,-158.77253684684376,discretionary,1501.6983132866153
USER_0010,2026-06-12,-412.7274112186049,discretionary,1088.9709020680104
USER_0010,2026-06-13,-151.90802769288427,discretionary,937.0628743751262
USER_0010,2026-06-14,-295.4362560491307,discretionary,641.6266183259954
USER_0010,2026-06-15,-535.0579155070852,discretionary,106.5687028189102
USER_0010,2026-06-16,-149.39220543742024,discretionary,-42.82350261851005
USER_0010,2026-06-17,-227.62764497808385,discretionary,-270.4511475965939
USER_0010,2026-06-18,-329.8260093109953,discretionary,-600.2771569075892
USER_0010,2026-06-19,-379.4117379299895,discretionary,-979.6888948375787
USER_0010,2026-06-20,-381.57248349069994,discretionary,-1361.2613783282786
USER_0010,2026-06-21,-340.4639269884787,discretionary,-1701.7253053167574
USER_0010,2026-06-22,-319.2221066681845,discretionary,-2020.947411984942
USER_0010,2026-06-23,-161.21228829010863,discretionary,-2182.1597002750505
USER_0010,2026-06-24,-265.1106495849422,discretionary,-2447.2703498599926
USER_0010,2026-06-25,-337.2784808388349,discretionary,-2784.5488306988277
USER_0010,2026-06-26,-194.65687032024303,discretionary,-2979.2057010190706
USER_0010,2026-06-27,-170.86289730667863,discretionary,-3150.068598325749
USER_0010,2026-06-28,25000.0,income_salary,21849.93140167425
USER_0010,2026-06-28,-284.0454387225871,discretionary,21565.885962951663
USER_0010,2026-06-29,-91.75908238769577,discretionary,21474.126880563967
USER_0010,2026-06-30,-441.67757987054136,discretionary,21032.449300693424
USER_0010,2026-07-01,-6547.400415747926,fixed_rent,14485.0488849455
USER_0010,2026-07-01,-208.98539962138346,discretionary,14276.063485324115
USER_0010,2026-07-02,-412.46546937320335,discretionary,13863.598015950913
USER_0010,2026-07-03,-413.309521874672,discretionary,13450.288494076241
USER_0010,2026-07-04,-306.099974323486,discretionary,13144.188519752755
USER_0010,2026-07-05,-291.3695143251994,discretionary,12852.819005427556
USER_0010,2026-07-06,-73.18834740078584,discretionary,12779.63065802677
USER_0010,2026-07-07,-310.9414670442047,discretionary,12468.689190982564
USER_0010,2026-07-08,-195.73746631967188,discretionary,12272.951724662893
USER_0010,2026-07-09,-331.84988159967895,discretionary,11941.101843063214
USER_0010,2026-07-10,-274.97719304623416,discretionary,11666.12465001698
USER_0010,2026-07-11,-559.6516434670383,discretionary,11106.473006549943
USER_0010,2026-07-12,-1527.2766250714324,discretionary,9579.19638147851
USER_0010,2026-07-13,-263.245211489169,discretionary,9315.951169989341
USER_0010,2026-07-14,-122.01665622061508,discretionary,9193.934513768725
USER_0010,2026-07-15,-276.30325835196413,discretionary,8917.631255416762
USER_0010,2026-07-16,-403.5498512397685,discretionary,8514.081404176994
USER_0010,2026-07-17,-89.38184045091812,discretionary,8424.699563726075
USER_0010,2026-07-18,-347.27074978821867,discretionary,8077.428813937857
USER_0010,2026-07-19,-672.7059247771023,discretionary,7404.722889160755
USER_0010,2026-07-20,-170.5006676952257,discretionary,7234.222221465529
USER_0010,2026-07-21,-249.44215351589725,discretionary,6984.780067949632
USER_0010,2026-07-22,-276.31325641063336,discretionary,6708.466811538999
USER_0010,2026-07-23,-180.552879468604,discretionary,6527.913932070394
USER_0010,2026-07-24,-411.289863306079,discretionary,6116.624068764316
USER_0010,2026-07-25,-318.7935412612326,discretionary,5797.830527503083
USER_0010,2026-07-26,-119.5777390253479,discretionary,5678.2527884777355
USER_0010,2026-07-27,-304.41302436695554,discretionary,5373.83976411078
USER_0010,2026-07-28,25000.0,income_salary,30373.83976411078
USER_0010,2026-07-28,-138.43028794175717,discretionary,30235.409476169025
USER_0010,2026-07-29,-245.88852398554707,discretionary,29989.520952183477
USER_0010,2026-07-30,-297.5415248132382,discretionary,29691.97942737024
USER_0010,2026-07-31,-140.11991923947184,discretionary,29551.85950813077
USER_0010,2026-08-01,-6547.400415747926,fixed_rent,23004.459092382844
USER_0010,2026-08-01,-323.43166475463426,discretionary,22681.02742762821
USER_0010,2026-08-02,-174.57893522460543,discretionary,22506.448492403604
USER_0010,2026-08-03,-330.3387052941902,discretionary,22176.109787109413
USER_0010,2026-08-04,-118.59941089848827,discretionary,22057.510376210925
USER_0010,2026-08-05,-106.39510892085988,discretionary,21951.115267290064
USER_0010,2026-08-06,-894.9982160463995,discretionary,21056.117051243666
USER_0010,2026-08-07,-357.8190928047071,discretionary,20698.297958438958
USER_0010,2026-08-08,-653.4288296040222,discretionary,20044.869128834936
USER_0010,2026-08-09,-119.18602357407721,discretionary,19925.683105260858
USER_0010,2026-08-10,-132.04844817851284,discretionary,19793.634657082344
USER_0010,2026-08-11,-303.5735362127887,discretionary,19490.061120869555
USER_0010,2026-08-12,-319.73967848061557,discretionary,19170.32144238894
USER_0010,2026-08-13,-157.10757828716558,discretionary,19013.213864101774
USER_0010,2026-08-14,-126.05111706354417,discretionary,18887.16274703823
USER_0010,2026-08-15,-154.47541972279228,discretionary,18732.687327315438
USER_0010,2026-08-16,-383.0822146231661,discretionary,18349.605112692272
USER_0010,2026-08-17,-303.12470982564656,discretionary,18046.480402866626
USER_0010,2026-08-18,-342.5564082021782,discretionary,17703.92399466445
USER_0010,2026-08-19,-195.17573464726726,discretionary,17508.748260017182
USER_0010,2026-08-20,-311.6356829331183,discretionary,17197.112577084063
USER_0010,2026-08-21,-113.11549948083814,discretionary,17083.997077603224
USER_0010,2026-08-22,-594.7561980708921,discretionary,16489.24087953233
USER_0010,2026-08-23,-472.2205359193312,discretionary,16017.020343613001
USER_0010,2026-08-24,-416.0386346175321,discretionary,15600.981708995469
USER_0010,2026-08-25,-157.42676985976988,discretionary,15443.554939135698
USER_0010,2026-08-26,-181.7097296063092,discretionary,15261.845209529389
USER_0010,2026-08-27,-206.78703508805026,discretionary,15055.05817444134
USER_0010,2026-08-28,25000.0,income_salary,40055.058174441336
USER_0010,2026-08-28,-262.875930426955,discretionary,39792.18224401438
USER_0010,2026-08-29,-80.66136347895352,discretionary,39711.52088053543
USER_0011,2026-06-01,-244.57694171951258,discretionary,4755.423058280488
USER_0011,2026-06-02,-497.7900577103205,discretionary,4257.6330005701675
USER_0011,2026-06-03,-234.2725504089832,discretionary,4023.3604501611844
USER_0011,2026-06-04,-178.33348804475605,discretionary,3845.0269621164284
USER_0011,2026-06-05,-282.83843016935003,discretionary,3562.1885319470784
USER_0011,2026-06-06,-160.96487131303175,discretionary,3401.2236606340466
USER_0011,2026-06-07,-170.35967237157212,discretionary,3230.8639882624743
USER_0011,2026-06-08,-230.32057994289585,discretionary,3000.5434083195787
USER_0011,2026-06-09,-173.78056037368265,discretionary,2826.7628479458963
USER_0011,2026-06-10,-192.9332792043576,discretionary,2633.829568741539
USER_0011,2026-06-11,-708.9011164827834,discretionary,1924.9284522587554
USER_0011,2026-06-12,-248.2322239222931,discretionary,1676.6962283364624
USER_0011,2026-06-13,-125.42903936404893,discretionary,1551.2671889724134
USER_0011,2026-06-14,-269.92454122813706,discretionary,1281.3426477442763
USER_0011,2026-06-15,-306.0098280029006,discretionary,975.3328197413757
USER_0011,2026-06-16,-214.9586750305885,discretionary,760.3741447107873
USER_0011,2026-06-17,-165.24233370994972,discretionary,595.1318110008376
USER_0011,2026-06-18,-312.6210150234883,discretionary,282.5107959773493
USER_0011,2026-06-19,-239.57304118637398,discretionary,42.937754790975305
USER_0011,2026-06-20,-219.6050441356645,discretionary,-176.6672893446892
USER_0011,2026-06-21,-212.00592743644773,discretionary,-388.67321678113694
USER_0011,2026-06-22,-229.6635326334992,discretionary,-618.3367494146362
USER_0011,2026-06-23,-238.36173043681663,discretionary,-856.6984798514528
USER_0011,2026-06-24,-256.44190611221524,discretionary,-1113.140385963668
USER_0011,2026-06-25,-401.29229438686957,discretionary,-1514.4326803505376
USER_0011,2026-06-26,-465.2327297850757,discretionary,-1979.6654101356132
USER_0011,2026-06-27,-319.89578819668907,discretionary,-2299.5611983323024
USER_0011,2026-06-28,20000.0,income_salary,17700.438801667697
USER_0011,2026-06-28,-167.9093982590133,discretionary,17532.529403408684
USER_0011,2026-06-29,-253.4913575286321,discretionary,17279.03804588005
USER_0011,2026-06-30,-225.25555053247814,discretionary,17053.782495347572
USER_0011,2026-07-01,-6486.511031642653,fixed_rent,10567.27146370492
USER_0011,2026-07-01,-174.5183121654812,discretionary,10392.753151539438
USER_0011,2026-07-02,-419.27932305733293,discretionary,9973.473828482105
USER_0011,2026-07-03,-436.70742272349196,discretionary,9536.766405758613
USER_0011,2026-07-04,-326.2504744212581,discretionary,9210.515931337355
USER_0011,2026-07-05,-182.2832338893836,discretionary,9028.232697447971
USER_0011,2026-07-06,-245.69213761591806,discretionary,8782.540559832052
USER_0011,2026-07-07,-214.09598494350243,discretionary,8568.44457488855
USER_0011,2026-07-08,-193.8863160152772,discretionary,8374.558258873272
USER_0011,2026-07-09,-189.1870632102661,discretionary,8185.371195663006
USER_0011,2026-07-10,-97.57267420502524,discretionary,8087.79852145798
USER_0011,2026-07-11,-121.12559106680301,discretionary,7966.672930391177
USER_0011,2026-07-12,-433.7535328041281,discretionary,7532.919397587049
USER_0011,2026-07-13,-376.61724584254057,discretionary,7156.302151744509
USER_0011,2026-07-14,-305.8449506610391,discretionary,6850.457201083469
USER_0011,2026-07-15,-231.3468132185327,discretionary,6619.1103878649365
USER_0011,2026-07-16,-199.32348840871168,discretionary,6419.786899456225
USER_0011,2026-07-17,-435.3174648969633,discretionary,5984.469434559262
USER_0011,2026-07-18,-260.6332681060653,discretionary,5723.836166453197
USER_0011,2026-07-19,-149.20071837523233,discretionary,5574.635448077965
USER_0011,2026-07-20,-554.0785341423418,discretionary,5020.556913935623
USER_0011,2026-07-21,-270.0214639973042,discretionary,4750.535449938319
USER_0011,2026-07-22,-281.0387341570923,discretionary,4469.496715781227
USER_0011,2026-07-23,-416.0591249356712,discretionary,4053.437590845556
USER_0011,2026-07-24,-404.9126318272908,discretionary,3648.5249590182652
USER_0011,2026-07-25,-296.49018737659696,discretionary,3352.034771641668
USER_0011,2026-07-26,-159.71201075178413,discretionary,3192.322760889884
USER_0011,2026-07-27,-189.33357360753905,discretionary,3002.989187282345
USER_0011,2026-07-28,20000.0,income_salary,23002.989187282346
USER_0011,2026-07-28,-453.8674158391721,discretionary,22549.121771443173
USER_0011,2026-07-29,-170.78659043704297,discretionary,22378.33518100613
USER_0011,2026-07-30,-213.6412282031044,discretionary,22164.693952803023
USER_0011,2026-07-31,-581.3273360935138,discretionary,21583.36661670951
USER_0011,2026-08-01,-6486.511031642653,fixed_rent,15096.855585066858
USER_0011,2026-08-01,-241.83901045635562,discretionary,14855.016574610503
USER_0011,2026-08-02,-334.39829061215335,discretionary,14520.61828399835
USER_0011,2026-08-03,-580.9077185082746,discretionary,13939.710565490075
USER_0011,2026-08-04,-206.1807757643666,discretionary,13733.529789725708
USER_0011,2026-08-05,-100.34335035581988,discretionary,13633.186439369889
USER_0011,2026-08-06,-453.22267765768066,discretionary,13179.963761712208
USER_0011,2026-08-07,-335.99546809541823,discretionary,12843.96829361679
USER_0011,2026-08-08,-165.9295411154555,discretionary,12678.038752501334
USER_0011,2026-08-09,-232.69338173082525,discretionary,12445.345370770508
USER_0011,2026-08-10,-131.44275672571538,discretionary,12313.902614044793
USER_0011,2026-08-11,-181.91088038456743,discretionary,12131.991733660227
USER_0011,2026-08-12,-148.4539172961195,discretionary,11983.537816364107
USER_0011,2026-08-13,-217.13289982292162,discretionary,11766.404916541185
USER_0011,2026-08-14,-259.90835484598057,discretionary,11506.496561695205
USER_0011,2026-08-15,-190.75692597591947,discretionary,11315.739635719285
USER_0011,2026-08-16,-140.7699529817942,discretionary,11174.96968273749
USER_0011,2026-08-17,-355.0928563131351,discretionary,10819.876826424355
USER_0011,2026-08-18,-107.9493773744372,discretionary,10711.927449049917
USER_0011,2026-08-19,-245.9458057851585,discretionary,10465.981643264759
USER_0011,2026-08-20,-273.93795850621154,discretionary,10192.043684758548
USER_0011,2026-08-21,-173.36632244264052,discretionary,10018.677362315908
USER_0011,2026-08-22,-252.82422072773568,discretionary,9765.853141588172
USER_0011,2026-08-23,-193.0748738562361,discretionary,9572.778267731936
USER_0011,2026-08-24,-126.86321717746374,discretionary,9445.915050554471
USER_0011,2026-08-25,-396.9089134218999,discretionary,9049.006137132572
USER_0011,2026-08-26,-220.00109147563526,discretionary,8829.005045656937
USER_0011,2026-08-27,-285.0874702698186,discretionary,8543.917575387119
USER_0011,2026-08-28,20000.0,income_salary,28543.917575387117
USER_0011,2026-08-28,-196.7098348353875,discretionary,28347.20774055173
USER_0011,2026-08-29,-179.06364798944114,discretionary,28168.14409256229
USER_0012,2026-06-01,-423.47196420765596,discretionary,4576.528035792344
USER_0012,2026-06-02,-61.89833517347095,discretionary,4514.629700618873
USER_0012,2026-06-03,-642.8574441958916,discretionary,3871.7722564229816
USER_0012,2026-06-04,-131.7004601725203,discretionary,3740.0717962504614
USER_0012,2026-06-05,-227.80343889273158,discretionary,3512.2683573577297
USER_0012,2026-06-06,-84.52440013890183,discretionary,3427.7439572188277
USER_0012,2026-06-07,-359.5655068621482,discretionary,3068.1784503566796
USER_0012,2026-06-08,-347.1050125200454,discretionary,2721.073437836634
USER_0012,2026-06-09,-167.4528059917181,discretionary,2553.6206318449163
USER_0012,2026-06-10,-375.8173083200877,discretionary,2177.8033235248286
USER_0012,2026-06-11,-188.8103362968376,discretionary,1988.9929872279909
USER_0012,2026-06-12,-378.8774690047308,discretionary,1610.11551822326
USER_0012,2026-06-13,-208.14897495024474,discretionary,1401.9665432730153
USER_0012,2026-06-14,-241.6617555635538,discretionary,1160.3047877094614
USER_0012,2026-06-15,-318.05439921564056,discretionary,842.2503884938208
USER_0012,2026-06-16,-190.57419631229791,discretionary,651.6761921815229
USER_0012,2026-06-17,-198.0529497371377,discretionary,453.62324244438514
USER_0012,2026-06-18,-183.95703610538456,discretionary,269.6662063390006
USER_0012,2026-06-19,-459.6689888230578,discretionary,-190.0027824840572
USER_0012,2026-06-20,-192.85408784995704,discretionary,-382.8568703340143
USER_0012,2026-06-21,-335.49765355851076,discretionary,-718.3545238925251
USER_0012,2026-06-22,-120.62888108716004,discretionary,-838.9834049796851
USER_0012,2026-06-23,-182.70718847123354,discretionary,-1021.6905934509186
USER_0012,2026-06-24,-225.7656159166196,discretionary,-1247.4562093675381
USER_0012,2026-06-25,-295.96943323185985,discretionary,-1543.425642599398
USER_0012,2026-06-26,-451.587587482629,discretionary,-1995.0132300820271
USER_0012,2026-06-27,-359.54313935919754,discretionary,-2354.556369441225
USER_0012,2026-06-28,35000.0,income_salary,32645.443630558773
USER_0012,2026-06-28,-255.0001961893542,discretionary,32390.44343436942
USER_0012,2026-06-29,-232.30144370146851,discretionary,32158.14199066795
USER_0012,2026-06-30,-260.9789212726435,discretionary,31897.16306939531
USER_0012,2026-07-01,-7728.066246662073,fixed_rent,24169.096822733234
USER_0012,2026-07-01,-211.2288698770006,discretionary,23957.867952856235
USER_0012,2026-07-02,-323.3076052796393,discretionary,23634.560347576597
USER_0012,2026-07-03,-150.5108970277032,discretionary,23484.049450548893
USER_0012,2026-07-04,-197.46035854610864,discretionary,23286.589092002785
USER_0012,2026-07-05,-451.61014960904635,discretionary,22834.97894239374
USER_0012,2026-07-06,-201.27931654635628,discretionary,22633.699625847385
USER_0012,2026-07-07,-327.24777403544095,discretionary,22306.451851811944
USER_0012,2026-07-08,-224.39869391218187,discretionary,22082.05315789976
USER_0012,2026-07-09,-358.8722420448434,discretionary,21723.18091585492
USER_0012,2026-07-10,-265.830632092096,discretionary,21457.350283762822
USER_0012,2026-07-11,-292.5826897129892,discretionary,21164.767594049834
USER_0012,2026-07-12,-297.93327771892126,discretionary,20866.83431633091
USER_0012,2026-07-13,-315.00658532185923,discretionary,20551.827731009053
USER_0012,2026-07-14,-535.9521794338451,discretionary,20015.87555157521
USER_0012,2026-07-15,-114.77998513351469,discretionary,19901.095566441694
USER_0012,2026-07-16,-201.92513426818104,discretionary,19699.170432173512
USER_0012,2026-07-17,-301.6804205720256,discretionary,19397.490011601487
USER_0012,2026-07-18,-106.07953972004351,discretionary,19291.410471881445
USER_0012,2026-07-19,-185.93886043482345,discretionary,19105.47161144662
USER_0012,2026-07-20,-309.725461787164,discretionary,18795.746149659455
USER_0012,2026-07-21,-139.85059264730188,discretionary,18655.895557012154
USER_0012,2026-07-22,-217.11466538222837,discretionary,18438.780891629925
USER_0012,2026-07-23,-345.8798829653117,discretionary,18092.901008664612
USER_0012,2026-07-24,-188.0020748915434,discretionary,17904.898933773067
USER_0012,2026-07-25,-295.1968557615101,discretionary,17609.702078011556
USER_0012,2026-07-26,-175.84054377907808,discretionary,17433.861534232477
USER_0012,2026-07-27,-183.83498427211433,discretionary,17250.026549960363
USER_0012,2026-07-28,35000.0,income_salary,52250.02654996036
USER_0012,2026-07-28,-452.1059361115033,discretionary,51797.92061384886
USER_0012,2026-07-29,-144.98959260197097,discretionary,51652.931021246884
USER_0012,2026-07-30,-210.151768572941,discretionary,51442.77925267394
USER_0012,2026-07-31,-287.3064111427528,discretionary,51155.47284153119
USER_0012,2026-08-01,-7728.066246662073,fixed_rent,43427.40659486912
USER_0012,2026-08-01,-468.45927939426053,discretionary,42958.94731547486
USER_0012,2026-08-02,-140.62159850413997,discretionary,42818.32571697072
USER_0012,2026-08-03,-261.0059734389559,discretionary,42557.31974353176
USER_0012,2026-08-04,-184.77419703121527,discretionary,42372.54554650055
USER_0012,2026-08-05,-283.46973010416855,discretionary,42089.075816396384
USER_0012,2026-08-06,-231.90173999989418,discretionary,41857.17407639649
USER_0012,2026-08-07,-173.38221780007157,discretionary,41683.79185859642
USER_0012,2026-08-08,-228.40610312441424,discretionary,41455.38575547201
USER_0012,2026-08-09,-449.7922845649609,discretionary,41005.59347090705
USER_0012,2026-08-10,-135.15054261318346,discretionary,40870.442928293865
USER_0012,2026-08-11,-362.5255955133256,discretionary,40507.91733278054
USER_0012,2026-08-12,-213.44949510505705,discretionary,40294.46783767548
USER_0012,2026-08-13,-174.26720029712536,discretionary,40120.20063737836
USER_0012,2026-08-14,-415.0504523036788,discretionary,39705.15018507468
USER_0012,2026-08-15,-415.24688815682356,discretionary,39289.90329691786
USER_0012,2026-08-16,-330.7076265808869,discretionary,38959.19567033697
USER_0012,2026-08-17,-355.2837811094639,discretionary,38603.91188922751
USER_0012,2026-08-18,-330.95428571589395,discretionary,38272.95760351161
USER_0012,2026-08-19,-535.0430922649729,discretionary,37737.914511246636
USER_0012,2026-08-20,-190.7659323105574,discretionary,37547.14857893608
USER_0012,2026-08-21,-251.26608651645856,discretionary,37295.88249241962
USER_0012,2026-08-22,-191.7247107970457,discretionary,37104.157781622576
USER_0012,2026-08-23,-643.1870295460235,discretionary,36460.97075207655
USER_0012,2026-08-24,-255.8646416743468,discretionary,36205.1061104022
USER_0012,2026-08-25,-443.060846918601,discretionary,35762.0452634836
USER_0012,2026-08-26,-259.8586243150615,discretionary,35502.18663916853
USER_0012,2026-08-27,-342.6822388281427,discretionary,35159.50440034039
USER_0012,2026-08-28,35000.0,income_salary,70159.50440034039
USER_0012,2026-08-28,-300.1492189222001,discretionary,69859.35518141818
USER_0012,2026-08-29,-212.87296808179573,discretionary,69646.48221333639
USER_0013,2026-06-01,-180.99248068772837,discretionary,4819.007519312272
USER_0013,2026-06-02,-288.8940219542221,discretionary,4530.11349735805
USER_0013,2026-06-03,-202.03785514427867,discretionary,4328.075642213771
USER_0013,2026-06-04,-360.4875517222015,discretionary,3967.5880904915693
USER_0013,2026-06-05,-294.42746405208237,discretionary,3673.160626439487
USER_0013,2026-06-06,-119.8165336103874,discretionary,3553.3440928290993
USER_0013,2026-06-07,-273.2543685421008,discretionary,3280.0897242869987
USER_0013,2026-06-08,-206.31647131073044,discretionary,3073.7732529762684
USER_0013,2026-06-09,-351.7504773728422,discretionary,2722.022775603426
USER_0013,2026-06-10,-279.5160558340218,discretionary,2442.5067197694043
USER_0013,2026-06-11,-52.15631257975065,discretionary,2390.3504071896537
USER_0013,2026-06-12,-260.47523746176626,discretionary,2129.8751697278876
USER_0013,2026-06-13,-87.74006444882377,discretionary,2042.1351052790637
USER_0013,2026-06-14,-136.7498093260453,discretionary,1905.3852959530184
USER_0013,2026-06-15,-192.01164350414112,discretionary,1713.3736524488772
USER_0013,2026-06-16,-763.3224339225366,discretionary,950.0512185263407
USER_0013,2026-06-17,-245.8367797952631,discretionary,704.2144387310775
USER_0013,2026-06-18,-116.76799553502389,discretionary,587.4464431960537
USER_0013,2026-06-19,-102.78849606596879,discretionary,484.6579471300849
USER_0013,2026-06-20,-347.9172888090312,discretionary,136.74065832105367
USER_0013,2026-06-21,-153.23619328564652,discretionary,-16.49553496459285
USER_0013,2026-06-22,-198.51098319645445,discretionary,-215.0065181610473
USER_0013,2026-06-23,-128.2756346006094,discretionary,-343.2821527616567
USER_0013,2026-06-24,-236.61061272524321,discretionary,-579.8927654868999
USER_0013,2026-06-25,-70.98523723188875,discretionary,-650.8780027187886
USER_0013,2026-06-26,-433.879277952996,discretionary,-1084.7572806717847
USER_0013,2026-06-27,-148.14001613413794,discretionary,-1232.8972968059227
USER_0013,2026-06-28,30000.0,income_salary,28767.102703194076
USER_0013,2026-06-28,-327.3679551964319,discretionary,28439.734747997645
USER_0013,2026-06-29,-208.1076068567441,discretionary,28231.6271411409
USER_0013,2026-06-30,-149.86218519544875,discretionary,28081.76495594545
USER_0013,2026-07-01,-7033.565343100878,fixed_rent,21048.199612844575
USER_0013,2026-07-01,-277.3175515473562,discretionary,20770.88206129722
USER_0013,2026-07-02,-397.98811298872585,discretionary,20372.893948308494
USER_0013,2026-07-03,-144.26684506938557,discretionary,20228.62710323911
USER_0013,2026-07-04,-381.2119239286747,discretionary,19847.415179310436
USER_0013,2026-07-05,-163.98163972665444,discretionary,19683.43353958378
USER_0013,2026-07-06,-392.8261734419672,discretionary,19290.607366141812
USER_0013,2026-07-07,-327.59311964954736,discretionary,18963.014246492265
USER_0013,2026-07-08,-221.06845035146404,discretionary,18741.9457961408
USER_0013,2026-07-09,-262.56437041853303,discretionary,18479.38142572227
USER_0013,2026-07-10,-348.3505140252771,discretionary,18131.03091169699
USER_0013,2026-07-11,-574.5635965373923,discretionary,17556.4673151596
USER_0013,2026-07-12,-199.0604870804779,discretionary,17357.40682807912
USER_0013,2026-07-13,-222.24938616336544,discretionary,17135.157441915755
USER_0013,2026-07-14,-448.8497510628203,discretionary,16686.307690852937
USER_0013,2026-07-15,-290.9039242769741,discretionary,16395.40376657596
USER_0013,2026-07-16,-267.476280039363,discretionary,16127.927486536597
USER_0013,2026-07-17,-200.53574162815062,discretionary,15927.391744908446
USER_0013,2026-07-18,-485.4145378936377,discretionary,15441.977207014808
USER_0013,2026-07-19,-200.10122999249705,discretionary,15241.875977022311
USER_0013,2026-07-20,-443.02105905391306,discretionary,14798.854917968398
USER_0013,2026-07-21,-179.84491163060252,discretionary,14619.010006337796
USER_0013,2026-07-22,-171.28632258796569,discretionary,14447.72368374983
USER_0013,2026-07-23,-311.48808680559017,discretionary,14136.23559694424
USER_0013,2026-07-24,-109.53007613751589,discretionary,14026.705520806723
USER_0013,2026-07-25,-255.12349543902994,discretionary,13771.582025367694
USER_0013,2026-07-26,-187.5069403636825,discretionary,13584.075085004011
USER_0013,2026-07-27,-258.77927273951684,discretionary,13325.295812264494
USER_0013,2026-07-28,30000.0,income_salary,43325.29581226449
USER_0013,2026-07-28,-59.17780691164122,discretionary,43266.11800535285
USER_0013,2026-07-29,-106.8275214570489,discretionary,43159.290483895806
USER_0013,2026-07-30,-271.66739222578417,discretionary,42887.62309167002
USER_0013,2026-07-31,-221.3344761717298,discretionary,42666.28861549829
USER_0013,2026-08-01,-7033.565343100878,fixed_rent,35632.723272397416
USER_0013,2026-08-01,-307.40751059080293,discretionary,35325.31576180661
USER_0013,2026-08-02,-129.99875614701745,discretionary,35195.31700565959
USER_0013,2026-08-03,-204.72439537441426,discretionary,34990.59261028518
USER_0013,2026-08-04,-211.94197018291965,discretionary,34778.65064010226
USER_0013,2026-08-05,-489.8998716896263,discretionary,34288.75076841264
USER_0013,2026-08-06,-430.18157760944774,discretionary,33858.569190803195
USER_0013,2026-08-07,-202.97842749104257,discretionary,33655.59076331215
USER_0013,2026-08-08,-180.58978580797094,discretionary,33475.00097750418
USER_0013,2026-08-09,-501.9416785186342,discretionary,32973.05929898555
USER_0013,2026-08-10,-314.9615178793267,discretionary,32658.097781106222
USER_0013,2026-08-11,-164.72618468725494,discretionary,32493.37159641897
USER_0013,2026-08-12,-979.204653196949,discretionary,31514.16694322202
USER_0013,2026-08-13,-464.6449414275924,discretionary,31049.522001794427
USER_0013,2026-08-14,-184.6083039383047,discretionary,30864.913697856122
USER_0013,2026-08-15,-468.2260042228345,discretionary,30396.68769363329
USER_0013,2026-08-16,-300.9943247791374,discretionary,30095.69336885415
USER_0013,2026-08-17,-919.9815590141565,discretionary,29175.711809839995
USER_0013,2026-08-18,-230.78951462497434,discretionary,28944.92229521502
USER_0013,2026-08-19,-357.4557193203792,discretionary,28587.46657589464
USER_0013,2026-08-20,-762.8677147499998,discretionary,27824.59886114464
USER_0013,2026-08-21,-157.76507551620952,discretionary,27666.83378562843
USER_0013,2026-08-22,-277.6532770012845,discretionary,27389.180508627145
USER_0013,2026-08-23,-274.6387606986212,discretionary,27114.541747928524
USER_0013,2026-08-24,-547.6128474374414,discretionary,26566.928900491082
USER_0013,2026-08-25,-203.5951843185489,discretionary,26363.333716172532
USER_0013,2026-08-26,-338.29947010333257,discretionary,26025.0342460692
USER_0013,2026-08-27,-342.5364620626452,discretionary,25682.497784006555
USER_0013,2026-08-28,30000.0,income_salary,55682.497784006555
USER_0013,2026-08-28,-111.34132128297311,discretionary,55571.15646272358
USER_0013,2026-08-29,-414.06626835356906,discretionary,55157.09019437001
USER_0014,2026-06-01,-247.82948897330715,discretionary,4752.170511026693
USER_0014,2026-06-02,-157.34095676432696,discretionary,4594.829554262366
USER_0014,2026-06-03,-354.2170505092065,discretionary,4240.61250375316
USER_0014,2026-06-04,-262.9884043983817,discretionary,3977.6240993547785
USER_0014,2026-06-05,-265.0536304017615,discretionary,3712.570468953017
USER_0014,2026-06-06,-204.8991446506259,discretionary,3507.671324302391
USER_0014,2026-06-07,-260.43200974768,discretionary,3247.239314554711
USER_0014,2026-06-08,-448.96028097574066,discretionary,2798.2790335789705
USER_0014,2026-06-09,-135.14915492196678,discretionary,2663.1298786570037
USER_0014,2026-06-10,-119.17195592615006,discretionary,2543.9579227308536
USER_0014,2026-06-11,-263.62711000418267,discretionary,2280.330812726671
USER_0014,2026-06-12,-427.20598441584593,discretionary,1853.124828310825
USER_0014,2026-06-13,-229.82329138635083,discretionary,1623.3015369244742
USER_0014,2026-06-14,-180.68506417058444,discretionary,1442.6164727538899
USER_0014,2026-06-15,-300.41489773089893,discretionary,1142.201575022991
USER_0014,2026-06-16,-542.9936305007504,discretionary,599.2079445222405
USER_0014,2026-06-17,-168.2867756929017,discretionary,430.9211688293388
USER_0014,2026-06-18,-355.63811607082886,discretionary,75.28305275850994
USER_0014,2026-06-19,-153.37451656536703,discretionary,-78.09146380685709
USER_0014,2026-06-20,-327.9582370636019,discretionary,-406.049700870459
USER_0014,2026-06-21,-701.5114357282307,discretionary,-1107.5611365986897
USER_0014,2026-06-22,-181.1284960278121,discretionary,-1288.6896326265019
USER_0014,2026-06-23,-300.962921287026,discretionary,-1589.6525539135278
USER_0014,2026-06-24,-781.0666776670303,discretionary,-2370.719231580558
USER_0014,2026-06-25,-146.34202113139685,discretionary,-2517.0612527119547
USER_0014,2026-06-26,-92.03938127909183,discretionary,-2609.1006339910464
USER_0014,2026-06-27,-332.2474909295172,discretionary,-2941.3481249205634
USER_0014,2026-06-28,35000.0,income_salary,32058.651875079435
USER_0014,2026-06-28,-352.0171392614625,discretionary,31706.634735817974
USER_0014,2026-06-29,-283.0532582258993,discretionary,31423.581477592073
USER_0014,2026-06-30,-220.2758027582042,discretionary,31203.305674833868
USER_0014,2026-07-01,-6186.835025889851,fixed_rent,25016.470648944018
USER_0014,2026-07-01,-252.56292370163814,discretionary,24763.90772524238
USER_0014,2026-07-02,-142.43655518430285,discretionary,24621.471170058077
USER_0014,2026-07-03,-328.31995674127603,discretionary,24293.1512133168
USER_0014,2026-07-04,-47.10271560368174,discretionary,24246.048497713116
USER_0014,2026-07-05,-301.7009691578633,discretionary,23944.347528555252
USER_0014,2026-07-06,-305.0896723443122,discretionary,23639.25785621094
USER_0014,2026-07-07,-360.2244828128857,discretionary,23279.033373398055
USER_0014,2026-07-08,-183.86919647788025,discretionary,23095.164176920174
USER_0014,2026-07-09,-198.72224482962793,discretionary,22896.441932090547
USER_0014,2026-07-10,-436.24439037272987,discretionary,22460.19754171782
USER_0014,2026-07-11,-169.04816586604164,discretionary,22291.149375851775
USER_0014,2026-07-12,-270.0148029546959,discretionary,22021.13457289708
USER_0014,2026-07-13,-210.63809198816713,discretionary,21810.496480908914
USER_0014,2026-07-14,-176.07418146020365,discretionary,21634.42229944871
USER_0014,2026-07-15,-452.3878794646523,discretionary,21182.03441998406
USER_0014,2026-07-16,-144.21906490638906,discretionary,21037.81535507767
USER_0014,2026-07-17,-318.1159229704056,discretionary,20719.699432107263
USER_0014,2026-07-18,-143.6557137392025,discretionary,20576.043718368062
USER_0014,2026-07-19,-262.7339731286756,discretionary,20313.30974523939
USER_0014,2026-07-20,-102.41589532915901,discretionary,20210.89384991023
USER_0014,2026-07-21,-414.0566711178475,discretionary,19796.837178792382
USER_0014,2026-07-22,-124.33820563024749,discretionary,19672.498973162135
USER_0014,2026-07-23,-227.43994938623072,discretionary,19445.059023775906
USER_0014,2026-07-24,-111.66515794467219,discretionary,19333.393865831233
USER_0014,2026-07-25,-173.4818050661318,discretionary,19159.912060765102
USER_0014,2026-07-26,-108.88815205863476,discretionary,19051.023908706466
USER_0014,2026-07-27,-233.4756141523595,discretionary,18817.548294554104
USER_0014,2026-07-28,35000.0,income_salary,53817.5482945541
USER_0014,2026-07-28,-367.5864644655171,discretionary,53449.961830088585
USER_0014,2026-07-29,-185.5089953910469,discretionary,53264.452834697535
USER_0014,2026-07-30,-326.99530357785284,discretionary,52937.45753111968
USER_0014,2026-07-31,-556.3468031770813,discretionary,52381.1107279426
USER_0014,2026-08-01,-6186.835025889851,fixed_rent,46194.27570205275
USER_0014,2026-08-01,-232.35167596861598,discretionary,45961.92402608413
USER_0014,2026-08-02,-149.60128002807897,discretionary,45812.32274605605
USER_0014,2026-08-03,-288.89783127889314,discretionary,45523.42491477716
USER_0014,2026-08-04,-196.0809878104252,discretionary,45327.343926966736
USER_0014,2026-08-05,-175.14797715352236,discretionary,45152.19594981321
USER_0014,2026-08-06,-277.424864764365,discretionary,44874.77108504885
USER_0014,2026-08-07,-198.14214458263,discretionary,44676.628940466224
USER_0014,2026-08-08,-313.6555483566707,discretionary,44362.973392109554
USER_0014,2026-08-09,-347.2419196725975,discretionary,44015.73147243696
USER_0014,2026-08-10,-154.1185146845767,discretionary,43861.61295775238
USER_0014,2026-08-11,-143.58960647096987,discretionary,43718.023351281416
USER_0014,2026-08-12,-301.2051834605377,discretionary,43416.81816782088
USER_0014,2026-08-13,-212.31233006529,discretionary,43204.50583775559
USER_0014,2026-08-14,-137.1725966937607,discretionary,43067.33324106183
USER_0014,2026-08-15,-371.3268328745866,discretionary,42696.00640818725
USER_0014,2026-08-16,-278.7528866468639,discretionary,42417.253521540384
USER_0014,2026-08-17,-297.86162687064274,discretionary,42119.391894669745
USER_0014,2026-08-18,-158.21029256896833,discretionary,41961.181602100776
USER_0014,2026-08-19,-212.73956827775868,discretionary,41748.44203382302
USER_0014,2026-08-20,-410.7680432213387,discretionary,41337.67399060168
USER_0014,2026-08-21,-159.7685314894874,discretionary,41177.9054591122
USER_0014,2026-08-22,-396.0094656059673,discretionary,40781.89599350623
USER_0014,2026-08-23,-182.03697004188726,discretionary,40599.85902346434
USER_0014,2026-08-24,-152.52752985725542,discretionary,40447.33149360709
USER_0014,2026-08-25,-325.42326270517214,discretionary,40121.908230901914
USER_0014,2026-08-26,-135.55350328457916,discretionary,39986.354727617334
USER_0014,2026-08-27,-186.7716270030757,discretionary,39799.58310061426
USER_0014,2026-08-28,35000.0,income_salary,74799.58310061425
USER_0014,2026-08-28,-168.26568439009802,discretionary,74631.31741622416
USER_0014,2026-08-29,-180.9988262842786,discretionary,74450.31858993988
USER_0015,2026-06-01,-486.34432245432606,discretionary,4513.655677545674
USER_0015,2026-06-02,-306.14256714785694,discretionary,4207.5131103978165
USER_0015,2026-06-03,-324.7340044818387,discretionary,3882.7791059159777
USER_0015,2026-06-04,-472.1868542012722,discretionary,3410.5922517147055
USER_0015,2026-06-05,-226.94319598872917,discretionary,3183.6490557259763
USER_0015,2026-06-06,-386.1233521480837,discretionary,2797.5257035778927
USER_0015,2026-06-07,-152.28394167806513,discretionary,2645.2417618998275
USER_0015,2026-06-08,-237.1526350110646,discretionary,2408.0891268887626
USER_0015,2026-06-09,-131.27982642295092,discretionary,2276.8093004658117
USER_0015,2026-06-10,-313.5653825615082,discretionary,1963.2439179043035
USER_0015,2026-06-11,-390.926417987062,discretionary,1572.3174999172415
USER_0015,2026-06-12,-215.22733889202718,discretionary,1357.0901610252145
USER_0015,2026-06-13,-392.7518052349696,discretionary,964.3383557902448
USER_0015,2026-06-14,-322.26143284662675,discretionary,642.076922943618
USER_0015,2026-06-15,-189.52419056865477,discretionary,452.5527323749632
USER_0015,2026-06-16,-530.3510767760008,discretionary,-77.79834440103758
USER_0015,2026-06-17,-294.4792967210063,discretionary,-372.27764112204386
USER_0015,2026-06-18,-161.7867488664292,discretionary,-534.0643899884731
USER_0015,2026-06-19,-279.30217216899297,discretionary,-813.366562157466
USER_0015,2026-06-20,-216.27789343926946,discretionary,-1029.6444555967355
USER_0015,2026-06-21,-338.4147146529323,discretionary,-1368.0591702496677
USER_0015,2026-06-22,-170.65003999883078,discretionary,-1538.7092102484985
USER_0015,2026-06-23,-141.2419567280137,discretionary,-1679.9511669765122
USER_0015,2026-06-24,-288.11903384606615,discretionary,-1968.0702008225785
USER_0015,2026-06-25,-138.03048192251424,discretionary,-2106.100682745093
USER_0015,2026-06-26,-363.93310142336304,discretionary,-2470.033784168456
USER_0015,2026-06-27,-318.7969813296474,discretionary,-2788.830765498103
USER_0015,2026-06-28,25000.0,income_salary,22211.169234501896
USER_0015,2026-06-28,-216.12685261505237,discretionary,21995.042381886844
USER_0015,2026-06-29,-282.00757796597804,discretionary,21713.034803920866
USER_0015,2026-06-30,-259.3370875260213,discretionary,21453.697716394843
USER_0015,2026-07-01,-8244.874487091896,fixed_rent,13208.823229302947
USER_0015,2026-07-01,-151.40573423449362,discretionary,13057.417495068454
USER_0015,2026-07-02,-276.88208693459984,discretionary,12780.535408133854
USER_0015,2026-07-03,-127.2346209116867,discretionary,12653.300787222168
USER_0015,2026-07-04,-301.78207678137034,discretionary,12351.518710440798
USER_0015,2026-07-05,-133.51714220208996,discretionary,12218.001568238707
USER_0015,2026-07-06,-118.27346744914736,discretionary,12099.72810078956
USER_0015,2026-07-07,-347.66417397200956,discretionary,11752.063926817551
USER_0015,2026-07-08,-186.90128518143908,discretionary,11565.162641636112
USER_0015,2026-07-09,-162.99784201427022,discretionary,11402.164799621842
USER_0015,2026-07-10,-643.736600266259,discretionary,10758.428199355583
USER_0015,2026-07-11,-410.0098577783363,discretionary,10348.418341577248
USER_0015,2026-07-12,-247.92031129578183,discretionary,10100.498030281466
USER_0015,2026-07-13,-204.94348512289997,discretionary,9895.554545158566
USER_0015,2026-07-14,-384.61948654538384,discretionary,9510.935058613182
USER_0015,2026-07-15,-105.96136264350471,discretionary,9404.973695969678
USER_0015,2026-07-16,-428.79346200087264,discretionary,8976.180233968806
USER_0015,2026-07-17,-208.3314127276495,discretionary,8767.848821241156
USER_0015,2026-07-18,-190.72366393679235,discretionary,8577.125157304363
USER_0015,2026-07-19,-291.44104606740774,discretionary,8285.684111236955
USER_0015,2026-07-20,-509.5392441196869,discretionary,7776.1448671172675
USER_0015,2026-07-21,-88.21438501916771,discretionary,7687.9304820981
USER_0015,2026-07-22,-397.5236630587512,discretionary,7290.406819039348
USER_0015,2026-07-23,-206.24377277309242,discretionary,7084.163046266256
USER_0015,2026-07-24,-341.9780882883628,discretionary,6742.184957977894
USER_0015,2026-07-25,-189.7746023121964,discretionary,6552.410355665697
USER_0015,2026-07-26,-210.47961414491144,discretionary,6341.930741520786
USER_0015,2026-07-27,-523.131596428466,discretionary,5818.79914509232
USER_0015,2026-07-28,25000.0,income_salary,30818.799145092322
USER_0015,2026-07-28,-80.31935757170216,discretionary,30738.47978752062
USER_0015,2026-07-29,-387.19023404263896,discretionary,30351.289553477982
USER_0015,2026-07-30,-281.26191463491085,discretionary,30070.027638843072
USER_0015,2026-07-31,-175.8988284489108,discretionary,29894.128810394162
USER_0015,2026-08-01,-8244.874487091896,fixed_rent,21649.254323302266
USER_0015,2026-08-01,-292.5427936401108,discretionary,21356.711529662156
USER_0015,2026-08-02,-206.0491350796534,discretionary,21150.6623945825
USER_0015,2026-08-03,-279.8394262933542,discretionary,20870.822968289147
USER_0015,2026-08-04,-115.92519983782594,discretionary,20754.89776845132
USER_0015,2026-08-05,-220.64816351753862,discretionary,20534.249604933782
USER_0015,2026-08-06,-255.55843265983157,discretionary,20278.69117227395
USER_0015,2026-08-07,-329.9719012928811,discretionary,19948.71927098107
USER_0015,2026-08-08,-68.16487972393995,discretionary,19880.55439125713
USER_0015,2026-08-09,-195.59234514223152,discretionary,19684.9620461149
USER_0015,2026-08-10,-547.0361880661592,discretionary,19137.92585804874
USER_0015,2026-08-11,-331.9517670624745,discretionary,18805.974090986267
USER_0015,2026-08-12,-84.54441826197642,discretionary,18721.42967272429
USER_0015,2026-08-13,-242.02322351713875,discretionary,18479.406449207152
USER_0015,2026-08-14,-243.08778925915908,discretionary,18236.318659947992
USER_0015,2026-08-15,-223.62525803114212,discretionary,18012.69340191685
USER_0015,2026-08-16,-379.179163728241,discretionary,17633.51423818861
USER_0015,2026-08-17,-256.37220365525036,discretionary,17377.14203453336
USER_0015,2026-08-18,-207.66193894866888,discretionary,17169.48009558469
USER_0015,2026-08-19,-259.20242174257197,discretionary,16910.27767384212
USER_0015,2026-08-20,-307.4594741727189,discretionary,16602.8181996694
USER_0015,2026-08-21,-341.1310144052683,discretionary,16261.687185264132
USER_0015,2026-08-22,-252.82071439139872,discretionary,16008.866470872734
USER_0015,2026-08-23,-254.76286769406556,discretionary,15754.103603178668
USER_0015,2026-08-24,-440.8352871394935,discretionary,15313.268316039175
USER_0015,2026-08-25,-282.0957311684058,discretionary,15031.17258487077
USER_0015,2026-08-26,-154.58219426171868,discretionary,14876.590390609052
USER_0015,2026-08-27,-115.40824387179651,discretionary,14761.182146737256
USER_0015,2026-08-28,25000.0,income_salary,39761.18214673726
USER_0015,2026-08-28,-158.89298841528947,discretionary,39602.28915832197
USER_0015,2026-08-29,-132.5949196080925,discretionary,39469.69423871388
USER_0016,2026-06-01,-77.87801487180546,discretionary,4922.121985128195
USER_0016,2026-06-02,-343.19875121521983,discretionary,4578.923233912975
USER_0016,2026-06-03,-141.98434576231514,discretionary,4436.938888150659
USER_0016,2026-06-04,-178.72456684366,discretionary,4258.214321306999
USER_0016,2026-06-05,-346.6892596980629,discretionary,3911.5250616089365
USER_0016,2026-06-06,-174.5032737047791,discretionary,3737.0217879041575
USER_0016,2026-06-07,-490.9721737575623,discretionary,3246.049614146595
USER_0016,2026-06-08,-403.85436727455107,discretionary,2842.195246872044
USER_0016,2026-06-09,-169.06197832757275,discretionary,2673.1332685444713
USER_0016,2026-06-10,-216.21774452639548,discretionary,2456.9155240180758
USER_0016,2026-06-11,-243.36210638653634,discretionary,2213.5534176315396
USER_0016,2026-06-12,-135.66081397851104,discretionary,2077.8926036530283
USER_0016,2026-06-13,-195.55524356372482,discretionary,1882.3373600893035
USER_0016,2026-06-14,-318.6097007620001,discretionary,1563.7276593273034
USER_0016,2026-06-15,-337.1571411836549,discretionary,1226.5705181436485
USER_0016,2026-06-16,-232.9092840201556,discretionary,993.6612341234929
USER_0016,2026-06-17,-390.7055556545679,discretionary,602.955678468925
USER_0016,2026-06-18,-378.31293833811964,discretionary,224.6427401308054
USER_0016,2026-06-19,-203.93919653519126,discretionary,20.70354359561415
USER_0016,2026-06-20,-202.79504934173642,discretionary,-182.09150574612227
USER_0016,2026-06-21,-168.86531785779454,discretionary,-350.9568236039168
USER_0016,2026-06-22,-190.27862852160428,discretionary,-541.2354521255211
USER_0016,2026-06-23,-82.94498520958074,discretionary,-624.1804373351018
USER_0016,2026-06-24,-356.0166727645331,discretionary,-980.197110099635
USER_0016,2026-06-25,-163.4639949404587,discretionary,-1143.6611050400936
USER_0016,2026-06-26,-355.790563652192,discretionary,-1499.4516686922857
USER_0016,2026-06-27,-377.10993837155763,discretionary,-1876.5616070638434
USER_0016,2026-06-28,30000.0,income_salary,28123.438392936157
USER_0016,2026-06-28,-168.70093290181026,discretionary,27954.737460034346
USER_0016,2026-06-29,-83.42801732511974,discretionary,27871.309442709226
USER_0016,2026-06-30,-167.89384997451435,discretionary,27703.415592734713
USER_0016,2026-07-01,-6476.769488055995,fixed_rent,21226.64610467872
USER_0016,2026-07-01,-256.6685539528448,discretionary,20969.977550725875
USER_0016,2026-07-02,-108.11112335214871,discretionary,20861.866427373727
USER_0016,2026-07-03,-257.78598658079324,discretionary,20604.08044079293
USER_0016,2026-07-04,-67.97331109664593,discretionary,20536.107129696287
USER_0016,2026-07-05,-247.60551462381136,discretionary,20288.501615072477
USER_0016,2026-07-06,-198.41558016239821,discretionary,20090.08603491008
USER_0016,2026-07-07,-193.52633284502218,discretionary,19896.559702065057
USER_0016,2026-07-08,-107.71496839261341,discretionary,19788.844733672442
USER_0016,2026-07-09,-333.85935867335047,discretionary,19454.98537499909
USER_0016,2026-07-10,-546.233913637129,discretionary,18908.75146136196
USER_0016,2026-07-11,-441.78499872984423,discretionary,18466.966462632117
USER_0016,2026-07-12,-341.0000912887297,discretionary,18125.966371343387
USER_0016,2026-07-13,-188.64895032488576,discretionary,17937.317421018503
USER_0016,2026-07-14,-190.65724183562307,discretionary,17746.66017918288
USER_0016,2026-07-15,-97.83852769097915,discretionary,17648.8216514919
USER_0016,2026-07-16,-192.75956188708275,discretionary,17456.062089604817
USER_0016,2026-07-17,-437.72373662098863,discretionary,17018.33835298383
USER_0016,2026-07-18,-222.34808230892443,discretionary,16795.990270674905
USER_0016,2026-07-19,-142.29631687713902,discretionary,16653.693953797767
USER_0016,2026-07-20,-199.77014289348307,discretionary,16453.923810904285
USER_0016,2026-07-21,-211.5676380490777,discretionary,16242.356172855209
USER_0016,2026-07-22,-170.8249865945869,discretionary,16071.531186260621
USER_0016,2026-07-23,-320.6445058263212,discretionary,15750.8866804343
USER_0016,2026-07-24,-320.58874654390036,discretionary,15430.297933890399
USER_0016,2026-07-25,-188.98995203268754,discretionary,15241.307981857712
USER_0016,2026-07-26,-289.55349122350907,discretionary,14951.754490634203
USER_0016,2026-07-27,-422.97227017080775,discretionary,14528.782220463396
USER_0016,2026-07-28,30000.0,income_salary,44528.7822204634
USER_0016,2026-07-28,-197.97647380199015,discretionary,44330.80574666141
USER_0016,2026-07-29,-144.68855984384203,discretionary,44186.11718681757
USER_0016,2026-07-30,-205.43076898625208,discretionary,43980.68641783132
USER_0016,2026-07-31,-165.90271585757552,discretionary,43814.78370197374
USER_0016,2026-08-01,-6476.769488055995,fixed_rent,37338.01421391775
USER_0016,2026-08-01,-415.10609399051,discretionary,36922.90811992724
USER_0016,2026-08-02,-163.76944616934992,discretionary,36759.138673757894
USER_0016,2026-08-03,-304.56671456496406,discretionary,36454.57195919293
USER_0016,2026-08-04,-385.8135491147118,discretionary,36068.75841007822
USER_0016,2026-08-05,-104.03835593877315,discretionary,35964.72005413945
USER_0016,2026-08-06,-308.00362249230335,discretionary,35656.716431647146
USER_0016,2026-08-07,-452.31780944938333,discretionary,35204.39862219776
USER_0016,2026-08-08,-280.716985382309,discretionary,34923.681636815454
USER_0016,2026-08-09,-269.3040617286058,discretionary,34654.37757508685
USER_0016,2026-08-10,-99.88366038559691,discretionary,34554.493914701256
USER_0016,2026-08-11,-208.50381368481067,discretionary,34345.99010101645
USER_0016,2026-08-12,-279.24867615296216,discretionary,34066.74142486348
USER_0016,2026-08-13,-367.55362087040214,discretionary,33699.18780399308
USER_0016,2026-08-14,-278.8145721400187,discretionary,33420.37323185306
USER_0016,2026-08-15,-280.23375819605917,discretionary,33140.139473657
USER_0016,2026-08-16,-218.30732771158148,discretionary,32921.83214594542
USER_0016,2026-08-17,-195.6610436026759,discretionary,32726.17110234274
USER_0016,2026-08-18,-317.312775573888,discretionary,32408.858326768852
USER_0016,2026-08-19,-486.79897790392846,discretionary,31922.059348864925
USER_0016,2026-08-20,-393.5347865481101,discretionary,31528.524562316816
USER_0016,2026-08-21,-304.2006949146232,discretionary,31224.323867402192
USER_0016,2026-08-22,-189.37767472202756,discretionary,31034.946192680163
USER_0016,2026-08-23,-376.8009176122274,discretionary,30658.145275067935
USER_0016,2026-08-24,-155.83699866732113,discretionary,30502.308276400614
USER_0016,2026-08-25,-166.98579550871304,discretionary,30335.3224808919
USER_0016,2026-08-26,-153.77803880278978,discretionary,30181.54444208911
USER_0016,2026-08-27,-199.5164602076845,discretionary,29982.027981881427
USER_0016,2026-08-28,30000.0,income_salary,59982.02798188143
USER_0016,2026-08-28,-378.3971932336514,discretionary,59603.63078864778
USER_0016,2026-08-29,-286.7667251837586,discretionary,59316.864063464025
USER_0017,2026-06-01,-141.6251934620466,discretionary,4858.374806537953
USER_0017,2026-06-02,-137.64426975096222,discretionary,4720.730536786991
USER_0017,2026-06-03,-122.01611395352272,discretionary,4598.714422833468
USER_0017,2026-06-04,-155.48881085755733,discretionary,4443.225611975911
USER_0017,2026-06-05,-413.2458548948188,discretionary,4029.9797570810924
USER_0017,2026-06-06,-166.7413464331311,discretionary,3863.2384106479612
USER_0017,2026-06-07,-161.64135455752418,discretionary,3701.597056090437
USER_0017,2026-06-08,-291.6007334395396,discretionary,3409.9963226508976
USER_0017,2026-06-09,-459.72500352466443,discretionary,2950.2713191262333
USER_0017,2026-06-10,-130.1467475945842,discretionary,2820.124571531649
USER_0017,2026-06-11,-264.4008565909697,discretionary,2555.723714940679
USER_0017,2026-06-12,-182.7245342491932,discretionary,2372.999180691486
USER_0017,2026-06-13,-170.54407108892715,discretionary,2202.455109602559
USER_0017,2026-06-14,-228.33846218875854,discretionary,1974.1166474138004
USER_0017,2026-06-15,-310.5074033871557,discretionary,1663.6092440266448
USER_0017,2026-06-16,-467.78461325922774,discretionary,1195.8246307674171
USER_0017,2026-06-17,-234.74186946327177,discretionary,961.0827613041454
USER_0017,2026-06-18,-245.66308414780875,discretionary,715.4196771563367
USER_0017,2026-06-19,-200.3524127666409,discretionary,515.0672643896958
USER_0017,2026-06-20,-132.55582170054447,discretionary,382.5114426891513
USER_0017,2026-06-21,-287.72781041559773,discretionary,94.78363227355356
USER_0017,2026-06-22,-411.29039352598244,discretionary,-316.5067612524289
USER_0017,2026-06-23,-597.53447653204,discretionary,-914.0412377844689
USER_0017,2026-06-24,-333.45947578922846,discretionary,-1247.5007135736973
USER_0017,2026-06-25,-176.76626810476208,discretionary,-1424.2669816784594
USER_0017,2026-06-26,-286.942727466542,discretionary,-1711.2097091450014
USER_0017,2026-06-27,-389.38897167264497,discretionary,-2100.5986808176463
USER_0017,2026-06-28,30000.0,income_salary,27899.401319182354
USER_0017,2026-06-28,-101.32052250980524,discretionary,27798.080796672548
USER_0017,2026-06-29,-289.93357591832336,discretionary,27508.147220754225
USER_0017,2026-06-30,-165.57987842428795,discretionary,27342.567342329938
USER_0017,2026-07-01,-7656.260179238721,fixed_rent,19686.307163091216
USER_0017,2026-07-01,-232.73041716164772,discretionary,19453.576745929568
USER_0017,2026-07-02,-382.04911817821375,discretionary,19071.527627751355
USER_0017,2026-07-03,-154.1777867506781,discretionary,18917.349841000676
USER_0017,2026-07-04,-221.05844836116052,discretionary,18696.291392639516
USER_0017,2026-07-05,-187.24044201995787,discretionary,18509.05095061956
USER_0017,2026-07-06,-346.2178803696276,discretionary,18162.833070249933
USER_0017,2026-07-07,-433.84624669497254,discretionary,17728.986823554962
USER_0017,2026-07-08,-209.89597085033117,discretionary,17519.09085270463
USER_0017,2026-07-09,-112.14835508913717,discretionary,17406.94249761549
USER_0017,2026-07-10,-105.92696754542149,discretionary,17301.01553007007
USER_0017,2026-07-11,-134.72311384078014,discretionary,17166.29241622929
USER_0017,2026-07-12,-291.87702619943553,discretionary,16874.415390029855
USER_0017,2026-07-13,-288.77844516732745,discretionary,16585.636944862526
USER_0017,2026-07-14,-79.13139481321974,discretionary,16506.505550049307
USER_0017,2026-07-15,-188.9119816583828,discretionary,16317.593568390925
USER_0017,2026-07-16,-73.12134812022985,discretionary,16244.472220270694
USER_0017,2026-07-17,-339.41888065629985,discretionary,15905.053339614395
USER_0017,2026-07-18,-382.49531692834177,discretionary,15522.558022686053
USER_0017,2026-07-19,-288.94159967554197,discretionary,15233.616423010511
USER_0017,2026-07-20,-267.43415160368335,discretionary,14966.182271406828
USER_0017,2026-07-21,-253.08356460674378,discretionary,14713.098706800083
USER_0017,2026-07-22,-164.23095913182473,discretionary,14548.867747668259
USER_0017,2026-07-23,-371.17986916275964,discretionary,14177.6878785055
USER_0017,2026-07-24,-259.7668035851712,discretionary,13917.921074920328
USER_0017,2026-07-25,-257.83817617198656,discretionary,13660.082898748342
USER_0017,2026-07-26,-190.95569689233872,discretionary,13469.127201856003
USER_0017,2026-07-27,-126.70737853345098,discretionary,13342.419823322552
USER_0017,2026-07-28,30000.0,income_salary,43342.419823322554
USER_0017,2026-07-28,-408.9677650800825,discretionary,42933.452058242474
USER_0017,2026-07-29,-282.7209257579214,discretionary,42650.73113248455
USER_0017,2026-07-30,-206.95650003399496,discretionary,42443.77463245056
USER_0017,2026-07-31,-145.72766460200717,discretionary,42298.04696784855
USER_0017,2026-08-01,-7656.260179238721,fixed_rent,34641.78678860983
USER_0017,2026-08-01,-171.46327975241442,discretionary,34470.323508857415
USER_0017,2026-08-02,-205.87989550472005,discretionary,34264.4436133527
USER_0017,2026-08-03,-283.1239989909214,discretionary,33981.319614361775
USER_0017,2026-08-04,-228.9661412227008,discretionary,33752.353473139076
USER_0017,2026-08-05,-416.57570122649577,discretionary,33335.77777191258
USER_0017,2026-08-06,-332.43104560009033,discretionary,33003.34672631249
USER_0017,2026-08-07,-268.49526750724937,discretionary,32734.851458805242
USER_0017,2026-08-08,-295.46149455776833,discretionary,32439.389964247475
USER_0017,2026-08-09,-177.12009806770396,discretionary,32262.269866179773
USER_0017,2026-08-10,-551.3896348253402,discretionary,31710.880231354433
USER_0017,2026-08-11,-394.63701069813436,discretionary,31316.2432206563
USER_0017,2026-08-12,-245.94777097255562,discretionary,31070.295449683745
USER_0017,2026-08-13,-226.65211293559733,discretionary,30843.643336748148
USER_0017,2026-08-14,-387.42719192666266,discretionary,30456.216144821487
USER_0017,2026-08-15,-77.0561005032393,discretionary,30379.160044318247
USER_0017,2026-08-16,-332.88272097889535,discretionary,30046.277323339353
USER_0017,2026-08-17,-228.0548748401366,discretionary,29818.222448499215
USER_0017,2026-08-18,-220.9882720878601,discretionary,29597.234176411355
USER_0017,2026-08-19,-368.66794107973755,discretionary,29228.56623533162
USER_0017,2026-08-20,-300.1761653976068,discretionary,28928.390069934012
USER_0017,2026-08-21,-118.78797485913353,discretionary,28809.60209507488
USER_0017,2026-08-22,-245.87423998980367,discretionary,28563.727855085075
USER_0017,2026-08-23,-209.64031573806068,discretionary,28354.087539347016
USER_0017,2026-08-24,-254.7416209861888,discretionary,28099.34591836083
USER_0017,2026-08-25,-208.85013465416475,discretionary,27890.495783706665
USER_0017,2026-08-26,-327.045294729236,discretionary,27563.45048897743
USER_0017,2026-08-27,-202.43798637531663,discretionary,27361.012502602112
USER_0017,2026-08-28,30000.0,income_salary,57361.01250260211
USER_0017,2026-08-28,-202.44975370269535,discretionary,57158.562748899414
USER_0017,2026-08-29,-292.22877741300545,discretionary,56866.33397148641
USER_0018,2026-06-01,-279.8127833628246,discretionary,4720.187216637176
USER_0018,2026-06-02,-137.0614955359084,discretionary,4583.125721101267
USER_0018,2026-06-03,-142.11823763044876,discretionary,4441.007483470818
USER_0018,2026-06-04,-306.02825019555115,discretionary,4134.979233275268
USER_0018,2026-06-05,-378.2564553447688,discretionary,3756.722777930499
USER_0018,2026-06-06,-571.4671087338432,discretionary,3185.2556691966556
USER_0018,2026-06-07,-309.02206970829326,discretionary,2876.2335994883624
USER_0018,2026-06-08,-134.0754540897044,discretionary,2742.1581453986582
USER_0018,2026-06-09,-591.1991488779336,discretionary,2150.9589965207247
USER_0018,2026-06-10,-523.6326253868948,discretionary,1627.32637113383
USER_0018,2026-06-11,-224.2782984443314,discretionary,1403.0480726894987
USER_0018,2026-06-12,-125.8612076351487,discretionary,1277.18686505435
USER_0018,2026-06-13,-707.3543453733898,discretionary,569.8325196809601
USER_0018,2026-06-14,-138.68063438451844,discretionary,431.15188529644166
USER_0018,2026-06-15,-93.57493498722856,discretionary,337.5769503092131
USER_0018,2026-06-16,-201.16044938472157,discretionary,136.41650092449152
USER_0018,2026-06-17,-927.8765354625863,discretionary,-791.4600345380948
USER_0018,2026-06-18,-257.46517672277423,discretionary,-1048.925211260869
USER_0018,2026-06-19,-485.9218173693949,discretionary,-1534.8470286302638
USER_0018,2026-06-20,-154.26932658492498,discretionary,-1689.1163552151888
USER_0018,2026-06-21,-306.6782142945062,discretionary,-1995.794569509695
USER_0018,2026-06-22,-167.84453220343232,discretionary,-2163.6391017131273
USER_0018,2026-06-23,-304.1616418800726,discretionary,-2467.8007435932
USER_0018,2026-06-24,-189.16657218438013,discretionary,-2656.96731577758
USER_0018,2026-06-25,-321.0761419846005,discretionary,-2978.0434577621804
USER_0018,2026-06-26,-138.34943934057594,discretionary,-3116.3928971027563
USER_0018,2026-06-27,-284.724192427247,discretionary,-3401.1170895300033
USER_0018,2026-06-28,20000.0,income_salary,16598.882910469998
USER_0018,2026-06-28,-163.11372204267047,discretionary,16435.769188427326
USER_0018,2026-06-29,-175.35287699235818,discretionary,16260.416311434969
USER_0018,2026-06-30,-305.80386594061906,discretionary,15954.61244549435
USER_0018,2026-07-01,-6668.509825339405,fixed_rent,9286.102620154943
USER_0018,2026-07-01,-286.0344179303791,discretionary,9000.068202224564
USER_0018,2026-07-02,-160.65877870582605,discretionary,8839.409423518739
USER_0018,2026-07-03,-94.14974034807652,discretionary,8745.259683170661
USER_0018,2026-07-04,-364.69859533386835,discretionary,8380.561087836793
USER_0018,2026-07-05,-167.8740624088585,discretionary,8212.687025427935
USER_0018,2026-07-06,-746.8576271716134,discretionary,7465.829398256321
USER_0018,2026-07-07,-137.83215450359947,discretionary,7327.997243752721
USER_0018,2026-07-08,-524.3711961648918,discretionary,6803.62604758783
USER_0018,2026-07-09,-141.94481099037202,discretionary,6661.681236597457
USER_0018,2026-07-10,-149.38203945417527,discretionary,6512.299197143282
USER_0018,2026-07-11,-230.18640293494224,discretionary,6282.112794208339
USER_0018,2026-07-12,-192.01629317809986,discretionary,6090.09650103024
USER_0018,2026-07-13,-94.54879523914411,discretionary,5995.547705791096
USER_0018,2026-07-14,-391.0046036917097,discretionary,5604.543102099386
USER_0018,2026-07-15,-302.4800724213725,discretionary,5302.063029678013
USER_0018,2026-07-16,-208.44060833831614,discretionary,5093.622421339696
USER_0018,2026-07-17,-336.86393080085605,discretionary,4756.75849053884
USER_0018,2026-07-18,-324.7376353776224,discretionary,4432.020855161218
USER_0018,2026-07-19,-371.23746503432403,discretionary,4060.7833901268937
USER_0018,2026-07-20,-412.7116170337328,discretionary,3648.071773093161
USER_0018,2026-07-21,-226.001664617807,discretionary,3422.070108475354
USER_0018,2026-07-22,-262.8655200729509,discretionary,3159.2045884024033
USER_0018,2026-07-23,-281.5717226939063,discretionary,2877.632865708497
USER_0018,2026-07-24,-105.48579204106274,discretionary,2772.147073667434
USER_0018,2026-07-25,-201.9592150990672,discretionary,2570.187858568367
USER_0018,2026-07-26,-224.2071160824393,discretionary,2345.9807424859277
USER_0018,2026-07-27,-199.1147647818804,discretionary,2146.8659777040475
USER_0018,2026-07-28,20000.0,income_salary,22146.86597770405
USER_0018,2026-07-28,-476.0371049656555,discretionary,21670.82887273839
USER_0018,2026-07-29,-207.44808010825366,discretionary,21463.380792630138
USER_0018,2026-07-30,-210.85925011657508,discretionary,21252.52154251356
USER_0018,2026-07-31,-264.1403484323332,discretionary,20988.381194081227
USER_0018,2026-08-01,-6668.509825339405,fixed_rent,14319.87136874182
USER_0018,2026-08-01,-100.50773431561049,discretionary,14219.36363442621
USER_0018,2026-08-02,-167.1286826530502,discretionary,14052.23495177316
USER_0018,2026-08-03,-649.0778028234496,discretionary,13403.157148949711
USER_0018,2026-08-04,-303.94755138126754,discretionary,13099.209597568444
USER_0018,2026-08-05,-215.93146859135157,discretionary,12883.278128977092
USER_0018,2026-08-06,-714.6151444700065,discretionary,12168.662984507086
USER_0018,2026-08-07,-175.07584409896518,discretionary,11993.58714040812
USER_0018,2026-08-08,-267.47028920615986,discretionary,11726.116851201961
USER_0018,2026-08-09,-154.4301086059433,discretionary,11571.686742596017
USER_0018,2026-08-10,-362.43773673255276,discretionary,11209.249005863465
USER_0018,2026-08-11,-359.1948691542577,discretionary,10850.054136709206
USER_0018,2026-08-12,-106.68791292179026,discretionary,10743.366223787416
USER_0018,2026-08-13,-150.17020210091812,discretionary,10593.196021686497
USER_0018,2026-08-14,-204.9698395337155,discretionary,10388.22618215278
USER_0018,2026-08-15,-259.43860224506807,discretionary,10128.787579907712
USER_0018,2026-08-16,-364.72961935313833,discretionary,9764.057960554574
USER_0018,2026-08-17,-252.05663186969628,discretionary,9512.001328684877
USER_0018,2026-08-18,-244.26457530773015,discretionary,9267.736753377147
USER_0018,2026-08-19,-215.37442780774987,discretionary,9052.362325569396
USER_0018,2026-08-20,-522.0320544545975,discretionary,8530.330271114799
USER_0018,2026-08-21,-154.05547938602757,discretionary,8376.27479172877
USER_0018,2026-08-22,-85.36540236546166,discretionary,8290.909389363309
USER_0018,2026-08-23,-171.5610141534949,discretionary,8119.348375209814
USER_0018,2026-08-24,-192.9978968593623,discretionary,7926.350478350451
USER_0018,2026-08-25,-181.0214968595258,discretionary,7745.328981490926
USER_0018,2026-08-26,-96.6133022444874,discretionary,7648.715679246438
USER_0018,2026-08-27,-113.64655117481061,discretionary,7535.069128071627
USER_0018,2026-08-28,20000.0,income_salary,27535.069128071627
USER_0018,2026-08-28,-296.11021289873247,discretionary,27238.958915172894
USER_0018,2026-08-29,-668.718729827061,discretionary,26570.240185345832
USER_0019,2026-06-01,-263.4351395471786,discretionary,4736.564860452821
USER_0019,2026-06-02,-221.47613690084094,discretionary,4515.08872355198
USER_0019,2026-06-03,-192.55289446390483,discretionary,4322.535829088076
USER_0019,2026-06-04,-284.31385498633153,discretionary,4038.2219741017443
USER_0019,2026-06-05,-237.3308414332634,discretionary,3800.891132668481
USER_0019,2026-06-06,-499.07042106941674,discretionary,3301.8207115990645
USER_0019,2026-06-07,-288.2952767388873,discretionary,3013.525434860177
USER_0019,2026-06-08,-88.65314272902337,discretionary,2924.8722921311537
USER_0019,2026-06-09,-274.1399429348831,discretionary,2650.7323491962707
USER_0019,2026-06-10,-258.559206894795,discretionary,2392.1731423014758
USER_0019,2026-06-11,-349.0728887715031,discretionary,2043.1002535299726
USER_0019,2026-06-12,-140.03290524029097,discretionary,1903.0673482896816
USER_0019,2026-06-13,-123.9452611492715,discretionary,1779.12208714041
USER_0019,2026-06-14,-270.6705850379017,discretionary,1508.4515021025084
USER_0019,2026-06-15,-241.11588337253528,discretionary,1267.335618729973
USER_0019,2026-06-16,-282.84228152211165,discretionary,984.4933372078614
USER_0019,2026-06-17,-122.6704771126517,discretionary,861.8228600952096
USER_0019,2026-06-18,-473.52689098627746,discretionary,388.2959691089322
USER_0019,2026-06-19,-197.04032157604385,discretionary,191.25564753288833
USER_0019,2026-06-20,-115.7611936126255,discretionary,75.49445392026283
USER_0019,2026-06-21,-173.31126909345568,discretionary,-97.81681517319285
USER_0019,2026-06-22,-159.7577452531701,discretionary,-257.57456042636295
USER_0019,2026-06-23,-118.38828678348777,discretionary,-375.96284720985074
USER_0019,2026-06-24,-377.64629402446843,discretionary,-753.6091412343192
USER_0019,2026-06-25,-224.98793422204798,discretionary,-978.5970754563672
USER_0019,2026-06-26,-245.62124527214425,discretionary,-1224.2183207285113
USER_0019,2026-06-27,-325.807906844499,discretionary,-1550.0262275730104
USER_0019,2026-06-28,30000.0,income_salary,28449.97377242699
USER_0019,2026-06-28,-199.76676665546447,discretionary,28250.207005771525
USER_0019,2026-06-29,-465.0237251957901,discretionary,27785.183280575733
USER_0019,2026-06-30,-168.63822380548126,discretionary,27616.54505677025
USER_0019,2026-07-01,-5853.356489993465,fixed_rent,21763.188566776786
USER_0019,2026-07-01,-201.9098140937295,discretionary,21561.278752683054
USER_0019,2026-07-02,-190.38718904238328,discretionary,21370.89156364067
USER_0019,2026-07-03,-398.8696891767904,discretionary,20972.02187446388
USER_0019,2026-07-04,-356.596389930455,discretionary,20615.425484533425
USER_0019,2026-07-05,-126.15084466471077,discretionary,20489.274639868716
USER_0019,2026-07-06,-227.28835312909135,discretionary,20261.986286739626
USER_0019,2026-07-07,-372.27461049546594,discretionary,19889.71167624416
USER_0019,2026-07-08,-107.42799142406128,discretionary,19782.283684820097
USER_0019,2026-07-09,-566.2822631656646,discretionary,19216.001421654433
USER_0019,2026-07-10,-163.65162762322979,discretionary,19052.349794031205
USER_0019,2026-07-11,-501.0877724106117,discretionary,18551.262021620594
USER_0019,2026-07-12,-158.8788619354859,discretionary,18392.38315968511
USER_0019,2026-07-13,-445.8984476181487,discretionary,17946.48471206696
USER_0019,2026-07-14,-257.50115913628565,discretionary,17688.983552930673
USER_0019,2026-07-15,-151.16348727000383,discretionary,17537.820065660668
USER_0019,2026-07-16,-472.64284717296766,discretionary,17065.1772184877
USER_0019,2026-07-17,-238.51279370253516,discretionary,16826.664424785165
USER_0019,2026-07-18,-332.8001851424858,discretionary,16493.86423964268
USER_0019,2026-07-19,-290.9901107289822,discretionary,16202.874128913698
USER_0019,2026-07-20,-346.9141404172111,discretionary,15855.959988496486
USER_0019,2026-07-21,-144.8452104019334,discretionary,15711.114778094554
USER_0019,2026-07-22,-229.50650360912877,discretionary,15481.608274485425
USER_0019,2026-07-23,-388.5420378884085,discretionary,15093.066236597017
USER_0019,2026-07-24,-161.0594678147945,discretionary,14932.006768782223
USER_0019,2026-07-25,-199.02793331186962,discretionary,14732.978835470354
USER_0019,2026-07-26,-279.3739840776249,discretionary,14453.604851392729
USER_0019,2026-07-27,-787.0073221432752,discretionary,13666.597529249453
USER_0019,2026-07-28,30000.0,income_salary,43666.597529249455
USER_0019,2026-07-28,-155.35402271684592,discretionary,43511.243506532606
USER_0019,2026-07-29,-228.65642558359096,discretionary,43282.587080949015
USER_0019,2026-07-30,-186.6993596209176,discretionary,43095.8877213281
USER_0019,2026-07-31,-257.2464090020104,discretionary,42838.64131232609
USER_0019,2026-08-01,-5853.356489993465,fixed_rent,36985.28482233263
USER_0019,2026-08-01,-423.5658160982863,discretionary,36561.71900623434
USER_0019,2026-08-02,-158.20294870594304,discretionary,36403.5160575284
USER_0019,2026-08-03,-260.46643613533223,discretionary,36143.04962139307
USER_0019,2026-08-04,-427.70950905430857,discretionary,35715.34011233876
USER_0019,2026-08-05,-202.60650087570338,discretionary,35512.73361146305
USER_0019,2026-08-06,-129.47508900914883,discretionary,35383.25852245391
USER_0019,2026-08-07,-199.2155736356532,discretionary,35184.042948818256
USER_0019,2026-08-08,-194.3815946807846,discretionary,34989.66135413747
USER_0019,2026-08-09,-384.3192749754093,discretionary,34605.34207916206
USER_0019,2026-08-10,-218.6507817411002,discretionary,34386.69129742096
USER_0019,2026-08-11,-142.12608065813453,discretionary,34244.56521676283
USER_0019,2026-08-12,-100.43046474907311,discretionary,34144.13475201376
USER_0019,2026-08-13,-289.19920845216757,discretionary,33854.93554356159
USER_0019,2026-08-14,-247.94728035741784,discretionary,33606.98826320417
USER_0019,2026-08-15,-207.87664634685171,discretionary,33399.11161685732
USER_0019,2026-08-16,-160.88593189115622,discretionary,33238.225684966164
USER_0019,2026-08-17,-100.14128151086437,discretionary,33138.0844034553
USER_0019,2026-08-18,-302.50895164428215,discretionary,32835.57545181102
USER_0019,2026-08-19,-448.6181175001943,discretionary,32386.957334310824
USER_0019,2026-08-20,-172.03076474202018,discretionary,32214.926569568805
USER_0019,2026-08-21,-209.92066815368975,discretionary,32005.005901415116
USER_0019,2026-08-22,-328.32396002906216,discretionary,31676.681941386054
USER_0019,2026-08-23,-404.85951348117334,discretionary,31271.82242790488
USER_0019,2026-08-24,-384.05437391026584,discretionary,30887.768053994616
USER_0019,2026-08-25,-211.90587778198116,discretionary,30675.862176212635
USER_0019,2026-08-26,-367.8042087126512,discretionary,30308.057967499983
USER_0019,2026-08-27,-185.63998304460975,discretionary,30122.417984455373
USER_0019,2026-08-28,30000.0,income_salary,60122.41798445537
USER_0019,2026-08-28,-239.2945139515679,discretionary,59883.12347050381
USER_0019,2026-08-29,-242.1737040464342,discretionary,59640.94976645737
USER_0020,2026-06-01,-249.76191809787682,discretionary,4750.238081902123
USER_0020,2026-06-02,-368.37721959768584,discretionary,4381.8608623044365
USER_0020,2026-06-03,-265.88122971982966,discretionary,4115.979632584607
USER_0020,2026-06-04,-93.44758338156284,discretionary,4022.5320492030446
USER_0020,2026-06-05,-197.14277390960467,discretionary,3825.38927529344
USER_0020,2026-06-06,-289.96905046109435,discretionary,3535.4202248323454
USER_0020,2026-06-07,-275.2797718934527,discretionary,3260.140452938893
USER_0020,2026-06-08,-288.1338610330837,discretionary,2972.0065919058093
USER_0020,2026-06-09,-245.10097908983516,discretionary,2726.905612815974
USER_0020,2026-06-10,-331.00001893512655,discretionary,2395.9055938808474
USER_0020,2026-06-11,-105.19084619704219,discretionary,2290.7147476838054
USER_0020,2026-06-12,-144.64693475617713,discretionary,2146.0678129276284
USER_0020,2026-06-13,-218.1206189158903,discretionary,1927.9471940117382
USER_0020,2026-06-14,-299.50894007495043,discretionary,1628.4382539367878
USER_0020,2026-06-15,-191.7729522744591,discretionary,1436.6653016623286
USER_0020,2026-06-16,-444.8243364081265,discretionary,991.840965254202
USER_0020,2026-06-17,-138.02330032984693,discretionary,853.8176649243551
USER_0020,2026-06-18,-374.44284807525565,discretionary,479.37481684909943
USER_0020,2026-06-19,-274.8505441106424,discretionary,204.52427273845706
USER_0020,2026-06-20,-146.57766988932107,discretionary,57.946602849135985
USER_0020,2026-06-21,-216.6429445627369,discretionary,-158.6963417136009
USER_0020,2026-06-22,-277.3825748738698,discretionary,-436.07891658747076
USER_0020,2026-06-23,-305.1326230598001,discretionary,-741.2115396472709
USER_0020,2026-06-24,-176.40482858461476,discretionary,-917.6163682318856
USER_0020,2026-06-25,-223.70591596884591,discretionary,-1141.3222842007315
USER_0020,2026-06-26,-200.8781738553927,discretionary,-1342.2004580561243
USER_0020,2026-06-27,-196.24706520524953,discretionary,-1538.4475232613738
USER_0020,2026-06-28,20000.0,income_salary,18461.552476738627
USER_0020,2026-06-28,-300.14605060933576,discretionary,18161.40642612929
USER_0020,2026-06-29,-216.714654699784,discretionary,17944.69177142951
USER_0020,2026-06-30,-162.9164955612065,discretionary,17781.775275868302
USER_0020,2026-07-01,-5162.387410483203,fixed_rent,12619.387865385099
USER_0020,2026-07-01,-396.5239369551502,discretionary,12222.863928429948
USER_0020,2026-07-02,-219.78321617075872,discretionary,12003.080712259189
USER_0020,2026-07-03,-143.82134332049608,discretionary,11859.259368938692
USER_0020,2026-07-04,-225.3653360306494,discretionary,11633.894032908043
USER_0020,2026-07-05,-208.0407832270599,discretionary,11425.853249680984
USER_0020,2026-07-06,-615.092745279741,discretionary,10810.760504401243
USER_0020,2026-07-07,-317.0966415770667,discretionary,10493.663862824176
USER_0020,2026-07-08,-379.2817450522779,discretionary,10114.382117771898
USER_0020,2026-07-09,-294.4628826962095,discretionary,9819.91923507569
USER_0020,2026-07-10,-331.7715811960627,discretionary,9488.147653879627
USER_0020,2026-07-11,-276.3982207964967,discretionary,9211.74943308313
USER_0020,2026-07-12,-412.72626352943723,discretionary,8799.023169553693
USER_0020,2026-07-13,-266.53714577703187,discretionary,8532.48602377666
USER_0020,2026-07-14,-499.41656692624036,discretionary,8033.0694568504205
USER_0020,2026-07-15,-226.52292682783394,discretionary,7806.546530022587
USER_0020,2026-07-16,-237.7816409672476,discretionary,7568.764889055339
USER_0020,2026-07-17,-372.7063252955017,discretionary,7196.058563759838
USER_0020,2026-07-18,-532.0746070293185,discretionary,6663.983956730519
USER_0020,2026-07-19,-152.08195295599927,discretionary,6511.9020037745195
USER_0020,2026-07-20,-248.8247188476512,discretionary,6263.077284926868
USER_0020,2026-07-21,-167.0739582250762,discretionary,6096.003326701792
USER_0020,2026-07-22,-107.82989436413237,discretionary,5988.1734323376595
USER_0020,2026-07-23,-209.75333967683918,discretionary,5778.42009266082
USER_0020,2026-07-24,-256.55330698449706,discretionary,5521.866785676323
USER_0020,2026-07-25,-159.21461416534936,discretionary,5362.652171510974
USER_0020,2026-07-26,-665.375068363249,discretionary,4697.277103147725
USER_0020,2026-07-27,-625.1608867542473,discretionary,4072.1162163934778
USER_0020,2026-07-28,20000.0,income_salary,24072.11621639348
USER_0020,2026-07-28,-384.7123965224894,discretionary,23687.40381987099
USER_0020,2026-07-29,-176.95181496318872,discretionary,23510.452004907802
USER_0020,2026-07-30,-389.72714961556926,discretionary,23120.724855292232
USER_0020,2026-07-31,-94.09472258827718,discretionary,23026.630132703955
USER_0020,2026-08-01,-5162.387410483203,fixed_rent,17864.24272222075
USER_0020,2026-08-01,-338.1636246177475,discretionary,17526.079097603004
USER_0020,2026-08-02,-347.6905544535755,discretionary,17178.388543149427
USER_0020,2026-08-03,-319.237221383652,discretionary,16859.151321765774
USER_0020,2026-08-04,-164.49011934578417,discretionary,16694.66120241999
USER_0020,2026-08-05,-208.36703671133284,discretionary,16486.294165708656
USER_0020,2026-08-06,-331.65875294384324,discretionary,16154.635412764812
USER_0020,2026-08-07,-423.08666839651187,discretionary,15731.5487443683
USER_0020,2026-08-08,-177.82082209022954,discretionary,15553.72792227807
USER_0020,2026-08-09,-154.31810005804104,discretionary,15399.40982222003
USER_0020,2026-08-10,-271.8189256551273,discretionary,15127.590896564903
USER_0020,2026-08-11,-71.18612110058794,discretionary,15056.404775464316
USER_0020,2026-08-12,-103.08760576132464,discretionary,14953.317169702992
USER_0020,2026-08-13,-359.0231119108409,discretionary,14594.29405779215
USER_0020,2026-08-14,-279.32641658149413,discretionary,14314.967641210656
USER_0020,2026-08-15,-134.10719916120976,discretionary,14180.860442049447
USER_0020,2026-08-16,-283.32135662819627,discretionary,13897.539085421251
USER_0020,2026-08-17,-132.1612968441049,discretionary,13765.377788577147
USER_0020,2026-08-18,-373.8224151485496,discretionary,13391.555373428597
USER_0020,2026-08-19,-132.93429135349803,discretionary,13258.621082075098
USER_0020,2026-08-20,-139.20845968598695,discretionary,13119.41262238911
USER_0020,2026-08-21,-223.9884558975474,discretionary,12895.424166491563
USER_0020,2026-08-22,-109.11662401184317,discretionary,12786.307542479719
USER_0020,2026-08-23,-114.27287462911147,discretionary,12672.034667850607
USER_0020,2026-08-24,-300.3436408576691,discretionary,12371.691026992938
USER_0020,2026-08-25,-357.3641830884761,discretionary,12014.326843904462
USER_0020,2026-08-26,-213.10268866812646,discretionary,11801.224155236336
USER_0020,2026-08-27,-704.6114499529015,discretionary,11096.612705283434
USER_0020,2026-08-28,20000.0,income_salary,31096.612705283434
USER_0020,2026-08-28,-194.1462500905631,discretionary,30902.466455192873
USER_0020,2026-08-29,-337.96042997453867,discretionary,30564.506025218336
USER_0021,2026-06-01,-172.90986088130572,discretionary,4827.090139118694
USER_0021,2026-06-02,-149.47465072283305,discretionary,4677.615488395862
USER_0021,2026-06-03,-81.81707139038406,discretionary,4595.798417005478
USER_0021,2026-06-04,-334.7094967028348,discretionary,4261.088920302643
USER_0021,2026-06-05,-161.6894523066103,discretionary,4099.399467996032
USER_0021,2026-06-06,-249.27625287818512,discretionary,3850.1232151178474
USER_0021,2026-06-07,-517.3406891168738,discretionary,3332.7825260009736
USER_0021,2026-06-08,-81.01219748743094,discretionary,3251.7703285135426
USER_0021,2026-06-09,-277.2596536411827,discretionary,2974.51067487236
USER_0021,2026-06-10,-290.67339984852424,discretionary,2683.837275023836
USER_0021,2026-06-11,-149.24808408878562,discretionary,2534.5891909350503
USER_0021,2026-06-12,-219.39453953469348,discretionary,2315.1946514003566
USER_0021,2026-06-13,-359.26104911013,discretionary,1955.9336022902266
USER_0021,2026-06-14,-716.6008478470661,discretionary,1239.3327544431604
USER_0021,2026-06-15,-226.1295482384098,discretionary,1013.2032062047506
USER_0021,2026-06-16,-238.4944193596715,discretionary,774.7087868450791
USER_0021,2026-06-17,-622.2697270885598,discretionary,152.43905975651933
USER_0021,2026-06-18,-448.64568717081715,discretionary,-296.2066274142978
USER_0021,2026-06-19,-417.4805234887877,discretionary,-713.6871509030855
USER_0021,2026-06-20,-259.7987306340213,discretionary,-973.4858815371067
USER_0021,2026-06-21,-123.58603486143134,discretionary,-1097.071916398538
USER_0021,2026-06-22,-177.3843905641491,discretionary,-1274.456306962687
USER_0021,2026-06-23,-223.86765940726013,discretionary,-1498.3239663699471
USER_0021,2026-06-24,-121.19526922141979,discretionary,-1619.5192355913669
USER_0021,2026-06-25,-421.9226845664305,discretionary,-2041.4419201577973
USER_0021,2026-06-26,-430.7907430661364,discretionary,-2472.2326632239337
USER_0021,2026-06-27,-525.5702708298893,discretionary,-2997.8029340538233
USER_0021,2026-06-28,35000.0,income_salary,32002.197065946177
USER_0021,2026-06-28,-205.94560450321868,discretionary,31796.251461442956
USER_0021,2026-06-29,-196.62071149472683,discretionary,31599.63074994823
USER_0021,2026-06-30,-237.50797537760852,discretionary,31362.12277457062
USER_0021,2026-07-01,-7986.532346493299,fixed_rent,23375.59042807732
USER_0021,2026-07-01,-97.24332733849572,discretionary,23278.347100738825
USER_0021,2026-07-02,-265.56807953262745,discretionary,23012.7790212062
USER_0021,2026-07-03,-287.14354385618924,discretionary,22725.63547735001
USER_0021,2026-07-04,-297.6687406316389,discretionary,22427.966736718372
USER_0021,2026-07-05,-355.68415328513987,discretionary,22072.282583433233
USER_0021,2026-07-06,-247.1787192489371,discretionary,21825.103864184297
USER_0021,2026-07-07,-167.51079338581238,discretionary,21657.593070798484
USER_0021,2026-07-08,-200.24322091933053,discretionary,21457.349849879152
USER_0021,2026-07-09,-282.83553461950305,discretionary,21174.51431525965
USER_0021,2026-07-10,-257.8336231381308,discretionary,20916.68069212152
USER_0021,2026-07-11,-215.2779869195082,discretionary,20701.402705202014
USER_0021,2026-07-12,-272.2399637823418,discretionary,20429.162741419674
USER_0021,2026-07-13,-693.3175921181316,discretionary,19735.845149301542
USER_0021,2026-07-14,-167.20192942619414,discretionary,19568.643219875346
USER_0021,2026-07-15,-291.50805723529976,discretionary,19277.135162640046
USER_0021,2026-07-16,-271.60591946126686,discretionary,19005.52924317878
USER_0021,2026-07-17,-362.7056887996484,discretionary,18642.82355437913
USER_0021,2026-07-18,-525.293123549626,discretionary,18117.530430829505
USER_0021,2026-07-19,-306.31265142405783,discretionary,17811.217779405448
USER_0021,2026-07-20,-677.6203952370711,discretionary,17133.597384168377
USER_0021,2026-07-21,-164.59740952444494,discretionary,16968.99997464393
USER_0021,2026-07-22,-220.71508735220783,discretionary,16748.284887291724
USER_0021,2026-07-23,-144.26418827285246,discretionary,16604.02069901887
USER_0021,2026-07-24,-269.5096018607472,discretionary,16334.511097158123
USER_0021,2026-07-25,-234.0886959656493,discretionary,16100.422401192474
USER_0021,2026-07-26,-235.72061853316401,discretionary,15864.701782659311
USER_0021,2026-07-27,-128.42220412520638,discretionary,15736.279578534104
USER_0021,2026-07-28,35000.0,income_salary,50736.2795785341
USER_0021,2026-07-28,-400.3588998589852,discretionary,50335.92067867512
USER_0021,2026-07-29,-443.710627959308,discretionary,49892.21005071581
USER_0021,2026-07-30,-326.47331477211196,discretionary,49565.7367359437
USER_0021,2026-07-31,-329.7632708165469,discretionary,49235.97346512715
USER_0021,2026-08-01,-7986.532346493299,fixed_rent,41249.441118633855
USER_0021,2026-08-01,-248.87783405523055,discretionary,41000.563284578624
USER_0021,2026-08-02,-146.451352608354,discretionary,40854.11193197027
USER_0021,2026-08-03,-255.1671227155248,discretionary,40598.944809254746
USER_0021,2026-08-04,-181.22073212168652,discretionary,40417.72407713306
USER_0021,2026-08-05,-107.41203281092943,discretionary,40310.312044322134
USER_0021,2026-08-06,-190.0068271422639,discretionary,40120.30521717987
USER_0021,2026-08-07,-300.2748219700904,discretionary,39820.03039520978
USER_0021,2026-08-08,-287.09573162007894,discretionary,39532.9346635897
USER_0021,2026-08-09,-204.81187258895878,discretionary,39328.122791000744
USER_0021,2026-08-10,-182.23556329353545,discretionary,39145.88722770721
USER_0021,2026-08-11,-218.9971172716392,discretionary,38926.89011043557
USER_0021,2026-08-12,-167.93538728149818,discretionary,38758.95472315407
USER_0021,2026-08-13,-229.3095683197614,discretionary,38529.64515483431
USER_0021,2026-08-14,-187.84822768210563,discretionary,38341.7969271522
USER_0021,2026-08-15,-179.8447631850042,discretionary,38161.952163967195
USER_0021,2026-08-16,-111.85845441965137,discretionary,38050.093709547546
USER_0021,2026-08-17,-213.40564372575682,discretionary,37836.688065821785
USER_0021,2026-08-18,-256.7942172602782,discretionary,37579.89384856151
USER_0021,2026-08-19,-248.7007733051604,discretionary,37331.19307525635
USER_0021,2026-08-20,-222.30983673408318,discretionary,37108.88323852226
USER_0021,2026-08-21,-201.48241203389577,discretionary,36907.40082648837
USER_0021,2026-08-22,-237.74007160014932,discretionary,36669.66075488822
USER_0021,2026-08-23,-333.6354838533875,discretionary,36336.02527103483
USER_0021,2026-08-24,-245.20329501756896,discretionary,36090.82197601726
USER_0021,2026-08-25,-287.80457863140714,discretionary,35803.01739738585
USER_0021,2026-08-26,-456.7467966840271,discretionary,35346.27060070182
USER_0021,2026-08-27,-368.97625853792516,discretionary,34977.29434216389
USER_0021,2026-08-28,35000.0,income_salary,69977.29434216389
USER_0021,2026-08-28,-577.0182459840862,discretionary,69400.2760961798
USER_0021,2026-08-29,-169.96857322983107,discretionary,69230.30752294998
USER_0022,2026-06-01,-256.3523261973901,discretionary,4743.64767380261
USER_0022,2026-06-02,-342.12052595667564,discretionary,4401.527147845934
USER_0022,2026-06-03,-180.65958108375813,discretionary,4220.8675667621765
USER_0022,2026-06-04,-189.02723633247268,discretionary,4031.840330429704
USER_0022,2026-06-05,-480.15815155634834,discretionary,3551.6821788733555
USER_0022,2026-06-06,-126.79368015740579,discretionary,3424.88849871595
USER_0022,2026-06-07,-440.3343040540995,discretionary,2984.5541946618505
USER_0022,2026-06-08,-117.69694765670768,discretionary,2866.8572470051427
USER_0022,2026-06-09,-351.7823428703945,discretionary,2515.074904134748
USER_0022,2026-06-10,-288.3464190689805,discretionary,2226.7284850657675
USER_0022,2026-06-11,-115.27764992839509,discretionary,2111.4508351373725
USER_0022,2026-06-12,-182.4728552165247,discretionary,1928.9779799208477
USER_0022,2026-06-13,-395.0237655091594,discretionary,1533.9542144116883
USER_0022,2026-06-14,-373.3617661852282,discretionary,1160.5924482264602
USER_0022,2026-06-15,-331.8569992475477,discretionary,828.7354489789125
USER_0022,2026-06-16,-916.5089298077633,discretionary,-87.77348082885078
USER_0022,2026-06-17,-322.0936855651111,discretionary,-409.8671663939619
USER_0022,2026-06-18,-273.16212160169744,discretionary,-683.0292879956594
USER_0022,2026-06-19,-228.0397826300777,discretionary,-911.0690706257371
USER_0022,2026-06-20,-201.31778545736563,discretionary,-1112.3868560831029
USER_0022,2026-06-21,-574.9694222345742,discretionary,-1687.3562783176772
USER_0022,2026-06-22,-134.5012500095737,discretionary,-1821.8575283272507
USER_0022,2026-06-23,-215.8212579100026,discretionary,-2037.6787862372535
USER_0022,2026-06-24,-159.4984952796087,discretionary,-2197.177281516862
USER_0022,2026-06-25,-286.61642451155575,discretionary,-2483.7937060284175
USER_0022,2026-06-26,-189.18626939054548,discretionary,-2672.979975418963
USER_0022,2026-06-27,-434.6469552912481,discretionary,-3107.626930710211
USER_0022,2026-06-28,20000.0,income_salary,16892.373069289788
USER_0022,2026-06-28,-332.6547034844698,discretionary,16559.718365805318
USER_0022,2026-06-29,-215.49899948682557,discretionary,16344.219366318493
USER_0022,2026-06-30,-344.9205768647803,discretionary,15999.298789453713
USER_0022,2026-07-01,-6527.269239989375,fixed_rent,9472.029549464338
USER_0022,2026-07-01,-221.13750116337098,discretionary,9250.892048300966
USER_0022,2026-07-02,-241.71301485792054,discretionary,9009.179033443046
USER_0022,2026-07-03,-501.2734525549475,discretionary,8507.905580888098
USER_0022,2026-07-04,-164.7173715307625,discretionary,8343.188209357337
USER_0022,2026-07-05,-606.7826188986278,discretionary,7736.405590458709
USER_0022,2026-07-06,-270.91848439212566,discretionary,7465.487106066584
USER_0022,2026-07-07,-395.82891683014327,discretionary,7069.65818923644
USER_0022,2026-07-08,-130.23532712211173,discretionary,6939.422862114328
USER_0022,2026-07-09,-243.8849890500975,discretionary,6695.537873064231
USER_0022,2026-07-10,-336.5939984371262,discretionary,6358.943874627104
USER_0022,2026-07-11,-169.56405668447024,discretionary,6189.379817942634
USER_0022,2026-07-12,-199.53588782103193,discretionary,5989.843930121602
USER_0022,2026-07-13,-402.66834727245555,discretionary,5587.175582849147
USER_0022,2026-07-14,-96.87144771000521,discretionary,5490.304135139142
USER_0022,2026-07-15,-342.3494694081261,discretionary,5147.954665731016
USER_0022,2026-07-16,-104.9377369670507,discretionary,5043.016928763965
USER_0022,2026-07-17,-365.70328423572494,discretionary,4677.31364452824
USER_0022,2026-07-18,-164.5360749138284,discretionary,4512.777569614412
USER_0022,2026-07-19,-396.13827603645683,discretionary,4116.639293577955
USER_0022,2026-07-20,-353.15047901532716,discretionary,3763.488814562628
USER_0022,2026-07-21,-301.97114469167434,discretionary,3461.5176698709533
USER_0022,2026-07-22,-186.1090892279462,discretionary,3275.408580643007
USER_0022,2026-07-23,-255.65578324276888,discretionary,3019.7527974002383
USER_0022,2026-07-24,-706.9282126307394,discretionary,2312.824584769499
USER_0022,2026-07-25,-198.03980070628708,discretionary,2114.7847840632116
USER_0022,2026-07-26,-140.15701238431603,discretionary,1974.6277716788957
USER_0022,2026-07-27,-147.70192054810946,discretionary,1826.9258511307862
USER_0022,2026-07-28,20000.0,income_salary,21826.925851130785
USER_0022,2026-07-28,-119.92060471677418,discretionary,21707.00524641401
USER_0022,2026-07-29,-274.4285322324661,discretionary,21432.576714181545
USER_0022,2026-07-30,-345.3958579844952,discretionary,21087.18085619705
USER_0022,2026-07-31,-432.3466568463739,discretionary,20654.834199350676
USER_0022,2026-08-01,-6527.269239989375,fixed_rent,14127.564959361302
USER_0022,2026-08-01,-272.41064881538773,discretionary,13855.154310545913
USER_0022,2026-08-02,-329.5978896429469,discretionary,13525.556420902967
USER_0022,2026-08-03,-233.5568484281966,discretionary,13291.999572474771
USER_0022,2026-08-04,-362.4305343643528,discretionary,12929.569038110418
USER_0022,2026-08-05,-284.37280358245334,discretionary,12645.196234527964
USER_0022,2026-08-06,-211.4021843574046,discretionary,12433.79405017056
USER_0022,2026-08-07,-115.06610718804028,discretionary,12318.72794298252
USER_0022,2026-08-08,-404.56357221553037,discretionary,11914.164370766988
USER_0022,2026-08-09,-180.6636498565366,discretionary,11733.500720910451
USER_0022,2026-08-10,-222.49505996942247,discretionary,11511.00566094103
USER_0022,2026-08-11,-318.6919635727228,discretionary,11192.313697368307
USER_0022,2026-08-12,-208.6761419053951,discretionary,10983.637555462912
USER_0022,2026-08-13,-241.97281917945645,discretionary,10741.664736283456
USER_0022,2026-08-14,-391.1284287458163,discretionary,10350.536307537639
USER_0022,2026-08-15,-91.10720148945605,discretionary,10259.429106048183
USER_0022,2026-08-16,-319.21145867626495,discretionary,9940.217647371917
USER_0022,2026-08-17,-191.55999832708233,discretionary,9748.657649044835
USER_0022,2026-08-18,-210.20065411610466,discretionary,9538.45699492873
USER_0022,2026-08-19,-149.1468233141161,discretionary,9389.310171614614
USER_0022,2026-08-20,-111.84323022161337,discretionary,9277.466941393
USER_0022,2026-08-21,-448.08972920670266,discretionary,8829.377212186298
USER_0022,2026-08-22,-108.70806443421186,discretionary,8720.669147752087
USER_0022,2026-08-23,-267.71697453021,discretionary,8452.952173221876
USER_0022,2026-08-24,-379.1013123587174,discretionary,8073.850860863159
USER_0022,2026-08-25,-312.7959730452256,discretionary,7761.054887817933
USER_0022,2026-08-26,-191.57273233699837,discretionary,7569.482155480935
USER_0022,2026-08-27,-593.8379728199855,discretionary,6975.64418266095
USER_0022,2026-08-28,20000.0,income_salary,26975.64418266095
USER_0022,2026-08-28,-81.37149734729658,discretionary,26894.272685313656
USER_0022,2026-08-29,-206.418980585158,discretionary,26687.8537047285
USER_0023,2026-06-01,-307.7395422926362,discretionary,4692.2604577073635
USER_0023,2026-06-02,-319.59912353756704,discretionary,4372.661334169797
USER_0023,2026-06-03,-366.1061133658727,discretionary,4006.555220803924
USER_0023,2026-06-04,-193.51655965876495,discretionary,3813.038661145159
USER_0023,2026-06-05,-1011.3830370194263,discretionary,2801.6556241257326
USER_0023,2026-06-06,-157.42532250455153,discretionary,2644.2303016211813
USER_0023,2026-06-07,-269.60261864768773,discretionary,2374.6276829734934
USER_0023,2026-06-08,-417.11155401886134,discretionary,1957.516128954632
USER_0023,2026-06-09,-265.0448643761939,discretionary,1692.471264578438
USER_0023,2026-06-10,-216.89227970929008,discretionary,1475.578984869148
USER_0023,2026-06-11,-212.17185871449726,discretionary,1263.4071261546505
USER_0023,2026-06-12,-332.1247677141252,discretionary,931.2823584405253
USER_0023,2026-06-13,-1068.6326593137503,discretionary,-137.35030087322502
USER_0023,2026-06-14,-266.356148431529,discretionary,-403.706449304754
USER_0023,2026-06-15,-169.90585066488302,discretionary,-573.612299969637
USER_0023,2026-06-16,-194.95139353861262,discretionary,-768.5636935082496
USER_0023,2026-06-17,-124.16437243973623,discretionary,-892.7280659479858
USER_0023,2026-06-18,-207.58238724646478,discretionary,-1100.3104531944505
USER_0023,2026-06-19,-505.39218882955777,discretionary,-1605.7026420240081
USER_0023,2026-06-20,-204.14482472382178,discretionary,-1809.84746674783
USER_0023,2026-06-21,-288.2595719694163,discretionary,-2098.1070387172463
USER_0023,2026-06-22,-91.83523116340632,discretionary,-2189.9422698806525
USER_0023,2026-06-23,-326.0759675605794,discretionary,-2516.018237441232
USER_0023,2026-06-24,-251.56698675408842,discretionary,-2767.5852241953203
USER_0023,2026-06-25,-266.6467648236825,discretionary,-3034.231989019003
USER_0023,2026-06-26,-141.74235279036077,discretionary,-3175.9743418093635
USER_0023,2026-06-27,-152.75517993784825,discretionary,-3328.729521747212
USER_0023,2026-06-28,35000.0,income_salary,31671.270478252787
USER_0023,2026-06-28,-402.4421298344259,discretionary,31268.828348418363
USER_0023,2026-06-29,-96.31229302826833,discretionary,31172.516055390093
USER_0023,2026-06-30,-256.96561343591895,discretionary,30915.550441954176
USER_0023,2026-07-01,-8923.849540103343,fixed_rent,21991.700901850832
USER_0023,2026-07-01,-233.73040781386658,discretionary,21757.970494036967
USER_0023,2026-07-02,-236.6569292092196,discretionary,21521.313564827746
USER_0023,2026-07-03,-135.04319167274863,discretionary,21386.270373154995
USER_0023,2026-07-04,-248.77139669969554,discretionary,21137.4989764553
USER_0023,2026-07-05,-98.10641159553762,discretionary,21039.39256485976
USER_0023,2026-07-06,-237.76120830100524,discretionary,20801.631356558755
USER_0023,2026-07-07,-518.329976211437,discretionary,20283.30138034732
USER_0023,2026-07-08,-647.9046548554517,discretionary,19635.396725491868
USER_0023,2026-07-09,-351.8271715164814,discretionary,19283.569553975387
USER_0023,2026-07-10,-265.9584856153943,discretionary,19017.61106835999
USER_0023,2026-07-11,-835.6797344140537,discretionary,18181.931333945937
USER_0023,2026-07-12,-86.07824856256067,discretionary,18095.853085383376
USER_0023,2026-07-13,-153.3888612292721,discretionary,17942.464224154104
USER_0023,2026-07-14,-336.8547966556655,discretionary,17605.60942749844
USER_0023,2026-07-15,-101.08336537803643,discretionary,17504.526062120403
USER_0023,2026-07-16,-570.5702091640579,discretionary,16933.955852956344
USER_0023,2026-07-17,-436.2152143149631,discretionary,16497.740638641382
USER_0023,2026-07-18,-197.23501230859,discretionary,16300.505626332792
USER_0023,2026-07-19,-457.479851465076,discretionary,15843.025774867716
USER_0023,2026-07-20,-245.130988484624,discretionary,15597.894786383093
USER_0023,2026-07-21,-313.6399085369119,discretionary,15284.25487784618
USER_0023,2026-07-22,-274.5325818121348,discretionary,15009.722296034046
USER_0023,2026-07-23,-188.82402004629353,discretionary,14820.898275987753
USER_0023,2026-07-24,-350.5163954875721,discretionary,14470.381880500181
USER_0023,2026-07-25,-279.70201272709323,discretionary,14190.679867773088
USER_0023,2026-07-26,-100.28892145078268,discretionary,14090.390946322304
USER_0023,2026-07-27,-306.83218687175076,discretionary,13783.558759450554
USER_0023,2026-07-28,35000.0,income_salary,48783.558759450556
USER_0023,2026-07-28,-171.4339363995401,discretionary,48612.12482305102
USER_0023,2026-07-29,-226.8902816666111,discretionary,48385.23454138441
USER_0023,2026-07-30,-102.52191881273126,discretionary,48282.71262257168
USER_0023,2026-07-31,-349.85519664439886,discretionary,47932.85742592728
USER_0023,2026-08-01,-8923.849540103343,fixed_rent,39009.007885823936
USER_0023,2026-08-01,-445.8063291020065,discretionary,38563.20155672193
USER_0023,2026-08-02,-403.99648570692534,discretionary,38159.205071015
USER_0023,2026-08-03,-170.50683638457392,discretionary,37988.69823463043
USER_0023,2026-08-04,-308.2618280159277,discretionary,37680.4364066145
USER_0023,2026-08-05,-289.05775560393283,discretionary,37391.378651010564
USER_0023,2026-08-06,-275.096611279862,discretionary,37116.2820397307
USER_0023,2026-08-07,-123.09007890864646,discretionary,36993.191960822056
USER_0023,2026-08-08,-641.9575211892195,discretionary,36351.23443963283
USER_0023,2026-08-09,-122.60393939880424,discretionary,36228.63050023403
USER_0023,2026-08-10,-176.28420112285025,discretionary,36052.34629911118
USER_0023,2026-08-11,-292.7548135959899,discretionary,35759.59148551519
USER_0023,2026-08-12,-172.07651818002142,discretionary,35587.51496733517
USER_0023,2026-08-13,-204.4336614420399,discretionary,35383.08130589313
USER_0023,2026-08-14,-172.48175876758864,discretionary,35210.599547125545
USER_0023,2026-08-15,-157.8023086795971,discretionary,35052.79723844595
USER_0023,2026-08-16,-223.9739584115627,discretionary,34828.82328003439
USER_0023,2026-08-17,-410.2377439717122,discretionary,34418.58553606268
USER_0023,2026-08-18,-275.43317884450454,discretionary,34143.152357218176
USER_0023,2026-08-19,-242.61483692568862,discretionary,33900.537520292484
USER_0023,2026-08-20,-155.5411658085073,discretionary,33744.99635448398
USER_0023,2026-08-21,-319.66337216198497,discretionary,33425.33298232199
USER_0023,2026-08-22,-377.237721067553,discretionary,33048.095261254435
USER_0023,2026-08-23,-199.10802816636368,discretionary,32848.98723308807
USER_0023,2026-08-24,-193.04276086601476,discretionary,32655.944472222054
USER_0023,2026-08-25,-759.4928223557586,discretionary,31896.451649866296
USER_0023,2026-08-26,-471.53986314283753,discretionary,31424.91178672346
USER_0023,2026-08-27,-225.2139027935183,discretionary,31199.69788392994
USER_0023,2026-08-28,35000.0,income_salary,66199.69788392994
USER_0023,2026-08-28,-117.53551309303177,discretionary,66082.16237083692
USER_0023,2026-08-29,-246.70148295641366,discretionary,65835.4608878805
USER_0024,2026-06-01,-249.25361639157728,discretionary,4750.746383608423
USER_0024,2026-06-02,-244.18485615772912,discretionary,4506.561527450694
USER_0024,2026-06-03,-370.6997928706663,discretionary,4135.861734580028
USER_0024,2026-06-04,-205.75937062803905,discretionary,3930.1023639519885
USER_0024,2026-06-05,-329.95805212332755,discretionary,3600.144311828661
USER_0024,2026-06-06,-214.39868316955963,discretionary,3385.7456286591014
USER_0024,2026-06-07,-180.05366277547216,discretionary,3205.691965883629
USER_0024,2026-06-08,-316.26446671115474,discretionary,2889.427499172474
USER_0024,2026-06-09,-158.5170078593601,discretionary,2730.910491313114
USER_0024,2026-06-10,-254.11635144259114,discretionary,2476.794139870523
USER_0024,2026-06-11,-281.39374725432754,discretionary,2195.4003926161954
USER_0024,2026-06-12,-205.58117645267743,discretionary,1989.819216163518
USER_0024,2026-06-13,-359.5836708157551,discretionary,1630.2355453477628
USER_0024,2026-06-14,-106.83199850940541,discretionary,1523.4035468383574
USER_0024,2026-06-15,-218.54925481012094,discretionary,1304.8542920282366
USER_0024,2026-06-16,-176.00375704825078,discretionary,1128.850534979986
USER_0024,2026-06-17,-200.7592850149565,discretionary,928.0912499650294
USER_0024,2026-06-18,-237.37214357464114,discretionary,690.7191063903883
USER_0024,2026-06-19,-384.78309051784305,discretionary,305.9360158725453
USER_0024,2026-06-20,-176.14935587909068,discretionary,129.7866599934546
USER_0024,2026-06-21,-301.03084910846303,discretionary,-171.24418911500842
USER_0024,2026-06-22,-214.52875930586688,discretionary,-385.7729484208753
USER_0024,2026-06-23,-177.49188744848368,discretionary,-563.264835869359
USER_0024,2026-06-24,-155.2282241853302,discretionary,-718.4930600546892
USER_0024,2026-06-25,-181.16732528694519,discretionary,-899.6603853416343
USER_0024,2026-06-26,-1262.882657158231,discretionary,-2162.5430424998654
USER_0024,2026-06-27,-498.13043562532084,discretionary,-2660.673478125186
USER_0024,2026-06-28,35000.0,income_salary,32339.326521874813
USER_0024,2026-06-28,-150.8400277899744,discretionary,32188.48649408484
USER_0024,2026-06-29,-267.7305608689627,discretionary,31920.755933215874
USER_0024,2026-06-30,-431.2505007493647,discretionary,31489.50543246651
USER_0024,2026-07-01,-8350.732004262252,fixed_rent,23138.77342820426
USER_0024,2026-07-01,-337.35482496660757,discretionary,22801.41860323765
USER_0024,2026-07-02,-188.39392102396076,discretionary,22613.024682213687
USER_0024,2026-07-03,-260.8917859639292,discretionary,22352.132896249757
USER_0024,2026-07-04,-238.47223217864834,discretionary,22113.66066407111
USER_0024,2026-07-05,-332.2739499185116,discretionary,21781.3867141526
USER_0024,2026-07-06,-510.2035615889849,discretionary,21271.183152563615
USER_0024,2026-07-07,-166.83018729919522,discretionary,21104.35296526442
USER_0024,2026-07-08,-266.5558743933494,discretionary,20837.79709087107
USER_0024,2026-07-09,-362.5613630799785,discretionary,20475.235727791092
USER_0024,2026-07-10,-451.28934106080465,discretionary,20023.946386730287
USER_0024,2026-07-11,-112.94861711608594,discretionary,19910.9977696142
USER_0024,2026-07-12,-439.2524842678781,discretionary,19471.745285346322
USER_0024,2026-07-13,-136.29312679643803,discretionary,19335.452158549884
USER_0024,2026-07-14,-192.99137961968654,discretionary,19142.4607789302
USER_0024,2026-07-15,-181.07383394618387,discretionary,18961.386944984017
USER_0024,2026-07-16,-341.88291164020393,discretionary,18619.504033343812
USER_0024,2026-07-17,-151.5284383835716,discretionary,18467.97559496024
USER_0024,2026-07-18,-391.1176304077964,discretionary,18076.857964552444
USER_0024,2026-07-19,-392.0231526055563,discretionary,17684.834811946886
USER_0024,2026-07-20,-380.2806319293105,discretionary,17304.554180017574
USER_0024,2026-07-21,-277.60462094547137,discretionary,17026.9495590721
USER_0024,2026-07-22,-633.4123865058785,discretionary,16393.537172566223
USER_0024,2026-07-23,-196.40588112895654,discretionary,16197.131291437267
USER_0024,2026-07-24,-317.3520401377887,discretionary,15879.779251299478
USER_0024,2026-07-25,-479.9073321967755,discretionary,15399.871919102703
USER_0024,2026-07-26,-220.29831728894084,discretionary,15179.573601813761
USER_0024,2026-07-27,-136.94132719018614,discretionary,15042.632274623575
USER_0024,2026-07-28,35000.0,income_salary,50042.632274623575
USER_0024,2026-07-28,-703.1727129629439,discretionary,49339.45956166063
USER_0024,2026-07-29,-165.82616730260227,discretionary,49173.63339435803
USER_0024,2026-07-30,-164.73145347104509,discretionary,49008.901940886986
USER_0024,2026-07-31,-101.71597920697884,discretionary,48907.18596168001
USER_0024,2026-08-01,-8350.732004262252,fixed_rent,40556.453957417754
USER_0024,2026-08-01,-158.57161859380906,discretionary,40397.88233882395
USER_0024,2026-08-02,-125.11624547573841,discretionary,40272.76609334821
USER_0024,2026-08-03,-169.82600606723543,discretionary,40102.94008728098
USER_0024,2026-08-04,-194.59490372017072,discretionary,39908.34518356081
USER_0024,2026-08-05,-612.7064313516142,discretionary,39295.63875220919
USER_0024,2026-08-06,-341.4379464074227,discretionary,38954.20080580177
USER_0024,2026-08-07,-328.64077651494364,discretionary,38625.560029286826
USER_0024,2026-08-08,-325.4394587058894,discretionary,38300.12057058093
USER_0024,2026-08-09,-435.67119691489626,discretionary,37864.44937366604
USER_0024,2026-08-10,-196.74814917480924,discretionary,37667.701224491226
USER_0024,2026-08-11,-157.02187660004572,discretionary,37510.67934789118
USER_0024,2026-08-12,-511.48782220538345,discretionary,36999.1915256858
USER_0024,2026-08-13,-665.3187538128174,discretionary,36333.87277187298
USER_0024,2026-08-14,-292.40120150423263,discretionary,36041.47157036875
USER_0024,2026-08-15,-293.42537783993873,discretionary,35748.04619252881
USER_0024,2026-08-16,-145.1593312650755,discretionary,35602.88686126374
USER_0024,2026-08-17,-169.8260353316624,discretionary,35433.06082593207
USER_0024,2026-08-18,-351.20809463049164,discretionary,35081.85273130158
USER_0024,2026-08-19,-207.0769283023632,discretionary,34874.77580299922
USER_0024,2026-08-20,-168.16537607291727,discretionary,34706.6104269263
USER_0024,2026-08-21,-249.4821397338888,discretionary,34457.12828719241
USER_0024,2026-08-22,-112.00499277766649,discretionary,34345.12329441475
USER_0024,2026-08-23,-213.01369719842532,discretionary,34132.109597216324
USER_0024,2026-08-24,-477.1998492180994,discretionary,33654.90974799822
USER_0024,2026-08-25,-310.15069633442806,discretionary,33344.759051663794
USER_0024,2026-08-26,-218.51060227305877,discretionary,33126.24844939073
USER_0024,2026-08-27,-332.5694773390716,discretionary,32793.67897205166
USER_0024,2026-08-28,35000.0,income_salary,67793.67897205165
USER_0024,2026-08-28,-131.00564276129535,discretionary,67662.67332929035
USER_0024,2026-08-29,-292.5456413728891,discretionary,67370.12768791747
USER_0025,2026-06-01,-447.1338833962098,discretionary,4552.86611660379
USER_0025,2026-06-02,-380.4953121646248,discretionary,4172.370804439165
USER_0025,2026-06-03,-139.80696470839985,discretionary,4032.5638397307653
USER_0025,2026-06-04,-463.7604281520384,discretionary,3568.803411578727
USER_0025,2026-06-05,-322.7420102614884,discretionary,3246.0614013172385
USER_0025,2026-06-06,-259.362931486587,discretionary,2986.6984698306514
USER_0025,2026-06-07,-153.05060819776642,discretionary,2833.647861632885
USER_0025,2026-06-08,-221.60718345696313,discretionary,2612.040678175922
USER_0025,2026-06-09,-366.82381780304627,discretionary,2245.216860372876
USER_0025,2026-06-10,-118.2555047859817,discretionary,2126.961355586894
USER_0025,2026-06-11,-285.2636136836965,discretionary,1841.6977419031975
USER_0025,2026-06-12,-205.87291618501854,discretionary,1635.824825718179
USER_0025,2026-06-13,-160.1541378009496,discretionary,1475.6706879172293
USER_0025,2026-06-14,-92.8747832885561,discretionary,1382.7959046286733
USER_0025,2026-06-15,-322.26775579129344,discretionary,1060.5281488373798
USER_0025,2026-06-16,-424.93688725852337,discretionary,635.5912615788565
USER_0025,2026-06-17,-251.64974704159172,discretionary,383.94151453726477
USER_0025,2026-06-18,-253.58772003104824,discretionary,130.35379450621653
USER_0025,2026-06-19,-185.32262332697528,discretionary,-54.968828820758745
USER_0025,2026-06-20,-130.97777206107475,discretionary,-185.9466008818335
USER_0025,2026-06-21,-295.01535152509354,discretionary,-480.961952406927
USER_0025,2026-06-22,-238.5264251284074,discretionary,-719.4883775353344
USER_0025,2026-06-23,-103.74446472873129,discretionary,-823.2328422640657
USER_0025,2026-06-24,-214.19108045844368,discretionary,-1037.4239227225094
USER_0025,2026-06-25,-195.54824910682353,discretionary,-1232.9721718293329
USER_0025,2026-06-26,-284.43340613948203,discretionary,-1517.405577968815
USER_0025,2026-06-27,-236.33365592199365,discretionary,-1753.7392338908085
USER_0025,2026-06-28,30000.0,income_salary,28246.26076610919
USER_0025,2026-06-28,-220.94619115837213,discretionary,28025.31457495082
USER_0025,2026-06-29,-133.5772290068354,discretionary,27891.737345943984
USER_0025,2026-06-30,-402.1957228011305,discretionary,27489.541623142853
USER_0025,2026-07-01,-7138.293888634133,fixed_rent,20351.24773450872
USER_0025,2026-07-01,-196.033616041873,discretionary,20155.214118466847
USER_0025,2026-07-02,-318.7671667364269,discretionary,19836.44695173042
USER_0025,2026-07-03,-205.98349250937522,discretionary,19630.463459221046
USER_0025,2026-07-04,-119.76611444479433,discretionary,19510.69734477625
USER_0025,2026-07-05,-147.20369954862366,discretionary,19363.493645227627
USER_0025,2026-07-06,-191.3882676651594,discretionary,19172.105377562468
USER_0025,2026-07-07,-311.09773928320686,discretionary,18861.00763827926
USER_0025,2026-07-08,-135.59559897112035,discretionary,18725.41203930814
USER_0025,2026-07-09,-135.72063954967194,discretionary,18589.691399758467
USER_0025,2026-07-10,-346.07004829987164,discretionary,18243.621351458594
USER_0025,2026-07-11,-287.05724968088225,discretionary,17956.564101777712
USER_0025,2026-07-12,-168.6527035205799,discretionary,17787.911398257133
USER_0025,2026-07-13,-262.4159890547695,discretionary,17525.49540920236
USER_0025,2026-07-14,-302.82132707637777,discretionary,17222.674082125985
USER_0025,2026-07-15,-157.48114051364124,discretionary,17065.192941612342
USER_0025,2026-07-16,-78.30106107004408,discretionary,16986.891880542298
USER_0025,2026-07-17,-84.72402599659537,discretionary,16902.167854545703
USER_0025,2026-07-18,-154.60388696201588,discretionary,16747.563967583686
USER_0025,2026-07-19,-260.37416645141025,discretionary,16487.189801132277
USER_0025,2026-07-20,-432.0613636709669,discretionary,16055.12843746131
USER_0025,2026-07-21,-118.06385099181351,discretionary,15937.064586469496
USER_0025,2026-07-22,-433.6827061651631,discretionary,15503.381880304332
USER_0025,2026-07-23,-264.3969237326183,discretionary,15238.984956571714
USER_0025,2026-07-24,-406.70192486463185,discretionary,14832.283031707082
USER_0025,2026-07-25,-248.35012934100556,discretionary,14583.932902366076
USER_0025,2026-07-26,-237.32117490955136,discretionary,14346.611727456524
USER_0025,2026-07-27,-512.5574336436106,discretionary,13834.054293812913
USER_0025,2026-07-28,30000.0,income_salary,43834.054293812915
USER_0025,2026-07-28,-480.40820432985726,discretionary,43353.64608948306
USER_0025,2026-07-29,-216.52678775981457,discretionary,43137.11930172324
USER_0025,2026-07-30,-201.48067715962557,discretionary,42935.63862456362
USER_0025,2026-07-31,-801.1399611311756,discretionary,42134.49866343244
USER_0025,2026-08-01,-7138.293888634133,fixed_rent,34996.2047747983
USER_0025,2026-08-01,-270.8118416566447,discretionary,34725.39293314166
USER_0025,2026-08-02,-183.52871213511335,discretionary,34541.864221006545
USER_0025,2026-08-03,-90.333520129157,discretionary,34451.53070087739
USER_0025,2026-08-04,-448.35697685801387,discretionary,34003.173724019376
USER_0025,2026-08-05,-411.95311350286664,discretionary,33591.22061051651
USER_0025,2026-08-06,-93.35785392365142,discretionary,33497.86275659286
USER_0025,2026-08-07,-127.31866956400981,discretionary,33370.54408702885
USER_0025,2026-08-08,-168.28964163185393,discretionary,33202.254445397
USER_0025,2026-08-09,-413.56259125751404,discretionary,32788.691854139484
USER_0025,2026-08-10,-346.6902658967537,discretionary,32442.001588242732
USER_0025,2026-08-11,-547.3567987972726,discretionary,31894.64478944546
USER_0025,2026-08-12,-125.24393011238041,discretionary,31769.40085933308
USER_0025,2026-08-13,-90.84483801329166,discretionary,31678.55602131979
USER_0025,2026-08-14,-78.63064569672848,discretionary,31599.92537562306
USER_0025,2026-08-15,-337.3116552059432,discretionary,31262.613720417117
USER_0025,2026-08-16,-300.43781236454106,discretionary,30962.175908052577
USER_0025,2026-08-17,-254.4528341937843,discretionary,30707.723073858793
USER_0025,2026-08-18,-498.2616206288602,discretionary,30209.461453229935
USER_0025,2026-08-19,-159.08452388931164,discretionary,30050.376929340622
USER_0025,2026-08-20,-176.31865615532922,discretionary,29874.058273185292
USER_0025,2026-08-21,-177.42635675083523,discretionary,29696.631916434457
USER_0025,2026-08-22,-179.94760062927259,discretionary,29516.684315805185
USER_0025,2026-08-23,-194.77445432427857,discretionary,29321.909861480908
USER_0025,2026-08-24,-386.5179260255896,discretionary,28935.391935455318
USER_0025,2026-08-25,-320.1581703794568,discretionary,28615.23376507586
USER_0025,2026-08-26,-145.92705049630047,discretionary,28469.30671457956
USER_0025,2026-08-27,-199.7711323040864,discretionary,28269.535582275475
USER_0025,2026-08-28,30000.0,income_salary,58269.53558227548
USER_0025,2026-08-28,-318.2197492148873,discretionary,57951.315833060595
USER_0025,2026-08-29,-215.62910442491366,discretionary,57735.68672863568
USER_0026,2026-06-01,-188.12985299035913,discretionary,4811.870147009641
USER_0026,2026-06-02,-187.4394103426149,discretionary,4624.430736667026
USER_0026,2026-06-03,-405.8096722326935,discretionary,4218.621064434333
USER_0026,2026-06-04,-195.1481540915711,discretionary,4023.4729103427617
USER_0026,2026-06-05,-243.9081316887395,discretionary,3779.564778654022
USER_0026,2026-06-06,-695.1043835146826,discretionary,3084.4603951393397
USER_0026,2026-06-07,-303.9847748962776,discretionary,2780.475620243062
USER_0026,2026-06-08,-336.7360130983543,discretionary,2443.739607144708
USER_0026,2026-06-09,-517.8774096343388,discretionary,1925.862197510369
USER_0026,2026-06-10,-605.9886186864449,discretionary,1319.8735788239242
USER_0026,2026-06-11,-220.78679840808053,discretionary,1099.0867804158436
USER_0026,2026-06-12,-268.97808155114194,discretionary,830.1086988647016
USER_0026,2026-06-13,-374.6894080142199,discretionary,455.41929085048173
USER_0026,2026-06-14,-139.43856854833192,discretionary,315.98072230214984
USER_0026,2026-06-15,-272.714265150652,discretionary,43.26645715149783
USER_0026,2026-06-16,-378.674987293995,discretionary,-335.40853014249717
USER_0026,2026-06-17,-203.08172183963308,discretionary,-538.4902519821303
USER_0026,2026-06-18,-361.36655881022193,discretionary,-899.8568107923522
USER_0026,2026-06-19,-137.9959899877975,discretionary,-1037.8528007801497
USER_0026,2026-06-20,-306.8115744814214,discretionary,-1344.664375261571
USER_0026,2026-06-21,-219.56340211119948,discretionary,-1564.2277773727706
USER_0026,2026-06-22,-326.4150894610503,discretionary,-1890.6428668338208
USER_0026,2026-06-23,-196.26120674188292,discretionary,-2086.9040735757035
USER_0026,2026-06-24,-155.45132727953666,discretionary,-2242.35540085524
USER_0026,2026-06-25,-335.2637283917236,discretionary,-2577.619129246964
USER_0026,2026-06-26,-158.69238696803555,discretionary,-2736.3115162149993
USER_0026,2026-06-27,-188.0283657619244,discretionary,-2924.3398819769236
USER_0026,2026-06-28,20000.0,income_salary,17075.660118023075
USER_0026,2026-06-28,-111.8757487486294,discretionary,16963.784369274446
USER_0026,2026-06-29,-352.5561245914068,discretionary,16611.22824468304
USER_0026,2026-06-30,-567.8397364647492,discretionary,16043.38850821829
USER_0026,2026-07-01,-7418.064046585947,fixed_rent,8625.324461632343
USER_0026,2026-07-01,-286.38722049760094,discretionary,8338.937241134741
USER_0026,2026-07-02,-580.4972586904577,discretionary,7758.4399824442835
USER_0026,2026-07-03,-330.1840284006378,discretionary,7428.255954043646
USER_0026,2026-07-04,-141.28632902123687,discretionary,7286.969625022409
USER_0026,2026-07-05,-230.7859747848307,discretionary,7056.183650237578
USER_0026,2026-07-06,-200.8991530522739,discretionary,6855.284497185305
USER_0026,2026-07-07,-393.13090050192847,discretionary,6462.153596683376
USER_0026,2026-07-08,-342.773188757527,discretionary,6119.380407925849
USER_0026,2026-07-09,-243.61678770650576,discretionary,5875.7636202193435
USER_0026,2026-07-10,-307.5843682280745,discretionary,5568.179251991269
USER_0026,2026-07-11,-398.49603747460714,discretionary,5169.683214516662
USER_0026,2026-07-12,-343.25090713195783,discretionary,4826.432307384704
USER_0026,2026-07-13,-193.89635003252621,discretionary,4632.535957352177
USER_0026,2026-07-14,-194.549320064213,discretionary,4437.986637287964
USER_0026,2026-07-15,-245.98425349600961,discretionary,4192.002383791954
USER_0026,2026-07-16,-458.028316257919,discretionary,3733.9740675340354
USER_0026,2026-07-17,-202.86174546720042,discretionary,3531.112322066835
USER_0026,2026-07-18,-452.0643344588077,discretionary,3079.047987608027
USER_0026,2026-07-19,-346.44743467728597,discretionary,2732.6005529307413
USER_0026,2026-07-20,-208.61795836251804,discretionary,2523.9825945682232
USER_0026,2026-07-21,-351.9863790030282,discretionary,2171.996215565195
USER_0026,2026-07-22,-454.9334004265817,discretionary,1717.0628151386134
USER_0026,2026-07-23,-285.38539122704225,discretionary,1431.6774239115712
USER_0026,2026-07-24,-632.0175448529029,discretionary,799.6598790586683
USER_0026,2026-07-25,-266.8462651173273,discretionary,532.8136139413409
USER_0026,2026-07-26,-86.149465626585,discretionary,446.66414831475595
USER_0026,2026-07-27,-84.29469114296228,discretionary,362.36945717179367
USER_0026,2026-07-28,20000.0,income_salary,20362.369457171793
USER_0026,2026-07-28,-334.71380151745075,discretionary,20027.655655654344
USER_0026,2026-07-29,-152.15921753883154,discretionary,19875.49643811551
USER_0026,2026-07-30,-150.69506795218263,discretionary,19724.801370163328
USER_0026,2026-07-31,-213.61222193464283,discretionary,19511.189148228685
USER_0026,2026-08-01,-7418.064046585947,fixed_rent,12093.125101642738
USER_0026,2026-08-01,-348.42476730796005,discretionary,11744.700334334777
USER_0026,2026-08-02,-320.15797646854406,discretionary,11424.542357866232
USER_0026,2026-08-03,-168.75833501540257,discretionary,11255.78402285083
USER_0026,2026-08-04,-204.31852368499005,discretionary,11051.46549916584
USER_0026,2026-08-05,-267.2243514564002,discretionary,10784.241147709441
USER_0026,2026-08-06,-433.8909088787682,discretionary,10350.350238830673
USER_0026,2026-08-07,-211.0162696720912,discretionary,10139.333969158582
USER_0026,2026-08-08,-185.99195463412516,discretionary,9953.342014524458
USER_0026,2026-08-09,-1214.2277913311339,discretionary,8739.114223193325
USER_0026,2026-08-10,-134.88989137964967,discretionary,8604.224331813675
USER_0026,2026-08-11,-220.54516688372527,discretionary,8383.67916492995
USER_0026,2026-08-12,-156.30044414401928,discretionary,8227.378720785931
USER_0026,2026-08-13,-272.22579981394136,discretionary,7955.15292097199
USER_0026,2026-08-14,-201.57547843690003,discretionary,7753.57744253509
USER_0026,2026-08-15,-303.11861657172034,discretionary,7450.45882596337
USER_0026,2026-08-16,-312.8748192390509,discretionary,7137.584006724319
USER_0026,2026-08-17,-124.50168949807221,discretionary,7013.082317226246
USER_0026,2026-08-18,-184.56904649288077,discretionary,6828.513270733365
USER_0026,2026-08-19,-444.8203637769816,discretionary,6383.692906956383
USER_0026,2026-08-20,-523.9949322686272,discretionary,5859.697974687756
USER_0026,2026-08-21,-167.28524979298308,discretionary,5692.4127248947725
USER_0026,2026-08-22,-404.03511302383646,discretionary,5288.377611870936
USER_0026,2026-08-23,-49.74388239164426,discretionary,5238.633729479291
USER_0026,2026-08-24,-230.3544101582476,discretionary,5008.279319321044
USER_0026,2026-08-25,-197.47092491585903,discretionary,4810.808394405185
USER_0026,2026-08-26,-409.1754482441145,discretionary,4401.63294616107
USER_0026,2026-08-27,-239.5158427304838,discretionary,4162.117103430586
USER_0026,2026-08-28,20000.0,income_salary,24162.117103430588
USER_0026,2026-08-28,-244.9774445400565,discretionary,23917.13965889053
USER_0026,2026-08-29,-338.5759897025886,discretionary,23578.56366918794
USER_0027,2026-06-01,-194.4085592255167,discretionary,4805.591440774483
USER_0027,2026-06-02,-187.16801566524245,discretionary,4618.42342510924
USER_0027,2026-06-03,-275.4892506247428,discretionary,4342.934174484498
USER_0027,2026-06-04,-226.45783593524033,discretionary,4116.476338549258
USER_0027,2026-06-05,-646.3283356106862,discretionary,3470.1480029385716
USER_0027,2026-06-06,-391.9756678508843,discretionary,3078.1723350876873
USER_0027,2026-06-07,-261.8966263116567,discretionary,2816.2757087760306
USER_0027,2026-06-08,-185.16758014058877,discretionary,2631.108128635442
USER_0027,2026-06-09,-199.76251574585316,discretionary,2431.3456128895887
USER_0027,2026-06-10,-138.37758895766123,discretionary,2292.9680239319273
USER_0027,2026-06-11,-388.31065856327916,discretionary,1904.6573653686482
USER_0027,2026-06-12,-147.0986972845271,discretionary,1757.558668084121
USER_0027,2026-06-13,-224.63285198435486,discretionary,1532.9258160997663
USER_0027,2026-06-14,-138.79684399781567,discretionary,1394.1289721019507
USER_0027,2026-06-15,-245.54795306050954,discretionary,1148.581019041441
USER_0027,2026-06-16,-353.53506673178407,discretionary,795.045952309657
USER_0027,2026-06-17,-228.11640580810106,discretionary,566.9295465015559
USER_0027,2026-06-18,-187.18096041350086,discretionary,379.74858608805505
USER_0027,2026-06-19,-229.03799536506583,discretionary,150.71059072298922
USER_0027,2026-06-20,-161.38970842967396,discretionary,-10.679117706684735
USER_0027,2026-06-21,-108.14211004212432,discretionary,-118.82122774880905
USER_0027,2026-06-22,-514.4849779373808,discretionary,-633.3062056861899
USER_0027,2026-06-23,-317.42869986734723,discretionary,-950.7349055535371
USER_0027,2026-06-24,-304.8635188659812,discretionary,-1255.5984244195183
USER_0027,2026-06-25,-137.39019064161423,discretionary,-1392.9886150611326
USER_0027,2026-06-26,-405.7746235930363,discretionary,-1798.7632386541688
USER_0027,2026-06-27,-91.07960722761432,discretionary,-1889.8428458817832
USER_0027,2026-06-28,25000.0,income_salary,23110.157154118217
USER_0027,2026-06-28,-50.05176269460686,discretionary,23060.10539142361
USER_0027,2026-06-29,-160.45905548552253,discretionary,22899.646335938087
USER_0027,2026-06-30,-178.17207915514564,discretionary,22721.47425678294
USER_0027,2026-07-01,-5897.558087711374,fixed_rent,16823.916169071566
USER_0027,2026-07-01,-805.2952799005856,discretionary,16018.620889170981
USER_0027,2026-07-02,-322.8178630185353,discretionary,15695.803026152445
USER_0027,2026-07-03,-216.30959687499188,discretionary,15479.493429277454
USER_0027,2026-07-04,-204.7120118335974,discretionary,15274.781417443857
USER_0027,2026-07-05,-255.28229303881957,discretionary,15019.499124405038
USER_0027,2026-07-06,-397.39902151141445,discretionary,14622.100102893624
USER_0027,2026-07-07,-131.26595010849974,discretionary,14490.834152785124
USER_0027,2026-07-08,-207.9829332969862,discretionary,14282.851219488139
USER_0027,2026-07-09,-348.40025305578615,discretionary,13934.450966432352
USER_0027,2026-07-10,-486.7442854485226,discretionary,13447.706680983829
USER_0027,2026-07-11,-180.38555858429476,discretionary,13267.321122399535
USER_0027,2026-07-12,-334.64193034386216,discretionary,12932.679192055673
USER_0027,2026-07-13,-154.3312067478565,discretionary,12778.347985307817
USER_0027,2026-07-14,-338.2430606059341,discretionary,12440.104924701884
USER_0027,2026-07-15,-340.4762498103287,discretionary,12099.628674891555
USER_0027,2026-07-16,-225.40498664447585,discretionary,11874.223688247079
USER_0027,2026-07-17,-319.6759526096273,discretionary,11554.547735637452
USER_0027,2026-07-18,-439.5431082462928,discretionary,11115.00462739116
USER_0027,2026-07-19,-461.3658127796188,discretionary,10653.63881461154
USER_0027,2026-07-20,-201.15387266906964,discretionary,10452.484941942472
USER_0027,2026-07-21,-413.8302175847429,discretionary,10038.65472435773
USER_0027,2026-07-22,-337.3450592878349,discretionary,9701.309665069895
USER_0027,2026-07-23,-167.47351472250102,discretionary,9533.836150347393
USER_0027,2026-07-24,-263.38329753309216,discretionary,9270.452852814302
USER_0027,2026-07-25,-387.64816810670726,discretionary,8882.804684707595
USER_0027,2026-07-26,-184.93545417702853,discretionary,8697.869230530567
USER_0027,2026-07-27,-358.2876600492189,discretionary,8339.581570481349
USER_0027,2026-07-28,25000.0,income_salary,33339.58157048135
USER_0027,2026-07-28,-214.9720354562599,discretionary,33124.60953502509
USER_0027,2026-07-29,-200.76308091430704,discretionary,32923.84645411078
USER_0027,2026-07-30,-176.9700629132222,discretionary,32746.87639119756
USER_0027,2026-07-31,-278.16905729329494,discretionary,32468.70733390426
USER_0027,2026-08-01,-5897.558087711374,fixed_rent,26571.149246192886
USER_0027,2026-08-01,-281.4054828097597,discretionary,26289.743763383125
USER_0027,2026-08-02,-77.60258400637458,discretionary,26212.14117937675
USER_0027,2026-08-03,-400.5852058488912,discretionary,25811.55597352786
USER_0027,2026-08-04,-217.78236975179752,discretionary,25593.773603776062
USER_0027,2026-08-05,-108.06070829155034,discretionary,25485.71289548451
USER_0027,2026-08-06,-257.75602552040084,discretionary,25227.95686996411
USER_0027,2026-08-07,-415.1257750413064,discretionary,24812.831094922803
USER_0027,2026-08-08,-461.86521602076215,discretionary,24350.96587890204
USER_0027,2026-08-09,-751.8321939432946,discretionary,23599.133684958746
USER_0027,2026-08-10,-250.01388913958993,discretionary,23349.119795819155
USER_0027,2026-08-11,-202.71624956578734,discretionary,23146.40354625337
USER_0027,2026-08-12,-166.97359380293491,discretionary,22979.429952450435
USER_0027,2026-08-13,-261.73729822536745,discretionary,22717.692654225066
USER_0027,2026-08-14,-131.59453308367972,discretionary,22586.098121141385
USER_0027,2026-08-15,-194.8157659557111,discretionary,22391.282355185675
USER_0027,2026-08-16,-232.82519263358412,discretionary,22158.45716255209
USER_0027,2026-08-17,-274.1743532609162,discretionary,21884.282809291173
USER_0027,2026-08-18,-295.3318487456545,discretionary,21588.950960545517
USER_0027,2026-08-19,-413.79506329204963,discretionary,21175.155897253466
USER_0027,2026-08-20,-902.1001050591818,discretionary,20273.055792194285
USER_0027,2026-08-21,-198.5422357885016,discretionary,20074.513556405785
USER_0027,2026-08-22,-309.27399577043076,discretionary,19765.239560635353
USER_0027,2026-08-23,-394.88415766833594,discretionary,19370.355402967016
USER_0027,2026-08-24,-507.6874935053401,discretionary,18862.667909461677
USER_0027,2026-08-25,-272.47359425828444,discretionary,18590.194315203393
USER_0027,2026-08-26,-175.4294450981297,discretionary,18414.764870105264
USER_0027,2026-08-27,-161.04919810708216,discretionary,18253.715671998183
USER_0027,2026-08-28,25000.0,income_salary,43253.71567199819
USER_0027,2026-08-28,-465.7094538738769,discretionary,42788.00621812431
USER_0027,2026-08-29,-169.58872677977052,discretionary,42618.41749134454
USER_0028,2026-06-01,-371.81921659439627,discretionary,4628.1807834056035
USER_0028,2026-06-02,-438.6716225826087,discretionary,4189.509160822995
USER_0028,2026-06-03,-116.88173905451634,discretionary,4072.6274217684786
USER_0028,2026-06-04,-431.7716359125777,discretionary,3640.8557858559006
USER_0028,2026-06-05,-411.65611619400505,discretionary,3229.1996696618958
USER_0028,2026-06-06,-163.42180858187203,discretionary,3065.7778610800237
USER_0028,2026-06-07,-263.49859821208116,discretionary,2802.2792628679426
USER_0028,2026-06-08,-119.40112584694226,discretionary,2682.8781370210004
USER_0028,2026-06-09,-87.63366730448489,discretionary,2595.2444697165156
USER_0028,2026-06-10,-356.1171530105605,discretionary,2239.1273167059553
USER_0028,2026-06-11,-269.2093140068427,discretionary,1969.9180026991125
USER_0028,2026-06-12,-148.1289715809813,discretionary,1821.7890311181313
USER_0028,2026-06-13,-388.4802701879895,discretionary,1433.308760930142
USER_0028,2026-06-14,-262.22763952912214,discretionary,1171.0811214010198
USER_0028,2026-06-15,-202.021909401891,discretionary,969.0592119991288
USER_0028,2026-06-16,-324.8095633826691,discretionary,644.2496486164597
USER_0028,2026-06-17,-78.54173155896717,discretionary,565.7079170574925
USER_0028,2026-06-18,-273.49677887674056,discretionary,292.21113818075196
USER_0028,2026-06-19,-321.24588019453705,discretionary,-29.034742013785092
USER_0028,2026-06-20,-185.11507846939818,discretionary,-214.14982048318328
USER_0028,2026-06-21,-280.88548591854175,discretionary,-495.03530640172505
USER_0028,2026-06-22,-717.1759167844554,discretionary,-1212.2112231861804
USER_0028,2026-06-23,-505.1859436034287,discretionary,-1717.3971667896092
USER_0028,2026-06-24,-201.71896501079257,discretionary,-1919.1161318004017
USER_0028,2026-06-25,-268.2164545575491,discretionary,-2187.3325863579507
USER_0028,2026-06-26,-130.3533480000332,discretionary,-2317.685934357984
USER_0028,2026-06-27,-694.3295983471961,discretionary,-3012.0155327051802
USER_0028,2026-06-28,35000.0,income_salary,31987.98446729482
USER_0028,2026-06-28,-394.6485944748357,discretionary,31593.335872819986
USER_0028,2026-06-29,-206.18371620172846,discretionary,31387.152156618256
USER_0028,2026-06-30,-268.3051288057429,discretionary,31118.847027812513
USER_0028,2026-07-01,-6256.467534501315,fixed_rent,24862.3794933112
USER_0028,2026-07-01,-100.3101773797103,discretionary,24762.06931593149
USER_0028,2026-07-02,-317.98456860680227,discretionary,24444.084747324687
USER_0028,2026-07-03,-363.3397640043838,discretionary,24080.744983320303
USER_0028,2026-07-04,-259.6088331177465,discretionary,23821.136150202557
USER_0028,2026-07-05,-296.6311550946314,discretionary,23524.504995107927
USER_0028,2026-07-06,-263.1816422407072,discretionary,23261.32335286722
USER_0028,2026-07-07,-240.06536052870473,discretionary,23021.257992338516
USER_0028,2026-07-08,-567.770276586068,discretionary,22453.48771575245
USER_0028,2026-07-09,-141.80555265177895,discretionary,22311.68216310067
USER_0028,2026-07-10,-137.6958833536515,discretionary,22173.98627974702
USER_0028,2026-07-11,-145.4845064446753,discretionary,22028.501773302345
USER_0028,2026-07-12,-264.597424104748,discretionary,21763.904349197597
USER_0028,2026-07-13,-340.46719394322014,discretionary,21423.437155254378
USER_0028,2026-07-14,-268.0685286550791,discretionary,21155.3686265993
USER_0028,2026-07-15,-114.37180785220788,discretionary,21040.99681874709
USER_0028,2026-07-16,-79.63628395872783,discretionary,20961.360534788364
USER_0028,2026-07-17,-292.85280437675027,discretionary,20668.507730411613
USER_0028,2026-07-18,-73.39362959051836,discretionary,20595.114100821094
USER_0028,2026-07-19,-127.33010649542818,discretionary,20467.783994325666
USER_0028,2026-07-20,-328.68353388793446,discretionary,20139.10046043773
USER_0028,2026-07-21,-229.44434952153227,discretionary,19909.6561109162
USER_0028,2026-07-22,-152.88706707944021,discretionary,19756.76904383676
USER_0028,2026-07-23,-178.89350810879316,discretionary,19577.875535727966
USER_0028,2026-07-24,-217.69695821765842,discretionary,19360.17857751031
USER_0028,2026-07-25,-621.3990660869052,discretionary,18738.779511423403
USER_0028,2026-07-26,-192.79179156298005,discretionary,18545.987719860423
USER_0028,2026-07-27,-327.06376583152354,discretionary,18218.923954028898
USER_0028,2026-07-28,35000.0,income_salary,53218.9239540289
USER_0028,2026-07-28,-1123.6092624815442,discretionary,52095.314691547355
USER_0028,2026-07-29,-335.13349710812247,discretionary,51760.18119443923
USER_0028,2026-07-30,-151.18353673574697,discretionary,51608.99765770348
USER_0028,2026-07-31,-437.63998344960714,discretionary,51171.35767425388
USER_0028,2026-08-01,-6256.467534501315,fixed_rent,44914.89013975256
USER_0028,2026-08-01,-216.12128501245093,discretionary,44698.76885474011
USER_0028,2026-08-02,-223.94746383177338,discretionary,44474.821390908335
USER_0028,2026-08-03,-106.59409826038528,discretionary,44368.22729264795
USER_0028,2026-08-04,-490.7290783488663,discretionary,43877.498214299085
USER_0028,2026-08-05,-387.5001685512946,discretionary,43489.99804574779
USER_0028,2026-08-06,-128.9848453957665,discretionary,43361.01320035202
USER_0028,2026-08-07,-125.62395549668734,discretionary,43235.38924485533
USER_0028,2026-08-08,-415.90195667233405,discretionary,42819.487288182994
USER_0028,2026-08-09,-103.63721106018635,discretionary,42715.85007712281
USER_0028,2026-08-10,-144.88397846066883,discretionary,42570.96609866214
USER_0028,2026-08-11,-94.08062171412773,discretionary,42476.88547694801
USER_0028,2026-08-12,-149.54280716911157,discretionary,42327.3426697789
USER_0028,2026-08-13,-289.22884148338375,discretionary,42038.113828295514
USER_0028,2026-08-14,-362.76603202329085,discretionary,41675.347796272225
USER_0028,2026-08-15,-295.7200081458329,discretionary,41379.62778812639
USER_0028,2026-08-16,-182.00093142119334,discretionary,41197.626856705196
USER_0028,2026-08-17,-210.19351230667127,discretionary,40987.43334439852
USER_0028,2026-08-18,-102.82868981372887,discretionary,40884.60465458479
USER_0028,2026-08-19,-412.06480517914974,discretionary,40472.53984940564
USER_0028,2026-08-20,-335.50572238262856,discretionary,40137.03412702301
USER_0028,2026-08-21,-319.7885809273481,discretionary,39817.24554609566
USER_0028,2026-08-22,-304.05213325254743,discretionary,39513.19341284312
USER_0028,2026-08-23,-198.1135597891414,discretionary,39315.079853053976
USER_0028,2026-08-24,-290.74865961340737,discretionary,39024.33119344057
USER_0028,2026-08-25,-160.00558949732437,discretionary,38864.325603943245
USER_0028,2026-08-26,-298.8445019068627,discretionary,38565.481102036385
USER_0028,2026-08-27,-380.4752452045741,discretionary,38185.00585683181
USER_0028,2026-08-28,35000.0,income_salary,73185.00585683182
USER_0028,2026-08-28,-96.43106324888085,discretionary,73088.57479358294
USER_0028,2026-08-29,-650.745449501989,discretionary,72437.82934408095
USER_0029,2026-06-01,-291.0914732294312,discretionary,4708.908526770569
USER_0029,2026-06-02,-138.54919821218633,discretionary,4570.359328558382
USER_0029,2026-06-03,-228.85213430854907,discretionary,4341.5071942498325
USER_0029,2026-06-04,-435.14848365878237,discretionary,3906.35871059105
USER_0029,2026-06-05,-238.92645849256965,discretionary,3667.4322520984806
USER_0029,2026-06-06,-270.6716949070919,discretionary,3396.7605571913887
USER_0029,2026-06-07,-198.9886550943493,discretionary,3197.7719020970394
USER_0029,2026-06-08,-214.49308190507193,discretionary,2983.2788201919675
USER_0029,2026-06-09,-145.5961925655592,discretionary,2837.6826276264082
USER_0029,2026-06-10,-249.86464220418546,discretionary,2587.8179854222226
USER_0029,2026-06-11,-314.1343510518436,discretionary,2273.683634370379
USER_0029,2026-06-12,-409.2637189773798,discretionary,1864.4199153929992
USER_0029,2026-06-13,-164.1156649702318,discretionary,1700.3042504227674
USER_0029,2026-06-14,-304.9859890510613,discretionary,1395.318261371706
USER_0029,2026-06-15,-146.47984385873616,discretionary,1248.83841751297
USER_0029,2026-06-16,-246.8153244696655,discretionary,1002.0230930433045
USER_0029,2026-06-17,-322.7610142264484,discretionary,679.262078816856
USER_0029,2026-06-18,-406.8410479349172,discretionary,272.42103088193886
USER_0029,2026-06-19,-221.61316341954156,discretionary,50.8078674623973
USER_0029,2026-06-20,-198.78540075107557,discretionary,-147.97753328867827
USER_0029,2026-06-21,-264.35477336202644,discretionary,-412.3323066507047
USER_0029,2026-06-22,-218.93641772329505,discretionary,-631.2687243739997
USER_0029,2026-06-23,-345.69057270569914,discretionary,-976.9592970796989
USER_0029,2026-06-24,-237.5856067711001,discretionary,-1214.544903850799
USER_0029,2026-06-25,-192.83522860049624,discretionary,-1407.3801324512954
USER_0029,2026-06-26,-279.06241801960675,discretionary,-1686.442550470902
USER_0029,2026-06-27,-371.1225750560722,discretionary,-2057.565125526974
USER_0029,2026-06-28,20000.0,income_salary,17942.434874473027
USER_0029,2026-06-28,-203.49465218452846,discretionary,17738.9402222885
USER_0029,2026-06-29,-130.38052445740564,discretionary,17608.559697831093
USER_0029,2026-06-30,-622.0863002026119,discretionary,16986.47339762848
USER_0029,2026-07-01,-8671.874341540337,fixed_rent,8314.599056088144
USER_0029,2026-07-01,-182.10687403214223,discretionary,8132.492182056001
USER_0029,2026-07-02,-164.74035702603695,discretionary,7967.7518250299645
USER_0029,2026-07-03,-179.98429455000792,discretionary,7787.767530479957
USER_0029,2026-07-04,-149.26271335040693,discretionary,7638.50481712955
USER_0029,2026-07-05,-209.23781075364363,discretionary,7429.267006375907
USER_0029,2026-07-06,-195.71930971460526,discretionary,7233.547696661301
USER_0029,2026-07-07,-122.2417094405221,discretionary,7111.30598722078
USER_0029,2026-07-08,-190.15153771866983,discretionary,6921.15444950211
USER_0029,2026-07-09,-236.82326987566483,discretionary,6684.331179626445
USER_0029,2026-07-10,-441.21627602650597,discretionary,6243.114903599939
USER_0029,2026-07-11,-102.50356779836731,discretionary,6140.611335801572
USER_0029,2026-07-12,-200.24844285532708,discretionary,5940.362892946245
USER_0029,2026-07-13,-367.40788975656005,discretionary,5572.955003189685
USER_0029,2026-07-14,-145.38698377132428,discretionary,5427.568019418361
USER_0029,2026-07-15,-264.9975771878464,discretionary,5162.570442230514
USER_0029,2026-07-16,-483.8711007990091,discretionary,4678.699341431506
USER_0029,2026-07-17,-879.8982569806734,discretionary,3798.801084450832
USER_0029,2026-07-18,-1028.7723202670636,discretionary,2770.0287641837685
USER_0029,2026-07-19,-308.68616541970715,discretionary,2461.342598764061
USER_0029,2026-07-20,-351.71632583611307,discretionary,2109.6262729279483
USER_0029,2026-07-21,-61.27473186932021,discretionary,2048.3515410586283
USER_0029,2026-07-22,-314.06992488382343,discretionary,1734.2816161748049
USER_0029,2026-07-23,-397.5584280552945,discretionary,1336.7231881195103
USER_0029,2026-07-24,-409.9304561529151,discretionary,926.7927319665952
USER_0029,2026-07-25,-113.26799674309511,discretionary,813.5247352235001
USER_0029,2026-07-26,-283.59017945680154,discretionary,529.9345557666986
USER_0029,2026-07-27,-127.06768042966914,discretionary,402.86687533702946
USER_0029,2026-07-28,20000.0,income_salary,20402.86687533703
USER_0029,2026-07-28,-174.55764731992525,discretionary,20228.309228017104
USER_0029,2026-07-29,-361.5274647188439,discretionary,19866.78176329826
USER_0029,2026-07-30,-288.5030380373878,discretionary,19578.278725260872
USER_0029,2026-07-31,-167.0520221102029,discretionary,19411.22670315067
USER_0029,2026-08-01,-8671.874341540337,fixed_rent,10739.352361610334
USER_0029,2026-08-01,-328.19342933530027,discretionary,10411.158932275033
USER_0029,2026-08-02,-339.50622916570535,discretionary,10071.652703109328
USER_0029,2026-08-03,-348.38819290155595,discretionary,9723.264510207773
USER_0029,2026-08-04,-222.08265785575284,discretionary,9501.18185235202
USER_0029,2026-08-05,-150.75964865638042,discretionary,9350.42220369564
USER_0029,2026-08-06,-190.38819997388083,discretionary,9160.03400372176
USER_0029,2026-08-07,-171.2765111795619,discretionary,8988.757492542198
USER_0029,2026-08-08,-314.37118830623075,discretionary,8674.386304235966
USER_0029,2026-08-09,-226.62894746457226,discretionary,8447.757356771393
USER_0029,2026-08-10,-207.28130218061756,discretionary,8240.476054590776
USER_0029,2026-08-11,-195.14121643324643,discretionary,8045.334838157529
USER_0029,2026-08-12,-251.67817460923263,discretionary,7793.656663548296
USER_0029,2026-08-13,-413.8678263798771,discretionary,7379.7888371684185
USER_0029,2026-08-14,-146.24262802994474,discretionary,7233.546209138473
USER_0029,2026-08-15,-527.5082508013844,discretionary,6706.037958337089
USER_0029,2026-08-16,-204.63290841913073,discretionary,6501.4050499179575
USER_0029,2026-08-17,-175.76785348207747,discretionary,6325.6371964358805
USER_0029,2026-08-18,-195.52713870747723,discretionary,6130.110057728403
USER_0029,2026-08-19,-192.7090660133991,discretionary,5937.400991715004
USER_0029,2026-08-20,-290.5143344297711,discretionary,5646.886657285233
USER_0029,2026-08-21,-148.09492421694273,discretionary,5498.79173306829
USER_0029,2026-08-22,-268.08562837582537,discretionary,5230.706104692465
USER_0029,2026-08-23,-191.10022899230108,discretionary,5039.605875700164
USER_0029,2026-08-24,-311.8400603074496,discretionary,4727.765815392714
USER_0029,2026-08-25,-159.8711720405336,discretionary,4567.8946433521805
USER_0029,2026-08-26,-195.8172013852818,discretionary,4372.077441966899
USER_0029,2026-08-27,-225.14948796999326,discretionary,4146.927953996906
USER_0029,2026-08-28,20000.0,income_salary,24146.927953996907
USER_0029,2026-08-28,-532.4811200537476,discretionary,23614.44683394316
USER_0029,2026-08-29,-121.30122680543789,discretionary,23493.14560713772
USER_0030,2026-06-01,-141.41344264951996,discretionary,4858.58655735048
USER_0030,2026-06-02,-353.0663728286572,discretionary,4505.520184521823
USER_0030,2026-06-03,-478.19460306634863,discretionary,4027.325581455474
USER_0030,2026-06-04,-366.06820595832147,discretionary,3661.2573754971527
USER_0030,2026-06-05,-299.515970967963,discretionary,3361.74140452919
USER_0030,2026-06-06,-210.07367747080048,discretionary,3151.6677270583896
USER_0030,2026-06-07,-407.927236875415,discretionary,2743.7404901829746
USER_0030,2026-06-08,-127.96146854584129,discretionary,2615.779021637133
USER_0030,2026-06-09,-201.44924678196833,discretionary,2414.329774855165
USER_0030,2026-06-10,-186.89657021938592,discretionary,2227.433204635779
USER_0030,2026-06-11,-270.80430575735267,discretionary,1956.6288988784263
USER_0030,2026-06-12,-227.38693658543787,discretionary,1729.2419622929883
USER_0030,2026-06-13,-223.64123435809745,discretionary,1505.600727934891
USER_0030,2026-06-14,-188.01496726956367,discretionary,1317.5857606653274
USER_0030,2026-06-15,-264.25654748700214,discretionary,1053.3292131783253
USER_0030,2026-06-16,-268.6640313211953,discretionary,784.6651818571299
USER_0030,2026-06-17,-446.24731528950235,discretionary,338.4178665676276
USER_0030,2026-06-18,-48.82207528323932,discretionary,289.59579128438827
USER_0030,2026-06-19,-122.68287725600946,discretionary,166.9129140283788
USER_0030,2026-06-20,-503.60578993383695,discretionary,-336.69287590545815
USER_0030,2026-06-21,-169.6562866092637,discretionary,-506.34916251472185
USER_0030,2026-06-22,-589.804337313427,discretionary,-1096.1534998281488
USER_0030,2026-06-23,-233.56006587625933,discretionary,-1329.7135657044082
USER_0030,2026-06-24,-156.65076471866763,discretionary,-1486.364330423076
USER_0030,2026-06-25,-216.48830035996207,discretionary,-1702.852630783038
USER_0030,2026-06-26,-228.58689183212766,discretionary,-1931.4395226151655
USER_0030,2026-06-27,-209.54038578013063,discretionary,-2140.979908395296
USER_0030,2026-06-28,30000.0,income_salary,27859.020091604703
USER_0030,2026-06-28,-458.05853365905045,discretionary,27400.96155794565
USER_0030,2026-06-29,-72.4562832958887,discretionary,27328.505274649764
USER_0030,2026-06-30,-148.35593271449287,discretionary,27180.14934193527
USER_0030,2026-07-01,-8511.069226709104,fixed_rent,18669.080115226167
USER_0030,2026-07-01,-223.3140323930296,discretionary,18445.766082833135
USER_0030,2026-07-02,-201.08740949694214,discretionary,18244.678673336195
USER_0030,2026-07-03,-244.20601532442663,discretionary,18000.472658011768
USER_0030,2026-07-04,-160.76625702785458,discretionary,17839.706400983912
USER_0030,2026-07-05,-157.16190975205285,discretionary,17682.54449123186
USER_0030,2026-07-06,-235.21313700820158,discretionary,17447.331354223657
USER_0030,2026-07-07,-224.61263719017404,discretionary,17222.718717033484
USER_0030,2026-07-08,-349.45711582302846,discretionary,16873.261601210455
USER_0030,2026-07-09,-253.8647015077917,discretionary,16619.396899702664
USER_0030,2026-07-10,-133.93035366334976,discretionary,16485.466546039315
USER_0030,2026-07-11,-130.01887331347965,discretionary,16355.447672725835
USER_0030,2026-07-12,-166.26394443622246,discretionary,16189.183728289612
USER_0030,2026-07-13,-345.46526665831317,discretionary,15843.718461631299
USER_0030,2026-07-14,-577.2033347601089,discretionary,15266.51512687119
USER_0030,2026-07-15,-113.22515287472807,discretionary,15153.289973996463
USER_0030,2026-07-16,-287.1713709546344,discretionary,14866.118603041828
USER_0030,2026-07-17,-448.39160562560676,discretionary,14417.726997416221
USER_0030,2026-07-18,-175.31133402998523,discretionary,14242.415663386235
USER_0030,2026-07-19,-124.03717370933035,discretionary,14118.378489676905
USER_0030,2026-07-20,-190.2332531238736,discretionary,13928.145236553031
USER_0030,2026-07-21,-174.4714141428492,discretionary,13753.673822410183
USER_0030,2026-07-22,-219.84688740489537,discretionary,13533.826935005287
USER_0030,2026-07-23,-347.7530271183309,discretionary,13186.073907886956
USER_0030,2026-07-24,-136.81334675601593,discretionary,13049.26056113094
USER_0030,2026-07-25,-401.85653895837663,discretionary,12647.404022172563
USER_0030,2026-07-26,-180.50842250013733,discretionary,12466.895599672425
USER_0030,2026-07-27,-222.50457926893185,discretionary,12244.391020403493
USER_0030,2026-07-28,30000.0,income_salary,42244.39102040349
USER_0030,2026-07-28,-285.5154763716629,discretionary,41958.87554403183
USER_0030,2026-07-29,-791.7939263758508,discretionary,41167.081617655975
USER_0030,2026-07-30,-187.53676864758546,discretionary,40979.54484900839
USER_0030,2026-07-31,-157.57161234062514,discretionary,40821.97323666776
USER_0030,2026-08-01,-8511.069226709104,fixed_rent,32310.90400995866
USER_0030,2026-08-01,-133.2169161209641,discretionary,32177.687093837696
USER_0030,2026-08-02,-267.2546056627996,discretionary,31910.432488174898
USER_0030,2026-08-03,-418.5037812177226,discretionary,31491.928706957176
USER_0030,2026-08-04,-165.5151425603381,discretionary,31326.413564396837
USER_0030,2026-08-05,-393.09548572476183,discretionary,30933.318078672073
USER_0030,2026-08-06,-247.65784709755135,discretionary,30685.660231574522
USER_0030,2026-08-07,-260.5949309734039,discretionary,30425.06530060112
USER_0030,2026-08-08,-218.9949484347475,discretionary,30206.07035216637
USER_0030,2026-08-09,-309.5682847026072,discretionary,29896.502067463764
USER_0030,2026-08-10,-173.3121258959221,discretionary,29723.18994156784
USER_0030,2026-08-11,-627.7848568594359,discretionary,29095.405084708407
USER_0030,2026-08-12,-220.52510733890725,discretionary,28874.8799773695
USER_0030,2026-08-13,-387.9913937669514,discretionary,28486.888583602547
USER_0030,2026-08-14,-242.43703116988712,discretionary,28244.45155243266
USER_0030,2026-08-15,-345.87128230428397,discretionary,27898.580270128376
USER_0030,2026-08-16,-312.1206129567539,discretionary,27586.45965717162
USER_0030,2026-08-17,-210.963570721087,discretionary,27375.496086450534
USER_0030,2026-08-18,-161.71840676782892,discretionary,27213.777679682706
USER_0030,2026-08-19,-281.16830037709707,discretionary,26932.60937930561
USER_0030,2026-08-20,-177.92749394151363,discretionary,26754.681885364094
USER_0030,2026-08-21,-675.9076065792766,discretionary,26078.77427878482
USER_0030,2026-08-22,-157.8770246199188,discretionary,25920.8972541649
USER_0030,2026-08-23,-300.00552053665285,discretionary,25620.891733628247
USER_0030,2026-08-24,-268.37380531590844,discretionary,25352.51792831234
USER_0030,2026-08-25,-354.434579828182,discretionary,24998.083348484157
USER_0030,2026-08-26,-251.0340252789256,discretionary,24747.049323205232
USER_0030,2026-08-27,-313.70213948279275,discretionary,24433.34718372244
USER_0030,2026-08-28,30000.0,income_salary,54433.347183722435
USER_0030,2026-08-28,-185.44215593242464,discretionary,54247.90502779001
USER_0030,2026-08-29,-97.72916012051576,discretionary,54150.175867669495
USER_0031,2026-06-01,-229.7532355402181,discretionary,4770.246764459782
USER_0031,2026-06-02,-357.69428282285804,discretionary,4412.552481636923
USER_0031,2026-06-03,-344.9077503287239,discretionary,4067.6447313081994
USER_0031,2026-06-04,-600.2010156955942,discretionary,3467.443715612605
USER_0031,2026-06-05,-301.19126855476867,discretionary,3166.2524470578364
USER_0031,2026-06-06,-61.415541277127666,discretionary,3104.8369057807085
USER_0031,2026-06-07,-186.35983003708333,discretionary,2918.4770757436254
USER_0031,2026-06-08,-103.45829340412408,discretionary,2815.0187823395013
USER_0031,2026-06-09,-232.89375223549865,discretionary,2582.1250301040027
USER_0031,2026-06-10,-239.6883001028486,discretionary,2342.436730001154
USER_0031,2026-06-11,-277.7556678727192,discretionary,2064.681062128435
USER_0031,2026-06-12,-194.48610441870602,discretionary,1870.194957709729
USER_0031,2026-06-13,-133.49131360138566,discretionary,1736.7036441083433
USER_0031,2026-06-14,-147.71949937418924,discretionary,1588.9841447341541
USER_0031,2026-06-15,-358.2253998976356,discretionary,1230.7587448365184
USER_0031,2026-06-16,-365.8245228997612,discretionary,864.9342219367572
USER_0031,2026-06-17,-94.97053435564678,discretionary,769.9636875811104
USER_0031,2026-06-18,-423.39543242918086,discretionary,346.5682551519296
USER_0031,2026-06-19,-397.91312865237836,discretionary,-51.344873500448784
USER_0031,2026-06-20,-184.97422136978426,discretionary,-236.31909487023304
USER_0031,2026-06-21,-279.74164205528643,discretionary,-516.0607369255194
USER_0031,2026-06-22,-269.05869582732623,discretionary,-785.1194327528457
USER_0031,2026-06-23,-191.25104947321907,discretionary,-976.3704822260647
USER_0031,2026-06-24,-142.85227320867313,discretionary,-1119.2227554347378
USER_0031,2026-06-25,-142.86381795244046,discretionary,-1262.0865733871783
USER_0031,2026-06-26,-283.83292101097766,discretionary,-1545.919494398156
USER_0031,2026-06-27,-174.23272204980537,discretionary,-1720.1522164479616
USER_0031,2026-06-28,25000.0,income_salary,23279.84778355204
USER_0031,2026-06-28,-335.4392251925632,discretionary,22944.408558359475
USER_0031,2026-06-29,-333.62365996683405,discretionary,22610.78489839264
USER_0031,2026-06-30,-187.2184510823089,discretionary,22423.56644731033
USER_0031,2026-07-01,-8071.580843691009,fixed_rent,14351.985603619323
USER_0031,2026-07-01,-217.42856608997317,discretionary,14134.55703752935
USER_0031,2026-07-02,-327.4732883803624,discretionary,13807.083749148987
USER_0031,2026-07-03,-143.0664343278031,discretionary,13664.017314821183
USER_0031,2026-07-04,-511.4467638638226,discretionary,13152.57055095736
USER_0031,2026-07-05,-305.71509509457,discretionary,12846.85545586279
USER_0031,2026-07-06,-112.42998842203895,discretionary,12734.425467440751
USER_0031,2026-07-07,-124.75503076176506,discretionary,12609.670436678985
USER_0031,2026-07-08,-277.578234448958,discretionary,12332.092202230027
USER_0031,2026-07-09,-243.1339426220749,discretionary,12088.958259607953
USER_0031,2026-07-10,-288.1507585501884,discretionary,11800.807501057765
USER_0031,2026-07-11,-209.0059142056379,discretionary,11591.801586852127
USER_0031,2026-07-12,-344.2564186652158,discretionary,11247.54516818691
USER_0031,2026-07-13,-151.10414655176606,discretionary,11096.441021635144
USER_0031,2026-07-14,-463.97012350647316,discretionary,10632.470898128671
USER_0031,2026-07-15,-311.3950556057649,discretionary,10321.075842522907
USER_0031,2026-07-16,-246.40538684711308,discretionary,10074.670455675794
USER_0031,2026-07-17,-146.27863154442946,discretionary,9928.391824131364
USER_0031,2026-07-18,-401.9037238676651,discretionary,9526.4881002637
USER_0031,2026-07-19,-168.1742194745745,discretionary,9358.313880789125
USER_0031,2026-07-20,-412.0082673706493,discretionary,8946.305613418475
USER_0031,2026-07-21,-183.46573537472673,discretionary,8762.83987804375
USER_0031,2026-07-22,-341.82340521440057,discretionary,8421.01647282935
USER_0031,2026-07-23,-313.4927659423397,discretionary,8107.52370688701
USER_0031,2026-07-24,-262.3214016829001,discretionary,7845.20230520411
USER_0031,2026-07-25,-56.10970371881747,discretionary,7789.092601485293
USER_0031,2026-07-26,-525.6025484313816,discretionary,7263.490053053912
USER_0031,2026-07-27,-632.7175017717192,discretionary,6630.772551282193
USER_0031,2026-07-28,25000.0,income_salary,31630.772551282193
USER_0031,2026-07-28,-246.70312255018138,discretionary,31384.06942873201
USER_0031,2026-07-29,-113.11299131889255,discretionary,31270.95643741312
USER_0031,2026-07-30,-111.87735249176687,discretionary,31159.07908492135
USER_0031,2026-07-31,-132.3617860092717,discretionary,31026.71729891208
USER_0031,2026-08-01,-8071.580843691009,fixed_rent,22955.136455221073
USER_0031,2026-08-01,-165.84500293703024,discretionary,22789.291452284044
USER_0031,2026-08-02,-371.9373611638353,discretionary,22417.354091120207
USER_0031,2026-08-03,-273.3515801463798,discretionary,22144.002510973827
USER_0031,2026-08-04,-331.84278846807587,discretionary,21812.159722505752
USER_0031,2026-08-05,-115.13480624340764,discretionary,21697.024916262344
USER_0031,2026-08-06,-296.5723750347908,discretionary,21400.452541227554
USER_0031,2026-08-07,-760.3154162364552,discretionary,20640.1371249911
USER_0031,2026-08-08,-667.7415701383771,discretionary,19972.395554852723
USER_0031,2026-08-09,-182.73549707186746,discretionary,19789.660057780857
USER_0031,2026-08-10,-538.0193791000465,discretionary,19251.64067868081
USER_0031,2026-08-11,-284.4662704572905,discretionary,18967.17440822352
USER_0031,2026-08-12,-253.84181259497046,discretionary,18713.332595628548
USER_0031,2026-08-13,-113.0678080044333,discretionary,18600.264787624114
USER_0031,2026-08-14,-158.3097950414696,discretionary,18441.954992582643
USER_0031,2026-08-15,-140.64408849750902,discretionary,18301.310904085134
USER_0031,2026-08-16,-149.7370346151249,discretionary,18151.57386947001
USER_0031,2026-08-17,-163.90015695704437,discretionary,17987.673712512966
USER_0031,2026-08-18,-238.12191747233737,discretionary,17749.55179504063
USER_0031,2026-08-19,-165.06776435047334,discretionary,17584.484030690153
USER_0031,2026-08-20,-99.26410241123001,discretionary,17485.219928278922
USER_0031,2026-08-21,-200.8462729217521,discretionary,17284.37365535717
USER_0031,2026-08-22,-239.45196389516371,discretionary,17044.921691462005
USER_0031,2026-08-23,-265.5867967327338,discretionary,16779.334894729272
USER_0031,2026-08-24,-514.6037350131878,discretionary,16264.731159716084
USER_0031,2026-08-25,-109.98501365599066,discretionary,16154.746146060093
USER_0031,2026-08-26,-271.9009100579405,discretionary,15882.845236002153
USER_0031,2026-08-27,-232.40217314982388,discretionary,15650.44306285233
USER_0031,2026-08-28,25000.0,income_salary,40650.443062852326
USER_0031,2026-08-28,-270.78600518409814,discretionary,40379.65705766823
USER_0031,2026-08-29,-137.70605291843643,discretionary,40241.95100474979
USER_0032,2026-06-01,-246.25885697805828,discretionary,4753.741143021942
USER_0032,2026-06-02,-485.8427581463686,discretionary,4267.898384875573
USER_0032,2026-06-03,-410.84096306652657,discretionary,3857.057421809047
USER_0032,2026-06-04,-262.1208751914823,discretionary,3594.9365466175645
USER_0032,2026-06-05,-78.9164818471812,discretionary,3516.020064770383
USER_0032,2026-06-06,-343.1513612834775,discretionary,3172.868703486906
USER_0032,2026-06-07,-290.840236338379,discretionary,2882.028467148527
USER_0032,2026-06-08,-193.26204146430874,discretionary,2688.766425684218
USER_0032,2026-06-09,-232.44551174223517,discretionary,2456.320913941983
USER_0032,2026-06-10,-130.4789681837819,discretionary,2325.841945758201
USER_0032,2026-06-11,-839.8174734603755,discretionary,1486.0244722978255
USER_0032,2026-06-12,-146.42468086464018,discretionary,1339.5997914331854
USER_0032,2026-06-13,-112.55116872840034,discretionary,1227.048622704785
USER_0032,2026-06-14,-185.79748271188984,discretionary,1041.251139992895
USER_0032,2026-06-15,-255.6914910231928,discretionary,785.5596489697023
USER_0032,2026-06-16,-178.12411178816757,discretionary,607.4355371815348
USER_0032,2026-06-17,-383.2155096382056,discretionary,224.22002754332914
USER_0032,2026-06-18,-654.1600381852907,discretionary,-429.9400106419615
USER_0032,2026-06-19,-236.52659489410672,discretionary,-666.4666055360683
USER_0032,2026-06-20,-125.99709100438909,discretionary,-792.4636965404574
USER_0032,2026-06-21,-561.5970713997158,discretionary,-1354.0607679401733
USER_0032,2026-06-22,-233.8951207473722,discretionary,-1587.9558886875454
USER_0032,2026-06-23,-97.68237473137034,discretionary,-1685.6382634189158
USER_0032,2026-06-24,-170.38514991938447,discretionary,-1856.0234133383003
USER_0032,2026-06-25,-339.6662715176892,discretionary,-2195.6896848559895
USER_0032,2026-06-26,-197.10911894373555,discretionary,-2392.798803799725
USER_0032,2026-06-27,-242.35901399979832,discretionary,-2635.1578177995234
USER_0032,2026-06-28,30000.0,income_salary,27364.842182200475
USER_0032,2026-06-28,-363.7146437903538,discretionary,27001.12753841012
USER_0032,2026-06-29,-226.5762980418056,discretionary,26774.551240368317
USER_0032,2026-06-30,-213.69689163887512,discretionary,26560.85434872944
USER_0032,2026-07-01,-8448.707032329956,fixed_rent,18112.147316399485
USER_0032,2026-07-01,-606.6890835726392,discretionary,17505.458232826844
USER_0032,2026-07-02,-354.2973596700831,discretionary,17151.16087315676
USER_0032,2026-07-03,-213.3385960565251,discretionary,16937.822277100237
USER_0032,2026-07-04,-241.26090938641133,discretionary,16696.561367713824
USER_0032,2026-07-05,-141.8703476358463,discretionary,16554.69102007798
USER_0032,2026-07-06,-351.50921755409087,discretionary,16203.181802523888
USER_0032,2026-07-07,-101.81726946926526,discretionary,16101.364533054622
USER_0032,2026-07-08,-175.698145959726,discretionary,15925.666387094896
USER_0032,2026-07-09,-188.8704464285396,discretionary,15736.795940666356
USER_0032,2026-07-10,-266.57893960341977,discretionary,15470.217001062936
USER_0032,2026-07-11,-214.17409879017214,discretionary,15256.042902272764
USER_0032,2026-07-12,-244.74590760675065,discretionary,15011.296994666014
USER_0032,2026-07-13,-348.249011877899,discretionary,14663.047982788115
USER_0032,2026-07-14,-151.47499689285786,discretionary,14511.572985895258
USER_0032,2026-07-15,-244.89688223986008,discretionary,14266.676103655398
USER_0032,2026-07-16,-240.8568254786757,discretionary,14025.819278176723
USER_0032,2026-07-17,-299.53388784223284,discretionary,13726.28539033449
USER_0032,2026-07-18,-371.2969583901059,discretionary,13354.988431944383
USER_0032,2026-07-19,-202.499795473653,discretionary,13152.488636470729
USER_0032,2026-07-20,-228.62889275820865,discretionary,12923.85974371252
USER_0032,2026-07-21,-262.1338773070793,discretionary,12661.725866405443
USER_0032,2026-07-22,-234.3240675322109,discretionary,12427.401798873232
USER_0032,2026-07-23,-226.76648052338822,discretionary,12200.635318349843
USER_0032,2026-07-24,-278.3563885265817,discretionary,11922.278929823262
USER_0032,2026-07-25,-298.01036154820895,discretionary,11624.268568275053
USER_0032,2026-07-26,-506.4413441771374,discretionary,11117.827224097915
USER_0032,2026-07-27,-143.7125742503395,discretionary,10974.114649847575
USER_0032,2026-07-28,30000.0,income_salary,40974.11464984757
USER_0032,2026-07-28,-247.6143317513746,discretionary,40726.500318096194
USER_0032,2026-07-29,-381.9157871918998,discretionary,40344.58453090429
USER_0032,2026-07-30,-443.01031792191054,discretionary,39901.574212982385
USER_0032,2026-07-31,-134.15810136546952,discretionary,39767.41611161691
USER_0032,2026-08-01,-8448.707032329956,fixed_rent,31318.709079286957
USER_0032,2026-08-01,-129.74162960353237,discretionary,31188.967449683423
USER_0032,2026-08-02,-420.61025193377304,discretionary,30768.35719774965
USER_0032,2026-08-03,-241.0088071508449,discretionary,30527.348390598807
USER_0032,2026-08-04,-757.919000034957,discretionary,29769.42939056385
USER_0032,2026-08-05,-172.4587394851274,discretionary,29596.970651078725
USER_0032,2026-08-06,-392.9415292941818,discretionary,29204.029121784544
USER_0032,2026-08-07,-80.49623835086125,discretionary,29123.532883433683
USER_0032,2026-08-08,-208.39451701599208,discretionary,28915.13836641769
USER_0032,2026-08-09,-309.5404438683196,discretionary,28605.597922549372
USER_0032,2026-08-10,-400.4695253652793,discretionary,28205.128397184093
USER_0032,2026-08-11,-194.4958996778441,discretionary,28010.63249750625
USER_0032,2026-08-12,-256.885075735452,discretionary,27753.747421770797
USER_0032,2026-08-13,-175.82430285914904,discretionary,27577.923118911647
USER_0032,2026-08-14,-345.77189199559126,discretionary,27232.151226916056
USER_0032,2026-08-15,-314.8603490600739,discretionary,26917.290877855983
USER_0032,2026-08-16,-232.91077909060408,discretionary,26684.380098765378
USER_0032,2026-08-17,-211.65205363846,discretionary,26472.728045126918
USER_0032,2026-08-18,-327.79461038534794,discretionary,26144.93343474157
USER_0032,2026-08-19,-223.6258237635278,discretionary,25921.307610978045
USER_0032,2026-08-20,-159.18506045029628,discretionary,25762.122550527747
USER_0032,2026-08-21,-607.9037496330108,discretionary,25154.218800894738
USER_0032,2026-08-22,-117.3202898113175,discretionary,25036.898511083422
USER_0032,2026-08-23,-322.3367713620392,discretionary,24714.561739721383
USER_0032,2026-08-24,-356.45821890015236,discretionary,24358.10352082123
USER_0032,2026-08-25,-409.2539482785023,discretionary,23948.849572542727
USER_0032,2026-08-26,-199.0683239351892,discretionary,23749.781248607538
USER_0032,2026-08-27,-545.9214948312836,discretionary,23203.859753776254
USER_0032,2026-08-28,30000.0,income_salary,53203.859753776254
USER_0032,2026-08-28,-405.4874358043445,discretionary,52798.37231797191
USER_0032,2026-08-29,-312.7098972909722,discretionary,52485.662420680936
USER_0033,2026-06-01,-221.36890302294069,discretionary,4778.631096977059
USER_0033,2026-06-02,-269.86304807173934,discretionary,4508.76804890532
USER_0033,2026-06-03,-313.2168404310024,discretionary,4195.551208474318
USER_0033,2026-06-04,-123.10157461568413,discretionary,4072.4496338586337
USER_0033,2026-06-05,-439.8048229995815,discretionary,3632.644810859052
USER_0033,2026-06-06,-408.2677246905344,discretionary,3224.3770861685175
USER_0033,2026-06-07,-178.48574942703235,discretionary,3045.8913367414852
USER_0033,2026-06-08,-153.33713693610324,discretionary,2892.554199805382
USER_0033,2026-06-09,-461.5863175978249,discretionary,2430.967882207557
USER_0033,2026-06-10,-212.53477052814617,discretionary,2218.433111679411
USER_0033,2026-06-11,-175.01146417523103,discretionary,2043.4216475041799
USER_0033,2026-06-12,-1481.005254226903,discretionary,562.4163932772769
USER_0033,2026-06-13,-190.51423536514793,discretionary,371.90215791212904
USER_0033,2026-06-14,-288.7776945250957,discretionary,83.12446338703336
USER_0033,2026-06-15,-170.10697186611273,discretionary,-86.98250847907937
USER_0033,2026-06-16,-148.02222576447488,discretionary,-235.00473424355425
USER_0033,2026-06-17,-216.61909478798293,discretionary,-451.6238290315372
USER_0033,2026-06-18,-219.9617140478527,discretionary,-671.5855430793899
USER_0033,2026-06-19,-349.56935145746024,discretionary,-1021.1548945368502
USER_0033,2026-06-20,-207.57098811168152,discretionary,-1228.7258826485318
USER_0033,2026-06-21,-607.7168705361968,discretionary,-1836.4427531847286
USER_0033,2026-06-22,-144.8487926154162,discretionary,-1981.2915458001448
USER_0033,2026-06-23,-500.49635061039004,discretionary,-2481.787896410535
USER_0033,2026-06-24,-210.4646736793769,discretionary,-2692.252570089912
USER_0033,2026-06-25,-269.24592528061805,discretionary,-2961.49849537053
USER_0033,2026-06-26,-211.5813335223719,discretionary,-3173.079828892902
USER_0033,2026-06-27,-177.76400209524763,discretionary,-3350.8438309881494
USER_0033,2026-06-28,25000.0,income_salary,21649.15616901185
USER_0033,2026-06-28,-72.62549006036903,discretionary,21576.53067895148
USER_0033,2026-06-29,-170.8720319248374,discretionary,21405.65864702664
USER_0033,2026-06-30,-148.161016790215,discretionary,21257.497630236427
USER_0033,2026-07-01,-6006.825537624975,fixed_rent,15250.67209261145
USER_0033,2026-07-01,-406.7532311231252,discretionary,14843.918861488326
USER_0033,2026-07-02,-154.3947160747897,discretionary,14689.524145413536
USER_0033,2026-07-03,-168.10313894636792,discretionary,14521.421006467168
USER_0033,2026-07-04,-229.08199645501924,discretionary,14292.339010012149
USER_0033,2026-07-05,-570.704629924439,discretionary,13721.63438008771
USER_0033,2026-07-06,-246.8950166944982,discretionary,13474.739363393212
USER_0033,2026-07-07,-232.35315239360264,discretionary,13242.386210999608
USER_0033,2026-07-08,-140.3628850788236,discretionary,13102.023325920785
USER_0033,2026-07-09,-160.77553675000752,discretionary,12941.247789170779
USER_0033,2026-07-10,-92.26859177322153,discretionary,12848.979197397557
USER_0033,2026-07-11,-211.69258388056994,discretionary,12637.286613516988
USER_0033,2026-07-12,-414.6036451248266,discretionary,12222.68296839216
USER_0033,2026-07-13,-456.2274856527512,discretionary,11766.45548273941
USER_0033,2026-07-14,-147.82931388034103,discretionary,11618.626168859068
USER_0033,2026-07-15,-529.6124073854534,discretionary,11089.013761473614
USER_0033,2026-07-16,-191.69293475595873,discretionary,10897.320826717656
USER_0033,2026-07-17,-192.18680199486872,discretionary,10705.134024722787
USER_0033,2026-07-18,-340.7711162899755,discretionary,10364.362908432811
USER_0033,2026-07-19,-89.5945430183955,discretionary,10274.768365414417
USER_0033,2026-07-20,-170.93229145567483,discretionary,10103.836073958742
USER_0033,2026-07-21,-248.62140316682385,discretionary,9855.214670791918
USER_0033,2026-07-22,-297.1562487345514,discretionary,9558.058422057367
USER_0033,2026-07-23,-147.74429210153798,discretionary,9410.31412995583
USER_0033,2026-07-24,-119.47642673426773,discretionary,9290.837703221563
USER_0033,2026-07-25,-98.98995507578258,discretionary,9191.847748145781
USER_0033,2026-07-26,-217.89050572178425,discretionary,8973.957242423998
USER_0033,2026-07-27,-609.4964559349803,discretionary,8364.460786489017
USER_0033,2026-07-28,25000.0,income_salary,33364.46078648901
USER_0033,2026-07-28,-109.61302651669584,discretionary,33254.84775997232
USER_0033,2026-07-29,-162.2278001091434,discretionary,33092.61995986318
USER_0033,2026-07-30,-257.4762422609198,discretionary,32835.14371760226
USER_0033,2026-07-31,-456.00188044796414,discretionary,32379.141837154297
USER_0033,2026-08-01,-6006.825537624975,fixed_rent,26372.31629952932
USER_0033,2026-08-01,-341.7051229152018,discretionary,26030.61117661412
USER_0033,2026-08-02,-473.5622356456554,discretionary,25557.048940968463
USER_0033,2026-08-03,-92.64528969230808,discretionary,25464.403651276156
USER_0033,2026-08-04,-127.63595603144897,discretionary,25336.767695244707
USER_0033,2026-08-05,-332.1476477958357,discretionary,25004.620047448872
USER_0033,2026-08-06,-640.4987960525741,discretionary,24364.121251396296
USER_0033,2026-08-07,-192.83748107537923,discretionary,24171.28377032092
USER_0033,2026-08-08,-420.7517442730941,discretionary,23750.532026047826
USER_0033,2026-08-09,-133.18382377869153,discretionary,23617.348202269135
USER_0033,2026-08-10,-136.38893200329937,discretionary,23480.959270265837
USER_0033,2026-08-11,-92.08699345010513,discretionary,23388.87227681573
USER_0033,2026-08-12,-436.43486439880485,discretionary,22952.437412416926
USER_0033,2026-08-13,-74.65979604936439,discretionary,22877.777616367563
USER_0033,2026-08-14,-380.73497276856506,discretionary,22497.042643598998
USER_0033,2026-08-15,-228.97161548895662,discretionary,22268.07102811004
USER_0033,2026-08-16,-136.34557614029967,discretionary,22131.72545196974
USER_0033,2026-08-17,-243.20963913958485,discretionary,21888.515812830155
USER_0033,2026-08-18,-178.64578732648803,discretionary,21709.870025503667
USER_0033,2026-08-19,-233.34480640291338,discretionary,21476.525219100753
USER_0033,2026-08-20,-179.29215964251657,discretionary,21297.233059458238
USER_0033,2026-08-21,-274.71834579713374,discretionary,21022.514713661105
USER_0033,2026-08-22,-181.08701028783423,discretionary,20841.427703373272
USER_0033,2026-08-23,-316.3002778231538,discretionary,20525.12742555012
USER_0033,2026-08-24,-122.8887079091865,discretionary,20402.238717640932
USER_0033,2026-08-25,-233.73041068574386,discretionary,20168.508306955187
USER_0033,2026-08-26,-382.2778729832877,discretionary,19786.2304339719
USER_0033,2026-08-27,-285.3608924836851,discretionary,19500.869541488217
USER_0033,2026-08-28,25000.0,income_salary,44500.86954148822
USER_0033,2026-08-28,-79.65304268680339,discretionary,44421.21649880141
USER_0033,2026-08-29,-326.6087830027551,discretionary,44094.60771579866
USER_0034,2026-06-01,-107.6612528473738,discretionary,4892.338747152627
USER_0034,2026-06-02,-307.34459468886047,discretionary,4584.994152463766
USER_0034,2026-06-03,-267.21405867199167,discretionary,4317.780093791775
USER_0034,2026-06-04,-167.65437911410118,discretionary,4150.125714677673
USER_0034,2026-06-05,-96.53932507040588,discretionary,4053.5863896072674
USER_0034,2026-06-06,-436.31675931018384,discretionary,3617.2696302970835
USER_0034,2026-06-07,-327.7612482912874,discretionary,3289.508382005796
USER_0034,2026-06-08,-386.73334059613643,discretionary,2902.77504140966
USER_0034,2026-06-09,-296.765539217714,discretionary,2606.009502191946
USER_0034,2026-06-10,-314.6032243857945,discretionary,2291.4062778061516
USER_0034,2026-06-11,-151.09651643278835,discretionary,2140.3097613733635
USER_0034,2026-06-12,-206.18817344250257,discretionary,1934.1215879308609
USER_0034,2026-06-13,-319.44363967012845,discretionary,1614.6779482607324
USER_0034,2026-06-14,-802.1102662539628,discretionary,812.5676820067696
USER_0034,2026-06-15,-555.1751105206584,discretionary,257.39257148611114
USER_0034,2026-06-16,-451.6337371368711,discretionary,-194.24116565075997
USER_0034,2026-06-17,-279.5795659952854,discretionary,-473.8207316460454
USER_0034,2026-06-18,-316.7019617911351,discretionary,-790.5226934371805
USER_0034,2026-06-19,-122.17787987069063,discretionary,-912.7005733078711
USER_0034,2026-06-20,-130.18276204936151,discretionary,-1042.8833353572327
USER_0034,2026-06-21,-94.73921488812324,discretionary,-1137.622550245356
USER_0034,2026-06-22,-496.72383760919774,discretionary,-1634.3463878545538
USER_0034,2026-06-23,-260.4073933855982,discretionary,-1894.753781240152
USER_0034,2026-06-24,-364.9072449758395,discretionary,-2259.6610262159916
USER_0034,2026-06-25,-428.9095545107252,discretionary,-2688.570580726717
USER_0034,2026-06-26,-203.38472086823757,discretionary,-2891.9553015949546
USER_0034,2026-06-27,-280.4698483796543,discretionary,-3172.4251499746088
USER_0034,2026-06-28,20000.0,income_salary,16827.57485002539
USER_0034,2026-06-28,-96.31055676863144,discretionary,16731.264293256758
USER_0034,2026-06-29,-418.0440861560742,discretionary,16313.220207100683
USER_0034,2026-06-30,-212.09079095284312,discretionary,16101.12941614784
USER_0034,2026-07-01,-5028.755083607658,fixed_rent,11072.374332540181
USER_0034,2026-07-01,-273.72686005098876,discretionary,10798.647472489192
USER_0034,2026-07-02,-257.81466355156005,discretionary,10540.832808937632
USER_0034,2026-07-03,-206.6074222910569,discretionary,10334.225386646574
USER_0034,2026-07-04,-619.6319745067121,discretionary,9714.593412139862
USER_0034,2026-07-05,-101.27402917085787,discretionary,9613.319382969004
USER_0034,2026-07-06,-149.33099964060807,discretionary,9463.988383328397
USER_0034,2026-07-07,-166.3902924063676,discretionary,9297.598090922029
USER_0034,2026-07-08,-195.74766585412914,discretionary,9101.8504250679
USER_0034,2026-07-09,-372.1522763821667,discretionary,8729.698148685733
USER_0034,2026-07-10,-292.5958293577499,discretionary,8437.102319327983
USER_0034,2026-07-11,-384.986553875101,discretionary,8052.115765452882
USER_0034,2026-07-12,-300.42065397598566,discretionary,7751.695111476897
USER_0034,2026-07-13,-134.20886694445184,discretionary,7617.486244532445
USER_0034,2026-07-14,-350.67727349642496,discretionary,7266.80897103602
USER_0034,2026-07-15,-228.58808496206225,discretionary,7038.220886073957
USER_0034,2026-07-16,-181.4373940227921,discretionary,6856.783492051165
USER_0034,2026-07-17,-167.79931945416737,discretionary,6688.984172596997
USER_0034,2026-07-18,-245.43834372065365,discretionary,6443.545828876344
USER_0034,2026-07-19,-203.4441289785218,discretionary,6240.101699897822
USER_0034,2026-07-20,-446.4899428269856,discretionary,5793.611757070837
USER_0034,2026-07-21,-380.0077079599351,discretionary,5413.6040491109015
USER_0034,2026-07-22,-188.06201510846878,discretionary,5225.542034002433
USER_0034,2026-07-23,-380.9524884661947,discretionary,4844.589545536238
USER_0034,2026-07-24,-199.06635151321709,discretionary,4645.523194023021
USER_0034,2026-07-25,-193.3492841051464,discretionary,4452.173909917874
USER_0034,2026-07-26,-249.17878936168594,discretionary,4202.995120556188
USER_0034,2026-07-27,-242.56276582283257,discretionary,3960.4323547333556
USER_0034,2026-07-28,20000.0,income_salary,23960.432354733355
USER_0034,2026-07-28,-494.83667825253553,discretionary,23465.595676480818
USER_0034,2026-07-29,-396.92628326459203,discretionary,23068.669393216227
USER_0034,2026-07-30,-182.9990098115164,discretionary,22885.67038340471
USER_0034,2026-07-31,-238.35385205720576,discretionary,22647.316531347504
USER_0034,2026-08-01,-5028.755083607658,fixed_rent,17618.561447739845
USER_0034,2026-08-01,-166.90360545027764,discretionary,17451.657842289565
USER_0034,2026-08-02,-110.47293292859806,discretionary,17341.184909360967
USER_0034,2026-08-03,-418.445033522657,discretionary,16922.73987583831
USER_0034,2026-08-04,-378.46688519925175,discretionary,16544.27299063906
USER_0034,2026-08-05,-212.86543296333505,discretionary,16331.407557675724
USER_0034,2026-08-06,-161.35795586988198,discretionary,16170.049601805842
USER_0034,2026-08-07,-295.8499515226322,discretionary,15874.19965028321
USER_0034,2026-08-08,-151.21052027352448,discretionary,15722.989130009686
USER_0034,2026-08-09,-265.0675357621569,discretionary,15457.92159424753
USER_0034,2026-08-10,-173.37625799384412,discretionary,15284.545336253685
USER_0034,2026-08-11,-405.1888984280681,discretionary,14879.356437825616
USER_0034,2026-08-12,-207.52983095976242,discretionary,14671.826606865854
USER_0034,2026-08-13,-360.64391065539485,discretionary,14311.182696210459
USER_0034,2026-08-14,-315.4842065534,discretionary,13995.69848965706
USER_0034,2026-08-15,-201.20656397048776,discretionary,13794.491925686572
USER_0034,2026-08-16,-186.6359160501107,discretionary,13607.856009636462
USER_0034,2026-08-17,-271.21543778787753,discretionary,13336.640571848584
USER_0034,2026-08-18,-286.72540577404027,discretionary,13049.915166074543
USER_0034,2026-08-19,-182.12951558647308,discretionary,12867.78565048807
USER_0034,2026-08-20,-191.72431297281682,discretionary,12676.061337515252
USER_0034,2026-08-21,-356.9620978742522,discretionary,12319.099239641
USER_0034,2026-08-22,-415.4909214475359,discretionary,11903.608318193465
USER_0034,2026-08-23,-150.40738954653892,discretionary,11753.200928646926
USER_0034,2026-08-24,-356.28834885449436,discretionary,11396.912579792432
USER_0034,2026-08-25,-147.26902375809686,discretionary,11249.643556034334
USER_0034,2026-08-26,-292.8864007541951,discretionary,10956.75715528014
USER_0034,2026-08-27,-173.26582816005512,discretionary,10783.491327120086
USER_0034,2026-08-28,20000.0,income_salary,30783.491327120086
USER_0034,2026-08-28,-62.32948866913555,discretionary,30721.16183845095
USER_0034,2026-08-29,-135.24537268975652,discretionary,30585.916465761195
USER_0035,2026-06-01,-308.0088472130008,discretionary,4691.991152786999
USER_0035,2026-06-02,-208.69770065289904,discretionary,4483.2934521341
USER_0035,2026-06-03,-150.7856008387486,discretionary,4332.507851295351
USER_0035,2026-06-04,-184.54200983286242,discretionary,4147.965841462489
USER_0035,2026-06-05,-345.2964197678527,discretionary,3802.6694216946366
USER_0035,2026-06-06,-121.49072439322748,discretionary,3681.178697301409
USER_0035,2026-06-07,-312.85382935390817,discretionary,3368.324867947501
USER_0035,2026-06-08,-184.59424728347847,discretionary,3183.7306206640224
USER_0035,2026-06-09,-282.1448036680795,discretionary,2901.585816995943
USER_0035,2026-06-10,-147.26523129803078,discretionary,2754.320585697912
USER_0035,2026-06-11,-383.49507857535093,discretionary,2370.8255071225612
USER_0035,2026-06-12,-720.2298442598202,discretionary,1650.595662862741
USER_0035,2026-06-13,-249.97890458905616,discretionary,1400.6167582736848
USER_0035,2026-06-14,-219.98172129493847,discretionary,1180.6350369787463
USER_0035,2026-06-15,-240.93938827287843,discretionary,939.6956487058678
USER_0035,2026-06-16,-211.38509911475435,discretionary,728.3105495911135
USER_0035,2026-06-17,-673.5768938180032,discretionary,54.733655773110286
USER_0035,2026-06-18,-171.59465993600995,discretionary,-116.86100416289966
USER_0035,2026-06-19,-148.63738551819782,discretionary,-265.4983896810975
USER_0035,2026-06-20,-143.91903099246636,discretionary,-409.4174206735638
USER_0035,2026-06-21,-310.8257916251019,discretionary,-720.2432122986656
USER_0035,2026-06-22,-157.9404059503001,discretionary,-878.1836182489658
USER_0035,2026-06-23,-189.48865966371844,discretionary,-1067.6722779126842
USER_0035,2026-06-24,-339.672927729501,discretionary,-1407.3452056421852
USER_0035,2026-06-25,-387.11288216234044,discretionary,-1794.4580878045256
USER_0035,2026-06-26,-381.5130520959097,discretionary,-2175.9711399004354
USER_0035,2026-06-27,-335.9466665737646,discretionary,-2511.9178064742
USER_0035,2026-06-28,20000.0,income_salary,17488.0821935258
USER_0035,2026-06-28,-147.75416239086903,discretionary,17340.32803113493
USER_0035,2026-06-29,-249.50010971646955,discretionary,17090.82792141846
USER_0035,2026-06-30,-348.1490471961695,discretionary,16742.67887422229
USER_0035,2026-07-01,-5661.6115566076,fixed_rent,11081.067317614688
USER_0035,2026-07-01,-103.74667738398968,discretionary,10977.320640230699
USER_0035,2026-07-02,-280.15770592548995,discretionary,10697.162934305208
USER_0035,2026-07-03,-190.9152406768147,discretionary,10506.247693628393
USER_0035,2026-07-04,-109.17146749501272,discretionary,10397.07622613338
USER_0035,2026-07-05,-411.0065389954458,discretionary,9986.069687137935
USER_0035,2026-07-06,-340.3679470881765,discretionary,9645.701740049759
USER_0035,2026-07-07,-199.95576589796892,discretionary,9445.74597415179
USER_0035,2026-07-08,-409.23864009629233,discretionary,9036.507334055499
USER_0035,2026-07-09,-239.55772420276048,discretionary,8796.949609852738
USER_0035,2026-07-10,-126.63559868920787,discretionary,8670.31401116353
USER_0035,2026-07-11,-259.6735477639779,discretionary,8410.640463399552
USER_0035,2026-07-12,-116.17016017964512,discretionary,8294.470303219907
USER_0035,2026-07-13,-531.6400793672434,discretionary,7762.830223852663
USER_0035,2026-07-14,-331.7745733651859,discretionary,7431.055650487477
USER_0035,2026-07-15,-290.076272586589,discretionary,7140.979377900888
USER_0035,2026-07-16,-87.28254817184076,discretionary,7053.696829729047
USER_0035,2026-07-17,-334.9924700401248,discretionary,6718.704359688922
USER_0035,2026-07-18,-121.47717047148203,discretionary,6597.227189217439
USER_0035,2026-07-19,-443.4794063813869,discretionary,6153.7477828360525
USER_0035,2026-07-20,-258.1919084453831,discretionary,5895.5558743906695
USER_0035,2026-07-21,-260.83372361182757,discretionary,5634.722150778842
USER_0035,2026-07-22,-616.0901902935032,discretionary,5018.631960485339
USER_0035,2026-07-23,-182.0479181674566,discretionary,4836.584042317882
USER_0035,2026-07-24,-404.38729866920164,discretionary,4432.196743648681
USER_0035,2026-07-25,-273.45815043203544,discretionary,4158.738593216645
USER_0035,2026-07-26,-348.04604437144314,discretionary,3810.692548845202
USER_0035,2026-07-27,-293.6128024249852,discretionary,3517.079746420217
USER_0035,2026-07-28,20000.0,income_salary,23517.07974642022
USER_0035,2026-07-28,-410.6941876608777,discretionary,23106.385558759343
USER_0035,2026-07-29,-352.87236692645655,discretionary,22753.513191832884
USER_0035,2026-07-30,-338.88602427781797,discretionary,22414.627167555067
USER_0035,2026-07-31,-135.0925902229771,discretionary,22279.53457733209
USER_0035,2026-08-01,-5661.6115566076,fixed_rent,16617.92302072449
USER_0035,2026-08-01,-447.5670755202135,discretionary,16170.355945204277
USER_0035,2026-08-02,-561.260206496558,discretionary,15609.09573870772
USER_0035,2026-08-03,-801.6388493126543,discretionary,14807.456889395065
USER_0035,2026-08-04,-92.01529291677515,discretionary,14715.441596478291
USER_0035,2026-08-05,-411.33850258464105,discretionary,14304.10309389365
USER_0035,2026-08-06,-191.7704435377388,discretionary,14112.332650355911
USER_0035,2026-08-07,-326.6960220591323,discretionary,13785.63662829678
USER_0035,2026-08-08,-416.516958965994,discretionary,13369.119669330785
USER_0035,2026-08-09,-334.352071670853,discretionary,13034.767597659931
USER_0035,2026-08-10,-281.71739122981694,discretionary,12753.050206430114
USER_0035,2026-08-11,-357.5519739628185,discretionary,12395.498232467296
USER_0035,2026-08-12,-115.60507375137323,discretionary,12279.893158715924
USER_0035,2026-08-13,-523.9098867817917,discretionary,11755.983271934132
USER_0035,2026-08-14,-86.2159289150548,discretionary,11669.767343019077
USER_0035,2026-08-15,-702.710008739294,discretionary,10967.057334279783
USER_0035,2026-08-16,-191.8716409946143,discretionary,10775.18569328517
USER_0035,2026-08-17,-176.82905510913733,discretionary,10598.356638176032
USER_0035,2026-08-18,-226.41745157496987,discretionary,10371.939186601063
USER_0035,2026-08-19,-229.39291119740608,discretionary,10142.546275403656
USER_0035,2026-08-20,-432.50072946788066,discretionary,9710.045545935776
USER_0035,2026-08-21,-199.72425943821554,discretionary,9510.321286497561
USER_0035,2026-08-22,-705.3179077602772,discretionary,8805.003378737285
USER_0035,2026-08-23,-263.4269768855373,discretionary,8541.576401851748
USER_0035,2026-08-24,-447.58963227926085,discretionary,8093.986769572487
USER_0035,2026-08-25,-371.83663196324426,discretionary,7722.150137609243
USER_0035,2026-08-26,-146.51869544022512,discretionary,7575.631442169018
USER_0035,2026-08-27,-403.32165964337975,discretionary,7172.309782525638
USER_0035,2026-08-28,20000.0,income_salary,27172.309782525637
USER_0035,2026-08-28,-239.72173652781495,discretionary,26932.58804599782
USER_0035,2026-08-29,-258.59234785047806,discretionary,26673.995698147344
USER_0036,2026-06-01,-200.53906631261097,discretionary,4799.460933687389
USER_0036,2026-06-02,-476.9112814946324,discretionary,4322.549652192757
USER_0036,2026-06-03,-86.6624263452053,discretionary,4235.887225847552
USER_0036,2026-06-04,-215.34615277263995,discretionary,4020.541073074912
USER_0036,2026-06-05,-220.05862183087825,discretionary,3800.482451244034
USER_0036,2026-06-06,-303.72252001703487,discretionary,3496.7599312269995
USER_0036,2026-06-07,-605.1967288175678,discretionary,2891.5632024094316
USER_0036,2026-06-08,-379.6965344625841,discretionary,2511.8666679468474
USER_0036,2026-06-09,-314.1701421098062,discretionary,2197.696525837041
USER_0036,2026-06-10,-214.82428802741416,discretionary,1982.8722378096268
USER_0036,2026-06-11,-524.4243162370564,discretionary,1458.4479215725705
USER_0036,2026-06-12,-395.38374661356266,discretionary,1063.064174959008
USER_0036,2026-06-13,-245.84522215945373,discretionary,817.2189527995542
USER_0036,2026-06-14,-483.03424911826176,discretionary,334.1847036812925
USER_0036,2026-06-15,-477.9606173551864,discretionary,-143.7759136738939
USER_0036,2026-06-16,-226.97035894427742,discretionary,-370.74627261817136
USER_0036,2026-06-17,-262.94722363315293,discretionary,-633.6934962513243
USER_0036,2026-06-18,-239.96579211168756,discretionary,-873.6592883630119
USER_0036,2026-06-19,-180.1273029596512,discretionary,-1053.786591322663
USER_0036,2026-06-20,-274.75724647934106,discretionary,-1328.5438378020042
USER_0036,2026-06-21,-371.08535627155317,discretionary,-1699.6291940735573
USER_0036,2026-06-22,-277.4163800517307,discretionary,-1977.045574125288
USER_0036,2026-06-23,-140.64567176057076,discretionary,-2117.6912458858587
USER_0036,2026-06-24,-296.43310852326937,discretionary,-2414.124354409128
USER_0036,2026-06-25,-215.19234726686085,discretionary,-2629.316701675989
USER_0036,2026-06-26,-183.3926594218396,discretionary,-2812.7093610978286
USER_0036,2026-06-27,-225.56939230586434,discretionary,-3038.278753403693
USER_0036,2026-06-28,20000.0,income_salary,16961.721246596306
USER_0036,2026-06-28,-241.75118297130155,discretionary,16719.970063625005
USER_0036,2026-06-29,-286.43296570422507,discretionary,16433.53709792078
USER_0036,2026-06-30,-253.80722472695243,discretionary,16179.729873193828
USER_0036,2026-07-01,-5241.680688250806,fixed_rent,10938.049184943022
USER_0036,2026-07-01,-305.9323650897065,discretionary,10632.116819853316
USER_0036,2026-07-02,-168.33358615145684,discretionary,10463.783233701859
USER_0036,2026-07-03,-407.0256506903704,discretionary,10056.75758301149
USER_0036,2026-07-04,-241.70347451926776,discretionary,9815.05410849222
USER_0036,2026-07-05,-234.4891589552766,discretionary,9580.564949536943
USER_0036,2026-07-06,-434.4861092321444,discretionary,9146.078840304799
USER_0036,2026-07-07,-232.6801679288868,discretionary,8913.398672375912
USER_0036,2026-07-08,-242.8764802488305,discretionary,8670.52219212708
USER_0036,2026-07-09,-80.92080659703012,discretionary,8589.60138553005
USER_0036,2026-07-10,-162.6778460471935,discretionary,8426.923539482856
USER_0036,2026-07-11,-84.94558227632112,discretionary,8341.977957206534
USER_0036,2026-07-12,-315.63534137445544,discretionary,8026.342615832079
USER_0036,2026-07-13,-172.2772796682669,discretionary,7854.065336163812
USER_0036,2026-07-14,-439.2786483187046,discretionary,7414.786687845108
USER_0036,2026-07-15,-365.0979248474832,discretionary,7049.6887629976245
USER_0036,2026-07-16,-266.7437145394165,discretionary,6782.9450484582085
USER_0036,2026-07-17,-252.60504169333205,discretionary,6530.340006764876
USER_0036,2026-07-18,-343.32281082921094,discretionary,6187.017195935666
USER_0036,2026-07-19,-181.83554536240894,discretionary,6005.181650573257
USER_0036,2026-07-20,-237.30749550969168,discretionary,5767.874155063565
USER_0036,2026-07-21,-149.03779507999297,discretionary,5618.836359983572
USER_0036,2026-07-22,-199.32641704947187,discretionary,5419.5099429341
USER_0036,2026-07-23,-222.61549591558958,discretionary,5196.894447018511
USER_0036,2026-07-24,-377.5207314730422,discretionary,4819.373715545468
USER_0036,2026-07-25,-427.7436146564335,discretionary,4391.630100889035
USER_0036,2026-07-26,-414.0533433574452,discretionary,3977.57675753159
USER_0036,2026-07-27,-198.04400276286205,discretionary,3779.532754768728
USER_0036,2026-07-28,20000.0,income_salary,23779.532754768727
USER_0036,2026-07-28,-188.9595683065203,discretionary,23590.573186462207
USER_0036,2026-07-29,-163.241251481997,discretionary,23427.33193498021
USER_0036,2026-07-30,-145.94242735225933,discretionary,23281.38950762795
USER_0036,2026-07-31,-158.8939385663132,discretionary,23122.495569061637
USER_0036,2026-08-01,-5241.680688250806,fixed_rent,17880.81488081083
USER_0036,2026-08-01,-394.94253074191374,discretionary,17485.872350068916
USER_0036,2026-08-02,-252.90966063646772,discretionary,17232.962689432446
USER_0036,2026-08-03,-259.2980018553898,discretionary,16973.664687577057
USER_0036,2026-08-04,-217.97607119838133,discretionary,16755.688616378677
USER_0036,2026-08-05,-251.64685120561555,discretionary,16504.04176517306
USER_0036,2026-08-06,-233.60240148501535,discretionary,16270.439363688045
USER_0036,2026-08-07,-335.60231826050295,discretionary,15934.837045427543
USER_0036,2026-08-08,-193.9830193133642,discretionary,15740.854026114179
USER_0036,2026-08-09,-442.97324350404404,discretionary,15297.880782610135
USER_0036,2026-08-10,-151.22764619772678,discretionary,15146.653136412408
USER_0036,2026-08-11,-343.9703879097493,discretionary,14802.682748502659
USER_0036,2026-08-12,-248.3006708128943,discretionary,14554.382077689765
USER_0036,2026-08-13,-99.67179509668249,discretionary,14454.710282593082
USER_0036,2026-08-14,-117.09019218319848,discretionary,14337.620090409882
USER_0036,2026-08-15,-741.0394422494816,discretionary,13596.580648160401
USER_0036,2026-08-16,-179.27011587661195,discretionary,13417.31053228379
USER_0036,2026-08-17,-265.50674817921913,discretionary,13151.80378410457
USER_0036,2026-08-18,-272.63968771132824,discretionary,12879.164096393242
USER_0036,2026-08-19,-254.37532379961493,discretionary,12624.788772593627
USER_0036,2026-08-20,-176.8646889719598,discretionary,12447.924083621667
USER_0036,2026-08-21,-118.58272733361774,discretionary,12329.341356288049
USER_0036,2026-08-22,-424.97774003072186,discretionary,11904.363616257328
USER_0036,2026-08-23,-336.6909297411292,discretionary,11567.672686516198
USER_0036,2026-08-24,-425.56485016639084,discretionary,11142.107836349807
USER_0036,2026-08-25,-248.59527421622542,discretionary,10893.512562133581
USER_0036,2026-08-26,-166.56099548013063,discretionary,10726.95156665345
USER_0036,2026-08-27,-212.34090864117212,discretionary,10514.610658012278
USER_0036,2026-08-28,20000.0,income_salary,30514.61065801228
USER_0036,2026-08-28,-413.4851153255156,discretionary,30101.125542686765
USER_0036,2026-08-29,-449.1763071694869,discretionary,29651.949235517277
USER_0037,2026-06-01,-280.82706611062287,discretionary,4719.172933889377
USER_0037,2026-06-02,-190.7920727463049,discretionary,4528.380861143072
USER_0037,2026-06-03,-250.7234031400098,discretionary,4277.657458003063
USER_0037,2026-06-04,-125.35332786361998,discretionary,4152.304130139443
USER_0037,2026-06-05,-272.78991215561894,discretionary,3879.5142179838244
USER_0037,2026-06-06,-216.32065182107672,discretionary,3663.1935661627476
USER_0037,2026-06-07,-146.62444691488017,discretionary,3516.5691192478675
USER_0037,2026-06-08,-195.9079334535672,discretionary,3320.6611857943003
USER_0037,2026-06-09,-321.71734113518096,discretionary,2998.9438446591193
USER_0037,2026-06-10,-504.4296166326969,discretionary,2494.5142280264226
USER_0037,2026-06-11,-300.2895523287437,discretionary,2194.224675697679
USER_0037,2026-06-12,-333.0302388971761,discretionary,1861.1944368005027
USER_0037,2026-06-13,-218.54190172568065,discretionary,1642.652535074822
USER_0037,2026-06-14,-332.9083314376422,discretionary,1309.74420363718
USER_0037,2026-06-15,-240.9212410673206,discretionary,1068.8229625698593
USER_0037,2026-06-16,-171.51677543354197,discretionary,897.3061871363174
USER_0037,2026-06-17,-702.3419417448443,discretionary,194.964245391473
USER_0037,2026-06-18,-319.82925195297037,discretionary,-124.86500656149735
USER_0037,2026-06-19,-274.94231520252606,discretionary,-399.8073217640234
USER_0037,2026-06-20,-257.922573446837,discretionary,-657.7298952108604
USER_0037,2026-06-21,-226.67904760541424,discretionary,-884.4089428162746
USER_0037,2026-06-22,-279.9060109598587,discretionary,-1164.3149537761333
USER_0037,2026-06-23,-201.60668420048947,discretionary,-1365.9216379766228
USER_0037,2026-06-24,-192.30575250674443,discretionary,-1558.2273904833673
USER_0037,2026-06-25,-112.34672105885733,discretionary,-1670.5741115422247
USER_0037,2026-06-26,-208.32889852583094,discretionary,-1878.9030100680557
USER_0037,2026-06-27,-210.98108561161516,discretionary,-2089.8840956796707
USER_0037,2026-06-28,20000.0,income_salary,17910.11590432033
USER_0037,2026-06-28,-46.13723942095834,discretionary,17863.978664899372
USER_0037,2026-06-29,-486.17167173492714,discretionary,17377.806993164446
USER_0037,2026-06-30,-598.3419540922116,discretionary,16779.465039072235
USER_0037,2026-07-01,-8979.128120553263,fixed_rent,7800.336918518971
USER_0037,2026-07-01,-401.36698578583605,discretionary,7398.9699327331355
USER_0037,2026-07-02,-245.5503744396986,discretionary,7153.419558293437
USER_0037,2026-07-03,-238.7806698501617,discretionary,6914.638888443275
USER_0037,2026-07-04,-207.80422832330956,discretionary,6706.8346601199655
USER_0037,2026-07-05,-77.52186362245713,discretionary,6629.312796497508
USER_0037,2026-07-06,-270.05272293265597,discretionary,6359.260073564852
USER_0037,2026-07-07,-277.5217374593602,discretionary,6081.738336105492
USER_0037,2026-07-08,-377.18455730600556,discretionary,5704.553778799486
USER_0037,2026-07-09,-183.27401174252418,discretionary,5521.279767056962
USER_0037,2026-07-10,-329.2548079073273,discretionary,5192.024959149634
USER_0037,2026-07-11,-334.2105309255693,discretionary,4857.814428224065
USER_0037,2026-07-12,-186.62931525453857,discretionary,4671.185112969526
USER_0037,2026-07-13,-304.42551313727324,discretionary,4366.759599832253
USER_0037,2026-07-14,-274.7465925622727,discretionary,4092.0130072699803
USER_0037,2026-07-15,-177.16260012989974,discretionary,3914.8504071400807
USER_0037,2026-07-16,-375.56588703610527,discretionary,3539.2845201039754
USER_0037,2026-07-17,-175.1216128779649,discretionary,3364.1629072260107
USER_0037,2026-07-18,-120.48488811037926,discretionary,3243.6780191156313
USER_0037,2026-07-19,-274.0496791977201,discretionary,2969.628339917911
USER_0037,2026-07-20,-278.53208962253524,discretionary,2691.0962502953757
USER_0037,2026-07-21,-179.16082524543006,discretionary,2511.9354250499455
USER_0037,2026-07-22,-293.2816986996243,discretionary,2218.653726350321
USER_0037,2026-07-23,-89.27975077496211,discretionary,2129.373975575359
USER_0037,2026-07-24,-136.65813869982054,discretionary,1992.7158368755386
USER_0037,2026-07-25,-332.6345957614946,discretionary,1660.081241114044
USER_0037,2026-07-26,-721.5661467408027,discretionary,938.5150943732413
USER_0037,2026-07-27,-159.69184298546628,discretionary,778.8232513877749
USER_0037,2026-07-28,20000.0,income_salary,20778.823251387774
USER_0037,2026-07-28,-239.9588853141752,discretionary,20538.864366073598
USER_0037,2026-07-29,-192.41030088564023,discretionary,20346.454065187958
USER_0037,2026-07-30,-94.43874763695244,discretionary,20252.015317551006
USER_0037,2026-07-31,-474.3712535466113,discretionary,19777.644064004395
USER_0037,2026-08-01,-8979.128120553263,fixed_rent,10798.515943451132
USER_0037,2026-08-01,-138.33852864283799,discretionary,10660.177414808293
USER_0037,2026-08-02,-211.08838884679784,discretionary,10449.089025961495
USER_0037,2026-08-03,-298.89535582645897,discretionary,10150.193670135037
USER_0037,2026-08-04,-235.97517606152803,discretionary,9914.21849407351
USER_0037,2026-08-05,-142.07684261755833,discretionary,9772.141651455951
USER_0037,2026-08-06,-323.71206239311056,discretionary,9448.42958906284
USER_0037,2026-08-07,-468.5215996105883,discretionary,8979.907989452251
USER_0037,2026-08-08,-318.5258448382834,discretionary,8661.382144613968
USER_0037,2026-08-09,-212.5349717558923,discretionary,8448.847172858075
USER_0037,2026-08-10,-244.77299766268789,discretionary,8204.074175195386
USER_0037,2026-08-11,-160.04867456858838,discretionary,8044.025500626798
USER_0037,2026-08-12,-225.92148080109385,discretionary,7818.104019825704
USER_0037,2026-08-13,-182.87506607462194,discretionary,7635.228953751082
USER_0037,2026-08-14,-331.2701064289825,discretionary,7303.9588473221
USER_0037,2026-08-15,-452.46521609769377,discretionary,6851.493631224406
USER_0037,2026-08-16,-358.28884486124764,discretionary,6493.204786363159
USER_0037,2026-08-17,-523.8471137973241,discretionary,5969.357672565835
USER_0037,2026-08-18,-362.8427319508049,discretionary,5606.51494061503
USER_0037,2026-08-19,-202.75109809959085,discretionary,5403.763842515439
USER_0037,2026-08-20,-307.59879392413205,discretionary,5096.165048591307
USER_0037,2026-08-21,-98.80018783497253,discretionary,4997.364860756335
USER_0037,2026-08-22,-309.7622550790381,discretionary,4687.602605677296
USER_0037,2026-08-23,-257.169820597934,discretionary,4430.4327850793625
USER_0037,2026-08-24,-244.104487047813,discretionary,4186.32829803155
USER_0037,2026-08-25,-101.77181960389218,discretionary,4084.5564784276576
USER_0037,2026-08-26,-480.4097974776906,discretionary,3604.146680949967
USER_0037,2026-08-27,-199.193678349163,discretionary,3404.953002600804
USER_0037,2026-08-28,20000.0,income_salary,23404.953002600803
USER_0037,2026-08-28,-375.4767749158934,discretionary,23029.47622768491
USER_0037,2026-08-29,-363.29383387202836,discretionary,22666.182393812884
USER_0038,2026-06-01,-198.49340328848032,discretionary,4801.50659671152
USER_0038,2026-06-02,-210.3285276060354,discretionary,4591.178069105485
USER_0038,2026-06-03,-268.8720813650325,discretionary,4322.305987740452
USER_0038,2026-06-04,-181.95556226813636,discretionary,4140.350425472316
USER_0038,2026-06-05,-239.8948468255666,discretionary,3900.455578646749
USER_0038,2026-06-06,-243.43356564002613,discretionary,3657.022013006723
USER_0038,2026-06-07,-156.63630100200265,discretionary,3500.38571200472
USER_0038,2026-06-08,-217.22771721152955,discretionary,3283.1579947931905
USER_0038,2026-06-09,-448.7203451904275,discretionary,2834.437649602763
USER_0038,2026-06-10,-368.4818169501121,discretionary,2465.9558326526508
USER_0038,2026-06-11,-400.17064014222126,discretionary,2065.7851925104296
USER_0038,2026-06-12,-148.61290334998796,discretionary,1917.1722891604418
USER_0038,2026-06-13,-220.2649973991073,discretionary,1696.9072917613344
USER_0038,2026-06-14,-187.86409032364233,discretionary,1509.043201437692
USER_0038,2026-06-15,-472.72393005808937,discretionary,1036.3192713796027
USER_0038,2026-06-16,-121.04403866240278,discretionary,915.2752327172
USER_0038,2026-06-17,-180.5226547786033,discretionary,734.7525779385967
USER_0038,2026-06-18,-362.10561735786166,discretionary,372.646960580735
USER_0038,2026-06-19,-423.3807178373253,discretionary,-50.73375725659025
USER_0038,2026-06-20,-376.773795827892,discretionary,-427.50755308448225
USER_0038,2026-06-21,-677.8123895902279,discretionary,-1105.31994267471
USER_0038,2026-06-22,-529.171866799077,discretionary,-1634.491809473787
USER_0038,2026-06-23,-81.35756821394862,discretionary,-1715.8493776877356
USER_0038,2026-06-24,-342.94027598631897,discretionary,-2058.7896536740545
USER_0038,2026-06-25,-535.3068939919033,discretionary,-2594.0965476659576
USER_0038,2026-06-26,-177.38444592001989,discretionary,-2771.4809935859776
USER_0038,2026-06-27,-305.9780651110468,discretionary,-3077.4590586970244
USER_0038,2026-06-28,30000.0,income_salary,26922.540941302977
USER_0038,2026-06-28,-574.9391151692694,discretionary,26347.60182613371
USER_0038,2026-06-29,-311.0574478000384,discretionary,26036.54437833367
USER_0038,2026-06-30,-269.94845077564776,discretionary,25766.595927558024
USER_0038,2026-07-01,-6747.807550425767,fixed_rent,19018.78837713226
USER_0038,2026-07-01,-495.9811573967881,discretionary,18522.80721973547
USER_0038,2026-07-02,-414.81121935602437,discretionary,18107.996000379448
USER_0038,2026-07-03,-130.03050725058384,discretionary,17977.965493128864
USER_0038,2026-07-04,-165.20338520383314,discretionary,17812.76210792503
USER_0038,2026-07-05,-403.142075568788,discretionary,17409.620032356244
USER_0038,2026-07-06,-298.0061526312708,discretionary,17111.613879724973
USER_0038,2026-07-07,-329.5452886608369,discretionary,16782.068591064137
USER_0038,2026-07-08,-247.4477767054545,discretionary,16534.62081435868
USER_0038,2026-07-09,-604.7166362918391,discretionary,15929.904178066841
USER_0038,2026-07-10,-366.5365376679231,discretionary,15563.367640398918
USER_0038,2026-07-11,-435.4873422101888,discretionary,15127.88029818873
USER_0038,2026-07-12,-153.26991185339452,discretionary,14974.610386335335
USER_0038,2026-07-13,-245.45217922955925,discretionary,14729.158207105775
USER_0038,2026-07-14,-172.50565332338948,discretionary,14556.652553782385
USER_0038,2026-07-15,-297.6402516559375,discretionary,14259.012302126448
USER_0038,2026-07-16,-515.819647357851,discretionary,13743.192654768598
USER_0038,2026-07-17,-135.4342056291999,discretionary,13607.758449139397
USER_0038,2026-07-18,-310.7195347236717,discretionary,13297.038914415725
USER_0038,2026-07-19,-179.9401089666562,discretionary,13117.09880544907
USER_0038,2026-07-20,-316.2429702725913,discretionary,12800.855835176479
USER_0038,2026-07-21,-193.36092602561504,discretionary,12607.494909150864
USER_0038,2026-07-22,-425.5201695603299,discretionary,12181.974739590534
USER_0038,2026-07-23,-170.71757789465633,discretionary,12011.257161695878
USER_0038,2026-07-24,-205.43200076754982,discretionary,11805.825160928327
USER_0038,2026-07-25,-224.07730348739597,discretionary,11581.74785744093
USER_0038,2026-07-26,-198.7592371359102,discretionary,11382.988620305021
USER_0038,2026-07-27,-327.2075356709915,discretionary,11055.781084634029
USER_0038,2026-07-28,30000.0,income_salary,41055.78108463403
USER_0038,2026-07-28,-70.8619240101165,discretionary,40984.91916062391
USER_0038,2026-07-29,-765.0156360446314,discretionary,40219.90352457928
USER_0038,2026-07-30,-113.90713840774964,discretionary,40105.99638617153
USER_0038,2026-07-31,-149.50302036219333,discretionary,39956.493365809336
USER_0038,2026-08-01,-6747.807550425767,fixed_rent,33208.68581538357
USER_0038,2026-08-01,-472.1268290429903,discretionary,32736.55898634058
USER_0038,2026-08-02,-520.3573604594233,discretionary,32216.201625881156
USER_0038,2026-08-03,-111.4087109207371,discretionary,32104.79291496042
USER_0038,2026-08-04,-163.03369336276006,discretionary,31941.759221597662
USER_0038,2026-08-05,-287.5512526168525,discretionary,31654.20796898081
USER_0038,2026-08-06,-212.43708351705678,discretionary,31441.770885463753
USER_0038,2026-08-07,-251.970807525171,discretionary,31189.800077938584
USER_0038,2026-08-08,-111.39113515701185,discretionary,31078.40894278157
USER_0038,2026-08-09,-177.42282388652796,discretionary,30900.98611889504
USER_0038,2026-08-10,-124.69286541324215,discretionary,30776.2932534818
USER_0038,2026-08-11,-473.9675934841789,discretionary,30302.32565999762
USER_0038,2026-08-12,-373.7485640651051,discretionary,29928.577095932513
USER_0038,2026-08-13,-110.23977269618642,discretionary,29818.337323236326
USER_0038,2026-08-14,-514.3988347848538,discretionary,29303.938488451473
USER_0038,2026-08-15,-157.78743893731402,discretionary,29146.15104951416
USER_0038,2026-08-16,-506.1592217522612,discretionary,28639.991827761896
USER_0038,2026-08-17,-269.64940560500116,discretionary,28370.342422156897
USER_0038,2026-08-18,-265.81730651851313,discretionary,28104.525115638382
USER_0038,2026-08-19,-752.9222296792827,discretionary,27351.6028859591
USER_0038,2026-08-20,-101.92815083471461,discretionary,27249.674735124383
USER_0038,2026-08-21,-894.3980522623468,discretionary,26355.276682862037
USER_0038,2026-08-22,-1059.8492611528056,discretionary,25295.42742170923
USER_0038,2026-08-23,-146.4007492244038,discretionary,25149.026672484826
USER_0038,2026-08-24,-148.19587994062795,discretionary,25000.8307925442
USER_0038,2026-08-25,-104.99300091202316,discretionary,24895.837791632177
USER_0038,2026-08-26,-319.0482530596537,discretionary,24576.789538572524
USER_0038,2026-08-27,-286.33053714737093,discretionary,24290.45900142515
USER_0038,2026-08-28,30000.0,income_salary,54290.45900142515
USER_0038,2026-08-28,-228.6060032384909,discretionary,54061.85299818666
USER_0038,2026-08-29,-299.49215387824614,discretionary,53762.360844308416
USER_0039,2026-06-01,-175.21078563851714,discretionary,4824.789214361483
USER_0039,2026-06-02,-191.60089287202928,discretionary,4633.188321489453
USER_0039,2026-06-03,-201.5111962077154,discretionary,4431.677125281738
USER_0039,2026-06-04,-153.6069239935471,discretionary,4278.070201288191
USER_0039,2026-06-05,-166.41531316441248,discretionary,4111.654888123779
USER_0039,2026-06-06,-159.29127812131202,discretionary,3952.3636100024664
USER_0039,2026-06-07,-132.6241405185002,discretionary,3819.7394694839663
USER_0039,2026-06-08,-425.5307451910244,discretionary,3394.208724292942
USER_0039,2026-06-09,-266.72148840875815,discretionary,3127.487235884184
USER_0039,2026-06-10,-371.71920071885864,discretionary,2755.7680351653253
USER_0039,2026-06-11,-114.07029900101345,discretionary,2641.6977361643117
USER_0039,2026-06-12,-226.8878162639067,discretionary,2414.809919900405
USER_0039,2026-06-13,-84.44710583515797,discretionary,2330.362814065247
USER_0039,2026-06-14,-652.7091562066805,discretionary,1677.6536578585667
USER_0039,2026-06-15,-334.3375228804897,discretionary,1343.3161349780771
USER_0039,2026-06-16,-252.03804647466083,discretionary,1091.2780885034163
USER_0039,2026-06-17,-288.7510717804759,discretionary,802.5270167229403
USER_0039,2026-06-18,-205.5833981707628,discretionary,596.9436185521774
USER_0039,2026-06-19,-338.4731535703339,discretionary,258.4704649818435
USER_0039,2026-06-20,-411.9680729871056,discretionary,-153.49760800526207
USER_0039,2026-06-21,-267.2073970273854,discretionary,-420.7050050326475
USER_0039,2026-06-22,-783.7322381766573,discretionary,-1204.4372432093048
USER_0039,2026-06-23,-255.08278792471566,discretionary,-1459.5200311340204
USER_0039,2026-06-24,-233.4181563079434,discretionary,-1692.938187441964
USER_0039,2026-06-25,-182.99788967803914,discretionary,-1875.9360771200031
USER_0039,2026-06-26,-323.08489424919037,discretionary,-2199.0209713691934
USER_0039,2026-06-27,-178.41472177160034,discretionary,-2377.435693140794
USER_0039,2026-06-28,30000.0,income_salary,27622.564306859207
USER_0039,2026-06-28,-225.02971739658747,discretionary,27397.53458946262
USER_0039,2026-06-29,-190.0691913233094,discretionary,27207.46539813931
USER_0039,2026-06-30,-131.01219794197968,discretionary,27076.45320019733
USER_0039,2026-07-01,-8045.984321460906,fixed_rent,19030.468878736425
USER_0039,2026-07-01,-286.48093413710933,discretionary,18743.987944599314
USER_0039,2026-07-02,-882.2675152096183,discretionary,17861.720429389694
USER_0039,2026-07-03,-189.1679965931011,discretionary,17672.552432796594
USER_0039,2026-07-04,-198.36405646660748,discretionary,17474.18837632999
USER_0039,2026-07-05,-249.0416628789354,discretionary,17225.146713451053
USER_0039,2026-07-06,-127.50787432473514,discretionary,17097.638839126317
USER_0039,2026-07-07,-416.5048321463483,discretionary,16681.13400697997
USER_0039,2026-07-08,-92.97719102987216,discretionary,16588.156815950097
USER_0039,2026-07-09,-361.0925972937624,discretionary,16227.064218656335
USER_0039,2026-07-10,-410.20598505282175,discretionary,15816.858233603512
USER_0039,2026-07-11,-70.98702927700037,discretionary,15745.871204326511
USER_0039,2026-07-12,-298.8213715153012,discretionary,15447.04983281121
USER_0039,2026-07-13,-447.98446777249376,discretionary,14999.065365038716
USER_0039,2026-07-14,-420.6639840071985,discretionary,14578.401381031517
USER_0039,2026-07-15,-448.97517287184866,discretionary,14129.426208159668
USER_0039,2026-07-16,-229.82094927632355,discretionary,13899.605258883345
USER_0039,2026-07-17,-196.31167559829996,discretionary,13703.293583285045
USER_0039,2026-07-18,-96.07416517481322,discretionary,13607.219418110231
USER_0039,2026-07-19,-632.5867198575266,discretionary,12974.632698252704
USER_0039,2026-07-20,-234.30514930874858,discretionary,12740.327548943957
USER_0039,2026-07-21,-178.40914894902346,discretionary,12561.918399994933
USER_0039,2026-07-22,-156.99316916837532,discretionary,12404.925230826557
USER_0039,2026-07-23,-458.5050538774976,discretionary,11946.42017694906
USER_0039,2026-07-24,-203.6867573440721,discretionary,11742.733419604987
USER_0039,2026-07-25,-252.974023954882,discretionary,11489.759395650104
USER_0039,2026-07-26,-240.78095849699912,discretionary,11248.978437153106
USER_0039,2026-07-27,-592.120153968556,discretionary,10656.85828318455
USER_0039,2026-07-28,30000.0,income_salary,40656.85828318455
USER_0039,2026-07-28,-211.59464501544292,discretionary,40445.263638169105
USER_0039,2026-07-29,-241.38449277099704,discretionary,40203.87914539811
USER_0039,2026-07-30,-209.7189222959774,discretionary,39994.16022310213
USER_0039,2026-07-31,-279.1833048193733,discretionary,39714.97691828276
USER_0039,2026-08-01,-8045.984321460906,fixed_rent,31668.992596821852
USER_0039,2026-08-01,-297.2537608531504,discretionary,31371.738835968703
USER_0039,2026-08-02,-360.7562548745706,discretionary,31010.982581094133
USER_0039,2026-08-03,-93.29180451182134,discretionary,30917.690776582313
USER_0039,2026-08-04,-428.1890420085947,discretionary,30489.501734573718
USER_0039,2026-08-05,-483.5185298891615,discretionary,30005.983204684555
USER_0039,2026-08-06,-392.1996052952219,discretionary,29613.78359938933
USER_0039,2026-08-07,-266.93994823836357,discretionary,29346.843651150968
USER_0039,2026-08-08,-350.6402542435407,discretionary,28996.20339690743
USER_0039,2026-08-09,-711.1598477750176,discretionary,28285.04354913241
USER_0039,2026-08-10,-80.16334651602394,discretionary,28204.880202616387
USER_0039,2026-08-11,-1106.075351261202,discretionary,27098.804851355184
USER_0039,2026-08-12,-343.774059878452,discretionary,26755.030791476733
USER_0039,2026-08-13,-162.46957729538795,discretionary,26592.561214181344
USER_0039,2026-08-14,-91.42559567755669,discretionary,26501.135618503788
USER_0039,2026-08-15,-380.8344799629321,discretionary,26120.301138540857
USER_0039,2026-08-16,-220.53292366822976,discretionary,25899.768214872627
USER_0039,2026-08-17,-249.4529199959315,discretionary,25650.315294876695
USER_0039,2026-08-18,-249.3801295362993,discretionary,25400.935165340394
USER_0039,2026-08-19,-236.75959907674573,discretionary,25164.17556626365
USER_0039,2026-08-20,-271.9508971115614,discretionary,24892.22466915209
USER_0039,2026-08-21,-124.4665272602041,discretionary,24767.758141891885
USER_0039,2026-08-22,-695.7341783341657,discretionary,24072.02396355772
USER_0039,2026-08-23,-404.8572102673833,discretionary,23667.166753290338
USER_0039,2026-08-24,-153.95372056374364,discretionary,23513.213032726595
USER_0039,2026-08-25,-215.34089600847076,discretionary,23297.872136718124
USER_0039,2026-08-26,-97.51075329795637,discretionary,23200.361383420168
USER_0039,2026-08-27,-432.6283652409932,discretionary,22767.733018179173
USER_0039,2026-08-28,30000.0,income_salary,52767.73301817918
USER_0039,2026-08-28,-105.87080518023778,discretionary,52661.86221299894
USER_0039,2026-08-29,-246.9110847937049,discretionary,52414.95112820523
USER_0040,2026-06-01,-534.9328315962218,discretionary,4465.067168403778
USER_0040,2026-06-02,-242.48951919918858,discretionary,4222.57764920459
USER_0040,2026-06-03,-612.5729026893591,discretionary,3610.0047465152306
USER_0040,2026-06-04,-533.3381627236957,discretionary,3076.666583791535
USER_0040,2026-06-05,-320.2272572077935,discretionary,2756.439326583741
USER_0040,2026-06-06,-146.07832235784397,discretionary,2610.361004225897
USER_0040,2026-06-07,-223.1924508272575,discretionary,2387.1685533986397
USER_0040,2026-06-08,-161.24880208592265,discretionary,2225.919751312717
USER_0040,2026-06-09,-171.12740029746374,discretionary,2054.792351015253
USER_0040,2026-06-10,-129.3197358625026,discretionary,1925.4726151527507
USER_0040,2026-06-11,-284.6438514053768,discretionary,1640.8287637473738
USER_0040,2026-06-12,-280.1853691585404,discretionary,1360.6433945888334
USER_0040,2026-06-13,-376.3788082805733,discretionary,984.26458630826
USER_0040,2026-06-14,-390.11908086616904,discretionary,594.145505442091
USER_0040,2026-06-15,-253.1158384410444,discretionary,341.0296670010466
USER_0040,2026-06-16,-98.4898302903973,discretionary,242.53983671064933
USER_0040,2026-06-17,-201.4577064523902,discretionary,41.08213025825913
USER_0040,2026-06-18,-291.4225420971253,discretionary,-250.34041183886617
USER_0040,2026-06-19,-332.05019912756376,discretionary,-582.3906109664299
USER_0040,2026-06-20,-230.74771140204442,discretionary,-813.1383223684743
USER_0040,2026-06-21,-57.12096720290824,discretionary,-870.2592895713825
USER_0040,2026-06-22,-399.7903602292748,discretionary,-1270.0496498006573
USER_0040,2026-06-23,-309.2049276761584,discretionary,-1579.2545774768157
USER_0040,2026-06-24,-325.2662286638711,discretionary,-1904.5208061406868
USER_0040,2026-06-25,-246.1383874565097,discretionary,-2150.6591935971965
USER_0040,2026-06-26,-165.13374900260814,discretionary,-2315.7929425998045
USER_0040,2026-06-27,-131.46022100802864,discretionary,-2447.2531636078334
USER_0040,2026-06-28,35000.0,income_salary,32552.746836392165
USER_0040,2026-06-28,-286.9201329650073,discretionary,32265.82670342716
USER_0040,2026-06-29,-342.0196975989268,discretionary,31923.807005828232
USER_0040,2026-06-30,-190.36074189958418,discretionary,31733.446263928647
USER_0040,2026-07-01,-5398.5647201636375,fixed_rent,26334.88154376501
USER_0040,2026-07-01,-322.65768701055856,discretionary,26012.22385675445
USER_0040,2026-07-02,-145.07204323522217,discretionary,25867.151813519227
USER_0040,2026-07-03,-659.4973620688999,discretionary,25207.654451450326
USER_0040,2026-07-04,-246.7305919552095,discretionary,24960.923859495117
USER_0040,2026-07-05,-400.6206049210396,discretionary,24560.303254574075
USER_0040,2026-07-06,-181.3706252941625,discretionary,24378.932629279912
USER_0040,2026-07-07,-107.70074533750878,discretionary,24271.231883942404
USER_0040,2026-07-08,-433.76222473907035,discretionary,23837.469659203332
USER_0040,2026-07-09,-262.1034287796206,discretionary,23575.36623042371
USER_0040,2026-07-10,-351.8811392685297,discretionary,23223.48509115518
USER_0040,2026-07-11,-452.87104442099223,discretionary,22770.614046734187
USER_0040,2026-07-12,-186.39460363174385,discretionary,22584.219443102444
USER_0040,2026-07-13,-306.05083451861515,discretionary,22278.16860858383
USER_0040,2026-07-14,-266.45767890302443,discretionary,22011.710929680805
USER_0040,2026-07-15,-149.78212271149508,discretionary,21861.92880696931
USER_0040,2026-07-16,-115.02236944848467,discretionary,21746.906437520825
USER_0040,2026-07-17,-243.3569044391892,discretionary,21503.549533081637
USER_0040,2026-07-18,-545.2129978058349,discretionary,20958.3365352758
USER_0040,2026-07-19,-311.7951825012908,discretionary,20646.54135277451
USER_0040,2026-07-20,-162.73154077152125,discretionary,20483.80981200299
USER_0040,2026-07-21,-412.2064826513769,discretionary,20071.603329351612
USER_0040,2026-07-22,-246.2677852521535,discretionary,19825.33554409946
USER_0040,2026-07-23,-484.20818030005574,discretionary,19341.127363799405
USER_0040,2026-07-24,-430.43628288805047,discretionary,18910.691080911354
USER_0040,2026-07-25,-193.70862187112223,discretionary,18716.98245904023
USER_0040,2026-07-26,-117.49850100055774,discretionary,18599.483958039673
USER_0040,2026-07-27,-331.12894659598294,discretionary,18268.35501144369
USER_0040,2026-07-28,35000.0,income_salary,53268.355011443695
USER_0040,2026-07-28,-526.7381819353344,discretionary,52741.61682950836
USER_0040,2026-07-29,-259.47086158887936,discretionary,52482.14596791948
USER_0040,2026-07-30,-208.24759461447874,discretionary,52273.898373305004
USER_0040,2026-07-31,-226.00867301707868,discretionary,52047.889700287924
USER_0040,2026-08-01,-5398.5647201636375,fixed_rent,46649.324980124286
USER_0040,2026-08-01,-172.65924875218897,discretionary,46476.66573137209
USER_0040,2026-08-02,-127.15345215673861,discretionary,46349.512279215356
USER_0040,2026-08-03,-132.76523422021685,discretionary,46216.747044995136
USER_0040,2026-08-04,-128.17966789522941,discretionary,46088.567377099906
USER_0040,2026-08-05,-247.05048263919485,discretionary,45841.516894460714
USER_0040,2026-08-06,-314.78058904468884,discretionary,45526.73630541602
USER_0040,2026-08-07,-137.55688923111364,discretionary,45389.17941618491
USER_0040,2026-08-08,-314.5287825195111,discretionary,45074.6506336654
USER_0040,2026-08-09,-365.25344781003344,discretionary,44709.39718585536
USER_0040,2026-08-10,-552.8505691192297,discretionary,44156.54661673613
USER_0040,2026-08-11,-267.5679378494913,discretionary,43888.97867888664
USER_0040,2026-08-12,-226.86372597180662,discretionary,43662.11495291483
USER_0040,2026-08-13,-262.47801281385216,discretionary,43399.63694010098
USER_0040,2026-08-14,-75.4576509989827,discretionary,43324.179289101994
USER_0040,2026-08-15,-285.26674231196995,discretionary,43038.91254679002
USER_0040,2026-08-16,-299.6860934980892,discretionary,42739.226453291936
USER_0040,2026-08-17,-579.0379262493565,discretionary,42160.18852704258
USER_0040,2026-08-18,-292.8025752313329,discretionary,41867.385951811244
USER_0040,2026-08-19,-227.24597489285276,discretionary,41640.13997691839
USER_0040,2026-08-20,-260.29735535714156,discretionary,41379.84262156125
USER_0040,2026-08-21,-365.20850032042836,discretionary,41014.63412124082
USER_0040,2026-08-22,-451.6106555257933,discretionary,40563.02346571503
USER_0040,2026-08-23,-224.88898593303605,discretionary,40338.13447978199
USER_0040,2026-08-24,-343.1956668180332,discretionary,39994.938812963956
USER_0040,2026-08-25,-204.31059313929853,discretionary,39790.628219824655
USER_0040,2026-08-26,-83.69579438949656,discretionary,39706.93242543516
USER_0040,2026-08-27,-202.4057808839906,discretionary,39504.526644551166
USER_0040,2026-08-28,35000.0,income_salary,74504.52664455117
USER_0040,2026-08-28,-194.61573686258,discretionary,74309.91090768858
USER_0040,2026-08-29,-610.8390970648895,discretionary,73699.07181062369
USER_0041,2026-06-01,-366.1715915029222,discretionary,4633.828408497078
USER_0041,2026-06-02,-117.46929547649354,discretionary,4516.359113020585
USER_0041,2026-06-03,-312.7245412633128,discretionary,4203.634571757272
USER_0041,2026-06-04,-144.79875591441984,discretionary,4058.8358158428523
USER_0041,2026-06-05,-236.28380786428673,discretionary,3822.5520079785656
USER_0041,2026-06-06,-106.7220299937804,discretionary,3715.8299779847853
USER_0041,2026-06-07,-209.94667259435272,discretionary,3505.8833053904327
USER_0041,2026-06-08,-126.58925082722085,discretionary,3379.294054563212
USER_0041,2026-06-09,-272.9592013902214,discretionary,3106.3348531729903
USER_0041,2026-06-10,-107.40543076969361,discretionary,2998.9294224032965
USER_0041,2026-06-11,-235.97584299289971,discretionary,2762.9535794103967
USER_0041,2026-06-12,-492.57984112587576,discretionary,2270.373738284521
USER_0041,2026-06-13,-118.66597596100546,discretionary,2151.7077623235155
USER_0041,2026-06-14,-452.8301926401004,discretionary,1698.877569683415
USER_0041,2026-06-15,-34.99930431749143,discretionary,1663.8782653659237
USER_0041,2026-06-16,-1050.3664704750518,discretionary,613.5117948908719
USER_0041,2026-06-17,-169.4938435398489,discretionary,444.017951351023
USER_0041,2026-06-18,-338.44536813285146,discretionary,105.57258321817153
USER_0041,2026-06-19,-202.77480817942006,discretionary,-97.20222496124853
USER_0041,2026-06-20,-241.55294545258306,discretionary,-338.7551704138316
USER_0041,2026-06-21,-118.56116957356218,discretionary,-457.3163399873938
USER_0041,2026-06-22,-111.8255153090868,discretionary,-569.1418552964806
USER_0041,2026-06-23,-191.55851551166455,discretionary,-760.7003708081452
USER_0041,2026-06-24,-185.31122829478392,discretionary,-946.011599102929
USER_0041,2026-06-25,-256.4292629271151,discretionary,-1202.4408620300442
USER_0041,2026-06-26,-190.97814944611773,discretionary,-1393.4190114761618
USER_0041,2026-06-27,-433.21844263088315,discretionary,-1826.637454107045
USER_0041,2026-06-28,35000.0,income_salary,33173.36254589295
USER_0041,2026-06-28,-162.0899723940776,discretionary,33011.27257349888
USER_0041,2026-06-29,-194.2034307717793,discretionary,32817.0691427271
USER_0041,2026-06-30,-385.596615684735,discretionary,32431.472527042366
USER_0041,2026-07-01,-7024.776321404197,fixed_rent,25406.696205638167
USER_0041,2026-07-01,-332.2727229571253,discretionary,25074.423482681043
USER_0041,2026-07-02,-224.02650003210252,discretionary,24850.39698264894
USER_0041,2026-07-03,-705.0304069953114,discretionary,24145.36657565363
USER_0041,2026-07-04,-613.5064797652695,discretionary,23531.860095888358
USER_0041,2026-07-05,-181.99098900856114,discretionary,23349.869106879796
USER_0041,2026-07-06,-173.87895436148864,discretionary,23175.99015251831
USER_0041,2026-07-07,-212.5007566366087,discretionary,22963.4893958817
USER_0041,2026-07-08,-149.9181363639101,discretionary,22813.57125951779
USER_0041,2026-07-09,-154.99659946688215,discretionary,22658.57466005091
USER_0041,2026-07-10,-387.00597553959744,discretionary,22271.568684511312
USER_0041,2026-07-11,-184.57514972300643,discretionary,22086.993534788307
USER_0041,2026-07-12,-346.6520067022072,discretionary,21740.3415280861
USER_0041,2026-07-13,-142.2771667773608,discretionary,21598.06436130874
USER_0041,2026-07-14,-168.67994429112738,discretionary,21429.384417017613
USER_0041,2026-07-15,-512.4577526190905,discretionary,20916.92666439852
USER_0041,2026-07-16,-331.6758666494051,discretionary,20585.250797749115
USER_0041,2026-07-17,-775.6546945204697,discretionary,19809.596103228647
USER_0041,2026-07-18,-208.16940948608462,discretionary,19601.426693742564
USER_0041,2026-07-19,-513.4960879447025,discretionary,19087.93060579786
USER_0041,2026-07-20,-170.20481676410978,discretionary,18917.72578903375
USER_0041,2026-07-21,-239.84596597137266,discretionary,18677.879823062376
USER_0041,2026-07-22,-131.53655492156585,discretionary,18546.34326814081
USER_0041,2026-07-23,-220.87567134379134,discretionary,18325.467596797018
USER_0041,2026-07-24,-219.33268376219965,discretionary,18106.134913034817
USER_0041,2026-07-25,-135.3442265658853,discretionary,17970.790686468932
USER_0041,2026-07-26,-308.34069759676856,discretionary,17662.449988872162
USER_0041,2026-07-27,-207.10928066961654,discretionary,17455.340708202544
USER_0041,2026-07-28,35000.0,income_salary,52455.340708202544
USER_0041,2026-07-28,-394.24283609034325,discretionary,52061.0978721122
USER_0041,2026-07-29,-322.061624830391,discretionary,51739.03624728181
USER_0041,2026-07-30,-435.38609310655585,discretionary,51303.65015417525
USER_0041,2026-07-31,-338.9092628898146,discretionary,50964.74089128544
USER_0041,2026-08-01,-7024.776321404197,fixed_rent,43939.96456988124
USER_0041,2026-08-01,-168.79218865579986,discretionary,43771.172381225435
USER_0041,2026-08-02,-387.6163596918596,discretionary,43383.55602153357
USER_0041,2026-08-03,-145.91930001993737,discretionary,43237.636721513634
USER_0041,2026-08-04,-543.1302780324783,discretionary,42694.50644348116
USER_0041,2026-08-05,-133.09445508883132,discretionary,42561.41198839233
USER_0041,2026-08-06,-266.407510833,discretionary,42295.00447755933
USER_0041,2026-08-07,-273.85626295198614,discretionary,42021.14821460734
USER_0041,2026-08-08,-290.3505382523753,discretionary,41730.79767635497
USER_0041,2026-08-09,-664.4213959795917,discretionary,41066.37628037538
USER_0041,2026-08-10,-284.0280014832809,discretionary,40782.348278892096
USER_0041,2026-08-11,-120.93067718642645,discretionary,40661.41760170567
USER_0041,2026-08-12,-135.5525953987415,discretionary,40525.86500630693
USER_0041,2026-08-13,-163.5240158719567,discretionary,40362.340990434976
USER_0041,2026-08-14,-139.074247793199,discretionary,40223.266742641776
USER_0041,2026-08-15,-578.2791277077656,discretionary,39644.98761493401
USER_0041,2026-08-16,-265.4220684528143,discretionary,39379.5655464812
USER_0041,2026-08-17,-133.90642833766347,discretionary,39245.659118143536
USER_0041,2026-08-18,-226.38594306339797,discretionary,39019.27317508014
USER_0041,2026-08-19,-293.8250668701447,discretionary,38725.448108209996
USER_0041,2026-08-20,-422.22705650062215,discretionary,38303.22105170937
USER_0041,2026-08-21,-95.35407448439153,discretionary,38207.86697722498
USER_0041,2026-08-22,-281.80514572938546,discretionary,37926.061831495594
USER_0041,2026-08-23,-97.93911860826537,discretionary,37828.12271288733
USER_0041,2026-08-24,-233.7861543484767,discretionary,37594.33655853885
USER_0041,2026-08-25,-171.51015754530212,discretionary,37422.82640099355
USER_0041,2026-08-26,-244.8883111191602,discretionary,37177.93808987439
USER_0041,2026-08-27,-409.591499797792,discretionary,36768.3465900766
USER_0041,2026-08-28,35000.0,income_salary,71768.3465900766
USER_0041,2026-08-28,-279.92244760730443,discretionary,71488.4241424693
USER_0041,2026-08-29,-125.76475930475765,discretionary,71362.65938316454
USER_0042,2026-06-01,-503.35654065371983,discretionary,4496.64345934628
USER_0042,2026-06-02,-167.72592853856492,discretionary,4328.917530807715
USER_0042,2026-06-03,-708.8399195337689,discretionary,3620.077611273946
USER_0042,2026-06-04,-207.8217634324109,discretionary,3412.255847841535
USER_0042,2026-06-05,-417.29042671311663,discretionary,2994.9654211284183
USER_0042,2026-06-06,-248.23948384125038,discretionary,2746.7259372871677
USER_0042,2026-06-07,-152.7985702129678,discretionary,2593.9273670742
USER_0042,2026-06-08,-634.4391552753459,discretionary,1959.488211798854
USER_0042,2026-06-09,-321.82336705516485,discretionary,1637.6648447436892
USER_0042,2026-06-10,-302.03266209994825,discretionary,1335.6321826437409
USER_0042,2026-06-11,-498.15991768244476,discretionary,837.4722649612961
USER_0042,2026-06-12,-375.38694431303094,discretionary,462.08532064826517
USER_0042,2026-06-13,-277.47497971044623,discretionary,184.61034093781893
USER_0042,2026-06-14,-215.40073718075692,discretionary,-30.790396242937987
USER_0042,2026-06-15,-200.44664150562537,discretionary,-231.23703774856335
USER_0042,2026-06-16,-206.49350785777526,discretionary,-437.73054560633864
USER_0042,2026-06-17,-530.6612302242544,discretionary,-968.391775830593
USER_0042,2026-06-18,-805.3718666889374,discretionary,-1773.7636425195305
USER_0042,2026-06-19,-289.4948583127168,discretionary,-2063.2585008322476
USER_0042,2026-06-20,-446.04255673634196,discretionary,-2509.3010575685894
USER_0042,2026-06-21,-322.8430195219086,discretionary,-2832.144077090498
USER_0042,2026-06-22,-453.9444450596553,discretionary,-3286.088522150153
USER_0042,2026-06-23,-291.7596621672403,discretionary,-3577.848184317393
USER_0042,2026-06-24,-235.61878936847623,discretionary,-3813.4669736858696
USER_0042,2026-06-25,-118.85209424599424,discretionary,-3932.3190679318636
USER_0042,2026-06-26,-238.19264105206028,discretionary,-4170.511708983924
USER_0042,2026-06-27,-225.05519823762492,discretionary,-4395.566907221549
USER_0042,2026-06-28,20000.0,income_salary,15604.43309277845
USER_0042,2026-06-28,-359.42991007848906,discretionary,15245.003182699962
USER_0042,2026-06-29,-579.814294674845,discretionary,14665.188888025117
USER_0042,2026-06-30,-359.3593165676077,discretionary,14305.829571457509
USER_0042,2026-07-01,-5873.306041146716,fixed_rent,8432.523530310793
USER_0042,2026-07-01,-313.48367778151703,discretionary,8119.039852529276
USER_0042,2026-07-02,-212.11887362154124,discretionary,7906.920978907735
USER_0042,2026-07-03,-169.4411720993299,discretionary,7737.479806808405
USER_0042,2026-07-04,-118.96649621564578,discretionary,7618.513310592759
USER_0042,2026-07-05,-330.03226308413645,discretionary,7288.481047508622
USER_0042,2026-07-06,-270.3938335729135,discretionary,7018.087213935709
USER_0042,2026-07-07,-202.92965121625892,discretionary,6815.15756271945
USER_0042,2026-07-08,-244.92124576130908,discretionary,6570.23631695814
USER_0042,2026-07-09,-347.1860353943332,discretionary,6223.050281563807
USER_0042,2026-07-10,-77.71122160458867,discretionary,6145.3390599592185
USER_0042,2026-07-11,-102.237920726291,discretionary,6043.101139232927
USER_0042,2026-07-12,-480.7198466800682,discretionary,5562.381292552859
USER_0042,2026-07-13,-476.81008785254227,discretionary,5085.571204700317
USER_0042,2026-07-14,-186.4638128990298,discretionary,4899.107391801287
USER_0042,2026-07-15,-86.7735637043039,discretionary,4812.333828096983
USER_0042,2026-07-16,-94.39880693122198,discretionary,4717.935021165761
USER_0042,2026-07-17,-185.9016828504814,discretionary,4532.033338315279
USER_0042,2026-07-18,-375.5730060653198,discretionary,4156.46033224996
USER_0042,2026-07-19,-175.10695578482645,discretionary,3981.3533764651334
USER_0042,2026-07-20,-482.3499427252326,discretionary,3499.0034337399006
USER_0042,2026-07-21,-184.87500729932532,discretionary,3314.1284264405754
USER_0042,2026-07-22,-491.56895144924755,discretionary,2822.559474991328
USER_0042,2026-07-23,-378.9885482096554,discretionary,2443.570926781673
USER_0042,2026-07-24,-321.43397196526155,discretionary,2122.136954816411
USER_0042,2026-07-25,-316.14476818371895,discretionary,1805.9921866326922
USER_0042,2026-07-26,-279.33483773813873,discretionary,1526.6573488945535
USER_0042,2026-07-27,-278.852869850746,discretionary,1247.8044790438075
USER_0042,2026-07-28,20000.0,income_salary,21247.804479043807
USER_0042,2026-07-28,-489.7690743408029,discretionary,20758.035404703005
USER_0042,2026-07-29,-223.35208884465345,discretionary,20534.68331585835
USER_0042,2026-07-30,-166.07142305502734,discretionary,20368.611892803325
USER_0042,2026-07-31,-432.5853456082765,discretionary,19936.026547195048
USER_0042,2026-08-01,-5873.306041146716,fixed_rent,14062.720506048332
USER_0042,2026-08-01,-268.698721941807,discretionary,13794.021784106524
USER_0042,2026-08-02,-287.77384081822225,discretionary,13506.247943288301
USER_0042,2026-08-03,-167.31451588089618,discretionary,13338.933427407404
USER_0042,2026-08-04,-677.4986351484027,discretionary,12661.434792259002
USER_0042,2026-08-05,-258.7524766448373,discretionary,12402.682315614165
USER_0042,2026-08-06,-419.05640442562384,discretionary,11983.625911188541
USER_0042,2026-08-07,-324.51987373901505,discretionary,11659.106037449526
USER_0042,2026-08-08,-652.9373403545807,discretionary,11006.168697094945
USER_0042,2026-08-09,-54.45672682018686,discretionary,10951.711970274759
USER_0042,2026-08-10,-181.57517637334283,discretionary,10770.136793901416
USER_0042,2026-08-11,-321.30727869242423,discretionary,10448.829515208992
USER_0042,2026-08-12,-325.96973512082064,discretionary,10122.85978008817
USER_0042,2026-08-13,-321.88013354838733,discretionary,9800.979646539783
USER_0042,2026-08-14,-215.86751999744564,discretionary,9585.112126542337
USER_0042,2026-08-15,-289.9032098430753,discretionary,9295.208916699263
USER_0042,2026-08-16,-172.01889881393257,discretionary,9123.19001788533
USER_0042,2026-08-17,-129.9591889081319,discretionary,8993.230828977199
USER_0042,2026-08-18,-289.2002288777389,discretionary,8704.03060009946
USER_0042,2026-08-19,-252.84592106904017,discretionary,8451.18467903042
USER_0042,2026-08-20,-140.795524686162,discretionary,8310.389154344259
USER_0042,2026-08-21,-487.41062647383114,discretionary,7822.978527870428
USER_0042,2026-08-22,-575.8506664230906,discretionary,7247.127861447337
USER_0042,2026-08-23,-359.77586350667514,discretionary,6887.351997940662
USER_0042,2026-08-24,-324.2970751395791,discretionary,6563.054922801083
USER_0042,2026-08-25,-752.4266709711205,discretionary,5810.628251829963
USER_0042,2026-08-26,-213.70802638163596,discretionary,5596.920225448327
USER_0042,2026-08-27,-187.50946997465292,discretionary,5409.410755473674
USER_0042,2026-08-28,20000.0,income_salary,25409.410755473673
USER_0042,2026-08-28,-151.5345987675139,discretionary,25257.87615670616
USER_0042,2026-08-29,-543.3064139334896,discretionary,24714.56974277267
USER_0043,2026-06-01,-587.2098195607812,discretionary,4412.790180439219
USER_0043,2026-06-02,-256.28388643904077,discretionary,4156.506294000178
USER_0043,2026-06-03,-308.86551670168177,discretionary,3847.6407772984962
USER_0043,2026-06-04,-165.65997479990858,discretionary,3681.9808024985878
USER_0043,2026-06-05,-101.07429283200796,discretionary,3580.90650966658
USER_0043,2026-06-06,-143.73173270134748,discretionary,3437.1747769652325
USER_0043,2026-06-07,-306.29703377406463,discretionary,3130.8777431911676
USER_0043,2026-06-08,-309.53432250672296,discretionary,2821.3434206844445
USER_0043,2026-06-09,-175.42670688637762,discretionary,2645.9167137980667
USER_0043,2026-06-10,-123.91713526199523,discretionary,2521.9995785360716
USER_0043,2026-06-11,-82.61260761739008,discretionary,2439.3869709186815
USER_0043,2026-06-12,-237.23849181499355,discretionary,2202.148479103688
USER_0043,2026-06-13,-364.72638593497305,discretionary,1837.4220931687148
USER_0043,2026-06-14,-98.31100488772637,discretionary,1739.1110882809885
USER_0043,2026-06-15,-699.1126114427906,discretionary,1039.9984768381978
USER_0043,2026-06-16,-171.51890257099015,discretionary,868.4795742672077
USER_0043,2026-06-17,-468.2344182233221,discretionary,400.2451560438856
USER_0043,2026-06-18,-366.71976400418356,discretionary,33.52539203970201
USER_0043,2026-06-19,-215.45685627428347,discretionary,-181.93146423458145
USER_0043,2026-06-20,-484.6550752831429,discretionary,-666.5865395177243
USER_0043,2026-06-21,-318.92449459990706,discretionary,-985.5110341176314
USER_0043,2026-06-22,-168.87916079304148,discretionary,-1154.390194910673
USER_0043,2026-06-23,-262.2668819612327,discretionary,-1416.6570768719057
USER_0043,2026-06-24,-214.90883359148535,discretionary,-1631.565910463391
USER_0043,2026-06-25,-360.9384286586452,discretionary,-1992.504339122036
USER_0043,2026-06-26,-460.97312734334673,discretionary,-2453.477466465383
USER_0043,2026-06-27,-509.71144662074215,discretionary,-2963.188913086125
USER_0043,2026-06-28,30000.0,income_salary,27036.811086913876
USER_0043,2026-06-28,-421.20670504265314,discretionary,26615.604381871224
USER_0043,2026-06-29,-410.4663574604162,discretionary,26205.138024410808
USER_0043,2026-06-30,-301.12380445797845,discretionary,25904.01421995283
USER_0043,2026-07-01,-5883.227898985881,fixed_rent,20020.78632096695
USER_0043,2026-07-01,-238.51799659205017,discretionary,19782.268324374898
USER_0043,2026-07-02,-151.08810676214537,discretionary,19631.180217612753
USER_0043,2026-07-03,-315.5560699819727,discretionary,19315.62414763078
USER_0043,2026-07-04,-222.08013078135835,discretionary,19093.54401684942
USER_0043,2026-07-05,-463.2929993152638,discretionary,18630.251017534156
USER_0043,2026-07-06,-324.7867035294042,discretionary,18305.464314004752
USER_0043,2026-07-07,-346.6834694786554,discretionary,17958.780844526096
USER_0043,2026-07-08,-243.18516377465136,discretionary,17715.595680751445
USER_0043,2026-07-09,-297.4768375098508,discretionary,17418.118843241595
USER_0043,2026-07-10,-155.0350810704043,discretionary,17263.08376217119
USER_0043,2026-07-11,-256.27234079866855,discretionary,17006.811421372524
USER_0043,2026-07-12,-237.25469542000718,discretionary,16769.556725952516
USER_0043,2026-07-13,-156.2545512102891,discretionary,16613.302174742228
USER_0043,2026-07-14,-498.04596316320414,discretionary,16115.256211579024
USER_0043,2026-07-15,-237.38440964622032,discretionary,15877.871801932804
USER_0043,2026-07-16,-619.4801103712177,discretionary,15258.391691561586
USER_0043,2026-07-17,-494.8120588514251,discretionary,14763.579632710162
USER_0043,2026-07-18,-198.295622378923,discretionary,14565.28401033124
USER_0043,2026-07-19,-116.26094125906154,discretionary,14449.023069072178
USER_0043,2026-07-20,-187.6862323226478,discretionary,14261.336836749531
USER_0043,2026-07-21,-168.63481223760294,discretionary,14092.70202451193
USER_0043,2026-07-22,-277.74954254695206,discretionary,13814.952481964978
USER_0043,2026-07-23,-180.95419114850424,discretionary,13633.998290816473
USER_0043,2026-07-24,-206.13722842961036,discretionary,13427.861062386863
USER_0043,2026-07-25,-326.9009051636459,discretionary,13100.960157223217
USER_0043,2026-07-26,-325.46244254777383,discretionary,12775.497714675443
USER_0043,2026-07-27,-290.78793356237446,discretionary,12484.709781113068
USER_0043,2026-07-28,30000.0,income_salary,42484.709781113066
USER_0043,2026-07-28,-97.88578850534842,discretionary,42386.823992607715
USER_0043,2026-07-29,-164.1981688106591,discretionary,42222.625823797054
USER_0043,2026-07-30,-390.6620142022802,discretionary,41831.963809594774
USER_0043,2026-07-31,-363.67155909367204,discretionary,41468.2922505011
USER_0043,2026-08-01,-5883.227898985881,fixed_rent,35585.06435151522
USER_0043,2026-08-01,-60.86802135865487,discretionary,35524.19633015656
USER_0043,2026-08-02,-231.1659136390926,discretionary,35293.03041651747
USER_0043,2026-08-03,-328.3243799240131,discretionary,34964.70603659345
USER_0043,2026-08-04,-203.1047806849507,discretionary,34761.6012559085
USER_0043,2026-08-05,-510.4307019949348,discretionary,34251.170553913566
USER_0043,2026-08-06,-239.7190324727234,discretionary,34011.451521440846
USER_0043,2026-08-07,-516.5843311631442,discretionary,33494.8671902777
USER_0043,2026-08-08,-187.82976629125605,discretionary,33307.03742398644
USER_0043,2026-08-09,-137.35389227530362,discretionary,33169.68353171113
USER_0043,2026-08-10,-213.54917122353703,discretionary,32956.134360487595
USER_0043,2026-08-11,-171.4330257397819,discretionary,32784.70133474781
USER_0043,2026-08-12,-61.99896775620647,discretionary,32722.702366991605
USER_0043,2026-08-13,-767.1179872450616,discretionary,31955.584379746542
USER_0043,2026-08-14,-167.29505117024334,discretionary,31788.2893285763
USER_0043,2026-08-15,-627.7641429928021,discretionary,31160.525185583498
USER_0043,2026-08-16,-184.05919229117706,discretionary,30976.46599329232
USER_0043,2026-08-17,-236.2402673465682,discretionary,30740.22572594575
USER_0043,2026-08-18,-187.95713043645878,discretionary,30552.268595509293
USER_0043,2026-08-19,-159.32102271225438,discretionary,30392.94757279704
USER_0043,2026-08-20,-533.0668136769992,discretionary,29859.88075912004
USER_0043,2026-08-21,-216.7311065718309,discretionary,29643.149652548207
USER_0043,2026-08-22,-223.51997682326746,discretionary,29419.62967572494
USER_0043,2026-08-23,-397.67284604441255,discretionary,29021.956829680526
USER_0043,2026-08-24,-323.57233205628665,discretionary,28698.38449762424
USER_0043,2026-08-25,-424.2971908197585,discretionary,28274.087306804482
USER_0043,2026-08-26,-170.72771953025418,discretionary,28103.359587274226
USER_0043,2026-08-27,-366.2262735264188,discretionary,27737.133313747807
USER_0043,2026-08-28,30000.0,income_salary,57737.13331374781
USER_0043,2026-08-28,-120.18300403549343,discretionary,57616.950309712316
USER_0043,2026-08-29,-444.92857755715767,discretionary,57172.02173215516
USER_0044,2026-06-01,-309.38321414671873,discretionary,4690.616785853281
USER_0044,2026-06-02,-263.98142743870005,discretionary,4426.635358414581
USER_0044,2026-06-03,-236.54498765268028,discretionary,4190.090370761901
USER_0044,2026-06-04,-247.04042510035737,discretionary,3943.0499456615435
USER_0044,2026-06-05,-225.8499630491607,discretionary,3717.199982612383
USER_0044,2026-06-06,-296.29813033585555,discretionary,3420.9018522765273
USER_0044,2026-06-07,-230.22973720820946,discretionary,3190.672115068318
USER_0044,2026-06-08,-159.93963350966357,discretionary,3030.7324815586544
USER_0044,2026-06-09,-479.08695062359175,discretionary,2551.6455309350627
USER_0044,2026-06-10,-336.66215164329606,discretionary,2214.9833792917666
USER_0044,2026-06-11,-225.58983440040538,discretionary,1989.3935448913612
USER_0044,2026-06-12,-291.32286873089765,discretionary,1698.0706761604636
USER_0044,2026-06-13,-385.27263296799816,discretionary,1312.7980431924655
USER_0044,2026-06-14,-299.0475302077018,discretionary,1013.7505129847636
USER_0044,2026-06-15,-302.69431137214855,discretionary,711.056201612615
USER_0044,2026-06-16,-440.1580721741449,discretionary,270.89812943847016
USER_0044,2026-06-17,-143.48841054908345,discretionary,127.40971888938671
USER_0044,2026-06-18,-182.35275476647618,discretionary,-54.94303587708947
USER_0044,2026-06-19,-620.4154736797401,discretionary,-675.3585095568296
USER_0044,2026-06-20,-148.53190658014373,discretionary,-823.8904161369734
USER_0044,2026-06-21,-228.4151497264288,discretionary,-1052.305565863402
USER_0044,2026-06-22,-143.44732662008968,discretionary,-1195.7528924834917
USER_0044,2026-06-23,-272.58975019179735,discretionary,-1468.342642675289
USER_0044,2026-06-24,-194.7160586076,discretionary,-1663.058701282889
USER_0044,2026-06-25,-278.6813161744006,discretionary,-1941.7400174572895
USER_0044,2026-06-26,-162.9767527650618,discretionary,-2104.7167702223514
USER_0044,2026-06-27,-230.9942768318741,discretionary,-2335.7110470542257
USER_0044,2026-06-28,20000.0,income_salary,17664.288952945775
USER_0044,2026-06-28,-220.89297484143282,discretionary,17443.39597810434
USER_0044,2026-06-29,-315.54990107470405,discretionary,17127.846077029637
USER_0044,2026-06-30,-183.1592008948651,discretionary,16944.686876134772
USER_0044,2026-07-01,-8533.71807715372,fixed_rent,8410.968798981052
USER_0044,2026-07-01,-522.7366500149175,discretionary,7888.232148966134
USER_0044,2026-07-02,-196.2896915402823,discretionary,7691.942457425852
USER_0044,2026-07-03,-383.4185622551566,discretionary,7308.523895170695
USER_0044,2026-07-04,-503.11558413652784,discretionary,6805.408311034167
USER_0044,2026-07-05,-266.24362353660126,discretionary,6539.164687497566
USER_0044,2026-07-06,-82.88984112634685,discretionary,6456.274846371219
USER_0044,2026-07-07,-248.1280123031956,discretionary,6208.146834068023
USER_0044,2026-07-08,-236.8843241713974,discretionary,5971.2625098966255
USER_0044,2026-07-09,-216.20932896060665,discretionary,5755.053180936019
USER_0044,2026-07-10,-178.91471013360618,discretionary,5576.1384708024125
USER_0044,2026-07-11,-348.08970740778886,discretionary,5228.048763394623
USER_0044,2026-07-12,-260.2492450599971,discretionary,4967.799518334626
USER_0044,2026-07-13,-162.70606002724656,discretionary,4805.0934583073795
USER_0044,2026-07-14,-101.7270086656259,discretionary,4703.366449641753
USER_0044,2026-07-15,-205.65038074521416,discretionary,4497.716068896539
USER_0044,2026-07-16,-397.5926573934888,discretionary,4100.12341150305
USER_0044,2026-07-17,-172.93474056672747,discretionary,3927.1886709363225
USER_0044,2026-07-18,-215.3103807495073,discretionary,3711.8782901868153
USER_0044,2026-07-19,-509.5702210936753,discretionary,3202.30806909314
USER_0044,2026-07-20,-221.16650582520808,discretionary,2981.1415632679323
USER_0044,2026-07-21,-183.32167582621116,discretionary,2797.819887441721
USER_0044,2026-07-22,-305.4996796152066,discretionary,2492.3202078265144
USER_0044,2026-07-23,-540.9034201968666,discretionary,1951.4167876296478
USER_0044,2026-07-24,-508.2359557938653,discretionary,1443.1808318357826
USER_0044,2026-07-25,-243.0303539471968,discretionary,1200.1504778885858
USER_0044,2026-07-26,-426.8816260630279,discretionary,773.2688518255579
USER_0044,2026-07-27,-350.9038504483282,discretionary,422.3650013772297
USER_0044,2026-07-28,20000.0,income_salary,20422.36500137723
USER_0044,2026-07-28,-272.0483395374717,discretionary,20150.31666183976
USER_0044,2026-07-29,-271.58780265283286,discretionary,19878.728859186926
USER_0044,2026-07-30,-480.8284395231776,discretionary,19397.900419663747
USER_0044,2026-07-31,-177.46455539856424,discretionary,19220.435864265182
USER_0044,2026-08-01,-8533.71807715372,fixed_rent,10686.717787111462
USER_0044,2026-08-01,-169.6627979289995,discretionary,10517.054989182463
USER_0044,2026-08-02,-374.3077774579796,discretionary,10142.747211724483
USER_0044,2026-08-03,-177.04261914805747,discretionary,9965.704592576425
USER_0044,2026-08-04,-750.3540651478453,discretionary,9215.35052742858
USER_0044,2026-08-05,-312.5274797492474,discretionary,8902.823047679332
USER_0044,2026-08-06,-487.05373690032275,discretionary,8415.76931077901
USER_0044,2026-08-07,-130.0906708618911,discretionary,8285.678639917118
USER_0044,2026-08-08,-199.1910366568952,discretionary,8086.487603260222
USER_0044,2026-08-09,-166.35209787453772,discretionary,7920.135505385685
USER_0044,2026-08-10,-508.2704314867076,discretionary,7411.865073898977
USER_0044,2026-08-11,-287.610180176041,discretionary,7124.254893722937
USER_0044,2026-08-12,-150.2698570402051,discretionary,6973.985036682731
USER_0044,2026-08-13,-228.8982073685574,discretionary,6745.086829314174
USER_0044,2026-08-14,-392.3605561049927,discretionary,6352.726273209181
USER_0044,2026-08-15,-248.05840168821538,discretionary,6104.6678715209655
USER_0044,2026-08-16,-223.98154918641453,discretionary,5880.686322334551
USER_0044,2026-08-17,-90.9624428807074,discretionary,5789.723879453843
USER_0044,2026-08-18,-210.4927055325516,discretionary,5579.231173921292
USER_0044,2026-08-19,-132.78933744133352,discretionary,5446.4418364799585
USER_0044,2026-08-20,-209.53191239430956,discretionary,5236.9099240856485
USER_0044,2026-08-21,-283.3233496646452,discretionary,4953.586574421003
USER_0044,2026-08-22,-889.0318041425164,discretionary,4064.554770278487
USER_0044,2026-08-23,-242.56802593802735,discretionary,3821.9867443404596
USER_0044,2026-08-24,-257.607698203572,discretionary,3564.3790461368876
USER_0044,2026-08-25,-766.4629179001329,discretionary,2797.916128236755
USER_0044,2026-08-26,-202.56357471646947,discretionary,2595.3525535202853
USER_0044,2026-08-27,-192.06243235688223,discretionary,2403.290121163403
USER_0044,2026-08-28,20000.0,income_salary,22403.2901211634
USER_0044,2026-08-28,-393.3443731664472,discretionary,22009.945747996953
USER_0044,2026-08-29,-187.46576512488883,discretionary,21822.479982872064
USER_0045,2026-06-01,-139.28769201180472,discretionary,4860.712307988195
USER_0045,2026-06-02,-118.85065263409278,discretionary,4741.861655354102
USER_0045,2026-06-03,-119.48789824368846,discretionary,4622.373757110414
USER_0045,2026-06-04,-192.66146016139385,discretionary,4429.71229694902
USER_0045,2026-06-05,-107.14849479302714,discretionary,4322.563802155993
USER_0045,2026-06-06,-152.99199816772887,discretionary,4169.571803988264
USER_0045,2026-06-07,-201.3144657363769,discretionary,3968.257338251887
USER_0045,2026-06-08,-373.04833518359504,discretionary,3595.209003068292
USER_0045,2026-06-09,-355.40758195224225,discretionary,3239.80142111605
USER_0045,2026-06-10,-124.53185552555281,discretionary,3115.269565590497
USER_0045,2026-06-11,-312.33140335853454,discretionary,2802.9381622319625
USER_0045,2026-06-12,-281.5618211040993,discretionary,2521.3763411278633
USER_0045,2026-06-13,-166.71086609282878,discretionary,2354.6654750350344
USER_0045,2026-06-14,-247.28570312292732,discretionary,2107.379771912107
USER_0045,2026-06-15,-164.85467564040871,discretionary,1942.5250962716984
USER_0045,2026-06-16,-243.31192084458635,discretionary,1699.213175427112
USER_0045,2026-06-17,-189.56181643389596,discretionary,1509.651358993216
USER_0045,2026-06-18,-397.8996904792174,discretionary,1111.7516685139985
USER_0045,2026-06-19,-138.55305988761464,discretionary,973.1986086263839
USER_0045,2026-06-20,-208.13052488044312,discretionary,765.0680837459408
USER_0045,2026-06-21,-364.0768919632706,discretionary,400.9911917826702
USER_0045,2026-06-22,-345.67637813010214,discretionary,55.31481365256809
USER_0045,2026-06-23,-203.4174233966181,discretionary,-148.10260974405
USER_0045,2026-06-24,-628.8972604681333,discretionary,-776.9998702121833
USER_0045,2026-06-25,-226.12068157095516,discretionary,-1003.1205517831385
USER_0045,2026-06-26,-194.2840287434234,discretionary,-1197.4045805265619
USER_0045,2026-06-27,-553.1122430644946,discretionary,-1750.5168235910564
USER_0045,2026-06-28,25000.0,income_salary,23249.483176408943
USER_0045,2026-06-28,-310.0518075120312,discretionary,22939.431368896912
USER_0045,2026-06-29,-151.5989540459119,discretionary,22787.832414851
USER_0045,2026-06-30,-272.02435834733666,discretionary,22515.80805650366
USER_0045,2026-07-01,-7925.236163956679,fixed_rent,14590.571892546983
USER_0045,2026-07-01,-152.0207150846432,discretionary,14438.55117746234
USER_0045,2026-07-02,-343.2407255953432,discretionary,14095.310451866995
USER_0045,2026-07-03,-278.0069105480087,discretionary,13817.303541318986
USER_0045,2026-07-04,-66.79599369146624,discretionary,13750.50754762752
USER_0045,2026-07-05,-561.7372051613685,discretionary,13188.77034246615
USER_0045,2026-07-06,-270.17537107633996,discretionary,12918.59497138981
USER_0045,2026-07-07,-147.90193646925655,discretionary,12770.693034920554
USER_0045,2026-07-08,-180.73293178908253,discretionary,12589.960103131472
USER_0045,2026-07-09,-283.8457224172762,discretionary,12306.114380714196
USER_0045,2026-07-10,-326.03480017083615,discretionary,11980.07958054336
USER_0045,2026-07-11,-451.02349056875255,discretionary,11529.056089974609
USER_0045,2026-07-12,-323.2464662664156,discretionary,11205.809623708194
USER_0045,2026-07-13,-294.2459564937094,discretionary,10911.563667214485
USER_0045,2026-07-14,-560.6898827773356,discretionary,10350.87378443715
USER_0045,2026-07-15,-186.46302611269488,discretionary,10164.410758324455
USER_0045,2026-07-16,-351.07785558191847,discretionary,9813.332902742537
USER_0045,2026-07-17,-262.40455961697637,discretionary,9550.92834312556
USER_0045,2026-07-18,-166.19312157099955,discretionary,9384.735221554562
USER_0045,2026-07-19,-314.367988479413,discretionary,9070.367233075149
USER_0045,2026-07-20,-167.06718344413068,discretionary,8903.300049631018
USER_0045,2026-07-21,-338.5741030270396,discretionary,8564.725946603978
USER_0045,2026-07-22,-212.15252623159745,discretionary,8352.57342037238
USER_0045,2026-07-23,-276.0524508520376,discretionary,8076.520969520343
USER_0045,2026-07-24,-124.64739550141552,discretionary,7951.873574018928
USER_0045,2026-07-25,-268.33208644040695,discretionary,7683.541487578521
USER_0045,2026-07-26,-159.22000227022596,discretionary,7524.3214853082945
USER_0045,2026-07-27,-313.02256862083675,discretionary,7211.298916687458
USER_0045,2026-07-28,25000.0,income_salary,32211.298916687458
USER_0045,2026-07-28,-239.59063199795816,discretionary,31971.7082846895
USER_0045,2026-07-29,-351.78493702234033,discretionary,31619.923347667158
USER_0045,2026-07-30,-172.53235692593353,discretionary,31447.390990741224
USER_0045,2026-07-31,-229.6517759561318,discretionary,31217.73921478509
USER_0045,2026-08-01,-7925.236163956679,fixed_rent,23292.50305082841
USER_0045,2026-08-01,-286.9510382475971,discretionary,23005.552012580814
USER_0045,2026-08-02,-179.50615400502215,discretionary,22826.04585857579
USER_0045,2026-08-03,-297.7605361417586,discretionary,22528.285322434032
USER_0045,2026-08-04,-232.70562016923952,discretionary,22295.579702264793
USER_0045,2026-08-05,-868.3650072887658,discretionary,21427.214694976028
USER_0045,2026-08-06,-311.1518922526252,discretionary,21116.0628027234
USER_0045,2026-08-07,-266.0161361811705,discretionary,20850.046666542232
USER_0045,2026-08-08,-117.39025223157287,discretionary,20732.65641431066
USER_0045,2026-08-09,-245.0736241014204,discretionary,20487.58279020924
USER_0045,2026-08-10,-190.92727118425503,discretionary,20296.655519024982
USER_0045,2026-08-11,-103.61535165930499,discretionary,20193.040167365678
USER_0045,2026-08-12,-420.3676032786897,discretionary,19772.672564086988
USER_0045,2026-08-13,-266.4931775916376,discretionary,19506.17938649535
USER_0045,2026-08-14,-173.67844549434687,discretionary,19332.500941001003
USER_0045,2026-08-15,-149.73206421969263,discretionary,19182.76887678131
USER_0045,2026-08-16,-305.6656725910282,discretionary,18877.10320419028
USER_0045,2026-08-17,-89.70857704806825,discretionary,18787.39462714221
USER_0045,2026-08-18,-161.50333139834976,discretionary,18625.89129574386
USER_0045,2026-08-19,-157.44080192933095,discretionary,18468.45049381453
USER_0045,2026-08-20,-454.77105678706266,discretionary,18013.679437027466
USER_0045,2026-08-21,-166.17290205423075,discretionary,17847.506534973236
USER_0045,2026-08-22,-210.73118804663935,discretionary,17636.775346926595
USER_0045,2026-08-23,-265.014793417384,discretionary,17371.76055350921
USER_0045,2026-08-24,-165.09949108357407,discretionary,17206.66106242564
USER_0045,2026-08-25,-376.3974646646502,discretionary,16830.26359776099
USER_0045,2026-08-26,-205.76012686234577,discretionary,16624.503470898642
USER_0045,2026-08-27,-165.79568202748084,discretionary,16458.70778887116
USER_0045,2026-08-28,25000.0,income_salary,41458.707788871165
USER_0045,2026-08-28,-297.6216972245628,discretionary,41161.086091646604
USER_0045,2026-08-29,-187.38603089984665,discretionary,40973.700060746756
USER_0046,2026-06-01,-244.87919534705202,discretionary,4755.120804652948
USER_0046,2026-06-02,-185.4350179231824,discretionary,4569.685786729766
USER_0046,2026-06-03,-329.90954574478786,discretionary,4239.776240984978
USER_0046,2026-06-04,-212.82521039879921,discretionary,4026.951030586179
USER_0046,2026-06-05,-235.69264350716236,discretionary,3791.2583870790168
USER_0046,2026-06-06,-276.336836228458,discretionary,3514.9215508505586
USER_0046,2026-06-07,-220.88358030684714,discretionary,3294.0379705437113
USER_0046,2026-06-08,-105.99881794200299,discretionary,3188.0391526017083
USER_0046,2026-06-09,-407.7624377853802,discretionary,2780.276714816328
USER_0046,2026-06-10,-266.72367450221014,discretionary,2513.553040314118
USER_0046,2026-06-11,-198.70175281890764,discretionary,2314.8512874952103
USER_0046,2026-06-12,-135.3347861957787,discretionary,2179.5165012994316
USER_0046,2026-06-13,-278.6767862880945,discretionary,1900.8397150113371
USER_0046,2026-06-14,-274.7894699845778,discretionary,1626.0502450267593
USER_0046,2026-06-15,-299.53499350134916,discretionary,1326.5152515254101
USER_0046,2026-06-16,-96.35287695645245,discretionary,1230.1623745689576
USER_0046,2026-06-17,-238.38903786384702,discretionary,991.7733367051105
USER_0046,2026-06-18,-83.35509575209004,discretionary,908.4182409530205
USER_0046,2026-06-19,-134.92438645342202,discretionary,773.4938544995985
USER_0046,2026-06-20,-449.7272112966819,discretionary,323.76664320291655
USER_0046,2026-06-21,-221.6890922133385,discretionary,102.07755098957804
USER_0046,2026-06-22,-171.07569516032683,discretionary,-68.99814417074879
USER_0046,2026-06-23,-149.78683719100792,discretionary,-218.7849813617567
USER_0046,2026-06-24,-408.3673771060273,discretionary,-627.152358467784
USER_0046,2026-06-25,-173.51282804741373,discretionary,-800.6651865151978
USER_0046,2026-06-26,-127.83107788113819,discretionary,-928.496264396336
USER_0046,2026-06-27,-126.8561770674009,discretionary,-1055.3524414637368
USER_0046,2026-06-28,25000.0,income_salary,23944.647558536264
USER_0046,2026-06-28,-828.0912375248155,discretionary,23116.55632101145
USER_0046,2026-06-29,-266.3024717753308,discretionary,22850.253849236116
USER_0046,2026-06-30,-157.47945111295158,discretionary,22692.774398123165
USER_0046,2026-07-01,-6986.337222289751,fixed_rent,15706.437175833415
USER_0046,2026-07-01,-126.45655384053218,discretionary,15579.980621992883
USER_0046,2026-07-02,-238.60747033736527,discretionary,15341.373151655518
USER_0046,2026-07-03,-358.7071529678077,discretionary,14982.665998687711
USER_0046,2026-07-04,-426.9646410898147,discretionary,14555.701357597896
USER_0046,2026-07-05,-56.91650219545446,discretionary,14498.784855402442
USER_0046,2026-07-06,-418.9509643675344,discretionary,14079.833891034908
USER_0046,2026-07-07,-234.75952288161298,discretionary,13845.074368153295
USER_0046,2026-07-08,-188.08824770250098,discretionary,13656.986120450794
USER_0046,2026-07-09,-390.33249327955247,discretionary,13266.653627171241
USER_0046,2026-07-10,-128.6471428359183,discretionary,13138.006484335323
USER_0046,2026-07-11,-269.66371289075835,discretionary,12868.342771444564
USER_0046,2026-07-12,-145.42943498366822,discretionary,12722.913336460897
USER_0046,2026-07-13,-254.66554152359882,discretionary,12468.247794937299
USER_0046,2026-07-14,-270.77385726347177,discretionary,12197.473937673827
USER_0046,2026-07-15,-184.3777368750037,discretionary,12013.096200798824
USER_0046,2026-07-16,-247.00596420210053,discretionary,11766.090236596723
USER_0046,2026-07-17,-165.15482857477528,discretionary,11600.935408021947
USER_0046,2026-07-18,-209.40660095529685,discretionary,11391.52880706665
USER_0046,2026-07-19,-209.91708481672623,discretionary,11181.611722249923
USER_0046,2026-07-20,-161.79604141722933,discretionary,11019.815680832695
USER_0046,2026-07-21,-197.99117947874564,discretionary,10821.824501353949
USER_0046,2026-07-22,-386.2684640201358,discretionary,10435.556037333814
USER_0046,2026-07-23,-161.15475186602347,discretionary,10274.401285467791
USER_0046,2026-07-24,-284.89421631449824,discretionary,9989.507069153293
USER_0046,2026-07-25,-262.79624149219626,discretionary,9726.710827661096
USER_0046,2026-07-26,-229.65083583801433,discretionary,9497.059991823082
USER_0046,2026-07-27,-342.11647073616086,discretionary,9154.943521086921
USER_0046,2026-07-28,25000.0,income_salary,34154.94352108692
USER_0046,2026-07-28,-260.0536852166882,discretionary,33894.88983587023
USER_0046,2026-07-29,-213.2933746240551,discretionary,33681.596461246176
USER_0046,2026-07-30,-222.68585077386726,discretionary,33458.91061047231
USER_0046,2026-07-31,-376.3587702457316,discretionary,33082.55184022658
USER_0046,2026-08-01,-6986.337222289751,fixed_rent,26096.21461793683
USER_0046,2026-08-01,-262.22869234980726,discretionary,25833.98592558702
USER_0046,2026-08-02,-203.15532860170447,discretionary,25630.830596985317
USER_0046,2026-08-03,-134.53119859720655,discretionary,25496.29939838811
USER_0046,2026-08-04,-330.9641509708772,discretionary,25165.33524741723
USER_0046,2026-08-05,-291.02254408241197,discretionary,24874.31270333482
USER_0046,2026-08-06,-347.3781283740995,discretionary,24526.93457496072
USER_0046,2026-08-07,-174.9757937885375,discretionary,24351.958781172183
USER_0046,2026-08-08,-287.2128554309623,discretionary,24064.74592574122
USER_0046,2026-08-09,-194.525750366318,discretionary,23870.2201753749
USER_0046,2026-08-10,-238.3916205383538,discretionary,23631.828554836546
USER_0046,2026-08-11,-299.1909265810514,discretionary,23332.637628255496
USER_0046,2026-08-12,-304.69550611711134,discretionary,23027.942122138385
USER_0046,2026-08-13,-168.75869923938407,discretionary,22859.183422899
USER_0046,2026-08-14,-369.77439567674435,discretionary,22489.409027222257
USER_0046,2026-08-15,-218.71212470283524,discretionary,22270.696902519423
USER_0046,2026-08-16,-422.05739523163254,discretionary,21848.63950728779
USER_0046,2026-08-17,-279.9179490853572,discretionary,21568.721558202433
USER_0046,2026-08-18,-155.80511620480354,discretionary,21412.91644199763
USER_0046,2026-08-19,-335.80763281442006,discretionary,21077.10880918321
USER_0046,2026-08-20,-114.6890725263483,discretionary,20962.419736656862
USER_0046,2026-08-21,-175.9982535464898,discretionary,20786.42148311037
USER_0046,2026-08-22,-231.38795288902227,discretionary,20555.03353022135
USER_0046,2026-08-23,-263.7209532158676,discretionary,20291.312577005483
USER_0046,2026-08-24,-121.99521463289888,discretionary,20169.317362372585
USER_0046,2026-08-25,-190.94889743672985,discretionary,19978.368464935855
USER_0046,2026-08-26,-298.39373837178255,discretionary,19679.974726564073
USER_0046,2026-08-27,-250.75645627295432,discretionary,19429.21827029112
USER_0046,2026-08-28,25000.0,income_salary,44429.21827029112
USER_0046,2026-08-28,-253.98442753610826,discretionary,44175.23384275501
USER_0046,2026-08-29,-220.0700311893465,discretionary,43955.16381156567
USER_0047,2026-06-01,-244.32696523568774,discretionary,4755.673034764312
USER_0047,2026-06-02,-208.20643323595087,discretionary,4547.466601528362
USER_0047,2026-06-03,-853.2240247013083,discretionary,3694.2425768270537
USER_0047,2026-06-04,-272.0894756601162,discretionary,3422.1531011669376
USER_0047,2026-06-05,-169.70268699961707,discretionary,3252.4504141673206
USER_0047,2026-06-06,-778.3565120366292,discretionary,2474.0939021306913
USER_0047,2026-06-07,-195.2997276422267,discretionary,2278.7941744884647
USER_0047,2026-06-08,-254.55416499170252,discretionary,2024.2400094967622
USER_0047,2026-06-09,-516.3401655557725,discretionary,1507.8998439409897
USER_0047,2026-06-10,-382.2493976205245,discretionary,1125.650446320465
USER_0047,2026-06-11,-73.43266281959767,discretionary,1052.2177835008674
USER_0047,2026-06-12,-160.8637328878869,discretionary,891.3540506129805
USER_0047,2026-06-13,-588.2047515950543,discretionary,303.1492990179262
USER_0047,2026-06-14,-558.5514166533095,discretionary,-255.40211763538332
USER_0047,2026-06-15,-161.4032168838845,discretionary,-416.80533451926783
USER_0047,2026-06-16,-184.89147562130708,discretionary,-601.6968101405749
USER_0047,2026-06-17,-233.11212951845795,discretionary,-834.8089396590328
USER_0047,2026-06-18,-177.7077894386851,discretionary,-1012.5167290977179
USER_0047,2026-06-19,-57.10511598412233,discretionary,-1069.62184508184
USER_0047,2026-06-20,-222.02502304945196,discretionary,-1291.646868131292
USER_0047,2026-06-21,-287.7056459292959,discretionary,-1579.352514060588
USER_0047,2026-06-22,-205.42376010826976,discretionary,-1784.7762741688578
USER_0047,2026-06-23,-247.3604266234935,discretionary,-2032.1367007923513
USER_0047,2026-06-24,-363.8430053534368,discretionary,-2395.979706145788
USER_0047,2026-06-25,-480.49966612736654,discretionary,-2876.4793722731547
USER_0047,2026-06-26,-243.53062668122254,discretionary,-3120.0099989543774
USER_0047,2026-06-27,-88.8745070194055,discretionary,-3208.884505973783
USER_0047,2026-06-28,30000.0,income_salary,26791.115494026217
USER_0047,2026-06-28,-158.8896672373938,discretionary,26632.225826788825
USER_0047,2026-06-29,-356.9323417096791,discretionary,26275.293485079146
USER_0047,2026-06-30,-400.35691342287254,discretionary,25874.936571656275
USER_0047,2026-07-01,-5271.065251843571,fixed_rent,20603.871319812704
USER_0047,2026-07-01,-460.7260140840718,discretionary,20143.14530572863
USER_0047,2026-07-02,-529.2188630276246,discretionary,19613.926442701006
USER_0047,2026-07-03,-183.10712855280812,discretionary,19430.819314148197
USER_0047,2026-07-04,-157.4841841467355,discretionary,19273.335130001462
USER_0047,2026-07-05,-105.36102601011947,discretionary,19167.974103991342
USER_0047,2026-07-06,-293.58491335088263,discretionary,18874.38919064046
USER_0047,2026-07-07,-159.85516403375095,discretionary,18714.53402660671
USER_0047,2026-07-08,-176.1219298304589,discretionary,18538.41209677625
USER_0047,2026-07-09,-185.70354484994238,discretionary,18352.70855192631
USER_0047,2026-07-10,-387.68786411366904,discretionary,17965.02068781264
USER_0047,2026-07-11,-639.1675785319263,discretionary,17325.853109280713
USER_0047,2026-07-12,-84.49047634524639,discretionary,17241.362632935467
USER_0047,2026-07-13,-489.81999510757703,discretionary,16751.54263782789
USER_0047,2026-07-14,-159.66956777231238,discretionary,16591.87307005558
USER_0047,2026-07-15,-90.64119587535056,discretionary,16501.23187418023
USER_0047,2026-07-16,-176.18926237974742,discretionary,16325.042611800483
USER_0047,2026-07-17,-347.0931620855032,discretionary,15977.94944971498
USER_0047,2026-07-18,-515.2386716415403,discretionary,15462.71077807344
USER_0047,2026-07-19,-513.2978260760143,discretionary,14949.412951997427
USER_0047,2026-07-20,-282.74747720075595,discretionary,14666.665474796671
USER_0047,2026-07-21,-269.12375719163555,discretionary,14397.541717605036
USER_0047,2026-07-22,-272.095273018932,discretionary,14125.446444586103
USER_0047,2026-07-23,-131.02395744514297,discretionary,13994.42248714096
USER_0047,2026-07-24,-458.5905412552863,discretionary,13535.831945885675
USER_0047,2026-07-25,-128.8877392567846,discretionary,13406.94420662889
USER_0047,2026-07-26,-177.19228355181235,discretionary,13229.751923077078
USER_0047,2026-07-27,-197.72381261191273,discretionary,13032.028110465166
USER_0047,2026-07-28,30000.0,income_salary,43032.028110465166
USER_0047,2026-07-28,-123.00577437914791,discretionary,42909.02233608602
USER_0047,2026-07-29,-143.48547865799543,discretionary,42765.53685742802
USER_0047,2026-07-30,-350.5348268344494,discretionary,42415.002030593576
USER_0047,2026-07-31,-182.7482912539645,discretionary,42232.25373933961
USER_0047,2026-08-01,-5271.065251843571,fixed_rent,36961.18848749604
USER_0047,2026-08-01,-125.65834072487317,discretionary,36835.53014677116
USER_0047,2026-08-02,-340.7185070504195,discretionary,36494.81163972074
USER_0047,2026-08-03,-354.55343121878064,discretionary,36140.25820850196
USER_0047,2026-08-04,-294.7053118795345,discretionary,35845.55289662242
USER_0047,2026-08-05,-187.09716982503176,discretionary,35658.455726797394
USER_0047,2026-08-06,-291.3787296963797,discretionary,35367.076997101016
USER_0047,2026-08-07,-327.06092938448114,discretionary,35040.01606771653
USER_0047,2026-08-08,-329.29033646278407,discretionary,34710.72573125375
USER_0047,2026-08-09,-321.96685434943043,discretionary,34388.758876904314
USER_0047,2026-08-10,-96.24995280785971,discretionary,34292.50892409645
USER_0047,2026-08-11,-180.39915994296175,discretionary,34112.10976415349
USER_0047,2026-08-12,-221.88799076998242,discretionary,33890.221773383506
USER_0047,2026-08-13,-136.4288574932834,discretionary,33753.792915890226
USER_0047,2026-08-14,-186.17544178915395,discretionary,33567.61747410107
USER_0047,2026-08-15,-319.9982398584765,discretionary,33247.61923424259
USER_0047,2026-08-16,-191.0559959911058,discretionary,33056.56323825149
USER_0047,2026-08-17,-208.97552922042388,discretionary,32847.58770903107
USER_0047,2026-08-18,-306.66391833773037,discretionary,32540.923790693338
USER_0047,2026-08-19,-163.80112490850684,discretionary,32377.12266578483
USER_0047,2026-08-20,-502.5034265446037,discretionary,31874.619239240226
USER_0047,2026-08-21,-262.1604501410413,discretionary,31612.458789099186
USER_0047,2026-08-22,-234.7789615636543,discretionary,31377.679827535532
USER_0047,2026-08-23,-239.11028862559914,discretionary,31138.569538909935
USER_0047,2026-08-24,-184.72233677782427,discretionary,30953.84720213211
USER_0047,2026-08-25,-276.6352276730043,discretionary,30677.211974459107
USER_0047,2026-08-26,-267.89077660741816,discretionary,30409.32119785169
USER_0047,2026-08-27,-320.04116148645943,discretionary,30089.280036365228
USER_0047,2026-08-28,30000.0,income_salary,60089.28003636523
USER_0047,2026-08-28,-285.5113661821355,discretionary,59803.76867018309
USER_0047,2026-08-29,-243.631239241613,discretionary,59560.137430941475
USER_0048,2026-06-01,-187.6074868096987,discretionary,4812.3925131903015
USER_0048,2026-06-02,-308.3647613034445,discretionary,4504.027751886857
USER_0048,2026-06-03,-450.0617929293575,discretionary,4053.9659589574994
USER_0048,2026-06-04,-273.79343783882814,discretionary,3780.1725211186713
USER_0048,2026-06-05,-356.52084982732595,discretionary,3423.6516712913453
USER_0048,2026-06-06,-193.71831882006913,discretionary,3229.933352471276
USER_0048,2026-06-07,-903.3347556176359,discretionary,2326.59859685364
USER_0048,2026-06-08,-136.8355307240129,discretionary,2189.763066129627
USER_0048,2026-06-09,-135.83285229699254,discretionary,2053.9302138326348
USER_0048,2026-06-10,-232.73530016328436,discretionary,1821.1949136693504
USER_0048,2026-06-11,-215.5037853603334,discretionary,1605.691128309017
USER_0048,2026-06-12,-244.47682415872833,discretionary,1361.2143041502886
USER_0048,2026-06-13,-723.8833849879784,discretionary,637.3309191623102
USER_0048,2026-06-14,-88.73055917707455,discretionary,548.6003599852356
USER_0048,2026-06-15,-474.57745609256085,discretionary,74.02290389267478
USER_0048,2026-06-16,-103.88193565817042,discretionary,-29.859031765495644
USER_0048,2026-06-17,-322.1759595734775,discretionary,-352.0349913389731
USER_0048,2026-06-18,-410.8162547244967,discretionary,-762.8512460634697
USER_0048,2026-06-19,-230.42388074541046,discretionary,-993.2751268088801
USER_0048,2026-06-20,-155.42955183141083,discretionary,-1148.704678640291
USER_0048,2026-06-21,-320.2658075548659,discretionary,-1468.9704861951568
USER_0048,2026-06-22,-196.2122603033141,discretionary,-1665.1827464984708
USER_0048,2026-06-23,-364.19628396433427,discretionary,-2029.379030462805
USER_0048,2026-06-24,-173.88403392347954,discretionary,-2203.2630643862844
USER_0048,2026-06-25,-185.73492655929692,discretionary,-2388.9979909455815
USER_0048,2026-06-26,-396.21282069631917,discretionary,-2785.210811641901
USER_0048,2026-06-27,-116.01101969450598,discretionary,-2901.221831336407
USER_0048,2026-06-28,20000.0,income_salary,17098.778168663594
USER_0048,2026-06-28,-292.62657553607795,discretionary,16806.151593127517
USER_0048,2026-06-29,-398.6014670384006,discretionary,16407.550126089118
USER_0048,2026-06-30,-560.9675087607604,discretionary,15846.582617328357
USER_0048,2026-07-01,-6332.299371755156,fixed_rent,9514.2832455732
USER_0048,2026-07-01,-373.31713031792003,discretionary,9140.96611525528
USER_0048,2026-07-02,-642.6983191816181,discretionary,8498.267796073662
USER_0048,2026-07-03,-171.18311492356167,discretionary,8327.0846811501
USER_0048,2026-07-04,-318.33235749899836,discretionary,8008.7523236511015
USER_0048,2026-07-05,-249.3845201409154,discretionary,7759.367803510186
USER_0048,2026-07-06,-98.90015619976201,discretionary,7660.467647310424
USER_0048,2026-07-07,-226.97542882579097,discretionary,7433.492218484633
USER_0048,2026-07-08,-366.6853115873173,discretionary,7066.8069068973155
USER_0048,2026-07-09,-293.5451256936814,discretionary,6773.261781203634
USER_0048,2026-07-10,-307.6349794395514,discretionary,6465.626801764083
USER_0048,2026-07-11,-281.80268888984915,discretionary,6183.824112874234
USER_0048,2026-07-12,-154.11460917454775,discretionary,6029.709503699686
USER_0048,2026-07-13,-260.0546172838199,discretionary,5769.654886415867
USER_0048,2026-07-14,-505.4362846095157,discretionary,5264.218601806351
USER_0048,2026-07-15,-251.14892239135204,discretionary,5013.069679414999
USER_0048,2026-07-16,-211.16513307175305,discretionary,4801.904546343246
USER_0048,2026-07-17,-211.5666607595804,discretionary,4590.337885583665
USER_0048,2026-07-18,-226.1753578711132,discretionary,4364.162527712552
USER_0048,2026-07-19,-196.26953692496457,discretionary,4167.892990787587
USER_0048,2026-07-20,-149.63141671798329,discretionary,4018.2615740696037
USER_0048,2026-07-21,-282.2040601538215,discretionary,3736.0575139157822
USER_0048,2026-07-22,-192.1916495648022,discretionary,3543.8658643509802
USER_0048,2026-07-23,-393.9623976873306,discretionary,3149.90346666365
USER_0048,2026-07-24,-109.6008574067545,discretionary,3040.3026092568953
USER_0048,2026-07-25,-154.3227268794457,discretionary,2885.9798823774495
USER_0048,2026-07-26,-277.13705012299647,discretionary,2608.8428322544532
USER_0048,2026-07-27,-187.83056367980348,discretionary,2421.0122685746496
USER_0048,2026-07-28,20000.0,income_salary,22421.01226857465
USER_0048,2026-07-28,-322.99493253864455,discretionary,22098.017336036006
USER_0048,2026-07-29,-278.65066879033566,discretionary,21819.36666724567
USER_0048,2026-07-30,-352.1904617925838,discretionary,21467.17620545309
USER_0048,2026-07-31,-384.3386873460051,discretionary,21082.837518107084
USER_0048,2026-08-01,-6332.299371755156,fixed_rent,14750.538146351928
USER_0048,2026-08-01,-220.3250178746753,discretionary,14530.213128477253
USER_0048,2026-08-02,-149.33839890536518,discretionary,14380.874729571888
USER_0048,2026-08-03,-205.15604162030718,discretionary,14175.718687951581
USER_0048,2026-08-04,-119.74992647430561,discretionary,14055.968761477276
USER_0048,2026-08-05,-150.89187038811002,discretionary,13905.076891089166
USER_0048,2026-08-06,-254.39366392642603,discretionary,13650.683227162739
USER_0048,2026-08-07,-151.216768881805,discretionary,13499.466458280935
USER_0048,2026-08-08,-160.10983543157002,discretionary,13339.356622849364
USER_0048,2026-08-09,-152.10356446856477,discretionary,13187.253058380798
USER_0048,2026-08-10,-253.08289541614405,discretionary,12934.170162964654
USER_0048,2026-08-11,-281.65104604849273,discretionary,12652.51911691616
USER_0048,2026-08-12,-174.30810116627646,discretionary,12478.211015749885
USER_0048,2026-08-13,-327.83704063733677,discretionary,12150.373975112549
USER_0048,2026-08-14,-367.22234708526724,discretionary,11783.15162802728
USER_0048,2026-08-15,-355.79483481589045,discretionary,11427.356793211391
USER_0048,2026-08-16,-261.41095056862696,discretionary,11165.945842642765
USER_0048,2026-08-17,-99.58316368720635,discretionary,11066.362678955558
USER_0048,2026-08-18,-116.15537277408146,discretionary,10950.207306181477
USER_0048,2026-08-19,-335.50817292590745,discretionary,10614.69913325557
USER_0048,2026-08-20,-312.37205000200464,discretionary,10302.327083253565
USER_0048,2026-08-21,-316.072586651289,discretionary,9986.254496602276
USER_0048,2026-08-22,-319.287762766054,discretionary,9666.966733836221
USER_0048,2026-08-23,-157.5056289081369,discretionary,9509.461104928085
USER_0048,2026-08-24,-281.4261900907099,discretionary,9228.034914837375
USER_0048,2026-08-25,-320.40938216844563,discretionary,8907.62553266893
USER_0048,2026-08-26,-93.02786071071046,discretionary,8814.59767195822
USER_0048,2026-08-27,-121.5865503541407,discretionary,8693.011121604079
USER_0048,2026-08-28,20000.0,income_salary,28693.01112160408
USER_0048,2026-08-28,-442.17223257953276,discretionary,28250.838889024544
USER_0048,2026-08-29,-127.30611424268923,discretionary,28123.532774781856
USER_0049,2026-06-01,-160.97856798597348,discretionary,4839.021432014027
USER_0049,2026-06-02,-170.66827126982577,discretionary,4668.353160744201
USER_0049,2026-06-03,-138.8649026873113,discretionary,4529.48825805689
USER_0049,2026-06-04,-195.7314154985826,discretionary,4333.756842558308
USER_0049,2026-06-05,-246.36390229152258,discretionary,4087.392940266785
USER_0049,2026-06-06,-426.8068055949092,discretionary,3660.5861346718757
USER_0049,2026-06-07,-764.6754701261632,discretionary,2895.9106645457123
USER_0049,2026-06-08,-217.81402304619905,discretionary,2678.096641499513
USER_0049,2026-06-09,-195.29769401621067,discretionary,2482.7989474833025
USER_0049,2026-06-10,-215.46726100599656,discretionary,2267.331686477306
USER_0049,2026-06-11,-204.74200465981997,discretionary,2062.589681817486
USER_0049,2026-06-12,-212.09708142719938,discretionary,1850.4926003902867
USER_0049,2026-06-13,-328.7746204568541,discretionary,1521.7179799334326
USER_0049,2026-06-14,-317.2288168024484,discretionary,1204.4891631309843
USER_0049,2026-06-15,-152.3299579867262,discretionary,1052.159205144258
USER_0049,2026-06-16,-309.133914327026,discretionary,743.0252908172321
USER_0049,2026-06-17,-257.5441035021624,discretionary,485.4811873150697
USER_0049,2026-06-18,-153.01952816783626,discretionary,332.46165914723343
USER_0049,2026-06-19,-560.181510468098,discretionary,-227.71985132086462
USER_0049,2026-06-20,-284.78406591608484,discretionary,-512.5039172369495
USER_0049,2026-06-21,-426.64523599738914,discretionary,-939.1491532343387
USER_0049,2026-06-22,-55.2190714154692,discretionary,-994.3682246498079
USER_0049,2026-06-23,-323.90413652175164,discretionary,-1318.2723611715596
USER_0049,2026-06-24,-322.9108950609229,discretionary,-1641.1832562324826
USER_0049,2026-06-25,-144.74100985234432,discretionary,-1785.924266084827
USER_0049,2026-06-26,-94.72244359160113,discretionary,-1880.6467096764281
USER_0049,2026-06-27,-152.1846449254885,discretionary,-2032.8313546019167
USER_0049,2026-06-28,30000.0,income_salary,27967.168645398084
USER_0049,2026-06-28,-378.3587700941961,discretionary,27588.809875303887
USER_0049,2026-06-29,-476.1734305223779,discretionary,27112.63644478151
USER_0049,2026-06-30,-202.99830085845346,discretionary,26909.638143923057
USER_0049,2026-07-01,-7163.2703539396025,fixed_rent,19746.367789983455
USER_0049,2026-07-01,-575.1380013511111,discretionary,19171.229788632343
USER_0049,2026-07-02,-402.12864745745213,discretionary,18769.10114117489
USER_0049,2026-07-03,-456.87924261785804,discretionary,18312.221898557033
USER_0049,2026-07-04,-172.44882718211804,discretionary,18139.773071374915
USER_0049,2026-07-05,-518.896705887199,discretionary,17620.876365487715
USER_0049,2026-07-06,-114.7302625778073,discretionary,17506.14610290991
USER_0049,2026-07-07,-344.63046320956806,discretionary,17161.51563970034
USER_0049,2026-07-08,-171.78825426992614,discretionary,16989.727385430415
USER_0049,2026-07-09,-611.4040030948541,discretionary,16378.32338233556
USER_0049,2026-07-10,-88.8188807256105,discretionary,16289.50450160995
USER_0049,2026-07-11,-247.34273105512162,discretionary,16042.161770554829
USER_0049,2026-07-12,-151.8657447638917,discretionary,15890.296025790936
USER_0049,2026-07-13,-197.20766427077018,discretionary,15693.088361520166
USER_0049,2026-07-14,-268.3249709539219,discretionary,15424.763390566244
USER_0049,2026-07-15,-148.2171152135294,discretionary,15276.546275352715
USER_0049,2026-07-16,-179.45408483656462,discretionary,15097.09219051615
USER_0049,2026-07-17,-251.4565334163773,discretionary,14845.635657099772
USER_0049,2026-07-18,-362.4014850454396,discretionary,14483.234172054334
USER_0049,2026-07-19,-212.00999564398415,discretionary,14271.22417641035
USER_0049,2026-07-20,-198.22579693450857,discretionary,14072.998379475841
USER_0049,2026-07-21,-200.63487451687124,discretionary,13872.36350495897
USER_0049,2026-07-22,-208.04441385487368,discretionary,13664.319091104097
USER_0049,2026-07-23,-276.85502095179226,discretionary,13387.464070152304
USER_0049,2026-07-24,-205.0353520096098,discretionary,13182.428718142693
USER_0049,2026-07-25,-331.28835996381304,discretionary,12851.14035817888
USER_0049,2026-07-26,-192.05548219950197,discretionary,12659.084875979377
USER_0049,2026-07-27,-218.98729617608558,discretionary,12440.097579803292
USER_0049,2026-07-28,30000.0,income_salary,42440.09757980329
USER_0049,2026-07-28,-107.89126779584348,discretionary,42332.206312007445
USER_0049,2026-07-29,-403.82162329630006,discretionary,41928.38468871114
USER_0049,2026-07-30,-190.9175146109002,discretionary,41737.467174100246
USER_0049,2026-07-31,-566.5283699670856,discretionary,41170.93880413316
USER_0049,2026-08-01,-7163.2703539396025,fixed_rent,34007.66845019356
USER_0049,2026-08-01,-175.17871765358083,discretionary,33832.48973253998
USER_0049,2026-08-02,-140.9519329951075,discretionary,33691.53779954487
USER_0049,2026-08-03,-171.61517795650423,discretionary,33519.92262158837
USER_0049,2026-08-04,-186.52496158002964,discretionary,33333.39766000834
USER_0049,2026-08-05,-566.1203624860974,discretionary,32767.277297522243
USER_0049,2026-08-06,-144.95292580257995,discretionary,32622.324371719664
USER_0049,2026-08-07,-223.01910481855128,discretionary,32399.305266901112
USER_0049,2026-08-08,-181.19146346840034,discretionary,32218.113803432712
USER_0049,2026-08-09,-236.59937800714533,discretionary,31981.51442542557
USER_0049,2026-08-10,-136.61687968954493,discretionary,31844.897545736025
USER_0049,2026-08-11,-302.50406242566686,discretionary,31542.39348331036
USER_0049,2026-08-12,-138.53797181130182,discretionary,31403.855511499056
USER_0049,2026-08-13,-255.3548153631168,discretionary,31148.50069613594
USER_0049,2026-08-14,-112.46816454084255,discretionary,31036.032531595098
USER_0049,2026-08-15,-916.7920232079459,discretionary,30119.240508387153
USER_0049,2026-08-16,-191.03069195587173,discretionary,29928.20981643128
USER_0049,2026-08-17,-192.03189410726898,discretionary,29736.177922324012
USER_0049,2026-08-18,-351.30167306781664,discretionary,29384.876249256195
USER_0049,2026-08-19,-173.46840755915161,discretionary,29211.407841697044
USER_0049,2026-08-20,-279.2022241857925,discretionary,28932.205617511252
USER_0049,2026-08-21,-171.61540704950698,discretionary,28760.590210461745
USER_0049,2026-08-22,-172.73539840493208,discretionary,28587.854812056812
USER_0049,2026-08-23,-107.2131800772144,discretionary,28480.641631979597
USER_0049,2026-08-24,-160.3956949906975,discretionary,28320.2459369889
USER_0049,2026-08-25,-358.30963737987463,discretionary,27961.936299609024
USER_0049,2026-08-26,-127.34740205875961,discretionary,27834.588897550264
USER_0049,2026-08-27,-261.5096163285314,discretionary,27573.079281221733
USER_0049,2026-08-28,30000.0,income_salary,57573.07928122173
USER_0049,2026-08-28,-249.7144299445067,discretionary,57323.36485127723
USER_0049,2026-08-29,-410.4973358689488,discretionary,56912.86751540828
USER_0050,2026-06-01,-302.82623105609736,discretionary,4697.173768943902
USER_0050,2026-06-02,-93.1010551353298,discretionary,4604.072713808572
USER_0050,2026-06-03,-307.88330550995505,discretionary,4296.189408298617
USER_0050,2026-06-04,-402.38018096143065,discretionary,3893.8092273371867
USER_0050,2026-06-05,-220.54368940157863,discretionary,3673.265537935608
USER_0050,2026-06-06,-609.7802712168534,discretionary,3063.4852667187542
USER_0050,2026-06-07,-450.44267461982037,discretionary,2613.0425920989337
USER_0050,2026-06-08,-276.3982464486808,discretionary,2336.644345650253
USER_0050,2026-06-09,-530.2550744633868,discretionary,1806.3892711868662
USER_0050,2026-06-10,-196.51915558733955,discretionary,1609.8701155995266
USER_0050,2026-06-11,-109.08962881655552,discretionary,1500.7804867829711
USER_0050,2026-06-12,-286.86870783220735,discretionary,1213.9117789507638
USER_0050,2026-06-13,-268.0065173117554,discretionary,945.9052616390085
USER_0050,2026-06-14,-174.7565274202039,discretionary,771.1487342188045
USER_0050,2026-06-15,-172.50222297062336,discretionary,598.6465112481811
USER_0050,2026-06-16,-703.758210353181,discretionary,-105.11169910499984
USER_0050,2026-06-17,-205.8816158627431,discretionary,-310.99331496774295
USER_0050,2026-06-18,-436.81880804475503,discretionary,-747.812123012498
USER_0050,2026-06-19,-205.20269239809994,discretionary,-953.014815410598
USER_0050,2026-06-20,-164.68213182477172,discretionary,-1117.6969472353696
USER_0050,2026-06-21,-178.8215105526745,discretionary,-1296.518457788044
USER_0050,2026-06-22,-207.78724457024455,discretionary,-1504.3057023582887
USER_0050,2026-06-23,-430.2222842136576,discretionary,-1934.5279865719463
USER_0050,2026-06-24,-426.3992905934197,discretionary,-2360.927277165366
USER_0050,2026-06-25,-224.26366821731426,discretionary,-2585.19094538268
USER_0050,2026-06-26,-133.3419872175428,discretionary,-2718.532932600223
USER_0050,2026-06-27,-245.50740497274276,discretionary,-2964.0403375729657
USER_0050,2026-06-28,35000.0,income_salary,32035.959662427034
USER_0050,2026-06-28,-246.05502805996673,discretionary,31789.904634367067
USER_0050,2026-06-29,-335.3233174459138,discretionary,31454.581316921154
USER_0050,2026-06-30,-190.18432260623624,discretionary,31264.396994314917
USER_0050,2026-07-01,-8468.754687442157,fixed_rent,22795.64230687276
USER_0050,2026-07-01,-126.54799068371706,discretionary,22669.094316189043
USER_0050,2026-07-02,-100.92494257741093,discretionary,22568.169373611632
USER_0050,2026-07-03,-188.01877540610317,discretionary,22380.150598205528
USER_0050,2026-07-04,-129.67636537969838,discretionary,22250.47423282583
USER_0050,2026-07-05,-130.44853607379378,discretionary,22120.025696752036
USER_0050,2026-07-06,-262.1929839182403,discretionary,21857.832712833795
USER_0050,2026-07-07,-546.137588349447,discretionary,21311.695124484348
USER_0050,2026-07-08,-138.36642260778342,discretionary,21173.328701876566
USER_0050,2026-07-09,-286.76378142211144,discretionary,20886.564920454453
USER_0050,2026-07-10,-219.58159149379208,discretionary,20666.98332896066
USER_0050,2026-07-11,-498.9733790426344,discretionary,20168.00994991803
USER_0050,2026-07-12,-225.45783466906417,discretionary,19942.552115248964
USER_0050,2026-07-13,-241.64845623571466,discretionary,19700.90365901325
USER_0050,2026-07-14,-227.99164216505346,discretionary,19472.912016848197
USER_0050,2026-07-15,-142.96856156268402,discretionary,19329.943455285513
USER_0050,2026-07-16,-312.3097872165687,discretionary,19017.633668068946
USER_0050,2026-07-17,-206.24116936624017,discretionary,18811.392498702706
USER_0050,2026-07-18,-325.3936185534892,discretionary,18485.998880149218
USER_0050,2026-07-19,-505.5740402714882,discretionary,17980.42483987773
USER_0050,2026-07-20,-258.8602603236124,discretionary,17721.564579554117
USER_0050,2026-07-21,-157.4056093962726,discretionary,17564.158970157845
USER_0050,2026-07-22,-390.46044254848783,discretionary,17173.69852760936
USER_0050,2026-07-23,-273.625893902375,discretionary,16900.072633706983
USER_0050,2026-07-24,-236.30528140117295,discretionary,16663.76735230581
USER_0050,2026-07-25,-506.0528216619829,discretionary,16157.714530643829
USER_0050,2026-07-26,-264.45306833741273,discretionary,15893.261462306416
USER_0050,2026-07-27,-460.2024558492355,discretionary,15433.05900645718
USER_0050,2026-07-28,35000.0,income_salary,50433.05900645718
USER_0050,2026-07-28,-229.30323445206636,discretionary,50203.75577200511
USER_0050,2026-07-29,-336.96051003552645,discretionary,49866.795261969586
USER_0050,2026-07-30,-205.45753859633942,discretionary,49661.337723373246
USER_0050,2026-07-31,-279.5650734133487,discretionary,49381.772649959894
USER_0050,2026-08-01,-8468.754687442157,fixed_rent,40913.01796251774
USER_0050,2026-08-01,-190.41734392769587,discretionary,40722.60061859005
USER_0050,2026-08-02,-334.376506643528,discretionary,40388.22411194652
USER_0050,2026-08-03,-207.98393773940603,discretionary,40180.24017420711
USER_0050,2026-08-04,-232.65213817518597,discretionary,39947.58803603192
USER_0050,2026-08-05,-74.58383249187642,discretionary,39873.00420354005
USER_0050,2026-08-06,-259.7278066305303,discretionary,39613.27639690952
USER_0050,2026-08-07,-153.4522846592986,discretionary,39459.82411225022
USER_0050,2026-08-08,-213.89692334131092,discretionary,39245.927188908914
USER_0050,2026-08-09,-304.29085045757694,discretionary,38941.63633845134
USER_0050,2026-08-10,-354.76581669095833,discretionary,38586.87052176038
USER_0050,2026-08-11,-291.7666827497776,discretionary,38295.103839010604
USER_0050,2026-08-12,-215.35299011860516,discretionary,38079.750848892
USER_0050,2026-08-13,-161.30279876318966,discretionary,37918.44805012881
USER_0050,2026-08-14,-224.0127451870359,discretionary,37694.43530494178
USER_0050,2026-08-15,-277.1197613412237,discretionary,37417.315543600555
USER_0050,2026-08-16,-158.8798696356232,discretionary,37258.43567396493
USER_0050,2026-08-17,-312.98121437160603,discretionary,36945.454459593326
USER_0050,2026-08-18,-513.5574077403264,discretionary,36431.897051853
USER_0050,2026-08-19,-137.58713614068765,discretionary,36294.30991571231
USER_0050,2026-08-20,-276.2807407797701,discretionary,36018.02917493253
USER_0050,2026-08-21,-182.66817998146684,discretionary,35835.360994951065
USER_0050,2026-08-22,-119.0380726977591,discretionary,35716.322922253305
USER_0050,2026-08-23,-244.91741439242628,discretionary,35471.40550786088
USER_0050,2026-08-24,-259.4519036204185,discretionary,35211.95360424046
USER_0050,2026-08-25,-304.78842705393254,discretionary,34907.16517718653
USER_0050,2026-08-26,-219.62936685295148,discretionary,34687.535810333575
USER_0050,2026-08-27,-289.0234973678251,discretionary,34398.51231296575
USER_0050,2026-08-28,35000.0,income_salary,69398.51231296576
USER_0050,2026-08-28,-399.69842693036793,discretionary,68998.8138860354
USER_0050,2026-08-29,-196.24924102813725,discretionary,68802.56464500725
USER_0051,2026-06-01,-147.93907188787867,discretionary,4852.0609281121215
USER_0051,2026-06-02,-287.72269072233684,discretionary,4564.338237389785
USER_0051,2026-06-03,-354.54031967110444,discretionary,4209.797917718681
USER_0051,2026-06-04,-372.5263689482332,discretionary,3837.2715487704477
USER_0051,2026-06-05,-128.94215187659984,discretionary,3708.329396893848
USER_0051,2026-06-06,-474.9902231031097,discretionary,3233.339173790738
USER_0051,2026-06-07,-313.2997031005191,discretionary,2920.039470690219
USER_0051,2026-06-08,-278.35357533963315,discretionary,2641.6858953505857
USER_0051,2026-06-09,-124.09331615185928,discretionary,2517.5925791987265
USER_0051,2026-06-10,-304.8411681864129,discretionary,2212.751411012314
USER_0051,2026-06-11,-409.62317508270655,discretionary,1803.1282359296074
USER_0051,2026-06-12,-294.71656250653047,discretionary,1508.411673423077
USER_0051,2026-06-13,-392.30516294237765,discretionary,1116.1065104806994
USER_0051,2026-06-14,-164.33269551214778,discretionary,951.7738149685516
USER_0051,2026-06-15,-219.55878181689374,discretionary,732.2150331516578
USER_0051,2026-06-16,-538.7688902769813,discretionary,193.44614287467653
USER_0051,2026-06-17,-263.6710175787969,discretionary,-70.2248747041204
USER_0051,2026-06-18,-150.1690358246109,discretionary,-220.39391052873128
USER_0051,2026-06-19,-80.29609346292162,discretionary,-300.69000399165293
USER_0051,2026-06-20,-492.2664215901176,discretionary,-792.9564255817705
USER_0051,2026-06-21,-295.8696792695284,discretionary,-1088.8261048512989
USER_0051,2026-06-22,-223.82236415804553,discretionary,-1312.6484690093444
USER_0051,2026-06-23,-459.27936811341715,discretionary,-1771.9278371227615
USER_0051,2026-06-24,-116.27708110148852,discretionary,-1888.20491822425
USER_0051,2026-06-25,-168.45333664909614,discretionary,-2056.658254873346
USER_0051,2026-06-26,-655.3229254668125,discretionary,-2711.9811803401585
USER_0051,2026-06-27,-642.1006916847432,discretionary,-3354.0818720249017
USER_0051,2026-06-28,35000.0,income_salary,31645.9181279751
USER_0051,2026-06-28,-235.4479239081738,discretionary,31410.470204066925
USER_0051,2026-06-29,-185.17088904939328,discretionary,31225.29931501753
USER_0051,2026-06-30,-398.41299057260215,discretionary,30826.88632444493
USER_0051,2026-07-01,-5341.248031984151,fixed_rent,25485.638292460782
USER_0051,2026-07-01,-681.8958364754461,discretionary,24803.742455985335
USER_0051,2026-07-02,-179.92772039585904,discretionary,24623.814735589476
USER_0051,2026-07-03,-250.73491761558998,discretionary,24373.079817973885
USER_0051,2026-07-04,-437.02255640257675,discretionary,23936.05726157131
USER_0051,2026-07-05,-366.746287630087,discretionary,23569.31097394122
USER_0051,2026-07-06,-266.505524253273,discretionary,23302.80544968795
USER_0051,2026-07-07,-151.80062005153582,discretionary,23151.00482963641
USER_0051,2026-07-08,-1012.6233971286379,discretionary,22138.381432507773
USER_0051,2026-07-09,-359.05692323372193,discretionary,21779.32450927405
USER_0051,2026-07-10,-124.92280040721795,discretionary,21654.401708866833
USER_0051,2026-07-11,-190.43861192566268,discretionary,21463.96309694117
USER_0051,2026-07-12,-864.8771802464123,discretionary,20599.08591669476
USER_0051,2026-07-13,-156.4461014076783,discretionary,20442.639815287082
USER_0051,2026-07-14,-215.82223388878626,discretionary,20226.817581398296
USER_0051,2026-07-15,-94.84818531173359,discretionary,20131.969396086562
USER_0051,2026-07-16,-112.68261728105654,discretionary,20019.286778805505
USER_0051,2026-07-17,-296.99085886133713,discretionary,19722.29591994417
USER_0051,2026-07-18,-293.77154649944384,discretionary,19428.524373444725
USER_0051,2026-07-19,-312.82897873624563,discretionary,19115.69539470848
USER_0051,2026-07-20,-92.00482092826245,discretionary,19023.69057378022
USER_0051,2026-07-21,-246.91430057925274,discretionary,18776.776273200965
USER_0051,2026-07-22,-167.44850742388823,discretionary,18609.327765777078
USER_0051,2026-07-23,-235.78939011584012,discretionary,18373.53837566124
USER_0051,2026-07-24,-144.6562871965445,discretionary,18228.882088464696
USER_0051,2026-07-25,-875.2464901115509,discretionary,17353.635598353147
USER_0051,2026-07-26,-86.13851644863765,discretionary,17267.49708190451
USER_0051,2026-07-27,-63.767984891721866,discretionary,17203.729097012787
USER_0051,2026-07-28,35000.0,income_salary,52203.72909701279
USER_0051,2026-07-28,-230.68723626767667,discretionary,51973.041860745114
USER_0051,2026-07-29,-119.64230771253209,discretionary,51853.399553032585
USER_0051,2026-07-30,-140.65372681848754,discretionary,51712.74582621409
USER_0051,2026-07-31,-191.86825157223123,discretionary,51520.87757464186
USER_0051,2026-08-01,-5341.248031984151,fixed_rent,46179.62954265771
USER_0051,2026-08-01,-365.1661113305235,discretionary,45814.46343132719
USER_0051,2026-08-02,-244.12129422110726,discretionary,45570.34213710608
USER_0051,2026-08-03,-330.6903256651231,discretionary,45239.65181144096
USER_0051,2026-08-04,-262.6787808910289,discretionary,44976.97303054993
USER_0051,2026-08-05,-157.61693111349007,discretionary,44819.356099436445
USER_0051,2026-08-06,-290.1213214243566,discretionary,44529.23477801209
USER_0051,2026-08-07,-307.5729086506884,discretionary,44221.6618693614
USER_0051,2026-08-08,-163.67704350591447,discretionary,44057.984825855485
USER_0051,2026-08-09,-397.58213725234316,discretionary,43660.40268860314
USER_0051,2026-08-10,-238.40158520388403,discretionary,43422.001103399256
USER_0051,2026-08-11,-371.2014609712478,discretionary,43050.799642428006
USER_0051,2026-08-12,-207.79440396545058,discretionary,42843.00523846255
USER_0051,2026-08-13,-237.69833713281164,discretionary,42605.30690132974
USER_0051,2026-08-14,-436.04999815597296,discretionary,42169.25690317377
USER_0051,2026-08-15,-377.9180511051349,discretionary,41791.338852068635
USER_0051,2026-08-16,-396.31752178484635,discretionary,41395.02133028379
USER_0051,2026-08-17,-303.2881680043093,discretionary,41091.73316227948
USER_0051,2026-08-18,-381.6626679134732,discretionary,40710.07049436601
USER_0051,2026-08-19,-470.2188567810142,discretionary,40239.851637584994
USER_0051,2026-08-20,-358.97252095560094,discretionary,39880.879116629396
USER_0051,2026-08-21,-155.072452099413,discretionary,39725.806664529984
USER_0051,2026-08-22,-253.22234518360682,discretionary,39472.58431934638
USER_0051,2026-08-23,-188.1608696963831,discretionary,39284.42344965
USER_0051,2026-08-24,-118.48257284854873,discretionary,39165.94087680145
USER_0051,2026-08-25,-244.54593881412603,discretionary,38921.39493798732
USER_0051,2026-08-26,-143.36887623334667,discretionary,38778.026061753975
USER_0051,2026-08-27,-211.02910481359075,discretionary,38566.996956940384
USER_0051,2026-08-28,35000.0,income_salary,73566.99695694039
USER_0051,2026-08-28,-395.1166144055672,discretionary,73171.88034253483
USER_0051,2026-08-29,-240.13472932148343,discretionary,72931.74561321335
USER_0052,2026-06-01,-163.22902239726662,discretionary,4836.770977602733
USER_0052,2026-06-02,-189.6550236828614,discretionary,4647.115953919872
USER_0052,2026-06-03,-330.23124462776656,discretionary,4316.884709292105
USER_0052,2026-06-04,-305.83575258464657,discretionary,4011.0489567074583
USER_0052,2026-06-05,-192.92912018645967,discretionary,3818.1198365209984
USER_0052,2026-06-06,-360.813863804763,discretionary,3457.3059727162354
USER_0052,2026-06-07,-70.17187278243381,discretionary,3387.1340999338017
USER_0052,2026-06-08,-111.85894624070791,discretionary,3275.2751536930937
USER_0052,2026-06-09,-259.8566856764266,discretionary,3015.4184680166672
USER_0052,2026-06-10,-135.10411606534217,discretionary,2880.314351951325
USER_0052,2026-06-11,-98.03637279951653,discretionary,2782.2779791518087
USER_0052,2026-06-12,-196.8353173295907,discretionary,2585.442661822218
USER_0052,2026-06-13,-266.7796121119601,discretionary,2318.663049710258
USER_0052,2026-06-14,-361.2123716430983,discretionary,1957.4506780671595
USER_0052,2026-06-15,-289.6839098352742,discretionary,1667.7667682318852
USER_0052,2026-06-16,-294.1478565541691,discretionary,1373.6189116777161
USER_0052,2026-06-17,-304.9227620494002,discretionary,1068.6961496283159
USER_0052,2026-06-18,-167.8780900640935,discretionary,900.8180595642224
USER_0052,2026-06-19,-185.91514890144137,discretionary,714.902910662781
USER_0052,2026-06-20,-306.658170962294,discretionary,408.244739700487
USER_0052,2026-06-21,-194.04638593793058,discretionary,214.19835376255642
USER_0052,2026-06-22,-258.8863291488571,discretionary,-44.68797538630068
USER_0052,2026-06-23,-136.69830383882535,discretionary,-181.38627922512603
USER_0052,2026-06-24,-327.7000064140977,discretionary,-509.0862856392237
USER_0052,2026-06-25,-269.5327174566912,discretionary,-778.6190030959149
USER_0052,2026-06-26,-560.7931816635604,discretionary,-1339.4121847594752
USER_0052,2026-06-27,-107.99688679288684,discretionary,-1447.409071552362
USER_0052,2026-06-28,30000.0,income_salary,28552.590928447637
USER_0052,2026-06-28,-112.73674655938261,discretionary,28439.854181888255
USER_0052,2026-06-29,-152.25479171329286,discretionary,28287.59939017496
USER_0052,2026-06-30,-407.9672263159177,discretionary,27879.63216385904
USER_0052,2026-07-01,-5590.942903332179,fixed_rent,22288.689260526862
USER_0052,2026-07-01,-138.30224991406996,discretionary,22150.38701061279
USER_0052,2026-07-02,-63.649946022689576,discretionary,22086.737064590103
USER_0052,2026-07-03,-400.27167670359836,discretionary,21686.465387886503
USER_0052,2026-07-04,-192.88483594448167,discretionary,21493.58055194202
USER_0052,2026-07-05,-220.7811222025396,discretionary,21272.79942973948
USER_0052,2026-07-06,-549.611789154687,discretionary,20723.187640584794
USER_0052,2026-07-07,-184.89646144492147,discretionary,20538.291179139873
USER_0052,2026-07-08,-158.87484970720718,discretionary,20379.416329432664
USER_0052,2026-07-09,-308.4397079460651,discretionary,20070.9766214866
USER_0052,2026-07-10,-150.14597610980363,discretionary,19920.830645376795
USER_0052,2026-07-11,-404.11486224024225,discretionary,19516.71578313655
USER_0052,2026-07-12,-169.8739451125199,discretionary,19346.841838024033
USER_0052,2026-07-13,-210.43105768263285,discretionary,19136.4107803414
USER_0052,2026-07-14,-188.3836824087124,discretionary,18948.02709793269
USER_0052,2026-07-15,-167.1158455354659,discretionary,18780.91125239722
USER_0052,2026-07-16,-119.84522791033052,discretionary,18661.066024486892
USER_0052,2026-07-17,-531.7995142116409,discretionary,18129.26651027525
USER_0052,2026-07-18,-316.3674456938689,discretionary,17812.899064581383
USER_0052,2026-07-19,-294.42361266779966,discretionary,17518.475451913582
USER_0052,2026-07-20,-137.95313937781853,discretionary,17380.522312535762
USER_0052,2026-07-21,-216.7860562596448,discretionary,17163.73625627612
USER_0052,2026-07-22,-163.9071627037983,discretionary,16999.82909357232
USER_0052,2026-07-23,-185.55039693021988,discretionary,16814.2786966421
USER_0052,2026-07-24,-136.19640251221713,discretionary,16678.082294129883
USER_0052,2026-07-25,-209.6864508042796,discretionary,16468.395843325605
USER_0052,2026-07-26,-200.20910479332076,discretionary,16268.186738532284
USER_0052,2026-07-27,-368.8404420527048,discretionary,15899.34629647958
USER_0052,2026-07-28,30000.0,income_salary,45899.346296479576
USER_0052,2026-07-28,-159.07580552061495,discretionary,45740.27049095896
USER_0052,2026-07-29,-118.87282909874364,discretionary,45621.39766186022
USER_0052,2026-07-30,-231.14344368175935,discretionary,45390.25421817846
USER_0052,2026-07-31,-274.71812156772967,discretionary,45115.53609661073
USER_0052,2026-08-01,-5590.942903332179,fixed_rent,39524.59319327855
USER_0052,2026-08-01,-479.28434008104574,discretionary,39045.30885319751
USER_0052,2026-08-02,-465.79929857885566,discretionary,38579.50955461865
USER_0052,2026-08-03,-274.10826034130906,discretionary,38305.40129427734
USER_0052,2026-08-04,-300.9711824620753,discretionary,38004.430111815265
USER_0052,2026-08-05,-448.3207299078817,discretionary,37556.10938190739
USER_0052,2026-08-06,-110.3316285901996,discretionary,37445.77775331719
USER_0052,2026-08-07,-305.28385057319446,discretionary,37140.493902744
USER_0052,2026-08-08,-241.16773090577027,discretionary,36899.32617183823
USER_0052,2026-08-09,-114.57240772368834,discretionary,36784.75376411454
USER_0052,2026-08-10,-172.69482701643588,discretionary,36612.0589370981
USER_0052,2026-08-11,-105.04856273664845,discretionary,36507.01037436145
USER_0052,2026-08-12,-67.98011149520455,discretionary,36439.03026286625
USER_0052,2026-08-13,-126.51030435863416,discretionary,36312.51995850761
USER_0052,2026-08-14,-555.1627087881807,discretionary,35757.35724971943
USER_0052,2026-08-15,-237.47423348686115,discretionary,35519.88301623257
USER_0052,2026-08-16,-100.0715736835887,discretionary,35419.81144254898
USER_0052,2026-08-17,-206.21386449244667,discretionary,35213.59757805653
USER_0052,2026-08-18,-87.36568938339522,discretionary,35126.23188867313
USER_0052,2026-08-19,-152.40297291264775,discretionary,34973.82891576048
USER_0052,2026-08-20,-573.4423030654066,discretionary,34400.386612695074
USER_0052,2026-08-21,-300.5554388722442,discretionary,34099.83117382283
USER_0052,2026-08-22,-171.1882224647357,discretionary,33928.642951358095
USER_0052,2026-08-23,-403.09127177044064,discretionary,33525.551679587654
USER_0052,2026-08-24,-399.0865679414356,discretionary,33126.46511164622
USER_0052,2026-08-25,-198.4729742739802,discretionary,32927.99213737224
USER_0052,2026-08-26,-164.43417564495013,discretionary,32763.55796172729
USER_0052,2026-08-27,-442.0210775719396,discretionary,32321.53688415535
USER_0052,2026-08-28,30000.0,income_salary,62321.53688415535
USER_0052,2026-08-28,-298.081250651288,discretionary,62023.45563350406
USER_0052,2026-08-29,-127.99385419688274,discretionary,61895.46177930718
USER_0053,2026-06-01,-218.64832460835365,discretionary,4781.3516753916465
USER_0053,2026-06-02,-153.16833019286946,discretionary,4628.183345198777
USER_0053,2026-06-03,-632.2078922679476,discretionary,3995.9754529308293
USER_0053,2026-06-04,-462.0909592134155,discretionary,3533.884493717414
USER_0053,2026-06-05,-300.9881674321528,discretionary,3232.8963262852612
USER_0053,2026-06-06,-471.7872973161153,discretionary,2761.109028969146
USER_0053,2026-06-07,-277.5970617541524,discretionary,2483.5119672149935
USER_0053,2026-06-08,-113.72143593240739,discretionary,2369.790531282586
USER_0053,2026-06-09,-255.43092489624703,discretionary,2114.359606386339
USER_0053,2026-06-10,-392.75707679274257,discretionary,1721.6025295935963
USER_0053,2026-06-11,-423.2146421197918,discretionary,1298.3878874738045
USER_0053,2026-06-12,-273.85642031781873,discretionary,1024.5314671559859
USER_0053,2026-06-13,-293.00916408433403,discretionary,731.5223030716518
USER_0053,2026-06-14,-120.34898148148942,discretionary,611.1733215901623
USER_0053,2026-06-15,-352.9307096679721,discretionary,258.24261192219024
USER_0053,2026-06-16,-142.4934511311231,discretionary,115.74916079106714
USER_0053,2026-06-17,-151.69621718402777,discretionary,-35.94705639296063
USER_0053,2026-06-18,-248.66020407403673,discretionary,-284.60726046699733
USER_0053,2026-06-19,-241.29008819411433,discretionary,-525.8973486611117
USER_0053,2026-06-20,-211.5589131544365,discretionary,-737.4562618155481
USER_0053,2026-06-21,-68.20156695191116,discretionary,-805.6578287674593
USER_0053,2026-06-22,-327.101305335381,discretionary,-1132.7591341028403
USER_0053,2026-06-23,-246.04754936001618,discretionary,-1378.8066834628564
USER_0053,2026-06-24,-357.4694718475027,discretionary,-1736.2761553103592
USER_0053,2026-06-25,-162.54467799126732,discretionary,-1898.8208333016264
USER_0053,2026-06-26,-487.89797711593457,discretionary,-2386.718810417561
USER_0053,2026-06-27,-267.209313860622,discretionary,-2653.928124278183
USER_0053,2026-06-28,35000.0,income_salary,32346.071875721816
USER_0053,2026-06-28,-266.96014358944933,discretionary,32079.111732132365
USER_0053,2026-06-29,-321.4087494262038,discretionary,31757.702982706163
USER_0053,2026-06-30,-89.79751291792383,discretionary,31667.90546978824
USER_0053,2026-07-01,-7090.27414142668,fixed_rent,24577.63132836156
USER_0053,2026-07-01,-171.68211997075542,discretionary,24405.949208390804
USER_0053,2026-07-02,-235.87121052400326,discretionary,24170.0779978668
USER_0053,2026-07-03,-462.77013277204344,discretionary,23707.307865094757
USER_0053,2026-07-04,-277.012522521819,discretionary,23430.29534257294
USER_0053,2026-07-05,-432.9736286758337,discretionary,22997.321713897105
USER_0053,2026-07-06,-270.7829520888973,discretionary,22726.538761808206
USER_0053,2026-07-07,-300.6664775135476,discretionary,22425.87228429466
USER_0053,2026-07-08,-190.7742869966118,discretionary,22235.097997298046
USER_0053,2026-07-09,-156.08046666929948,discretionary,22079.017530628746
USER_0053,2026-07-10,-175.7023775843341,discretionary,21903.315153044412
USER_0053,2026-07-11,-157.90894040798378,discretionary,21745.40621263643
USER_0053,2026-07-12,-414.0378749793386,discretionary,21331.36833765709
USER_0053,2026-07-13,-143.54788916933632,discretionary,21187.820448487757
USER_0053,2026-07-14,-302.8990484476845,discretionary,20884.92140004007
USER_0053,2026-07-15,-133.13382027049684,discretionary,20751.787579769574
USER_0053,2026-07-16,-476.5723251906125,discretionary,20275.21525457896
USER_0053,2026-07-17,-213.9415646787031,discretionary,20061.27368990026
USER_0053,2026-07-18,-179.1887045877928,discretionary,19882.084985312467
USER_0053,2026-07-19,-71.81483436750106,discretionary,19810.270150944965
USER_0053,2026-07-20,-196.32904189031967,discretionary,19613.941109054645
USER_0053,2026-07-21,-220.63159599586052,discretionary,19393.309513058786
USER_0053,2026-07-22,-274.1372248894498,discretionary,19119.172288169335
USER_0053,2026-07-23,-220.23872434903544,discretionary,18898.9335638203
USER_0053,2026-07-24,-190.3148429936028,discretionary,18708.618720826697
USER_0053,2026-07-25,-198.87577236538672,discretionary,18509.74294846131
USER_0053,2026-07-26,-215.1668102708337,discretionary,18294.576138190474
USER_0053,2026-07-27,-166.3305709689044,discretionary,18128.24556722157
USER_0053,2026-07-28,35000.0,income_salary,53128.24556722157
USER_0053,2026-07-28,-294.28472375790255,discretionary,52833.96084346367
USER_0053,2026-07-29,-334.89213324985457,discretionary,52499.06871021381
USER_0053,2026-07-30,-181.98855490730867,discretionary,52317.0801553065
USER_0053,2026-07-31,-142.83993605010542,discretionary,52174.2402192564
USER_0053,2026-08-01,-7090.27414142668,fixed_rent,45083.96607782972
USER_0053,2026-08-01,-223.6079922780672,discretionary,44860.35808555165
USER_0053,2026-08-02,-156.40025420068486,discretionary,44703.95783135096
USER_0053,2026-08-03,-198.99362567632357,discretionary,44504.96420567464
USER_0053,2026-08-04,-453.18693170274247,discretionary,44051.77727397189
USER_0053,2026-08-05,-100.57945635205188,discretionary,43951.19781761984
USER_0053,2026-08-06,-258.9668023343837,discretionary,43692.231015285455
USER_0053,2026-08-07,-227.77584199282805,discretionary,43464.45517329263
USER_0053,2026-08-08,-161.26184255998243,discretionary,43303.19333073265
USER_0053,2026-08-09,-259.45610471227405,discretionary,43043.73722602037
USER_0053,2026-08-10,-258.1394402334464,discretionary,42785.59778578692
USER_0053,2026-08-11,-150.65698187534701,discretionary,42634.94080391157
USER_0053,2026-08-12,-377.7621978487086,discretionary,42257.178606062866
USER_0053,2026-08-13,-571.2616424664636,discretionary,41685.9169635964
USER_0053,2026-08-14,-210.18036041361302,discretionary,41475.736603182784
USER_0053,2026-08-15,-209.6971171848412,discretionary,41266.03948599794
USER_0053,2026-08-16,-483.29615971384317,discretionary,40782.7433262841
USER_0053,2026-08-17,-186.0159085305611,discretionary,40596.72741775354
USER_0053,2026-08-18,-305.2909451176191,discretionary,40291.43647263592
USER_0053,2026-08-19,-443.0749903950021,discretionary,39848.361482240914
USER_0053,2026-08-20,-150.95913111215515,discretionary,39697.40235112876
USER_0053,2026-08-21,-205.1180201218531,discretionary,39492.28433100691
USER_0053,2026-08-22,-221.89120114551588,discretionary,39270.39312986139
USER_0053,2026-08-23,-152.13197474562148,discretionary,39118.26115511577
USER_0053,2026-08-24,-293.44477847408757,discretionary,38824.816376641684
USER_0053,2026-08-25,-226.69308155604787,discretionary,38598.123295085636
USER_0053,2026-08-26,-123.36363983680354,discretionary,38474.75965524883
USER_0053,2026-08-27,-324.8208508175433,discretionary,38149.93880443129
USER_0053,2026-08-28,35000.0,income_salary,73149.9388044313
USER_0053,2026-08-28,-187.67499382855178,discretionary,72962.26381060274
USER_0053,2026-08-29,-541.0280886467555,discretionary,72421.23572195599
USER_0054,2026-06-01,-421.12611373544286,discretionary,4578.873886264557
USER_0054,2026-06-02,-213.60491845831248,discretionary,4365.268967806244
USER_0054,2026-06-03,-145.21250394436657,discretionary,4220.056463861878
USER_0054,2026-06-04,-169.26325502991716,discretionary,4050.793208831961
USER_0054,2026-06-05,-145.7308652814949,discretionary,3905.062343550466
USER_0054,2026-06-06,-313.3684169384752,discretionary,3591.6939266119907
USER_0054,2026-06-07,-261.671631200721,discretionary,3330.0222954112696
USER_0054,2026-06-08,-435.7841478566044,discretionary,2894.2381475546654
USER_0054,2026-06-09,-229.8954741730702,discretionary,2664.342673381595
USER_0054,2026-06-10,-95.46777018382969,discretionary,2568.8749031977654
USER_0054,2026-06-11,-240.71291847668422,discretionary,2328.1619847210814
USER_0054,2026-06-12,-134.7728893338834,discretionary,2193.389095387198
USER_0054,2026-06-13,-470.02907947734565,discretionary,1723.360015909852
USER_0054,2026-06-14,-208.19764323177327,discretionary,1515.1623726780788
USER_0054,2026-06-15,-177.8258925642195,discretionary,1337.3364801138594
USER_0054,2026-06-16,-487.94083537945824,discretionary,849.3956447344011
USER_0054,2026-06-17,-332.8574033287062,discretionary,516.5382414056949
USER_0054,2026-06-18,-197.48097397766662,discretionary,319.05726742802824
USER_0054,2026-06-19,-564.3913610689855,discretionary,-245.33409364095724
USER_0054,2026-06-20,-175.78077857059134,discretionary,-421.1148722115486
USER_0054,2026-06-21,-59.865949918035405,discretionary,-480.980822129584
USER_0054,2026-06-22,-221.06202307694585,discretionary,-702.0428452065298
USER_0054,2026-06-23,-736.5136680074373,discretionary,-1438.5565132139673
USER_0054,2026-06-24,-335.5461793237926,discretionary,-1774.1026925377598
USER_0054,2026-06-25,-209.38520620500805,discretionary,-1983.4878987427678
USER_0054,2026-06-26,-110.4066466907759,discretionary,-2093.8945454335435
USER_0054,2026-06-27,-367.0509606028598,discretionary,-2460.9455060364035
USER_0054,2026-06-28,25000.0,income_salary,22539.054493963595
USER_0054,2026-06-28,-202.0668824628186,discretionary,22336.987611500776
USER_0054,2026-06-29,-214.23481498717254,discretionary,22122.752796513603
USER_0054,2026-06-30,-665.1904637977115,discretionary,21457.56233271589
USER_0054,2026-07-01,-7308.533127902598,fixed_rent,14149.029204813292
USER_0054,2026-07-01,-188.76192796768257,discretionary,13960.26727684561
USER_0054,2026-07-02,-158.18420908644416,discretionary,13802.083067759166
USER_0054,2026-07-03,-257.6726398938524,discretionary,13544.410427865314
USER_0054,2026-07-04,-334.9569131308367,discretionary,13209.453514734478
USER_0054,2026-07-05,-263.38102635789795,discretionary,12946.07248837658
USER_0054,2026-07-06,-513.7835151273583,discretionary,12432.288973249222
USER_0054,2026-07-07,-168.47728706610854,discretionary,12263.811686183113
USER_0054,2026-07-08,-266.65154847206213,discretionary,11997.160137711051
USER_0054,2026-07-09,-201.87080795433238,discretionary,11795.289329756719
USER_0054,2026-07-10,-162.27234816920316,discretionary,11633.016981587516
USER_0054,2026-07-11,-272.7166088672753,discretionary,11360.300372720241
USER_0054,2026-07-12,-211.15343378370622,discretionary,11149.146938936536
USER_0054,2026-07-13,-431.9123335462208,discretionary,10717.234605390315
USER_0054,2026-07-14,-184.94483398672156,discretionary,10532.289771403593
USER_0054,2026-07-15,-166.835544840851,discretionary,10365.454226562742
USER_0054,2026-07-16,-210.9400582175814,discretionary,10154.51416834516
USER_0054,2026-07-17,-247.1770910060569,discretionary,9907.337077339103
USER_0054,2026-07-18,-146.16958914145627,discretionary,9761.167488197647
USER_0054,2026-07-19,-280.9227928499984,discretionary,9480.244695347648
USER_0054,2026-07-20,-148.21050936570043,discretionary,9332.034185981947
USER_0054,2026-07-21,-556.3489088269558,discretionary,8775.685277154991
USER_0054,2026-07-22,-136.65823115361388,discretionary,8639.027046001378
USER_0054,2026-07-23,-322.04000500478924,discretionary,8316.987040996588
USER_0054,2026-07-24,-423.0068736893584,discretionary,7893.98016730723
USER_0054,2026-07-25,-228.83651311006335,discretionary,7665.143654197166
USER_0054,2026-07-26,-320.84186572804424,discretionary,7344.301788469122
USER_0054,2026-07-27,-356.22952751531005,discretionary,6988.072260953812
USER_0054,2026-07-28,25000.0,income_salary,31988.072260953813
USER_0054,2026-07-28,-105.02063596875445,discretionary,31883.05162498506
USER_0054,2026-07-29,-411.5866799458657,discretionary,31471.46494503919
USER_0054,2026-07-30,-274.0693059870289,discretionary,31197.395639052163
USER_0054,2026-07-31,-323.6264009961242,discretionary,30873.76923805604
USER_0054,2026-08-01,-7308.533127902598,fixed_rent,23565.23611015344
USER_0054,2026-08-01,-157.4483057883829,discretionary,23407.787804365056
USER_0054,2026-08-02,-456.9917109276406,discretionary,22950.796093437417
USER_0054,2026-08-03,-108.46820016583456,discretionary,22842.327893271584
USER_0054,2026-08-04,-403.33302187920145,discretionary,22438.994871392384
USER_0054,2026-08-05,-238.10788267971856,discretionary,22200.886988712664
USER_0054,2026-08-06,-129.8558603954076,discretionary,22071.031128317256
USER_0054,2026-08-07,-115.84649275111497,discretionary,21955.18463556614
USER_0054,2026-08-08,-674.7771933372427,discretionary,21280.407442228898
USER_0054,2026-08-09,-218.25545396022508,discretionary,21062.151988268673
USER_0054,2026-08-10,-95.56254870168604,discretionary,20966.589439566986
USER_0054,2026-08-11,-333.21239992729943,discretionary,20633.377039639687
USER_0054,2026-08-12,-238.9906880635269,discretionary,20394.38635157616
USER_0054,2026-08-13,-187.624303666945,discretionary,20206.762047909215
USER_0054,2026-08-14,-194.91051735740248,discretionary,20011.851530551812
USER_0054,2026-08-15,-195.61611645676885,discretionary,19816.235414095045
USER_0054,2026-08-16,-302.3908048647871,discretionary,19513.84460923026
USER_0054,2026-08-17,-325.71996342391327,discretionary,19188.124645806343
USER_0054,2026-08-18,-637.698287984093,discretionary,18550.42635782225
USER_0054,2026-08-19,-267.5195979893626,discretionary,18282.906759832887
USER_0054,2026-08-20,-176.3416940863316,discretionary,18106.565065746556
USER_0054,2026-08-21,-159.63521176205867,discretionary,17946.929853984497
USER_0054,2026-08-22,-381.845109852449,discretionary,17565.084744132047
USER_0054,2026-08-23,-233.20055074076413,discretionary,17331.884193391284
USER_0054,2026-08-24,-328.60540216789104,discretionary,17003.278791223394
USER_0054,2026-08-25,-223.42591398846014,discretionary,16779.852877234935
USER_0054,2026-08-26,-272.734607141806,discretionary,16507.118270093128
USER_0054,2026-08-27,-337.1109064015234,discretionary,16170.007363691604
USER_0054,2026-08-28,25000.0,income_salary,41170.007363691606
USER_0054,2026-08-28,-233.40190559882996,discretionary,40936.605458092774
USER_0054,2026-08-29,-404.03782452195395,discretionary,40532.56763357082
USER_0055,2026-06-01,-410.7065823219974,discretionary,4589.293417678003
USER_0055,2026-06-02,-90.05080192285969,discretionary,4499.242615755143
USER_0055,2026-06-03,-521.2451527001004,discretionary,3977.9974630550423
USER_0055,2026-06-04,-186.68660626733666,discretionary,3791.3108567877057
USER_0055,2026-06-05,-251.44357302161444,discretionary,3539.867283766091
USER_0055,2026-06-06,-391.40124932701514,discretionary,3148.466034439076
USER_0055,2026-06-07,-135.51227493424568,discretionary,3012.95375950483
USER_0055,2026-06-08,-363.2417417555684,discretionary,2649.7120177492616
USER_0055,2026-06-09,-284.758965826152,discretionary,2364.9530519231093
USER_0055,2026-06-10,-219.79469199217726,discretionary,2145.158359930932
USER_0055,2026-06-11,-285.28827340079397,discretionary,1859.870086530138
USER_0055,2026-06-12,-123.39854076126457,discretionary,1736.4715457688735
USER_0055,2026-06-13,-140.39384755226385,discretionary,1596.0776982166096
USER_0055,2026-06-14,-225.86908739306855,discretionary,1370.208610823541
USER_0055,2026-06-15,-546.0404012706812,discretionary,824.1682095528598
USER_0055,2026-06-16,-173.75188598439712,discretionary,650.4163235684628
USER_0055,2026-06-17,-218.09673620846422,discretionary,432.31958735999854
USER_0055,2026-06-18,-364.80918787889277,discretionary,67.51039948110576
USER_0055,2026-06-19,-220.25424983395,discretionary,-152.74385035284425
USER_0055,2026-06-20,-276.901210048571,discretionary,-429.6450604014152
USER_0055,2026-06-21,-261.28127715223184,discretionary,-690.926337553647
USER_0055,2026-06-22,-268.4359222449135,discretionary,-959.3622597985606
USER_0055,2026-06-23,-233.67283161889534,discretionary,-1193.035091417456
USER_0055,2026-06-24,-349.41627910649726,discretionary,-1542.4513705239533
USER_0055,2026-06-25,-230.41517202260977,discretionary,-1772.866542546563
USER_0055,2026-06-26,-317.62425075568274,discretionary,-2090.490793302246
USER_0055,2026-06-27,-137.36539374637323,discretionary,-2227.856187048619
USER_0055,2026-06-28,35000.0,income_salary,32772.143812951384
USER_0055,2026-06-28,-370.9515772137171,discretionary,32401.192235737668
USER_0055,2026-06-29,-424.8018435025744,discretionary,31976.390392235095
USER_0055,2026-06-30,-377.34491070593145,discretionary,31599.045481529163
USER_0055,2026-07-01,-8548.738482372815,fixed_rent,23050.306999156346
USER_0055,2026-07-01,-124.67779057098163,discretionary,22925.629208585364
USER_0055,2026-07-02,-111.11290640131304,discretionary,22814.51630218405
USER_0055,2026-07-03,-210.33966812284362,discretionary,22604.176634061205
USER_0055,2026-07-04,-406.6604222043205,discretionary,22197.516211856884
USER_0055,2026-07-05,-256.2160421500353,discretionary,21941.30016970685
USER_0055,2026-07-06,-391.4618926794379,discretionary,21549.83827702741
USER_0055,2026-07-07,-160.4582540902957,discretionary,21389.380022937115
USER_0055,2026-07-08,-141.58426301581105,discretionary,21247.795759921304
USER_0055,2026-07-09,-254.7093916034663,discretionary,20993.08636831784
USER_0055,2026-07-10,-372.6448239181775,discretionary,20620.441544399662
USER_0055,2026-07-11,-293.8254359570641,discretionary,20326.6161084426
USER_0055,2026-07-12,-69.84776260505005,discretionary,20256.768345837547
USER_0055,2026-07-13,-527.9086846048147,discretionary,19728.85966123273
USER_0055,2026-07-14,-223.76944303074964,discretionary,19505.09021820198
USER_0055,2026-07-15,-234.4790190717532,discretionary,19270.611199130228
USER_0055,2026-07-16,-174.18028000694915,discretionary,19096.43091912328
USER_0055,2026-07-17,-759.6539807073563,discretionary,18336.776938415922
USER_0055,2026-07-18,-271.28409379012436,discretionary,18065.492844625798
USER_0055,2026-07-19,-155.72043616908852,discretionary,17909.77240845671
USER_0055,2026-07-20,-231.5784147750487,discretionary,17678.19399368166
USER_0055,2026-07-21,-112.75635193220849,discretionary,17565.43764174945
USER_0055,2026-07-22,-121.03548265824752,discretionary,17444.4021590912
USER_0055,2026-07-23,-245.8162248479735,discretionary,17198.585934243227
USER_0055,2026-07-24,-202.09192374548707,discretionary,16996.49401049774
USER_0055,2026-07-25,-110.49868638200881,discretionary,16885.99532411573
USER_0055,2026-07-26,-371.37831766706097,discretionary,16514.61700644867
USER_0055,2026-07-27,-457.55093291483075,discretionary,16057.066073533839
USER_0055,2026-07-28,35000.0,income_salary,51057.06607353384
USER_0055,2026-07-28,-189.86488548569596,discretionary,50867.201188048144
USER_0055,2026-07-29,-621.7469157559182,discretionary,50245.45427229223
USER_0055,2026-07-30,-149.8626748726505,discretionary,50095.591597419574
USER_0055,2026-07-31,-343.4426270519123,discretionary,49752.14897036766
USER_0055,2026-08-01,-8548.738482372815,fixed_rent,41203.41048799485
USER_0055,2026-08-01,-75.58502367901025,discretionary,41127.825464315836
USER_0055,2026-08-02,-254.65633510167177,discretionary,40873.16912921416
USER_0055,2026-08-03,-351.89407624654245,discretionary,40521.27505296762
USER_0055,2026-08-04,-216.96403268256066,discretionary,40304.31102028506
USER_0055,2026-08-05,-258.56076432484014,discretionary,40045.75025596022
USER_0055,2026-08-06,-293.96616769326323,discretionary,39751.784088266955
USER_0055,2026-08-07,-364.96538786123693,discretionary,39386.81870040572
USER_0055,2026-08-08,-81.10338644106754,discretionary,39305.71531396465
USER_0055,2026-08-09,-372.4429294248805,discretionary,38933.27238453976
USER_0055,2026-08-10,-201.69921218644788,discretionary,38731.57317235332
USER_0055,2026-08-11,-266.16681707104397,discretionary,38465.40635528227
USER_0055,2026-08-12,-214.74563525193724,discretionary,38250.66072003033
USER_0055,2026-08-13,-473.39544678719966,discretionary,37777.26527324313
USER_0055,2026-08-14,-285.1298613013897,discretionary,37492.13541194174
USER_0055,2026-08-15,-309.5101007270409,discretionary,37182.625311214695
USER_0055,2026-08-16,-247.28997351601956,discretionary,36935.33533769868
USER_0055,2026-08-17,-106.0253214439089,discretionary,36829.31001625477
USER_0055,2026-08-18,-278.16572374082654,discretionary,36551.14429251394
USER_0055,2026-08-19,-170.23281334559073,discretionary,36380.91147916835
USER_0055,2026-08-20,-440.52157653261185,discretionary,35940.38990263574
USER_0055,2026-08-21,-285.2439369845612,discretionary,35655.14596565118
USER_0055,2026-08-22,-315.9657316661071,discretionary,35339.18023398507
USER_0055,2026-08-23,-264.461168640844,discretionary,35074.71906534422
USER_0055,2026-08-24,-163.30499169685288,discretionary,34911.41407364737
USER_0055,2026-08-25,-185.65835862988595,discretionary,34725.75571501748
USER_0055,2026-08-26,-230.75882319380185,discretionary,34494.996891823685
USER_0055,2026-08-27,-454.09131524071495,discretionary,34040.90557658297
USER_0055,2026-08-28,35000.0,income_salary,69040.90557658297
USER_0055,2026-08-28,-275.234168141036,discretionary,68765.67140844194
USER_0055,2026-08-29,-262.3132081098843,discretionary,68503.35820033205
USER_0056,2026-06-01,-407.1432927814127,discretionary,4592.856707218587
USER_0056,2026-06-02,-235.27662227224744,discretionary,4357.580084946339
USER_0056,2026-06-03,-586.6502571921832,discretionary,3770.929827754156
USER_0056,2026-06-04,-358.76352536451685,discretionary,3412.1663023896394
USER_0056,2026-06-05,-268.2562465585116,discretionary,3143.910055831128
USER_0056,2026-06-06,-232.05679050554676,discretionary,2911.853265325581
USER_0056,2026-06-07,-246.67360148116722,discretionary,2665.179663844414
USER_0056,2026-06-08,-291.34838228118747,discretionary,2373.831281563226
USER_0056,2026-06-09,-169.91271066119262,discretionary,2203.9185709020335
USER_0056,2026-06-10,-123.95978980246906,discretionary,2079.9587810995645
USER_0056,2026-06-11,-137.00292383371016,discretionary,1942.9558572658543
USER_0056,2026-06-12,-429.17551662867373,discretionary,1513.7803406371806
USER_0056,2026-06-13,-85.9262440666425,discretionary,1427.854096570538
USER_0056,2026-06-14,-254.97485917015462,discretionary,1172.8792374003835
USER_0056,2026-06-15,-145.7493036913066,discretionary,1027.129933709077
USER_0056,2026-06-16,-405.1026258856262,discretionary,622.0273078234509
USER_0056,2026-06-17,-196.34277997726633,discretionary,425.68452784618455
USER_0056,2026-06-18,-360.5080468637904,discretionary,65.17648098239414
USER_0056,2026-06-19,-123.57868519831052,discretionary,-58.402204215916385
USER_0056,2026-06-20,-132.0026851317832,discretionary,-190.4048893476996
USER_0056,2026-06-21,-333.6812501935507,discretionary,-524.0861395412503
USER_0056,2026-06-22,-278.3038149546094,discretionary,-802.3899544958597
USER_0056,2026-06-23,-547.8636328319807,discretionary,-1350.2535873278403
USER_0056,2026-06-24,-350.5760948933174,discretionary,-1700.8296822211578
USER_0056,2026-06-25,-288.24490543926515,discretionary,-1989.0745876604228
USER_0056,2026-06-26,-82.8172582256334,discretionary,-2071.891845886056
USER_0056,2026-06-27,-254.5067517134188,discretionary,-2326.398597599475
USER_0056,2026-06-28,35000.0,income_salary,32673.601402400524
USER_0056,2026-06-28,-277.8373712571574,discretionary,32395.764031143368
USER_0056,2026-06-29,-195.32098805469968,discretionary,32200.443043088668
USER_0056,2026-06-30,-493.8346036928466,discretionary,31706.608439395823
USER_0056,2026-07-01,-8653.356904132372,fixed_rent,23053.25153526345
USER_0056,2026-07-01,-130.4669393081728,discretionary,22922.78459595528
USER_0056,2026-07-02,-129.0827981849956,discretionary,22793.701797770285
USER_0056,2026-07-03,-180.8360264922954,discretionary,22612.86577127799
USER_0056,2026-07-04,-357.84039198057627,discretionary,22255.025379297414
USER_0056,2026-07-05,-278.3680425737718,discretionary,21976.65733672364
USER_0056,2026-07-06,-552.7688563074149,discretionary,21423.888480416226
USER_0056,2026-07-07,-970.9533746582425,discretionary,20452.935105757984
USER_0056,2026-07-08,-297.87452545906035,discretionary,20155.060580298923
USER_0056,2026-07-09,-252.39967126749232,discretionary,19902.66090903143
USER_0056,2026-07-10,-350.5208974589902,discretionary,19552.14001157244
USER_0056,2026-07-11,-218.42394553582275,discretionary,19333.716066036617
USER_0056,2026-07-12,-372.5670516470478,discretionary,18961.149014389568
USER_0056,2026-07-13,-347.68752749764644,discretionary,18613.461486891923
USER_0056,2026-07-14,-330.76414798307354,discretionary,18282.69733890885
USER_0056,2026-07-15,-280.92118000606325,discretionary,18001.776158902787
USER_0056,2026-07-16,-106.44665131405777,discretionary,17895.32950758873
USER_0056,2026-07-17,-254.70592072615113,discretionary,17640.623586862577
USER_0056,2026-07-18,-225.51882408118882,discretionary,17415.10476278139
USER_0056,2026-07-19,-319.8868021440648,discretionary,17095.217960637325
USER_0056,2026-07-20,-121.52563351146601,discretionary,16973.69232712586
USER_0056,2026-07-21,-304.4388838656228,discretionary,16669.253443260237
USER_0056,2026-07-22,-230.55137373396963,discretionary,16438.70206952627
USER_0056,2026-07-23,-275.43940839137235,discretionary,16163.262661134897
USER_0056,2026-07-24,-179.55621455652872,discretionary,15983.706446578368
USER_0056,2026-07-25,-182.6883654785005,discretionary,15801.018081099868
USER_0056,2026-07-26,-488.17512947750464,discretionary,15312.842951622364
USER_0056,2026-07-27,-306.0153984147928,discretionary,15006.827553207571
USER_0056,2026-07-28,35000.0,income_salary,50006.82755320757
USER_0056,2026-07-28,-391.8999777564098,discretionary,49614.92757545116
USER_0056,2026-07-29,-143.7863246038629,discretionary,49471.1412508473
USER_0056,2026-07-30,-489.09674147618637,discretionary,48982.04450937112
USER_0056,2026-07-31,-559.7620820847278,discretionary,48422.28242728639
USER_0056,2026-08-01,-8653.356904132372,fixed_rent,39768.925523154016
USER_0056,2026-08-01,-613.0174902207667,discretionary,39155.90803293325
USER_0056,2026-08-02,-172.37388016272476,discretionary,38983.534152770524
USER_0056,2026-08-03,-156.05252715668342,discretionary,38827.481625613844
USER_0056,2026-08-04,-290.2488665248364,discretionary,38537.232759089005
USER_0056,2026-08-05,-109.96833962332227,discretionary,38427.26441946568
USER_0056,2026-08-06,-246.85448138334817,discretionary,38180.40993808233
USER_0056,2026-08-07,-288.98618331813253,discretionary,37891.4237547642
USER_0056,2026-08-08,-312.1318787018227,discretionary,37579.29187606237
USER_0056,2026-08-09,-239.93454729011654,discretionary,37339.357328772254
USER_0056,2026-08-10,-199.56166376254916,discretionary,37139.795665009704
USER_0056,2026-08-11,-152.94929936361385,discretionary,36986.84636564609
USER_0056,2026-08-12,-187.36200368199349,discretionary,36799.484361964096
USER_0056,2026-08-13,-301.4009071609653,discretionary,36498.08345480313
USER_0056,2026-08-14,-161.5162839303725,discretionary,36336.56717087275
USER_0056,2026-08-15,-242.5933903853108,discretionary,36093.973780487446
USER_0056,2026-08-16,-295.28811662208847,discretionary,35798.685663865355
USER_0056,2026-08-17,-184.87417759013445,discretionary,35613.81148627522
USER_0056,2026-08-18,-611.1698322112162,discretionary,35002.641654064006
USER_0056,2026-08-19,-124.88246466922762,discretionary,34877.759189394776
USER_0056,2026-08-20,-443.93868603298387,discretionary,34433.82050336179
USER_0056,2026-08-21,-170.80342415964103,discretionary,34263.01707920215
USER_0056,2026-08-22,-168.36281260827147,discretionary,34094.65426659388
USER_0056,2026-08-23,-148.9864812183282,discretionary,33945.667785375554
USER_0056,2026-08-24,-262.5332504268933,discretionary,33683.13453494866
USER_0056,2026-08-25,-199.91658499129716,discretionary,33483.21794995736
USER_0056,2026-08-26,-206.49978788157273,discretionary,33276.71816207579
USER_0056,2026-08-27,-117.83489732095593,discretionary,33158.88326475483
USER_0056,2026-08-28,35000.0,income_salary,68158.88326475484
USER_0056,2026-08-28,-150.03463790699033,discretionary,68008.84862684784
USER_0056,2026-08-29,-197.04328100417786,discretionary,67811.80534584366
USER_0057,2026-06-01,-480.4954677225167,discretionary,4519.504532277483
USER_0057,2026-06-02,-89.33788013162864,discretionary,4430.166652145855
USER_0057,2026-06-03,-128.72103331765595,discretionary,4301.445618828198
USER_0057,2026-06-04,-344.33512146057325,discretionary,3957.110497367625
USER_0057,2026-06-05,-121.30415285447316,discretionary,3835.806344513152
USER_0057,2026-06-06,-209.5347597122217,discretionary,3626.27158480093
USER_0057,2026-06-07,-555.8844312328014,discretionary,3070.3871535681287
USER_0057,2026-06-08,-147.98956553170498,discretionary,2922.3975880364237
USER_0057,2026-06-09,-91.12981869358791,discretionary,2831.267769342836
USER_0057,2026-06-10,-389.2241409527397,discretionary,2442.0436283900963
USER_0057,2026-06-11,-260.0248648620085,discretionary,2182.0187635280877
USER_0057,2026-06-12,-468.5735401725099,discretionary,1713.4452233555778
USER_0057,2026-06-13,-488.6238611425152,discretionary,1224.8213622130627
USER_0057,2026-06-14,-179.12332085744563,discretionary,1045.698041355617
USER_0057,2026-06-15,-208.55521226200574,discretionary,837.1428290936113
USER_0057,2026-06-16,-384.01850824734316,discretionary,453.1243208462682
USER_0057,2026-06-17,-395.8526467222986,discretionary,57.2716741239696
USER_0057,2026-06-18,-146.05035763808684,discretionary,-88.77868351411723
USER_0057,2026-06-19,-159.66347129021847,discretionary,-248.4421548043357
USER_0057,2026-06-20,-257.9764361524249,discretionary,-506.4185909567606
USER_0057,2026-06-21,-153.9333053758374,discretionary,-660.351896332598
USER_0057,2026-06-22,-138.99027692994466,discretionary,-799.3421732625427
USER_0057,2026-06-23,-209.72412020041045,discretionary,-1009.0662934629531
USER_0057,2026-06-24,-236.20400808525144,discretionary,-1245.2703015482045
USER_0057,2026-06-25,-151.03093533036943,discretionary,-1396.301236878574
USER_0057,2026-06-26,-106.15127123187806,discretionary,-1502.452508110452
USER_0057,2026-06-27,-295.17234734538346,discretionary,-1797.6248554558356
USER_0057,2026-06-28,25000.0,income_salary,23202.375144544163
USER_0057,2026-06-28,-231.2114252740103,discretionary,22971.163719270153
USER_0057,2026-06-29,-182.18176236944458,discretionary,22788.98195690071
USER_0057,2026-06-30,-111.42070229589129,discretionary,22677.561254604818
USER_0057,2026-07-01,-6270.335386529796,fixed_rent,16407.225868075024
USER_0057,2026-07-01,-199.51696776391603,discretionary,16207.708900311107
USER_0057,2026-07-02,-202.74324126535868,discretionary,16004.965659045749
USER_0057,2026-07-03,-425.14060365821524,discretionary,15579.825055387533
USER_0057,2026-07-04,-167.96885998775352,discretionary,15411.85619539978
USER_0057,2026-07-05,-430.79918344015067,discretionary,14981.057011959629
USER_0057,2026-07-06,-218.34601781477312,discretionary,14762.710994144856
USER_0057,2026-07-07,-140.5739508241279,discretionary,14622.137043320728
USER_0057,2026-07-08,-165.59193778924384,discretionary,14456.545105531484
USER_0057,2026-07-09,-373.61040919053306,discretionary,14082.934696340952
USER_0057,2026-07-10,-216.0340225510191,discretionary,13866.900673789933
USER_0057,2026-07-11,-532.2520409858602,discretionary,13334.648632804072
USER_0057,2026-07-12,-322.3689864635196,discretionary,13012.279646340552
USER_0057,2026-07-13,-273.9143369387979,discretionary,12738.365309401754
USER_0057,2026-07-14,-325.49698435175367,discretionary,12412.86832505
USER_0057,2026-07-15,-130.47418795435493,discretionary,12282.394137095645
USER_0057,2026-07-16,-347.7400134503179,discretionary,11934.654123645327
USER_0057,2026-07-17,-232.71037631382484,discretionary,11701.943747331501
USER_0057,2026-07-18,-182.8839831749901,discretionary,11519.059764156511
USER_0057,2026-07-19,-221.33803505496024,discretionary,11297.721729101551
USER_0057,2026-07-20,-263.7137941938395,discretionary,11034.007934907711
USER_0057,2026-07-21,-131.63021986249677,discretionary,10902.377715045215
USER_0057,2026-07-22,-223.97678151136688,discretionary,10678.400933533849
USER_0057,2026-07-23,-148.24449140905628,discretionary,10530.156442124793
USER_0057,2026-07-24,-391.55707041037175,discretionary,10138.599371714421
USER_0057,2026-07-25,-203.16294262201671,discretionary,9935.436429092404
USER_0057,2026-07-26,-172.22930494901806,discretionary,9763.207124143386
USER_0057,2026-07-27,-266.9743520085707,discretionary,9496.232772134816
USER_0057,2026-07-28,25000.0,income_salary,34496.23277213481
USER_0057,2026-07-28,-487.56362631116383,discretionary,34008.669145823646
USER_0057,2026-07-29,-354.70895355380117,discretionary,33653.96019226984
USER_0057,2026-07-30,-103.9524262353143,discretionary,33550.00776603453
USER_0057,2026-07-31,-127.79979124217968,discretionary,33422.20797479235
USER_0057,2026-08-01,-6270.335386529796,fixed_rent,27151.87258826255
USER_0057,2026-08-01,-203.090234529085,discretionary,26948.782353733466
USER_0057,2026-08-02,-158.14913961408618,discretionary,26790.63321411938
USER_0057,2026-08-03,-251.8479704960984,discretionary,26538.785243623282
USER_0057,2026-08-04,-314.6726237331786,discretionary,26224.112619890104
USER_0057,2026-08-05,-250.8734210190571,discretionary,25973.239198871048
USER_0057,2026-08-06,-243.44005764462926,discretionary,25729.79914122642
USER_0057,2026-08-07,-248.19773041157686,discretionary,25481.601410814845
USER_0057,2026-08-08,-208.78934598112798,discretionary,25272.812064833717
USER_0057,2026-08-09,-207.9392767437449,discretionary,25064.87278808997
USER_0057,2026-08-10,-197.19522052083147,discretionary,24867.67756756914
USER_0057,2026-08-11,-218.01597013139244,discretionary,24649.661597437746
USER_0057,2026-08-12,-507.5347009573228,discretionary,24142.126896480422
USER_0057,2026-08-13,-175.1237881434444,discretionary,23967.00310833698
USER_0057,2026-08-14,-590.9048072994441,discretionary,23376.098301037535
USER_0057,2026-08-15,-286.87923674314277,discretionary,23089.219064294393
USER_0057,2026-08-16,-555.9083272494738,discretionary,22533.310737044918
USER_0057,2026-08-17,-416.4401888976704,discretionary,22116.870548147246
USER_0057,2026-08-18,-101.38716584136719,discretionary,22015.48338230588
USER_0057,2026-08-19,-184.185526590897,discretionary,21831.297855714984
USER_0057,2026-08-20,-102.88001473523197,discretionary,21728.417840979753
USER_0057,2026-08-21,-118.67084895840712,discretionary,21609.746992021344
USER_0057,2026-08-22,-456.3513480033557,discretionary,21153.39564401799
USER_0057,2026-08-23,-216.64275562778897,discretionary,20936.7528883902
USER_0057,2026-08-24,-320.0588375498631,discretionary,20616.69405084034
USER_0057,2026-08-25,-366.37018794088596,discretionary,20250.32386289945
USER_0057,2026-08-26,-417.7919639286659,discretionary,19832.531898970785
USER_0057,2026-08-27,-217.26815776386485,discretionary,19615.26374120692
USER_0057,2026-08-28,25000.0,income_salary,44615.263741206916
USER_0057,2026-08-28,-304.09832258149805,discretionary,44311.165418625416
USER_0057,2026-08-29,-222.9741476777011,discretionary,44088.19127094772
USER_0058,2026-06-01,-271.08171653755875,discretionary,4728.918283462442
USER_0058,2026-06-02,-334.92442923515,discretionary,4393.993854227292
USER_0058,2026-06-03,-414.6046136485364,discretionary,3979.3892405787556
USER_0058,2026-06-04,-216.87788429149668,discretionary,3762.511356287259
USER_0058,2026-06-05,-109.94306535587924,discretionary,3652.5682909313796
USER_0058,2026-06-06,-394.643790721382,discretionary,3257.9245002099974
USER_0058,2026-06-07,-242.5306377243418,discretionary,3015.3938624856555
USER_0058,2026-06-08,-145.98861508005416,discretionary,2869.4052474056016
USER_0058,2026-06-09,-156.54561528302546,discretionary,2712.859632122576
USER_0058,2026-06-10,-654.6201545219225,discretionary,2058.2394776006536
USER_0058,2026-06-11,-213.16248614985645,discretionary,1845.076991450797
USER_0058,2026-06-12,-204.63566913549138,discretionary,1640.4413223153058
USER_0058,2026-06-13,-227.09204717095415,discretionary,1413.3492751443516
USER_0058,2026-06-14,-118.19122215277964,discretionary,1295.158052991572
USER_0058,2026-06-15,-299.97991386595874,discretionary,995.1781391256134
USER_0058,2026-06-16,-97.84146595889263,discretionary,897.3366731667207
USER_0058,2026-06-17,-237.4705776776944,discretionary,659.8660954890263
USER_0058,2026-06-18,-292.73153228470835,discretionary,367.13456320431794
USER_0058,2026-06-19,-100.28345285588657,discretionary,266.85111034843135
USER_0058,2026-06-20,-120.03395983533797,discretionary,146.8171505130934
USER_0058,2026-06-21,-308.25278048300277,discretionary,-161.43562996990937
USER_0058,2026-06-22,-220.58681558164827,discretionary,-382.02244555155767
USER_0058,2026-06-23,-193.95513671783752,discretionary,-575.9775822693952
USER_0058,2026-06-24,-99.4259967191092,discretionary,-675.4035789885044
USER_0058,2026-06-25,-279.25946779539305,discretionary,-954.6630467838975
USER_0058,2026-06-26,-537.3097379027408,discretionary,-1491.9727846866383
USER_0058,2026-06-27,-305.8955088332761,discretionary,-1797.8682935199145
USER_0058,2026-06-28,20000.0,income_salary,18202.131706480086
USER_0058,2026-06-28,-175.62724185285433,discretionary,18026.504464627233
USER_0058,2026-06-29,-258.70341719594353,discretionary,17767.80104743129
USER_0058,2026-06-30,-243.7004106905045,discretionary,17524.100636740786
USER_0058,2026-07-01,-6328.481522185531,fixed_rent,11195.619114555255
USER_0058,2026-07-01,-250.426775905165,discretionary,10945.19233865009
USER_0058,2026-07-02,-434.32307924124007,discretionary,10510.86925940885
USER_0058,2026-07-03,-144.32282380731735,discretionary,10366.546435601533
USER_0058,2026-07-04,-178.6715577578289,discretionary,10187.874877843704
USER_0058,2026-07-05,-256.6587116286959,discretionary,9931.216166215008
USER_0058,2026-07-06,-228.10924979714017,discretionary,9703.106916417868
USER_0058,2026-07-07,-128.98178780296237,discretionary,9574.125128614905
USER_0058,2026-07-08,-247.5852363527757,discretionary,9326.53989226213
USER_0058,2026-07-09,-307.9243904862853,discretionary,9018.615501775845
USER_0058,2026-07-10,-230.72224231033735,discretionary,8787.893259465507
USER_0058,2026-07-11,-256.48619153592205,discretionary,8531.407067929586
USER_0058,2026-07-12,-154.56400625010468,discretionary,8376.843061679481
USER_0058,2026-07-13,-194.06368333655945,discretionary,8182.7793783429215
USER_0058,2026-07-14,-248.98386981214023,discretionary,7933.795508530781
USER_0058,2026-07-15,-171.67177362248293,discretionary,7762.1237349082985
USER_0058,2026-07-16,-193.8068140126384,discretionary,7568.31692089566
USER_0058,2026-07-17,-691.9036312750468,discretionary,6876.413289620613
USER_0058,2026-07-18,-148.79635601330475,discretionary,6727.616933607308
USER_0058,2026-07-19,-348.88391067805526,discretionary,6378.733022929253
USER_0058,2026-07-20,-254.8854792924173,discretionary,6123.847543636835
USER_0058,2026-07-21,-372.4878262950851,discretionary,5751.35971734175
USER_0058,2026-07-22,-226.33370511517822,discretionary,5525.026012226572
USER_0058,2026-07-23,-275.70879583727503,discretionary,5249.317216389297
USER_0058,2026-07-24,-122.89990075493033,discretionary,5126.417315634367
USER_0058,2026-07-25,-390.3292751615715,discretionary,4736.088040472795
USER_0058,2026-07-26,-263.6979323403772,discretionary,4472.3901081324175
USER_0058,2026-07-27,-155.06122090536175,discretionary,4317.328887227056
USER_0058,2026-07-28,20000.0,income_salary,24317.328887227057
USER_0058,2026-07-28,-178.217440143282,discretionary,24139.111447083775
USER_0058,2026-07-29,-372.7570587888252,discretionary,23766.35438829495
USER_0058,2026-07-30,-233.6857457608904,discretionary,23532.66864253406
USER_0058,2026-07-31,-337.14054527031345,discretionary,23195.528097263745
USER_0058,2026-08-01,-6328.481522185531,fixed_rent,16867.046575078213
USER_0058,2026-08-01,-675.7789069868878,discretionary,16191.267668091325
USER_0058,2026-08-02,-143.6049135072983,discretionary,16047.662754584026
USER_0058,2026-08-03,-231.07229187945282,discretionary,15816.590462704573
USER_0058,2026-08-04,-453.06786836510526,discretionary,15363.522594339467
USER_0058,2026-08-05,-181.15534369495725,discretionary,15182.36725064451
USER_0058,2026-08-06,-146.87078609220188,discretionary,15035.496464552307
USER_0058,2026-08-07,-164.09957566963558,discretionary,14871.396888882671
USER_0058,2026-08-08,-377.11942098307344,discretionary,14494.277467899597
USER_0058,2026-08-09,-136.79748601271842,discretionary,14357.47998188688
USER_0058,2026-08-10,-549.5530935976338,discretionary,13807.926888289247
USER_0058,2026-08-11,-156.39488896052256,discretionary,13651.531999328725
USER_0058,2026-08-12,-443.04933375197123,discretionary,13208.482665576754
USER_0058,2026-08-13,-387.75969946320754,discretionary,12820.722966113546
USER_0058,2026-08-14,-207.29169788552008,discretionary,12613.431268228025
USER_0058,2026-08-15,-388.8551925991054,discretionary,12224.57607562892
USER_0058,2026-08-16,-161.4841603583744,discretionary,12063.091915270546
USER_0058,2026-08-17,-125.77832240222493,discretionary,11937.313592868322
USER_0058,2026-08-18,-246.9209802978923,discretionary,11690.39261257043
USER_0058,2026-08-19,-186.26027252189425,discretionary,11504.132340048534
USER_0058,2026-08-20,-613.5644709560794,discretionary,10890.567869092454
USER_0058,2026-08-21,-290.2585573242189,discretionary,10600.309311768235
USER_0058,2026-08-22,-92.04493571000219,discretionary,10508.264376058232
USER_0058,2026-08-23,-259.68087981000224,discretionary,10248.58349624823
USER_0058,2026-08-24,-77.53544956538293,discretionary,10171.048046682847
USER_0058,2026-08-25,-152.2647215892578,discretionary,10018.78332509359
USER_0058,2026-08-26,-528.9853313972997,discretionary,9489.79799369629
USER_0058,2026-08-27,-175.9694329744833,discretionary,9313.828560721806
USER_0058,2026-08-28,20000.0,income_salary,29313.828560721806
USER_0058,2026-08-28,-522.3682468543734,discretionary,28791.460313867432
USER_0058,2026-08-29,-163.5898091569615,discretionary,28627.87050471047
USER_0059,2026-06-01,-194.44731879288292,discretionary,4805.552681207117
USER_0059,2026-06-02,-158.78820691019314,discretionary,4646.764474296923
USER_0059,2026-06-03,-289.44754395872866,discretionary,4357.316930338195
USER_0059,2026-06-04,-203.01064783376103,discretionary,4154.3062825044335
USER_0059,2026-06-05,-140.93053346972746,discretionary,4013.375749034706
USER_0059,2026-06-06,-203.01430620619578,discretionary,3810.3614428285105
USER_0059,2026-06-07,-249.2754412669271,discretionary,3561.0860015615835
USER_0059,2026-06-08,-120.32073308798076,discretionary,3440.7652684736026
USER_0059,2026-06-09,-254.23696007000842,discretionary,3186.528308403594
USER_0059,2026-06-10,-193.8524324497458,discretionary,2992.6758759538484
USER_0059,2026-06-11,-360.07072989471004,discretionary,2632.6051460591384
USER_0059,2026-06-12,-241.84241877935276,discretionary,2390.762727279786
USER_0059,2026-06-13,-325.4943497405782,discretionary,2065.268377539208
USER_0059,2026-06-14,-324.438414555957,discretionary,1740.8299629832509
USER_0059,2026-06-15,-313.70786514583574,discretionary,1427.1220978374151
USER_0059,2026-06-16,-329.0402805511835,discretionary,1098.0818172862316
USER_0059,2026-06-17,-114.73906190426503,discretionary,983.3427553819666
USER_0059,2026-06-18,-188.22728104419724,discretionary,795.1154743377695
USER_0059,2026-06-19,-447.30642401375724,discretionary,347.8090503240122
USER_0059,2026-06-20,-86.91549741251573,discretionary,260.8935529114965
USER_0059,2026-06-21,-192.71264208217144,discretionary,68.18091082932506
USER_0059,2026-06-22,-325.47749011314215,discretionary,-257.2965792838171
USER_0059,2026-06-23,-408.5262902024581,discretionary,-665.8228694862752
USER_0059,2026-06-24,-294.84366973233665,discretionary,-960.6665392186119
USER_0059,2026-06-25,-175.10090177025296,discretionary,-1135.7674409888648
USER_0059,2026-06-26,-184.53756569284897,discretionary,-1320.3050066817138
USER_0059,2026-06-27,-123.36094026110499,discretionary,-1443.665946942819
USER_0059,2026-06-28,30000.0,income_salary,28556.33405305718
USER_0059,2026-06-28,-280.33926980500837,discretionary,28275.994783252172
USER_0059,2026-06-29,-868.509412298241,discretionary,27407.48537095393
USER_0059,2026-06-30,-206.46829888841737,discretionary,27201.017072065515
USER_0059,2026-07-01,-6160.123713082165,fixed_rent,21040.89335898335
USER_0059,2026-07-01,-129.91965244250457,discretionary,20910.973706540844
USER_0059,2026-07-02,-168.63725912642627,discretionary,20742.33644741442
USER_0059,2026-07-03,-324.26190463260656,discretionary,20418.07454278181
USER_0059,2026-07-04,-434.0673813547299,discretionary,19984.007161427082
USER_0059,2026-07-05,-212.04128768343858,discretionary,19771.965873743644
USER_0059,2026-07-06,-167.40413974533817,discretionary,19604.561733998307
USER_0059,2026-07-07,-316.23305737554176,discretionary,19288.328676622765
USER_0059,2026-07-08,-140.7550540073944,discretionary,19147.57362261537
USER_0059,2026-07-09,-104.44624763245643,discretionary,19043.127374982916
USER_0059,2026-07-10,-387.2830161912406,discretionary,18655.844358791677
USER_0059,2026-07-11,-564.4878977915257,discretionary,18091.356461000152
USER_0059,2026-07-12,-204.66758484877775,discretionary,17886.688876151373
USER_0059,2026-07-13,-370.15447615548567,discretionary,17516.534399995886
USER_0059,2026-07-14,-195.07539408335435,discretionary,17321.459005912533
USER_0059,2026-07-15,-237.41556065266502,discretionary,17084.043445259867
USER_0059,2026-07-16,-234.31464911202698,discretionary,16849.72879614784
USER_0059,2026-07-17,-189.78963000585702,discretionary,16659.939166141983
USER_0059,2026-07-18,-730.044841599107,discretionary,15929.894324542876
USER_0059,2026-07-19,-207.0306326204068,discretionary,15722.86369192247
USER_0059,2026-07-20,-443.3595129399225,discretionary,15279.504178982548
USER_0059,2026-07-21,-197.0537189121939,discretionary,15082.450460070355
USER_0059,2026-07-22,-369.3536486939465,discretionary,14713.096811376408
USER_0059,2026-07-23,-97.40471889613131,discretionary,14615.692092480276
USER_0059,2026-07-24,-452.72493341207127,discretionary,14162.967159068205
USER_0059,2026-07-25,-514.7617131572449,discretionary,13648.20544591096
USER_0059,2026-07-26,-129.00804045709273,discretionary,13519.197405453868
USER_0059,2026-07-27,-311.19295084889905,discretionary,13208.004454604968
USER_0059,2026-07-28,30000.0,income_salary,43208.00445460497
USER_0059,2026-07-28,-319.4720212549796,discretionary,42888.53243334999
USER_0059,2026-07-29,-232.61152475842997,discretionary,42655.92090859156
USER_0059,2026-07-30,-155.70422953887484,discretionary,42500.21667905268
USER_0059,2026-07-31,-191.05970250285893,discretionary,42309.15697654982
USER_0059,2026-08-01,-6160.123713082165,fixed_rent,36149.03326346766
USER_0059,2026-08-01,-220.27928509124888,discretionary,35928.75397837641
USER_0059,2026-08-02,-286.46912688130647,discretionary,35642.284851495104
USER_0059,2026-08-03,-472.0519881663932,discretionary,35170.23286332871
USER_0059,2026-08-04,-163.35311581623367,discretionary,35006.879747512474
USER_0059,2026-08-05,-224.8296356850189,discretionary,34782.050111827455
USER_0059,2026-08-06,-481.0291010076361,discretionary,34301.02101081982
USER_0059,2026-08-07,-287.2715796489897,discretionary,34013.749431170836
USER_0059,2026-08-08,-195.165596283277,discretionary,33818.58383488756
USER_0059,2026-08-09,-190.42971062281333,discretionary,33628.15412426475
USER_0059,2026-08-10,-251.84258009851624,discretionary,33376.31154416624
USER_0059,2026-08-11,-171.55831543639076,discretionary,33204.753228729845
USER_0059,2026-08-12,-439.7351774416495,discretionary,32765.018051288196
USER_0059,2026-08-13,-229.53823920459197,discretionary,32535.479812083606
USER_0059,2026-08-14,-282.67780563465044,discretionary,32252.802006448954
USER_0059,2026-08-15,-216.05760854066563,discretionary,32036.74439790829
USER_0059,2026-08-16,-94.7598258228188,discretionary,31941.984572085472
USER_0059,2026-08-17,-231.35934377935172,discretionary,31710.62522830612
USER_0059,2026-08-18,-134.2383177200548,discretionary,31576.386910586065
USER_0059,2026-08-19,-247.9051546753727,discretionary,31328.481755910692
USER_0059,2026-08-20,-573.7063795639878,discretionary,30754.775376346704
USER_0059,2026-08-21,-397.8832243215208,discretionary,30356.892152025182
USER_0059,2026-08-22,-169.39696654501807,discretionary,30187.495185480166
USER_0059,2026-08-23,-243.08563642022952,discretionary,29944.409549059936
USER_0059,2026-08-24,-264.9938652805654,discretionary,29679.41568377937
USER_0059,2026-08-25,-583.5613449625251,discretionary,29095.854338816847
USER_0059,2026-08-26,-323.4423814083706,discretionary,28772.411957408476
USER_0059,2026-08-27,-195.4138437905278,discretionary,28576.99811361795
USER_0059,2026-08-28,30000.0,income_salary,58576.99811361795
USER_0059,2026-08-28,-129.6181367389823,discretionary,58447.37997687897
USER_0059,2026-08-29,-220.74810622578252,discretionary,58226.63187065319
USER_0060,2026-06-01,-313.774727606649,discretionary,4686.225272393351
USER_0060,2026-06-02,-237.793946844442,discretionary,4448.431325548909
USER_0060,2026-06-03,-147.0326331987731,discretionary,4301.398692350135
USER_0060,2026-06-04,-147.74360352458032,discretionary,4153.655088825555
USER_0060,2026-06-05,-294.1116540567846,discretionary,3859.5434347687706
USER_0060,2026-06-06,-308.3641356763924,discretionary,3551.179299092378
USER_0060,2026-06-07,-200.35836920762233,discretionary,3350.820929884756
USER_0060,2026-06-08,-197.0706264273719,discretionary,3153.7503034573842
USER_0060,2026-06-09,-354.8778103581646,discretionary,2798.87249309922
USER_0060,2026-06-10,-247.84754462520667,discretionary,2551.024948474013
USER_0060,2026-06-11,-147.32577217923122,discretionary,2403.699176294782
USER_0060,2026-06-12,-181.84418366429944,discretionary,2221.8549926304822
USER_0060,2026-06-13,-404.5582891096832,discretionary,1817.296703520799
USER_0060,2026-06-14,-173.74976248409988,discretionary,1643.546941036699
USER_0060,2026-06-15,-249.54010833153876,discretionary,1394.0068327051604
USER_0060,2026-06-16,-147.4781688619212,discretionary,1246.5286638432392
USER_0060,2026-06-17,-229.35979418526858,discretionary,1017.1688696579706
USER_0060,2026-06-18,-295.6785604340055,discretionary,721.4903092239651
USER_0060,2026-06-19,-287.31572177168306,discretionary,434.1745874522821
USER_0060,2026-06-20,-404.43548597363645,discretionary,29.739101478645637
USER_0060,2026-06-21,-262.87803886391623,discretionary,-233.1389373852706
USER_0060,2026-06-22,-291.3939032231069,discretionary,-524.5328406083775
USER_0060,2026-06-23,-251.3810754745884,discretionary,-775.9139160829659
USER_0060,2026-06-24,-220.8724801855651,discretionary,-996.786396268531
USER_0060,2026-06-25,-161.28573244565717,discretionary,-1158.0721287141882
USER_0060,2026-06-26,-382.3160330244345,discretionary,-1540.3881617386228
USER_0060,2026-06-27,-665.1398206726808,discretionary,-2205.5279824113036
USER_0060,2026-06-28,35000.0,income_salary,32794.4720175887
USER_0060,2026-06-28,-295.88349243622025,discretionary,32498.588525152478
USER_0060,2026-06-29,-134.1948016814049,discretionary,32364.393723471072
USER_0060,2026-06-30,-249.34229762983233,discretionary,32115.05142584124
USER_0060,2026-07-01,-8780.800767002867,fixed_rent,23334.250658838373
USER_0060,2026-07-01,-345.9897619785046,discretionary,22988.26089685987
USER_0060,2026-07-02,-320.8540333326076,discretionary,22667.40686352726
USER_0060,2026-07-03,-122.15748150316341,discretionary,22545.249382024096
USER_0060,2026-07-04,-247.47804982413777,discretionary,22297.771332199958
USER_0060,2026-07-05,-130.76858565428236,discretionary,22167.002746545677
USER_0060,2026-07-06,-208.69917669934068,discretionary,21958.303569846335
USER_0060,2026-07-07,-234.13475256980138,discretionary,21724.168817276535
USER_0060,2026-07-08,-290.48257985463647,discretionary,21433.686237421898
USER_0060,2026-07-09,-253.96096964795404,discretionary,21179.725267773945
USER_0060,2026-07-10,-335.7308703990192,discretionary,20843.994397374925
USER_0060,2026-07-11,-210.75914728423712,discretionary,20633.23525009069
USER_0060,2026-07-12,-161.4601675396295,discretionary,20471.77508255106
USER_0060,2026-07-13,-363.85872067701274,discretionary,20107.916361874046
USER_0060,2026-07-14,-144.92665990909157,discretionary,19962.989701964954
USER_0060,2026-07-15,-115.53082895555136,discretionary,19847.458873009404
USER_0060,2026-07-16,-114.73689085641587,discretionary,19732.721982152987
USER_0060,2026-07-17,-213.8240638142031,discretionary,19518.897918338786
USER_0060,2026-07-18,-203.24721841260094,discretionary,19315.650699926184
USER_0060,2026-07-19,-105.27573536422652,discretionary,19210.374964561957
USER_0060,2026-07-20,-202.35604772294826,discretionary,19008.01891683901
USER_0060,2026-07-21,-128.61535036581762,discretionary,18879.403566473193
USER_0060,2026-07-22,-95.76869527835022,discretionary,18783.63487119484
USER_0060,2026-07-23,-90.58593233556816,discretionary,18693.048938859272
USER_0060,2026-07-24,-382.4443124911722,discretionary,18310.604626368102
USER_0060,2026-07-25,-235.5982617221365,discretionary,18075.006364645964
USER_0060,2026-07-26,-176.14386467611342,discretionary,17898.86249996985
USER_0060,2026-07-27,-419.6587753631507,discretionary,17479.2037246067
USER_0060,2026-07-28,35000.0,income_salary,52479.203724606705
USER_0060,2026-07-28,-233.92947049472497,discretionary,52245.27425411198
USER_0060,2026-07-29,-236.09849370374423,discretionary,52009.17576040824
USER_0060,2026-07-30,-207.41921863535327,discretionary,51801.756541772884
USER_0060,2026-07-31,-302.45315133337874,discretionary,51499.303390439505
USER_0060,2026-08-01,-8780.800767002867,fixed_rent,42718.50262343664
USER_0060,2026-08-01,-399.972988481662,discretionary,42318.529634954975
USER_0060,2026-08-02,-259.7064563139218,discretionary,42058.823178641054
USER_0060,2026-08-03,-342.4869381100419,discretionary,41716.33624053101
USER_0060,2026-08-04,-357.77471417696063,discretionary,41358.56152635405
USER_0060,2026-08-05,-284.06841002361944,discretionary,41074.493116330435
USER_0060,2026-08-06,-237.80426658690203,discretionary,40836.688849743536
USER_0060,2026-08-07,-796.8039723677483,discretionary,40039.884877375785
USER_0060,2026-08-08,-143.69174016852136,discretionary,39896.193137207265
USER_0060,2026-08-09,-115.17877202589132,discretionary,39781.01436518137
USER_0060,2026-08-10,-223.84463154079367,discretionary,39557.16973364058
USER_0060,2026-08-11,-239.65700471138794,discretionary,39317.51272892919
USER_0060,2026-08-12,-333.8052281164423,discretionary,38983.70750081275
USER_0060,2026-08-13,-128.28617830923736,discretionary,38855.42132250351
USER_0060,2026-08-14,-380.49448306045156,discretionary,38474.92683944306
USER_0060,2026-08-15,-214.27651977902534,discretionary,38260.65031966403
USER_0060,2026-08-16,-93.3051048975081,discretionary,38167.34521476652
USER_0060,2026-08-17,-221.39620468661585,discretionary,37945.94901007991
USER_0060,2026-08-18,-232.2488398932039,discretionary,37713.700170186705
USER_0060,2026-08-19,-248.93250009112165,discretionary,37464.767670095585
USER_0060,2026-08-20,-204.96184519389686,discretionary,37259.80582490169
USER_0060,2026-08-21,-248.77401916905765,discretionary,37011.03180573263
USER_0060,2026-08-22,-214.4920345887257,discretionary,36796.53977114391
USER_0060,2026-08-23,-223.79386739447364,discretionary,36572.74590374943
USER_0060,2026-08-24,-267.31658644184773,discretionary,36305.429317307586
USER_0060,2026-08-25,-211.61722234528844,discretionary,36093.8120949623
USER_0060,2026-08-26,-369.9709493165184,discretionary,35723.841145645776
USER_0060,2026-08-27,-182.89430388206196,discretionary,35540.94684176371
USER_0060,2026-08-28,35000.0,income_salary,70540.94684176371
USER_0060,2026-08-28,-222.27990753931877,discretionary,70318.6669342244
USER_0060,2026-08-29,-346.4147293035964,discretionary,69972.2522049208
USER_0061,2026-06-01,-385.36901792097905,discretionary,4614.630982079021
USER_0061,2026-06-02,-136.53214440982475,discretionary,4478.098837669197
USER_0061,2026-06-03,-259.41529082715016,discretionary,4218.683546842047
USER_0061,2026-06-04,-105.20953868221548,discretionary,4113.474008159831
USER_0061,2026-06-05,-224.7850790641936,discretionary,3888.6889290956374
USER_0061,2026-06-06,-260.7150838463237,discretionary,3627.973845249314
USER_0061,2026-06-07,-206.09396941155427,discretionary,3421.8798758377598
USER_0061,2026-06-08,-315.6931454210555,discretionary,3106.1867304167044
USER_0061,2026-06-09,-433.7638257321048,discretionary,2672.4229046845994
USER_0061,2026-06-10,-485.68566909446156,discretionary,2186.737235590138
USER_0061,2026-06-11,-454.50521874406877,discretionary,1732.2320168460692
USER_0061,2026-06-12,-254.24101882824084,discretionary,1477.9909980178284
USER_0061,2026-06-13,-429.4399258725087,discretionary,1048.5510721453197
USER_0061,2026-06-14,-273.03033499370747,discretionary,775.5207371516123
USER_0061,2026-06-15,-107.62847132982425,discretionary,667.892265821788
USER_0061,2026-06-16,-139.95918222389375,discretionary,527.9330835978942
USER_0061,2026-06-17,-175.63832112061144,discretionary,352.2947624772828
USER_0061,2026-06-18,-500.8748844356963,discretionary,-148.58012195841349
USER_0061,2026-06-19,-554.0219583088414,discretionary,-702.6020802672549
USER_0061,2026-06-20,-467.73702180610434,discretionary,-1170.3391020733593
USER_0061,2026-06-21,-163.39898144074434,discretionary,-1333.7380835141037
USER_0061,2026-06-22,-534.1028872337924,discretionary,-1867.840970747896
USER_0061,2026-06-23,-262.0450645720728,discretionary,-2129.886035319969
USER_0061,2026-06-24,-530.9077257217746,discretionary,-2660.7937610417434
USER_0061,2026-06-25,-223.25738435734712,discretionary,-2884.0511453990907
USER_0061,2026-06-26,-214.3475299842432,discretionary,-3098.3986753833337
USER_0061,2026-06-27,-275.0823138399097,discretionary,-3373.4809892232433
USER_0061,2026-06-28,30000.0,income_salary,26626.519010776756
USER_0061,2026-06-28,-394.6701766971465,discretionary,26231.84883407961
USER_0061,2026-06-29,-222.32949371838927,discretionary,26009.51934036122
USER_0061,2026-06-30,-104.20914017986512,discretionary,25905.310200181357
USER_0061,2026-07-01,-5031.004420937346,fixed_rent,20874.30577924401
USER_0061,2026-07-01,-95.55232818422759,discretionary,20778.75345105978
USER_0061,2026-07-02,-329.58879202926084,discretionary,20449.164659030517
USER_0061,2026-07-03,-370.8564288981547,discretionary,20078.308230132363
USER_0061,2026-07-04,-237.45257243620415,discretionary,19840.85565769616
USER_0061,2026-07-05,-180.35829331780496,discretionary,19660.497364378356
USER_0061,2026-07-06,-164.4834247098272,discretionary,19496.01393966853
USER_0061,2026-07-07,-134.62778086179313,discretionary,19361.386158806738
USER_0061,2026-07-08,-291.49192448919916,discretionary,19069.894234317537
USER_0061,2026-07-09,-417.9579659843921,discretionary,18651.936268333146
USER_0061,2026-07-10,-338.6127034024821,discretionary,18313.323564930663
USER_0061,2026-07-11,-222.0093410523423,discretionary,18091.31422387832
USER_0061,2026-07-12,-268.9630557899272,discretionary,17822.351168088393
USER_0061,2026-07-13,-224.52075925911979,discretionary,17597.83040882927
USER_0061,2026-07-14,-193.14724908710494,discretionary,17404.683159742166
USER_0061,2026-07-15,-146.18377570999218,discretionary,17258.499384032173
USER_0061,2026-07-16,-107.87773302129231,discretionary,17150.621651010882
USER_0061,2026-07-17,-576.3435692024409,discretionary,16574.278081808443
USER_0061,2026-07-18,-287.4427052110755,discretionary,16286.835376597368
USER_0061,2026-07-19,-310.98186533316346,discretionary,15975.853511264204
USER_0061,2026-07-20,-120.95089251366339,discretionary,15854.90261875054
USER_0061,2026-07-21,-341.04036863782267,discretionary,15513.862250112717
USER_0061,2026-07-22,-208.6455686943075,discretionary,15305.21668141841
USER_0061,2026-07-23,-228.99846856779774,discretionary,15076.218212850612
USER_0061,2026-07-24,-174.86373143501746,discretionary,14901.354481415594
USER_0061,2026-07-25,-181.81440972914203,discretionary,14719.540071686451
USER_0061,2026-07-26,-285.1807039464108,discretionary,14434.35936774004
USER_0061,2026-07-27,-344.9716982596094,discretionary,14089.387669480431
USER_0061,2026-07-28,30000.0,income_salary,44089.387669480435
USER_0061,2026-07-28,-264.58783174493675,discretionary,43824.799837735496
USER_0061,2026-07-29,-332.8005197612059,discretionary,43491.99931797429
USER_0061,2026-07-30,-233.63090168251313,discretionary,43258.36841629178
USER_0061,2026-07-31,-552.426566897472,discretionary,42705.94184939431
USER_0061,2026-08-01,-5031.004420937346,fixed_rent,37674.937428456964
USER_0061,2026-08-01,-327.90699047766856,discretionary,37347.030437979294
USER_0061,2026-08-02,-430.2296078811814,discretionary,36916.80083009812
USER_0061,2026-08-03,-191.96068934721728,discretionary,36724.8401407509
USER_0061,2026-08-04,-210.95599722972017,discretionary,36513.88414352118
USER_0061,2026-08-05,-325.2673351930325,discretionary,36188.616808328145
USER_0061,2026-08-06,-163.26200909450804,discretionary,36025.35479923364
USER_0061,2026-08-07,-487.57914244889537,discretionary,35537.77565678475
USER_0061,2026-08-08,-311.20142031575574,discretionary,35226.574236468994
USER_0061,2026-08-09,-114.01299779275946,discretionary,35112.56123867624
USER_0061,2026-08-10,-271.26353351551546,discretionary,34841.29770516072
USER_0061,2026-08-11,-181.9326157012144,discretionary,34659.36508945951
USER_0061,2026-08-12,-214.2173227522729,discretionary,34445.14776670724
USER_0061,2026-08-13,-284.44593043152565,discretionary,34160.701836275715
USER_0061,2026-08-14,-172.6160525081934,discretionary,33988.08578376752
USER_0061,2026-08-15,-255.39711412318817,discretionary,33732.68866964433
USER_0061,2026-08-16,-253.46557577668034,discretionary,33479.22309386765
USER_0061,2026-08-17,-933.4918816550627,discretionary,32545.731212212588
USER_0061,2026-08-18,-383.6063424403521,discretionary,32162.124869772237
USER_0061,2026-08-19,-411.39655610257967,discretionary,31750.728313669657
USER_0061,2026-08-20,-281.87579035572793,discretionary,31468.85252331393
USER_0061,2026-08-21,-232.66523219609297,discretionary,31236.187291117836
USER_0061,2026-08-22,-165.50188014587914,discretionary,31070.685410971957
USER_0061,2026-08-23,-299.6284708509796,discretionary,30771.056940120976
USER_0061,2026-08-24,-495.36051391815795,discretionary,30275.69642620282
USER_0061,2026-08-25,-288.80830494172113,discretionary,29986.888121261098
USER_0061,2026-08-26,-177.26884993898025,discretionary,29809.619271322117
USER_0061,2026-08-27,-199.2479378053044,discretionary,29610.371333516814
USER_0061,2026-08-28,30000.0,income_salary,59610.371333516814
USER_0061,2026-08-28,-621.8339996895825,discretionary,58988.53733382723
USER_0061,2026-08-29,-170.45379578098783,discretionary,58818.083538046245
USER_0062,2026-06-01,-90.05849694902123,discretionary,4909.941503050979
USER_0062,2026-06-02,-198.76081302180523,discretionary,4711.180690029174
USER_0062,2026-06-03,-498.173095863681,discretionary,4213.007594165493
USER_0062,2026-06-04,-184.73343169841337,discretionary,4028.27416246708
USER_0062,2026-06-05,-505.9123847864203,discretionary,3522.3617776806595
USER_0062,2026-06-06,-275.9394287902491,discretionary,3246.4223488904104
USER_0062,2026-06-07,-349.80955756105806,discretionary,2896.612791329352
USER_0062,2026-06-08,-407.02707344916433,discretionary,2489.585717880188
USER_0062,2026-06-09,-274.9266972071487,discretionary,2214.6590206730393
USER_0062,2026-06-10,-187.87402112123257,discretionary,2026.7849995518068
USER_0062,2026-06-11,-315.0770163384967,discretionary,1711.70798321331
USER_0062,2026-06-12,-292.19693841895065,discretionary,1419.5110447943593
USER_0062,2026-06-13,-224.66152907434133,discretionary,1194.849515720018
USER_0062,2026-06-14,-469.1125373344267,discretionary,725.7369783855913
USER_0062,2026-06-15,-284.29139673676826,discretionary,441.44558164882307
USER_0062,2026-06-16,-136.89611626424121,discretionary,304.5494653845818
USER_0062,2026-06-17,-123.60978773350388,discretionary,180.93967765107794
USER_0062,2026-06-18,-209.1242955714266,discretionary,-28.184617920348643
USER_0062,2026-06-19,-232.20393964423022,discretionary,-260.38855756457883
USER_0062,2026-06-20,-249.63058535638837,discretionary,-510.01914292096717
USER_0062,2026-06-21,-494.29448878499346,discretionary,-1004.3136317059607
USER_0062,2026-06-22,-686.3231762499494,discretionary,-1690.6368079559102
USER_0062,2026-06-23,-345.9454484886639,discretionary,-2036.582256444574
USER_0062,2026-06-24,-132.3197579151354,discretionary,-2168.9020143597095
USER_0062,2026-06-25,-191.17585148395787,discretionary,-2360.0778658436675
USER_0062,2026-06-26,-373.47812007941,discretionary,-2733.5559859230775
USER_0062,2026-06-27,-162.20670323981514,discretionary,-2895.7626891628925
USER_0062,2026-06-28,25000.0,income_salary,22104.237310837107
USER_0062,2026-06-28,-313.9628610681831,discretionary,21790.274449768924
USER_0062,2026-06-29,-535.6732403385907,discretionary,21254.601209430333
USER_0062,2026-06-30,-257.2081125893861,discretionary,20997.393096840948
USER_0062,2026-07-01,-7059.430122023342,fixed_rent,13937.962974817605
USER_0062,2026-07-01,-182.1086252123057,discretionary,13755.854349605299
USER_0062,2026-07-02,-115.34713811038507,discretionary,13640.507211494914
USER_0062,2026-07-03,-140.9387866820402,discretionary,13499.568424812875
USER_0062,2026-07-04,-192.0443496092703,discretionary,13307.524075203604
USER_0062,2026-07-05,-319.0057217440666,discretionary,12988.518353459538
USER_0062,2026-07-06,-203.16964728939874,discretionary,12785.34870617014
USER_0062,2026-07-07,-645.2718188792456,discretionary,12140.076887290894
USER_0062,2026-07-08,-194.34277427443232,discretionary,11945.734113016462
USER_0062,2026-07-09,-106.11446964650692,discretionary,11839.619643369955
USER_0062,2026-07-10,-137.99842664106353,discretionary,11701.621216728892
USER_0062,2026-07-11,-314.6778591566814,discretionary,11386.94335757221
USER_0062,2026-07-12,-263.25302125838095,discretionary,11123.69033631383
USER_0062,2026-07-13,-235.65751676621213,discretionary,10888.032819547618
USER_0062,2026-07-14,-359.3551281694593,discretionary,10528.677691378158
USER_0062,2026-07-15,-197.27365492837646,discretionary,10331.404036449781
USER_0062,2026-07-16,-295.4537390415112,discretionary,10035.95029740827
USER_0062,2026-07-17,-262.39349144665164,discretionary,9773.556805961618
USER_0062,2026-07-18,-107.37328127020174,discretionary,9666.183524691416
USER_0062,2026-07-19,-217.85179627036086,discretionary,9448.331728421055
USER_0062,2026-07-20,-377.25868254322745,discretionary,9071.073045877827
USER_0062,2026-07-21,-194.49545957874062,discretionary,8876.577586299087
USER_0062,2026-07-22,-546.8422223351432,discretionary,8329.735363963944
USER_0062,2026-07-23,-388.15751198687786,discretionary,7941.5778519770665
USER_0062,2026-07-24,-406.31393744672687,discretionary,7535.26391453034
USER_0062,2026-07-25,-346.1179500093135,discretionary,7189.145964521027
USER_0062,2026-07-26,-108.49056536544454,discretionary,7080.655399155583
USER_0062,2026-07-27,-160.20748875688767,discretionary,6920.447910398695
USER_0062,2026-07-28,25000.0,income_salary,31920.447910398696
USER_0062,2026-07-28,-269.2719780053306,discretionary,31651.175932393366
USER_0062,2026-07-29,-176.41047353456975,discretionary,31474.765458858798
USER_0062,2026-07-30,-38.98715369458619,discretionary,31435.77830516421
USER_0062,2026-07-31,-223.8115198860371,discretionary,31211.966785278175
USER_0062,2026-08-01,-7059.430122023342,fixed_rent,24152.536663254832
USER_0062,2026-08-01,-298.3648516161274,discretionary,23854.171811638706
USER_0062,2026-08-02,-259.4106816939644,discretionary,23594.76112994474
USER_0062,2026-08-03,-282.299861427429,discretionary,23312.461268517312
USER_0062,2026-08-04,-482.9397509270432,discretionary,22829.52151759027
USER_0062,2026-08-05,-156.65245197901467,discretionary,22672.869065611256
USER_0062,2026-08-06,-306.24142255145125,discretionary,22366.627643059805
USER_0062,2026-08-07,-417.7776682185118,discretionary,21948.849974841294
USER_0062,2026-08-08,-129.85795342606733,discretionary,21818.992021415226
USER_0062,2026-08-09,-67.36687699369652,discretionary,21751.62514442153
USER_0062,2026-08-10,-189.79864062862657,discretionary,21561.826503792905
USER_0062,2026-08-11,-340.84014727358596,discretionary,21220.98635651932
USER_0062,2026-08-12,-304.67776338148656,discretionary,20916.308593137834
USER_0062,2026-08-13,-961.8317051824573,discretionary,19954.476887955378
USER_0062,2026-08-14,-240.35714063090268,discretionary,19714.119747324476
USER_0062,2026-08-15,-393.60108004787,discretionary,19320.518667276607
USER_0062,2026-08-16,-125.95414065203441,discretionary,19194.564526624574
USER_0062,2026-08-17,-214.07813004309577,discretionary,18980.486396581477
USER_0062,2026-08-18,-390.4357562589274,discretionary,18590.050640322548
USER_0062,2026-08-19,-113.06787180121303,discretionary,18476.982768521335
USER_0062,2026-08-20,-149.82764413544106,discretionary,18327.155124385892
USER_0062,2026-08-21,-279.29595762686114,discretionary,18047.85916675903
USER_0062,2026-08-22,-361.71456752351406,discretionary,17686.144599235515
USER_0062,2026-08-23,-134.26266514169396,discretionary,17551.88193409382
USER_0062,2026-08-24,-176.26729564266026,discretionary,17375.61463845116
USER_0062,2026-08-25,-260.39764530863147,discretionary,17115.216993142527
USER_0062,2026-08-26,-316.21471116840104,discretionary,16799.002281974124
USER_0062,2026-08-27,-92.61905647269778,discretionary,16706.383225501428
USER_0062,2026-08-28,25000.0,income_salary,41706.38322550143
USER_0062,2026-08-28,-257.1771957070148,discretionary,41449.20602979441
USER_0062,2026-08-29,-185.7952616525488,discretionary,41263.41076814186
USER_0063,2026-06-01,-147.53135871112377,discretionary,4852.468641288876
USER_0063,2026-06-02,-478.3954196301823,discretionary,4374.073221658694
USER_0063,2026-06-03,-178.5023828474136,discretionary,4195.570838811281
USER_0063,2026-06-04,-304.6220045243113,discretionary,3890.9488342869695
USER_0063,2026-06-05,-205.58845081654343,discretionary,3685.360383470426
USER_0063,2026-06-06,-273.52399082471555,discretionary,3411.8363926457105
USER_0063,2026-06-07,-163.25863942907486,discretionary,3248.5777532166358
USER_0063,2026-06-08,-267.29779364461706,discretionary,2981.279959572019
USER_0063,2026-06-09,-164.83719294057866,discretionary,2816.4427666314405
USER_0063,2026-06-10,-255.1753160609599,discretionary,2561.2674505704804
USER_0063,2026-06-11,-844.0328779062622,discretionary,1717.2345726642181
USER_0063,2026-06-12,-442.5943281156611,discretionary,1274.6402445485571
USER_0063,2026-06-13,-248.38997570915845,discretionary,1026.2502688393986
USER_0063,2026-06-14,-573.4262533823544,discretionary,452.8240154570442
USER_0063,2026-06-15,-474.08227431295677,discretionary,-21.258258855912572
USER_0063,2026-06-16,-427.9844391784003,discretionary,-449.24269803431287
USER_0063,2026-06-17,-346.8052122185198,discretionary,-796.0479102528327
USER_0063,2026-06-18,-99.94205222116251,discretionary,-895.9899624739952
USER_0063,2026-06-19,-199.0766547698005,discretionary,-1095.0666172437957
USER_0063,2026-06-20,-157.9565040162602,discretionary,-1253.0231212600559
USER_0063,2026-06-21,-38.004868438053826,discretionary,-1291.0279896981096
USER_0063,2026-06-22,-417.0691084230701,discretionary,-1708.0970981211797
USER_0063,2026-06-23,-259.80516415282,discretionary,-1967.9022622739997
USER_0063,2026-06-24,-233.02881543707724,discretionary,-2200.931077711077
USER_0063,2026-06-25,-134.80170059259504,discretionary,-2335.7327783036717
USER_0063,2026-06-26,-406.8951526933262,discretionary,-2742.6279309969977
USER_0063,2026-06-27,-272.28368553519084,discretionary,-3014.9116165321884
USER_0063,2026-06-28,20000.0,income_salary,16985.08838346781
USER_0063,2026-06-28,-242.14185170039698,discretionary,16742.94653176741
USER_0063,2026-06-29,-337.08136568673416,discretionary,16405.865166080675
USER_0063,2026-06-30,-274.6895117415158,discretionary,16131.17565433916
USER_0063,2026-07-01,-5344.728816613285,fixed_rent,10786.446837725875
USER_0063,2026-07-01,-102.40076933043586,discretionary,10684.046068395439
USER_0063,2026-07-02,-119.58408683612286,discretionary,10564.461981559316
USER_0063,2026-07-03,-103.1266544354291,discretionary,10461.335327123887
USER_0063,2026-07-04,-107.28293930461494,discretionary,10354.052387819273
USER_0063,2026-07-05,-404.2125182403599,discretionary,9949.839869578913
USER_0063,2026-07-06,-159.35859481359532,discretionary,9790.481274765318
USER_0063,2026-07-07,-292.45734884385666,discretionary,9498.023925921461
USER_0063,2026-07-08,-261.7522437682238,discretionary,9236.271682153238
USER_0063,2026-07-09,-97.28460749553572,discretionary,9138.987074657702
USER_0063,2026-07-10,-197.57337404523227,discretionary,8941.41370061247
USER_0063,2026-07-11,-303.46018119428686,discretionary,8637.953519418183
USER_0063,2026-07-12,-117.73871431966273,discretionary,8520.21480509852
USER_0063,2026-07-13,-213.07279684608062,discretionary,8307.142008252438
USER_0063,2026-07-14,-199.27923087147332,discretionary,8107.862777380965
USER_0063,2026-07-15,-174.28601253982237,discretionary,7933.576764841143
USER_0063,2026-07-16,-637.7193370694358,discretionary,7295.857427771707
USER_0063,2026-07-17,-523.4777667985647,discretionary,6772.379660973143
USER_0063,2026-07-18,-548.2113840435896,discretionary,6224.168276929553
USER_0063,2026-07-19,-289.242900616101,discretionary,5934.925376313452
USER_0063,2026-07-20,-114.20367759748932,discretionary,5820.721698715963
USER_0063,2026-07-21,-657.104738346207,discretionary,5163.616960369755
USER_0063,2026-07-22,-460.53507636312844,discretionary,4703.081884006627
USER_0063,2026-07-23,-384.4391898393339,discretionary,4318.642694167293
USER_0063,2026-07-24,-105.10059034452516,discretionary,4213.542103822768
USER_0063,2026-07-25,-249.76053554948834,discretionary,3963.7815682732794
USER_0063,2026-07-26,-130.13486991301832,discretionary,3833.646698360261
USER_0063,2026-07-27,-393.3848117099618,discretionary,3440.261886650299
USER_0063,2026-07-28,20000.0,income_salary,23440.2618866503
USER_0063,2026-07-28,-111.14775645487533,discretionary,23329.114130195423
USER_0063,2026-07-29,-283.8455902892302,discretionary,23045.268539906192
USER_0063,2026-07-30,-401.2232212434201,discretionary,22644.04531866277
USER_0063,2026-07-31,-170.34373582227863,discretionary,22473.70158284049
USER_0063,2026-08-01,-5344.728816613285,fixed_rent,17128.972766227205
USER_0063,2026-08-01,-232.073370745872,discretionary,16896.899395481334
USER_0063,2026-08-02,-252.25047923389533,discretionary,16644.64891624744
USER_0063,2026-08-03,-298.69129599969835,discretionary,16345.95762024774
USER_0063,2026-08-04,-72.48603885813843,discretionary,16273.471581389602
USER_0063,2026-08-05,-117.65309835650892,discretionary,16155.818483033094
USER_0063,2026-08-06,-263.3128674575629,discretionary,15892.50561557553
USER_0063,2026-08-07,-344.1520116535788,discretionary,15548.35360392195
USER_0063,2026-08-08,-362.3891956726854,discretionary,15185.964408249265
USER_0063,2026-08-09,-263.28440939517105,discretionary,14922.679998854093
USER_0063,2026-08-10,-283.48982551986217,discretionary,14639.190173334231
USER_0063,2026-08-11,-362.8425799682574,discretionary,14276.347593365974
USER_0063,2026-08-12,-207.9025242629737,discretionary,14068.445069103
USER_0063,2026-08-13,-269.4848546026316,discretionary,13798.960214500368
USER_0063,2026-08-14,-78.1139046447103,discretionary,13720.846309855659
USER_0063,2026-08-15,-185.67822697786204,discretionary,13535.168082877797
USER_0063,2026-08-16,-352.5496675228416,discretionary,13182.618415354955
USER_0063,2026-08-17,-385.54277133497123,discretionary,12797.075644019984
USER_0063,2026-08-18,-404.8473764713998,discretionary,12392.228267548584
USER_0063,2026-08-19,-74.68832419823285,discretionary,12317.539943350352
USER_0063,2026-08-20,-354.79040185782196,discretionary,11962.749541492529
USER_0063,2026-08-21,-257.3779894678952,discretionary,11705.371552024633
USER_0063,2026-08-22,-235.65412916877662,discretionary,11469.717422855856
USER_0063,2026-08-23,-318.90834122816796,discretionary,11150.809081627689
USER_0063,2026-08-24,-516.6871690588458,discretionary,10634.121912568844
USER_0063,2026-08-25,-251.5719061250549,discretionary,10382.55000644379
USER_0063,2026-08-26,-105.2590911662431,discretionary,10277.290915277546
USER_0063,2026-08-27,-219.54123510514287,discretionary,10057.749680172403
USER_0063,2026-08-28,20000.0,income_salary,30057.749680172405
USER_0063,2026-08-28,-426.67270270767006,discretionary,29631.076977464734
USER_0063,2026-08-29,-379.05021551194505,discretionary,29252.026761952788
USER_0064,2026-06-01,-426.25740411859897,discretionary,4573.742595881401
USER_0064,2026-06-02,-327.21089589753245,discretionary,4246.531699983869
USER_0064,2026-06-03,-545.5448348776831,discretionary,3700.9868651061856
USER_0064,2026-06-04,-366.8341141468133,discretionary,3334.1527509593725
USER_0064,2026-06-05,-120.07351097945134,discretionary,3214.079239979921
USER_0064,2026-06-06,-176.16943149429287,discretionary,3037.909808485628
USER_0064,2026-06-07,-221.95303295778845,discretionary,2815.95677552784
USER_0064,2026-06-08,-415.55942516280766,discretionary,2400.3973503650323
USER_0064,2026-06-09,-369.1630748031079,discretionary,2031.2342755619243
USER_0064,2026-06-10,-180.65598942661984,discretionary,1850.5782861353046
USER_0064,2026-06-11,-286.1410335622805,discretionary,1564.4372525730241
USER_0064,2026-06-12,-446.99969269154616,discretionary,1117.437559881478
USER_0064,2026-06-13,-353.8827424294169,discretionary,763.554817452061
USER_0064,2026-06-14,-209.11184612641458,discretionary,554.4429713256465
USER_0064,2026-06-15,-429.1126421920507,discretionary,125.33032913359574
USER_0064,2026-06-16,-360.8789699534219,discretionary,-235.54864081982618
USER_0064,2026-06-17,-219.86893149374004,discretionary,-455.4175723135662
USER_0064,2026-06-18,-120.45008066096356,discretionary,-575.8676529745297
USER_0064,2026-06-19,-146.72979064844162,discretionary,-722.5974436229714
USER_0064,2026-06-20,-190.65990615051453,discretionary,-913.2573497734859
USER_0064,2026-06-21,-242.152343469632,discretionary,-1155.409693243118
USER_0064,2026-06-22,-367.3035142345266,discretionary,-1522.7132074776446
USER_0064,2026-06-23,-194.40862804117197,discretionary,-1717.1218355188166
USER_0064,2026-06-24,-158.7648707437521,discretionary,-1875.8867062625686
USER_0064,2026-06-25,-215.1737708429447,discretionary,-2091.060477105513
USER_0064,2026-06-26,-165.50059308657615,discretionary,-2256.5610701920896
USER_0064,2026-06-27,-214.8149379000039,discretionary,-2471.3760080920933
USER_0064,2026-06-28,20000.0,income_salary,17528.623991907905
USER_0064,2026-06-28,-189.11971782096387,discretionary,17339.504274086943
USER_0064,2026-06-29,-399.3586192270565,discretionary,16940.145654859887
USER_0064,2026-06-30,-478.4990237575495,discretionary,16461.646631102336
USER_0064,2026-07-01,-7250.72992987533,fixed_rent,9210.916701227006
USER_0064,2026-07-01,-274.25339044388363,discretionary,8936.663310783122
USER_0064,2026-07-02,-329.3131519603708,discretionary,8607.350158822752
USER_0064,2026-07-03,-322.27219257204297,discretionary,8285.077966250708
USER_0064,2026-07-04,-431.0695905657877,discretionary,7854.008375684921
USER_0064,2026-07-05,-785.4398945373625,discretionary,7068.5684811475585
USER_0064,2026-07-06,-182.33751144771753,discretionary,6886.230969699841
USER_0064,2026-07-07,-490.79601057679025,discretionary,6395.43495912305
USER_0064,2026-07-08,-476.4151120197225,discretionary,5919.019847103327
USER_0064,2026-07-09,-157.09221669318342,discretionary,5761.927630410144
USER_0064,2026-07-10,-364.53032129397593,discretionary,5397.397309116168
USER_0064,2026-07-11,-210.49080780365858,discretionary,5186.906501312509
USER_0064,2026-07-12,-111.84061930664507,discretionary,5075.065882005864
USER_0064,2026-07-13,-98.46914465743082,discretionary,4976.596737348434
USER_0064,2026-07-14,-194.81264865006634,discretionary,4781.784088698368
USER_0064,2026-07-15,-207.84461753144583,discretionary,4573.939471166922
USER_0064,2026-07-16,-217.63068609083783,discretionary,4356.308785076084
USER_0064,2026-07-17,-151.6547827114704,discretionary,4204.654002364614
USER_0064,2026-07-18,-379.67373951172243,discretionary,3824.9802628528914
USER_0064,2026-07-19,-144.8093527417209,discretionary,3680.1709101111705
USER_0064,2026-07-20,-320.84377775668224,discretionary,3359.327132354488
USER_0064,2026-07-21,-470.2030295945654,discretionary,2889.1241027599226
USER_0064,2026-07-22,-115.64514380751794,discretionary,2773.478958952405
USER_0064,2026-07-23,-406.3844647044749,discretionary,2367.09449424793
USER_0064,2026-07-24,-284.411476356036,discretionary,2082.683017891894
USER_0064,2026-07-25,-586.151100782687,discretionary,1496.531917109207
USER_0064,2026-07-26,-492.9990161440998,discretionary,1003.532900965107
USER_0064,2026-07-27,-291.59618242932373,discretionary,711.9367185357833
USER_0064,2026-07-28,20000.0,income_salary,20711.936718535784
USER_0064,2026-07-28,-210.18666568055602,discretionary,20501.750052855226
USER_0064,2026-07-29,-147.48373028406277,discretionary,20354.266322571162
USER_0064,2026-07-30,-177.24430567772623,discretionary,20177.022016893436
USER_0064,2026-07-31,-753.7893147831677,discretionary,19423.23270211027
USER_0064,2026-08-01,-7250.72992987533,fixed_rent,12172.502772234939
USER_0064,2026-08-01,-331.59784753410526,discretionary,11840.904924700833
USER_0064,2026-08-02,-523.0211164423401,discretionary,11317.883808258493
USER_0064,2026-08-03,-186.64028525416623,discretionary,11131.243523004327
USER_0064,2026-08-04,-354.6847530009713,discretionary,10776.558770003356
USER_0064,2026-08-05,-131.0813695803564,discretionary,10645.477400422998
USER_0064,2026-08-06,-194.37296915582672,discretionary,10451.104431267171
USER_0064,2026-08-07,-379.80257080820047,discretionary,10071.30186045897
USER_0064,2026-08-08,-217.9259503246577,discretionary,9853.375910134313
USER_0064,2026-08-09,-157.84267151234604,discretionary,9695.533238621967
USER_0064,2026-08-10,-1092.6587638298404,discretionary,8602.874474792126
USER_0064,2026-08-11,-269.40305210012036,discretionary,8333.471422692006
USER_0064,2026-08-12,-204.48555063896904,discretionary,8128.9858720530365
USER_0064,2026-08-13,-149.0118441120131,discretionary,7979.974027941023
USER_0064,2026-08-14,-196.48621331370057,discretionary,7783.487814627323
USER_0064,2026-08-15,-209.7356864281077,discretionary,7573.752128199216
USER_0064,2026-08-16,-153.4701391578954,discretionary,7420.28198904132
USER_0064,2026-08-17,-369.76766153773906,discretionary,7050.514327503581
USER_0064,2026-08-18,-245.10588290565704,discretionary,6805.408444597923
USER_0064,2026-08-19,-436.0041910701667,discretionary,6369.404253527757
USER_0064,2026-08-20,-351.94608343057,discretionary,6017.458170097187
USER_0064,2026-08-21,-197.17928507645286,discretionary,5820.2788850207335
USER_0064,2026-08-22,-234.33393031925266,discretionary,5585.944954701481
USER_0064,2026-08-23,-440.5728074298823,discretionary,5145.372147271599
USER_0064,2026-08-24,-708.4941954609984,discretionary,4436.8779518106
USER_0064,2026-08-25,-438.0200079271618,discretionary,3998.8579438834386
USER_0064,2026-08-26,-246.1372872955064,discretionary,3752.7206565879324
USER_0064,2026-08-27,-148.8613487502334,discretionary,3603.859307837699
USER_0064,2026-08-28,20000.0,income_salary,23603.859307837698
USER_0064,2026-08-28,-275.96348856701076,discretionary,23327.89581927069
USER_0064,2026-08-29,-110.80239824528057,discretionary,23217.09342102541
USER_0065,2026-06-01,-431.8476537287341,discretionary,4568.152346271266
USER_0065,2026-06-02,-300.2949366510881,discretionary,4267.857409620177
USER_0065,2026-06-03,-378.7173263061564,discretionary,3889.140083314021
USER_0065,2026-06-04,-57.07160079368164,discretionary,3832.0684825203393
USER_0065,2026-06-05,-360.7854514388393,discretionary,3471.2830310815
USER_0065,2026-06-06,-207.58583448652098,discretionary,3263.6971965949792
USER_0065,2026-06-07,-111.6233652607833,discretionary,3152.073831334196
USER_0065,2026-06-08,-307.96616336043587,discretionary,2844.10766797376
USER_0065,2026-06-09,-231.01581972770384,discretionary,2613.091848246056
USER_0065,2026-06-10,-111.12821125994277,discretionary,2501.963636986113
USER_0065,2026-06-11,-273.3594655796326,discretionary,2228.6041714064804
USER_0065,2026-06-12,-507.836714472611,discretionary,1720.7674569338694
USER_0065,2026-06-13,-550.588186674592,discretionary,1170.1792702592775
USER_0065,2026-06-14,-345.4173010544181,discretionary,824.7619692048594
USER_0065,2026-06-15,-315.7675315045583,discretionary,508.9944377003011
USER_0065,2026-06-16,-123.13028821073209,discretionary,385.864149489569
USER_0065,2026-06-17,-508.32457704567935,discretionary,-122.46042755611035
USER_0065,2026-06-18,-258.9957749309553,discretionary,-381.45620248706564
USER_0065,2026-06-19,-107.02807230823494,discretionary,-488.48427479530056
USER_0065,2026-06-20,-259.83457176373014,discretionary,-748.3188465590307
USER_0065,2026-06-21,-155.10953622173201,discretionary,-903.4283827807627
USER_0065,2026-06-22,-410.21603995273193,discretionary,-1313.6444227334946
USER_0065,2026-06-23,-70.57901942958819,discretionary,-1384.2234421630828
USER_0065,2026-06-24,-430.0633727562974,discretionary,-1814.2868149193803
USER_0065,2026-06-25,-119.0824081912688,discretionary,-1933.369223110649
USER_0065,2026-06-26,-125.06869482666937,discretionary,-2058.4379179373186
USER_0065,2026-06-27,-150.22754374419242,discretionary,-2208.6654616815113
USER_0065,2026-06-28,30000.0,income_salary,27791.33453831849
USER_0065,2026-06-28,-224.92497215870378,discretionary,27566.409566159786
USER_0065,2026-06-29,-421.6466417058898,discretionary,27144.762924453895
USER_0065,2026-06-30,-305.3317093858629,discretionary,26839.43121506803
USER_0065,2026-07-01,-5490.806493153561,fixed_rent,21348.62472191447
USER_0065,2026-07-01,-147.16115430025246,discretionary,21201.46356761422
USER_0065,2026-07-02,-171.7488158352877,discretionary,21029.714751778934
USER_0065,2026-07-03,-139.65701589818124,discretionary,20890.057735880753
USER_0065,2026-07-04,-165.1917766312718,discretionary,20724.86595924948
USER_0065,2026-07-05,-245.1867039998478,discretionary,20479.679255249634
USER_0065,2026-07-06,-319.1026192573256,discretionary,20160.576635992307
USER_0065,2026-07-07,-191.23797459362822,discretionary,19969.33866139868
USER_0065,2026-07-08,-254.83641581652643,discretionary,19714.502245582153
USER_0065,2026-07-09,-129.49486044608236,discretionary,19585.007385136072
USER_0065,2026-07-10,-191.70759560960636,discretionary,19393.299789526467
USER_0065,2026-07-11,-166.10068767063726,discretionary,19227.19910185583
USER_0065,2026-07-12,-116.28684777960214,discretionary,19110.912254076226
USER_0065,2026-07-13,-350.8409673119489,discretionary,18760.071286764276
USER_0065,2026-07-14,-404.31160987088634,discretionary,18355.75967689339
USER_0065,2026-07-15,-605.2337556973063,discretionary,17750.525921196084
USER_0065,2026-07-16,-149.9048067230133,discretionary,17600.62111447307
USER_0065,2026-07-17,-139.93516869268748,discretionary,17460.685945780384
USER_0065,2026-07-18,-253.1797777817281,discretionary,17207.506167998657
USER_0065,2026-07-19,-348.44559414644795,discretionary,16859.06057385221
USER_0065,2026-07-20,-498.5557014436796,discretionary,16360.50487240853
USER_0065,2026-07-21,-350.4235032959871,discretionary,16010.081369112542
USER_0065,2026-07-22,-217.68106933529276,discretionary,15792.40029977725
USER_0065,2026-07-23,-534.9939646507187,discretionary,15257.40633512653
USER_0065,2026-07-24,-292.07282734873843,discretionary,14965.333507777792
USER_0065,2026-07-25,-121.09392976383373,discretionary,14844.239578013958
USER_0065,2026-07-26,-444.03233450867606,discretionary,14400.207243505281
USER_0065,2026-07-27,-587.3767721590445,discretionary,13812.830471346237
USER_0065,2026-07-28,30000.0,income_salary,43812.830471346235
USER_0065,2026-07-28,-136.76907323742375,discretionary,43676.06139810881
USER_0065,2026-07-29,-603.8250676856128,discretionary,43072.2363304232
USER_0065,2026-07-30,-387.5816078717366,discretionary,42684.65472255146
USER_0065,2026-07-31,-132.73713619882534,discretionary,42551.91758635263
USER_0065,2026-08-01,-5490.806493153561,fixed_rent,37061.11109319907
USER_0065,2026-08-01,-175.36902852404918,discretionary,36885.74206467502
USER_0065,2026-08-02,-107.78019482649945,discretionary,36777.96186984852
USER_0065,2026-08-03,-196.44345611228826,discretionary,36581.51841373623
USER_0065,2026-08-04,-395.391836448516,discretionary,36186.126577287716
USER_0065,2026-08-05,-407.83095127808326,discretionary,35778.29562600963
USER_0065,2026-08-06,-149.53248932800162,discretionary,35628.76313668163
USER_0065,2026-08-07,-280.39977502809415,discretionary,35348.36336165354
USER_0065,2026-08-08,-248.96538829929668,discretionary,35099.397973354244
USER_0065,2026-08-09,-133.9405755462199,discretionary,34965.45739780802
USER_0065,2026-08-10,-797.0126279552476,discretionary,34168.44476985277
USER_0065,2026-08-11,-172.2868634692184,discretionary,33996.15790638355
USER_0065,2026-08-12,-431.9832414970493,discretionary,33564.1746648865
USER_0065,2026-08-13,-198.71015166166228,discretionary,33365.46451322484
USER_0065,2026-08-14,-327.19932538583555,discretionary,33038.265187839
USER_0065,2026-08-15,-151.77978869474603,discretionary,32886.48539914426
USER_0065,2026-08-16,-272.59830292738036,discretionary,32613.887096216877
USER_0065,2026-08-17,-120.36300614867336,discretionary,32493.524090068204
USER_0065,2026-08-18,-199.05997048240204,discretionary,32294.464119585802
USER_0065,2026-08-19,-200.4715887207728,discretionary,32093.99253086503
USER_0065,2026-08-20,-223.00636808056288,discretionary,31870.98616278447
USER_0065,2026-08-21,-212.82503879562478,discretionary,31658.161123988844
USER_0065,2026-08-22,-300.7598447335279,discretionary,31357.401279255315
USER_0065,2026-08-23,-105.77375328072524,discretionary,31251.62752597459
USER_0065,2026-08-24,-132.62756000697829,discretionary,31118.99996596761
USER_0065,2026-08-25,-240.1106076952031,discretionary,30878.88935827241
USER_0065,2026-08-26,-291.8103180400755,discretionary,30587.079040232333
USER_0065,2026-08-27,-387.0999593761082,discretionary,30199.979080856225
USER_0065,2026-08-28,30000.0,income_salary,60199.979080856225
USER_0065,2026-08-28,-227.26017568071862,discretionary,59972.718905175505
USER_0065,2026-08-29,-216.1291110553985,discretionary,59756.589794120104
USER_0066,2026-06-01,-326.9155045820793,discretionary,4673.084495417921
USER_0066,2026-06-02,-278.9225248941994,discretionary,4394.161970523722
USER_0066,2026-06-03,-290.6106985529399,discretionary,4103.551271970782
USER_0066,2026-06-04,-614.4715260189266,discretionary,3489.0797459518553
USER_0066,2026-06-05,-499.92689822073515,discretionary,2989.1528477311203
USER_0066,2026-06-06,-531.1370246881082,discretionary,2458.015823043012
USER_0066,2026-06-07,-166.42302097312395,discretionary,2291.592802069888
USER_0066,2026-06-08,-123.30697805513881,discretionary,2168.2858240147493
USER_0066,2026-06-09,-258.7076289260545,discretionary,1909.5781950886949
USER_0066,2026-06-10,-538.1925003477971,discretionary,1371.3856947408976
USER_0066,2026-06-11,-72.27692627870101,discretionary,1299.1087684621966
USER_0066,2026-06-12,-411.81448468848913,discretionary,887.2942837737075
USER_0066,2026-06-13,-174.1547298360418,discretionary,713.1395539376657
USER_0066,2026-06-14,-191.12246619868353,discretionary,522.0170877389821
USER_0066,2026-06-15,-337.6879742644695,discretionary,184.3291134745126
USER_0066,2026-06-16,-120.16396524718418,discretionary,64.16514822732843
USER_0066,2026-06-17,-157.28138746412924,discretionary,-93.11623923680081
USER_0066,2026-06-18,-119.87143665142214,discretionary,-212.98767588822295
USER_0066,2026-06-19,-185.3030432641871,discretionary,-398.29071915241
USER_0066,2026-06-20,-269.0460883785357,discretionary,-667.3368075309457
USER_0066,2026-06-21,-547.5885574785324,discretionary,-1214.9253650094781
USER_0066,2026-06-22,-228.7549627933889,discretionary,-1443.680327802867
USER_0066,2026-06-23,-189.8517065126777,discretionary,-1633.5320343155447
USER_0066,2026-06-24,-365.51758690304456,discretionary,-1999.0496212185892
USER_0066,2026-06-25,-688.9922379162242,discretionary,-2688.0418591348134
USER_0066,2026-06-26,-190.49030349311232,discretionary,-2878.5321626279256
USER_0066,2026-06-27,-488.90725621398747,discretionary,-3367.439418841913
USER_0066,2026-06-28,35000.0,income_salary,31632.560581158086
USER_0066,2026-06-28,-289.86831245981125,discretionary,31342.692268698276
USER_0066,2026-06-29,-145.03585241328327,discretionary,31197.656416284994
USER_0066,2026-06-30,-344.21120505088635,discretionary,30853.445211234106
USER_0066,2026-07-01,-5104.648506179909,fixed_rent,25748.796705054196
USER_0066,2026-07-01,-226.8728111480347,discretionary,25521.92389390616
USER_0066,2026-07-02,-463.33259033481886,discretionary,25058.591303571342
USER_0066,2026-07-03,-277.7540010160972,discretionary,24780.837302555246
USER_0066,2026-07-04,-206.97743869858357,discretionary,24573.859863856662
USER_0066,2026-07-05,-397.2007121565177,discretionary,24176.659151700143
USER_0066,2026-07-06,-219.9587172362302,discretionary,23956.700434463914
USER_0066,2026-07-07,-239.34054057275344,discretionary,23717.35989389116
USER_0066,2026-07-08,-455.42012551989103,discretionary,23261.93976837127
USER_0066,2026-07-09,-494.544708651145,discretionary,22767.395059720126
USER_0066,2026-07-10,-202.0466025140088,discretionary,22565.348457206117
USER_0066,2026-07-11,-109.22875968375585,discretionary,22456.11969752236
USER_0066,2026-07-12,-232.5433461231641,discretionary,22223.5763513992
USER_0066,2026-07-13,-312.8982812407579,discretionary,21910.67807015844
USER_0066,2026-07-14,-483.188070173325,discretionary,21427.489999985115
USER_0066,2026-07-15,-176.75220607881187,discretionary,21250.737793906304
USER_0066,2026-07-16,-228.95005019034755,discretionary,21021.78774371596
USER_0066,2026-07-17,-303.81001459201053,discretionary,20717.977729123948
USER_0066,2026-07-18,-122.3983312701552,discretionary,20595.57939785379
USER_0066,2026-07-19,-270.70848647056505,discretionary,20324.870911383226
USER_0066,2026-07-20,-176.71720766428507,discretionary,20148.15370371894
USER_0066,2026-07-21,-396.22642889584864,discretionary,19751.92727482309
USER_0066,2026-07-22,-448.49459161073435,discretionary,19303.432683212355
USER_0066,2026-07-23,-486.17151591739383,discretionary,18817.26116729496
USER_0066,2026-07-24,-107.32611729165745,discretionary,18709.935050003303
USER_0066,2026-07-25,-268.7209058778146,discretionary,18441.21414412549
USER_0066,2026-07-26,-237.45131677088085,discretionary,18203.76282735461
USER_0066,2026-07-27,-460.56830721795916,discretionary,17743.19452013665
USER_0066,2026-07-28,35000.0,income_salary,52743.19452013665
USER_0066,2026-07-28,-341.9036563296314,discretionary,52401.290863807015
USER_0066,2026-07-29,-354.4771843678844,discretionary,52046.81367943913
USER_0066,2026-07-30,-356.1644607113395,discretionary,51690.64921872779
USER_0066,2026-07-31,-221.49716675633044,discretionary,51469.15205197146
USER_0066,2026-08-01,-5104.648506179909,fixed_rent,46364.50354579155
USER_0066,2026-08-01,-624.0066696984829,discretionary,45740.49687609307
USER_0066,2026-08-02,-403.21397403659444,discretionary,45337.282902056475
USER_0066,2026-08-03,-269.15628806292455,discretionary,45068.12661399355
USER_0066,2026-08-04,-237.3021627232307,discretionary,44830.82445127032
USER_0066,2026-08-05,-270.39472085583225,discretionary,44560.429730414486
USER_0066,2026-08-06,-203.3399405384094,discretionary,44357.089789876074
USER_0066,2026-08-07,-247.48182246662927,discretionary,44109.60796740944
USER_0066,2026-08-08,-240.895989439581,discretionary,43868.71197796986
USER_0066,2026-08-09,-110.83587158135526,discretionary,43757.87610638851
USER_0066,2026-08-10,-103.59582865357497,discretionary,43654.280277734935
USER_0066,2026-08-11,-123.81935078581694,discretionary,43530.46092694912
USER_0066,2026-08-12,-226.655149457539,discretionary,43303.80577749158
USER_0066,2026-08-13,-202.86365434016966,discretionary,43100.94212315141
USER_0066,2026-08-14,-366.9626905061021,discretionary,42733.97943264531
USER_0066,2026-08-15,-240.17106615215923,discretionary,42493.808366493155
USER_0066,2026-08-16,-117.33069461662714,discretionary,42376.47767187653
USER_0066,2026-08-17,-119.41993273506962,discretionary,42257.057739141455
USER_0066,2026-08-18,-198.53362009422017,discretionary,42058.52411904724
USER_0066,2026-08-19,-272.9010037142374,discretionary,41785.623115333
USER_0066,2026-08-20,-152.69087726211183,discretionary,41632.93223807089
USER_0066,2026-08-21,-172.79382369228586,discretionary,41460.138414378605
USER_0066,2026-08-22,-182.6392213440649,discretionary,41277.49919303454
USER_0066,2026-08-23,-274.9309032268608,discretionary,41002.568289807685
USER_0066,2026-08-24,-238.87180477653257,discretionary,40763.69648503115
USER_0066,2026-08-25,-380.5097826871688,discretionary,40383.18670234398
USER_0066,2026-08-26,-134.62276121089317,discretionary,40248.563941133085
USER_0066,2026-08-27,-238.24296691443737,discretionary,40010.320974218645
USER_0066,2026-08-28,35000.0,income_salary,75010.32097421864
USER_0066,2026-08-28,-119.78900473790965,discretionary,74890.53196948074
USER_0066,2026-08-29,-214.92093484208044,discretionary,74675.61103463866
USER_0067,2026-06-01,-213.0554230157054,discretionary,4786.944576984295
USER_0067,2026-06-02,-151.48179436271627,discretionary,4635.462782621579
USER_0067,2026-06-03,-154.34598977701407,discretionary,4481.116792844565
USER_0067,2026-06-04,-330.09589392794663,discretionary,4151.0208989166185
USER_0067,2026-06-05,-197.44214285026473,discretionary,3953.578756066354
USER_0067,2026-06-06,-232.6099495355392,discretionary,3720.9688065308146
USER_0067,2026-06-07,-257.49010491764597,discretionary,3463.4787016131686
USER_0067,2026-06-08,-260.83817789786974,discretionary,3202.640523715299
USER_0067,2026-06-09,-187.84441590577347,discretionary,3014.7961078095254
USER_0067,2026-06-10,-372.52977372991336,discretionary,2642.266334079612
USER_0067,2026-06-11,-113.40040638414558,discretionary,2528.8659276954663
USER_0067,2026-06-12,-120.25496149087691,discretionary,2408.610966204589
USER_0067,2026-06-13,-278.113158462159,discretionary,2130.4978077424303
USER_0067,2026-06-14,-393.08700915858924,discretionary,1737.410798583841
USER_0067,2026-06-15,-143.50734562342745,discretionary,1593.9034529604135
USER_0067,2026-06-16,-148.45051566918156,discretionary,1445.4529372912318
USER_0067,2026-06-17,-312.2010445370922,discretionary,1133.2518927541396
USER_0067,2026-06-18,-532.5918567661281,discretionary,600.6600359880115
USER_0067,2026-06-19,-460.8674093196343,discretionary,139.79262666837718
USER_0067,2026-06-20,-369.1694823542311,discretionary,-229.3768556858539
USER_0067,2026-06-21,-320.3749915194288,discretionary,-549.7518472052827
USER_0067,2026-06-22,-137.34956944407259,discretionary,-687.1014166493553
USER_0067,2026-06-23,-296.0922679448109,discretionary,-983.1936845941661
USER_0067,2026-06-24,-189.59184642848876,discretionary,-1172.7855310226548
USER_0067,2026-06-25,-187.7087700678042,discretionary,-1360.494301090459
USER_0067,2026-06-26,-217.5339629574457,discretionary,-1578.0282640479047
USER_0067,2026-06-27,-205.6966773988511,discretionary,-1783.7249414467558
USER_0067,2026-06-28,30000.0,income_salary,28216.275058553245
USER_0067,2026-06-28,-507.41782160738563,discretionary,27708.85723694586
USER_0067,2026-06-29,-190.5999163460944,discretionary,27518.257320599765
USER_0067,2026-06-30,-134.5415242335192,discretionary,27383.715796366247
USER_0067,2026-07-01,-6606.113129021823,fixed_rent,20777.602667344425
USER_0067,2026-07-01,-193.85317913283316,discretionary,20583.749488211593
USER_0067,2026-07-02,-858.7684838155429,discretionary,19724.98100439605
USER_0067,2026-07-03,-270.00864376020644,discretionary,19454.972360635842
USER_0067,2026-07-04,-125.51889527120672,discretionary,19329.453465364637
USER_0067,2026-07-05,-247.90163041397085,discretionary,19081.551834950667
USER_0067,2026-07-06,-464.55472070197925,discretionary,18616.997114248687
USER_0067,2026-07-07,-281.55088664205044,discretionary,18335.446227606637
USER_0067,2026-07-08,-182.4379136825978,discretionary,18153.008313924038
USER_0067,2026-07-09,-396.97168747205865,discretionary,17756.03662645198
USER_0067,2026-07-10,-264.4054064663211,discretionary,17491.63121998566
USER_0067,2026-07-11,-384.03742041305594,discretionary,17107.5937995726
USER_0067,2026-07-12,-338.3390646004356,discretionary,16769.254734972164
USER_0067,2026-07-13,-394.74873324064026,discretionary,16374.506001731525
USER_0067,2026-07-14,-270.57171966663,discretionary,16103.934282064894
USER_0067,2026-07-15,-419.03141194576256,discretionary,15684.902870119131
USER_0067,2026-07-16,-148.15280492553705,discretionary,15536.750065193593
USER_0067,2026-07-17,-252.01382949444655,discretionary,15284.736235699147
USER_0067,2026-07-18,-205.84322566644278,discretionary,15078.893010032705
USER_0067,2026-07-19,-135.1334424447497,discretionary,14943.759567587955
USER_0067,2026-07-20,-337.8004400164666,discretionary,14605.959127571488
USER_0067,2026-07-21,-320.9242824477063,discretionary,14285.034845123782
USER_0067,2026-07-22,-362.8675362829345,discretionary,13922.167308840848
USER_0067,2026-07-23,-386.6777804928681,discretionary,13535.48952834798
USER_0067,2026-07-24,-283.12497822617524,discretionary,13252.364550121805
USER_0067,2026-07-25,-206.11586890700485,discretionary,13046.2486812148
USER_0067,2026-07-26,-374.2544044151987,discretionary,12671.994276799602
USER_0067,2026-07-27,-90.33085113492773,discretionary,12581.663425664674
USER_0067,2026-07-28,30000.0,income_salary,42581.66342566467
USER_0067,2026-07-28,-171.3191815164302,discretionary,42410.34424414824
USER_0067,2026-07-29,-164.95076843192177,discretionary,42245.393475716315
USER_0067,2026-07-30,-324.60029646578914,discretionary,41920.793179250526
USER_0067,2026-07-31,-110.17887179592184,discretionary,41810.614307454605
USER_0067,2026-08-01,-6606.113129021823,fixed_rent,35204.50117843278
USER_0067,2026-08-01,-254.97960908693938,discretionary,34949.52156934584
USER_0067,2026-08-02,-235.1491059668982,discretionary,34714.37246337894
USER_0067,2026-08-03,-203.02083155100092,discretionary,34511.351631827936
USER_0067,2026-08-04,-294.2348159422255,discretionary,34217.11681588571
USER_0067,2026-08-05,-338.52042576171846,discretionary,33878.596390123996
USER_0067,2026-08-06,-394.31890188067814,discretionary,33484.277488243315
USER_0067,2026-08-07,-223.2348504463283,discretionary,33261.042637796985
USER_0067,2026-08-08,-231.72231020107472,discretionary,33029.32032759591
USER_0067,2026-08-09,-192.74474247564925,discretionary,32836.57558512026
USER_0067,2026-08-10,-145.4735732505834,discretionary,32691.10201186968
USER_0067,2026-08-11,-373.6923575690224,discretionary,32317.409654300656
USER_0067,2026-08-12,-127.25344951880689,discretionary,32190.156204781848
USER_0067,2026-08-13,-235.44029748798746,discretionary,31954.71590729386
USER_0067,2026-08-14,-555.3432451378211,discretionary,31399.372662156038
USER_0067,2026-08-15,-193.31523811634372,discretionary,31206.057424039693
USER_0067,2026-08-16,-188.16175226602672,discretionary,31017.895671773666
USER_0067,2026-08-17,-445.4221754721642,discretionary,30572.4734963015
USER_0067,2026-08-18,-170.2755640920633,discretionary,30402.197932209438
USER_0067,2026-08-19,-208.5336744008622,discretionary,30193.664257808574
USER_0067,2026-08-20,-154.78155440433667,discretionary,30038.882703404237
USER_0067,2026-08-21,-386.0073867039715,discretionary,29652.875316700265
USER_0067,2026-08-22,-188.51238024268957,discretionary,29464.362936457575
USER_0067,2026-08-23,-209.4475962277765,discretionary,29254.9153402298
USER_0067,2026-08-24,-158.08843248028046,discretionary,29096.82690774952
USER_0067,2026-08-25,-122.8566675826713,discretionary,28973.97024016685
USER_0067,2026-08-26,-242.8008439383295,discretionary,28731.16939622852
USER_0067,2026-08-27,-208.59719016306593,discretionary,28522.572206065455
USER_0067,2026-08-28,30000.0,income_salary,58522.57220606545
USER_0067,2026-08-28,-484.82540724360183,discretionary,58037.74679882185
USER_0067,2026-08-29,-95.94331505394014,discretionary,57941.80348376791
USER_0068,2026-06-01,-273.706822774242,discretionary,4726.293177225758
USER_0068,2026-06-02,-325.55044042702707,discretionary,4400.742736798731
USER_0068,2026-06-03,-296.8205511187816,discretionary,4103.9221856799495
USER_0068,2026-06-04,-171.4231433844565,discretionary,3932.499042295493
USER_0068,2026-06-05,-452.44931752643754,discretionary,3480.0497247690555
USER_0068,2026-06-06,-172.72310546588386,discretionary,3307.326619303172
USER_0068,2026-06-07,-157.17767696756817,discretionary,3150.148942335604
USER_0068,2026-06-08,-233.5294638529868,discretionary,2916.619478482617
USER_0068,2026-06-09,-204.29417586337362,discretionary,2712.3253026192433
USER_0068,2026-06-10,-120.71808983324867,discretionary,2591.6072127859948
USER_0068,2026-06-11,-128.75986061687982,discretionary,2462.847352169115
USER_0068,2026-06-12,-124.64410388152871,discretionary,2338.203248287586
USER_0068,2026-06-13,-132.15818891463266,discretionary,2206.0450593729533
USER_0068,2026-06-14,-213.37745597935967,discretionary,1992.6676033935937
USER_0068,2026-06-15,-230.56244122723402,discretionary,1762.1051621663596
USER_0068,2026-06-16,-173.73157184056907,discretionary,1588.3735903257905
USER_0068,2026-06-17,-304.68939135140954,discretionary,1283.684198974381
USER_0068,2026-06-18,-214.95345352203552,discretionary,1068.7307454523454
USER_0068,2026-06-19,-270.4806991789756,discretionary,798.2500462733699
USER_0068,2026-06-20,-150.95265004153427,discretionary,647.2973962318356
USER_0068,2026-06-21,-215.99628206176413,discretionary,431.30111417007146
USER_0068,2026-06-22,-183.01144278134998,discretionary,248.28967138872147
USER_0068,2026-06-23,-152.76465953435005,discretionary,95.52501185437143
USER_0068,2026-06-24,-761.4615049279371,discretionary,-665.9364930735657
USER_0068,2026-06-25,-155.02392024153997,discretionary,-820.9604133151056
USER_0068,2026-06-26,-223.56955313595188,discretionary,-1044.5299664510576
USER_0068,2026-06-27,-237.38561448031666,discretionary,-1281.9155809313743
USER_0068,2026-06-28,20000.0,income_salary,18718.084419068626
USER_0068,2026-06-28,-474.4096018284837,discretionary,18243.674817240142
USER_0068,2026-06-29,-189.41921756499192,discretionary,18054.25559967515
USER_0068,2026-06-30,-207.46006383773658,discretionary,17846.795535837413
USER_0068,2026-07-01,-8655.917726015032,fixed_rent,9190.877809822381
USER_0068,2026-07-01,-444.8213009402751,discretionary,8746.056508882106
USER_0068,2026-07-02,-436.56992470390884,discretionary,8309.486584178198
USER_0068,2026-07-03,-115.00145613069493,discretionary,8194.485128047503
USER_0068,2026-07-04,-149.04874555082446,discretionary,8045.436382496679
USER_0068,2026-07-05,-157.0869497567041,discretionary,7888.349432739975
USER_0068,2026-07-06,-180.9882964706468,discretionary,7707.361136269328
USER_0068,2026-07-07,-283.07536621388107,discretionary,7424.285770055447
USER_0068,2026-07-08,-66.57784578094808,discretionary,7357.7079242744985
USER_0068,2026-07-09,-336.66244067481,discretionary,7021.045483599689
USER_0068,2026-07-10,-368.6607239961147,discretionary,6652.384759603574
USER_0068,2026-07-11,-370.9435711534539,discretionary,6281.44118845012
USER_0068,2026-07-12,-190.0040425765319,discretionary,6091.437145873588
USER_0068,2026-07-13,-252.09005157422777,discretionary,5839.34709429936
USER_0068,2026-07-14,-190.26866728447783,discretionary,5649.078427014882
USER_0068,2026-07-15,-330.50339357121845,discretionary,5318.575033443664
USER_0068,2026-07-16,-135.89511801505992,discretionary,5182.6799154286045
USER_0068,2026-07-17,-255.3114005108751,discretionary,4927.368514917729
USER_0068,2026-07-18,-119.41908987422495,discretionary,4807.949425043504
USER_0068,2026-07-19,-216.81252149253916,discretionary,4591.136903550964
USER_0068,2026-07-20,-196.08431340353556,discretionary,4395.052590147428
USER_0068,2026-07-21,-488.47664956574727,discretionary,3906.575940581681
USER_0068,2026-07-22,-131.10952533223357,discretionary,3775.4664152494474
USER_0068,2026-07-23,-672.5024177569678,discretionary,3102.9639974924794
USER_0068,2026-07-24,-247.5595204184804,discretionary,2855.404477073999
USER_0068,2026-07-25,-336.9524216012492,discretionary,2518.4520554727496
USER_0068,2026-07-26,-812.035506835482,discretionary,1706.4165486372676
USER_0068,2026-07-27,-313.8677913911397,discretionary,1392.548757246128
USER_0068,2026-07-28,20000.0,income_salary,21392.548757246128
USER_0068,2026-07-28,-407.0150830732671,discretionary,20985.53367417286
USER_0068,2026-07-29,-462.424184038537,discretionary,20523.109490134324
USER_0068,2026-07-30,-406.07886454224206,discretionary,20117.03062559208
USER_0068,2026-07-31,-127.2590496809137,discretionary,19989.771575911167
USER_0068,2026-08-01,-8655.917726015032,fixed_rent,11333.853849896135
USER_0068,2026-08-01,-250.810685814498,discretionary,11083.043164081637
USER_0068,2026-08-02,-334.0624194144244,discretionary,10748.980744667213
USER_0068,2026-08-03,-220.31700101826786,discretionary,10528.663743648945
USER_0068,2026-08-04,-123.64727163165838,discretionary,10405.016472017287
USER_0068,2026-08-05,-121.64947073648732,discretionary,10283.3670012808
USER_0068,2026-08-06,-151.59725332779053,discretionary,10131.769747953009
USER_0068,2026-08-07,-206.65769165532242,discretionary,9925.112056297687
USER_0068,2026-08-08,-66.0017469765611,discretionary,9859.110309321126
USER_0068,2026-08-09,-215.77389783268052,discretionary,9643.336411488446
USER_0068,2026-08-10,-420.9307651644051,discretionary,9222.405646324041
USER_0068,2026-08-11,-110.93676280366643,discretionary,9111.468883520374
USER_0068,2026-08-12,-424.3978444679949,discretionary,8687.07103905238
USER_0068,2026-08-13,-244.31935006356596,discretionary,8442.751688988814
USER_0068,2026-08-14,-168.78054559457917,discretionary,8273.971143394234
USER_0068,2026-08-15,-763.3566476867717,discretionary,7510.614495707462
USER_0068,2026-08-16,-284.42409045326565,discretionary,7226.190405254197
USER_0068,2026-08-17,-259.90412614279194,discretionary,6966.286279111405
USER_0068,2026-08-18,-251.06838341524696,discretionary,6715.217895696158
USER_0068,2026-08-19,-153.41110334638253,discretionary,6561.806792349776
USER_0068,2026-08-20,-246.46101562234205,discretionary,6315.345776727434
USER_0068,2026-08-21,-507.50329201144916,discretionary,5807.842484715985
USER_0068,2026-08-22,-201.15687879040382,discretionary,5606.6856059255815
USER_0068,2026-08-23,-83.63330108001419,discretionary,5523.052304845567
USER_0068,2026-08-24,-327.9965618449149,discretionary,5195.055743000652
USER_0068,2026-08-25,-222.81042096613885,discretionary,4972.245322034513
USER_0068,2026-08-26,-224.31938443484805,discretionary,4747.925937599665
USER_0068,2026-08-27,-194.21053641905291,discretionary,4553.715401180612
USER_0068,2026-08-28,20000.0,income_salary,24553.715401180612
USER_0068,2026-08-28,-129.94207179150663,discretionary,24423.773329389107
USER_0068,2026-08-29,-469.7871906025821,discretionary,23953.986138786524
USER_0069,2026-06-01,-218.98855813932173,discretionary,4781.011441860678
USER_0069,2026-06-02,-252.61648419625868,discretionary,4528.394957664419
USER_0069,2026-06-03,-364.85195968123844,discretionary,4163.542997983181
USER_0069,2026-06-04,-293.5509169213322,discretionary,3869.9920810618482
USER_0069,2026-06-05,-125.37910488442127,discretionary,3744.612976177427
USER_0069,2026-06-06,-246.7929746377636,discretionary,3497.8200015396633
USER_0069,2026-06-07,-463.76387335240815,discretionary,3034.056128187255
USER_0069,2026-06-08,-191.94472350582518,discretionary,2842.11140468143
USER_0069,2026-06-09,-142.76242873448157,discretionary,2699.3489759469485
USER_0069,2026-06-10,-260.01816284770746,discretionary,2439.330813099241
USER_0069,2026-06-11,-174.47745698151428,discretionary,2264.8533561177264
USER_0069,2026-06-12,-502.285486503676,discretionary,1762.5678696140503
USER_0069,2026-06-13,-534.8699636393665,discretionary,1227.6979059746839
USER_0069,2026-06-14,-261.34524583888793,discretionary,966.352660135796
USER_0069,2026-06-15,-103.05495085961164,discretionary,863.2977092761844
USER_0069,2026-06-16,-174.8921669035392,discretionary,688.4055423726452
USER_0069,2026-06-17,-234.86026277014156,discretionary,453.5452796025036
USER_0069,2026-06-18,-386.07983747462754,discretionary,67.46544212787609
USER_0069,2026-06-19,-144.6080928340705,discretionary,-77.14265070619442
USER_0069,2026-06-20,-193.65188308443103,discretionary,-270.79453379062545
USER_0069,2026-06-21,-207.51509994619732,discretionary,-478.3096337368228
USER_0069,2026-06-22,-134.71329996433087,discretionary,-613.0229337011536
USER_0069,2026-06-23,-114.87163181929921,discretionary,-727.8945655204528
USER_0069,2026-06-24,-177.0818674937227,discretionary,-904.9764330141755
USER_0069,2026-06-25,-212.93445303264437,discretionary,-1117.91088604682
USER_0069,2026-06-26,-254.2135417944475,discretionary,-1372.1244278412676
USER_0069,2026-06-27,-309.83563918956537,discretionary,-1681.960067030833
USER_0069,2026-06-28,20000.0,income_salary,18318.039932969168
USER_0069,2026-06-28,-191.11020889488424,discretionary,18126.929724074285
USER_0069,2026-06-29,-194.25639643290148,discretionary,17932.673327641383
USER_0069,2026-06-30,-362.3376960714742,discretionary,17570.33563156991
USER_0069,2026-07-01,-5148.476465317727,fixed_rent,12421.859166252183
USER_0069,2026-07-01,-601.881227633035,discretionary,11819.977938619148
USER_0069,2026-07-02,-199.16845637325093,discretionary,11620.809482245897
USER_0069,2026-07-03,-249.6889224864577,discretionary,11371.12055975944
USER_0069,2026-07-04,-251.74877471732216,discretionary,11119.371785042118
USER_0069,2026-07-05,-176.55997540075177,discretionary,10942.811809641365
USER_0069,2026-07-06,-233.86400463596212,discretionary,10708.947805005404
USER_0069,2026-07-07,-151.35709181497785,discretionary,10557.590713190426
USER_0069,2026-07-08,-302.4615358284593,discretionary,10255.129177361967
USER_0069,2026-07-09,-112.81686515315924,discretionary,10142.312312208807
USER_0069,2026-07-10,-140.05089822225787,discretionary,10002.261413986549
USER_0069,2026-07-11,-184.17154401427246,discretionary,9818.089869972277
USER_0069,2026-07-12,-274.65858153555075,discretionary,9543.431288436726
USER_0069,2026-07-13,-282.2238582530165,discretionary,9261.20743018371
USER_0069,2026-07-14,-260.21105244586545,discretionary,9000.996377737843
USER_0069,2026-07-15,-380.61263032592495,discretionary,8620.38374741192
USER_0069,2026-07-16,-351.46758244344824,discretionary,8268.91616496847
USER_0069,2026-07-17,-426.7519078526078,discretionary,7842.164257115863
USER_0069,2026-07-18,-91.21406692365181,discretionary,7750.950190192211
USER_0069,2026-07-19,-234.97392476721117,discretionary,7515.976265425
USER_0069,2026-07-20,-325.0669705248584,discretionary,7190.9092949001415
USER_0069,2026-07-21,-167.28882233627652,discretionary,7023.620472563865
USER_0069,2026-07-22,-187.04508250940626,discretionary,6836.575390054459
USER_0069,2026-07-23,-151.96542948779668,discretionary,6684.609960566662
USER_0069,2026-07-24,-338.8152877932304,discretionary,6345.794672773432
USER_0069,2026-07-25,-530.1236591923999,discretionary,5815.671013581032
USER_0069,2026-07-26,-308.77135281589887,discretionary,5506.8996607651325
USER_0069,2026-07-27,-540.0860947321571,discretionary,4966.813566032975
USER_0069,2026-07-28,20000.0,income_salary,24966.813566032975
USER_0069,2026-07-28,-336.9165557689916,discretionary,24629.897010263983
USER_0069,2026-07-29,-259.53815123861915,discretionary,24370.358859025364
USER_0069,2026-07-30,-150.23713604340003,discretionary,24220.121722981963
USER_0069,2026-07-31,-103.9499372932112,discretionary,24116.17178568875
USER_0069,2026-08-01,-5148.476465317727,fixed_rent,18967.695320371025
USER_0069,2026-08-01,-181.3030365761426,discretionary,18786.39228379488
USER_0069,2026-08-02,-139.385951932827,discretionary,18647.006331862056
USER_0069,2026-08-03,-429.8806538037991,discretionary,18217.125678058255
USER_0069,2026-08-04,-179.68341829830078,discretionary,18037.442259759955
USER_0069,2026-08-05,-454.052554619852,discretionary,17583.389705140104
USER_0069,2026-08-06,-322.0030762552819,discretionary,17261.386628884822
USER_0069,2026-08-07,-204.7363255055354,discretionary,17056.650303379287
USER_0069,2026-08-08,-396.1789081481176,discretionary,16660.47139523117
USER_0069,2026-08-09,-334.2886899518906,discretionary,16326.182705279278
USER_0069,2026-08-10,-292.13901825677715,discretionary,16034.0436870225
USER_0069,2026-08-11,-265.33709228471025,discretionary,15768.70659473779
USER_0069,2026-08-12,-137.11249605810872,discretionary,15631.594098679681
USER_0069,2026-08-13,-494.3373084667132,discretionary,15137.256790212969
USER_0069,2026-08-14,-246.3202196265184,discretionary,14890.93657058645
USER_0069,2026-08-15,-243.9222192811388,discretionary,14647.01435130531
USER_0069,2026-08-16,-181.14944536978206,discretionary,14465.864905935528
USER_0069,2026-08-17,-251.8872644144499,discretionary,14213.977641521078
USER_0069,2026-08-18,-185.62376703029008,discretionary,14028.353874490787
USER_0069,2026-08-19,-181.79336647888883,discretionary,13846.560508011898
USER_0069,2026-08-20,-170.31878858689169,discretionary,13676.241719425007
USER_0069,2026-08-21,-215.419260878303,discretionary,13460.822458546703
USER_0069,2026-08-22,-216.09445678434358,discretionary,13244.72800176236
USER_0069,2026-08-23,-416.8388105116607,discretionary,12827.889191250699
USER_0069,2026-08-24,-194.62061897447845,discretionary,12633.26857227622
USER_0069,2026-08-25,-278.0442070143169,discretionary,12355.224365261904
USER_0069,2026-08-26,-216.11547042380832,discretionary,12139.108894838095
USER_0069,2026-08-27,-227.6938120941326,discretionary,11911.415082743963
USER_0069,2026-08-28,20000.0,income_salary,31911.415082743963
USER_0069,2026-08-28,-239.3577160103321,discretionary,31672.057366733632
USER_0069,2026-08-29,-292.2600982676756,discretionary,31379.797268465958
USER_0070,2026-06-01,-402.0710742356549,discretionary,4597.928925764345
USER_0070,2026-06-02,-191.10495292434715,discretionary,4406.823972839998
USER_0070,2026-06-03,-386.2930346136465,discretionary,4020.5309382263513
USER_0070,2026-06-04,-460.02449033917645,discretionary,3560.506447887175
USER_0070,2026-06-05,-305.5004933178136,discretionary,3255.005954569361
USER_0070,2026-06-06,-934.1321869062415,discretionary,2320.87376766312
USER_0070,2026-06-07,-157.9533954401231,discretionary,2162.920372222997
USER_0070,2026-06-08,-373.0605286873267,discretionary,1789.85984353567
USER_0070,2026-06-09,-209.52974949647245,discretionary,1580.3300940391975
USER_0070,2026-06-10,-943.7534699177419,discretionary,636.5766241214557
USER_0070,2026-06-11,-401.35129686621036,discretionary,235.2253272552453
USER_0070,2026-06-12,-327.38407032081085,discretionary,-92.15874306556555
USER_0070,2026-06-13,-363.7286883938649,discretionary,-455.88743145943045
USER_0070,2026-06-14,-224.5821565291802,discretionary,-680.4695879886107
USER_0070,2026-06-15,-429.0850897391511,discretionary,-1109.5546777277618
USER_0070,2026-06-16,-358.2349981315709,discretionary,-1467.7896758593326
USER_0070,2026-06-17,-241.3111963686468,discretionary,-1709.1008722279794
USER_0070,2026-06-18,-223.02790813907114,discretionary,-1932.1287803670505
USER_0070,2026-06-19,-212.64185837355174,discretionary,-2144.7706387406024
USER_0070,2026-06-20,-498.51584124426125,discretionary,-2643.2864799848635
USER_0070,2026-06-21,-170.70760484326095,discretionary,-2813.9940848281244
USER_0070,2026-06-22,-263.12296833458475,discretionary,-3077.117053162709
USER_0070,2026-06-23,-314.2230543835122,discretionary,-3391.340107546221
USER_0070,2026-06-24,-275.72926468017994,discretionary,-3667.069372226401
USER_0070,2026-06-25,-174.57811933730343,discretionary,-3841.6474915637045
USER_0070,2026-06-26,-99.0140975264434,discretionary,-3940.661589090148
USER_0070,2026-06-27,-280.9747604837565,discretionary,-4221.636349573904
USER_0070,2026-06-28,30000.0,income_salary,25778.363650426094
USER_0070,2026-06-28,-152.2172991172278,discretionary,25626.146351308867
USER_0070,2026-06-29,-263.5846176176732,discretionary,25362.561733691193
USER_0070,2026-06-30,-127.13774352251887,discretionary,25235.423990168674
USER_0070,2026-07-01,-8147.23659283746,fixed_rent,17088.187397331214
USER_0070,2026-07-01,-243.29764394544432,discretionary,16844.88975338577
USER_0070,2026-07-02,-333.24390401615307,discretionary,16511.64584936962
USER_0070,2026-07-03,-899.871405468459,discretionary,15611.77444390116
USER_0070,2026-07-04,-385.39819315916117,discretionary,15226.376250742
USER_0070,2026-07-05,-175.23233722625363,discretionary,15051.143913515745
USER_0070,2026-07-06,-388.56285583230556,discretionary,14662.58105768344
USER_0070,2026-07-07,-114.22718605130845,discretionary,14548.35387163213
USER_0070,2026-07-08,-368.0732463804303,discretionary,14180.2806252517
USER_0070,2026-07-09,-264.2082780356678,discretionary,13916.072347216032
USER_0070,2026-07-10,-395.4903330291008,discretionary,13520.582014186932
USER_0070,2026-07-11,-276.4702274001716,discretionary,13244.11178678676
USER_0070,2026-07-12,-251.7470552402495,discretionary,12992.36473154651
USER_0070,2026-07-13,-128.0597779501103,discretionary,12864.3049535964
USER_0070,2026-07-14,-306.1707267973367,discretionary,12558.134226799064
USER_0070,2026-07-15,-217.49353662370663,discretionary,12340.640690175358
USER_0070,2026-07-16,-174.13822533032229,discretionary,12166.502464845036
USER_0070,2026-07-17,-536.121587465168,discretionary,11630.380877379868
USER_0070,2026-07-18,-88.97945316736053,discretionary,11541.401424212509
USER_0070,2026-07-19,-125.55313831035856,discretionary,11415.84828590215
USER_0070,2026-07-20,-356.35008990024033,discretionary,11059.498196001909
USER_0070,2026-07-21,-294.27074480395675,discretionary,10765.227451197952
USER_0070,2026-07-22,-570.9122339183795,discretionary,10194.315217279573
USER_0070,2026-07-23,-336.8585247101213,discretionary,9857.45669256945
USER_0070,2026-07-24,-555.2823964359221,discretionary,9302.17429613353
USER_0070,2026-07-25,-308.4921823571541,discretionary,8993.682113776375
USER_0070,2026-07-26,-236.05903824030796,discretionary,8757.623075536067
USER_0070,2026-07-27,-285.31485305500513,discretionary,8472.308222481062
USER_0070,2026-07-28,30000.0,income_salary,38472.308222481064
USER_0070,2026-07-28,-263.4235393802901,discretionary,38208.884683100776
USER_0070,2026-07-29,-439.8640207363541,discretionary,37769.02066236442
USER_0070,2026-07-30,-454.4721291388545,discretionary,37314.54853322556
USER_0070,2026-07-31,-251.69929148764845,discretionary,37062.84924173792
USER_0070,2026-08-01,-8147.23659283746,fixed_rent,28915.612648900456
USER_0070,2026-08-01,-274.6831461425247,discretionary,28640.929502757932
USER_0070,2026-08-02,-192.4842928731463,discretionary,28448.445209884787
USER_0070,2026-08-03,-135.94607474327515,discretionary,28312.499135141512
USER_0070,2026-08-04,-202.89530959312592,discretionary,28109.603825548387
USER_0070,2026-08-05,-527.8046885571746,discretionary,27581.799136991212
USER_0070,2026-08-06,-219.9456563836031,discretionary,27361.85348060761
USER_0070,2026-08-07,-301.4119975346951,discretionary,27060.441483072915
USER_0070,2026-08-08,-115.47642205349655,discretionary,26944.96506101942
USER_0070,2026-08-09,-246.07106888517563,discretionary,26698.893992134243
USER_0070,2026-08-10,-431.9344594879938,discretionary,26266.959532646248
USER_0070,2026-08-11,-236.08572925976213,discretionary,26030.873803386487
USER_0070,2026-08-12,-298.7560046421468,discretionary,25732.11779874434
USER_0070,2026-08-13,-264.9285890123801,discretionary,25467.18920973196
USER_0070,2026-08-14,-275.7500454018206,discretionary,25191.439164330142
USER_0070,2026-08-15,-328.0276863037806,discretionary,24863.411478026363
USER_0070,2026-08-16,-275.34236124744206,discretionary,24588.06911677892
USER_0070,2026-08-17,-400.38391483032655,discretionary,24187.685201948592
USER_0070,2026-08-18,-747.4591503780247,discretionary,23440.226051570568
USER_0070,2026-08-19,-102.46898228080414,discretionary,23337.757069289764
USER_0070,2026-08-20,-354.99721051553513,discretionary,22982.75985877423
USER_0070,2026-08-21,-166.14700256963758,discretionary,22816.612856204592
USER_0070,2026-08-22,-73.48859308569851,discretionary,22743.124263118894
USER_0070,2026-08-23,-222.58502395924023,discretionary,22520.539239159654
USER_0070,2026-08-24,-215.1730768705395,discretionary,22305.366162289116
USER_0070,2026-08-25,-285.5829595307901,discretionary,22019.783202758324
USER_0070,2026-08-26,-252.46181580678456,discretionary,21767.32138695154
USER_0070,2026-08-27,-295.82810256561487,discretionary,21471.493284385924
USER_0070,2026-08-28,30000.0,income_salary,51471.49328438593
USER_0070,2026-08-28,-84.77456533889216,discretionary,51386.718719047036
USER_0070,2026-08-29,-248.11469715762937,discretionary,51138.604021889405
USER_0071,2026-06-01,-171.4441993329262,discretionary,4828.5558006670735
USER_0071,2026-06-02,-486.9933393061551,discretionary,4341.562461360918
USER_0071,2026-06-03,-143.10634408507795,discretionary,4198.45611727584
USER_0071,2026-06-04,-208.52080285177115,discretionary,3989.935314424069
USER_0071,2026-06-05,-223.21862878062026,discretionary,3766.7166856434487
USER_0071,2026-06-06,-265.14537336362037,discretionary,3501.5713122798284
USER_0071,2026-06-07,-221.1174176867403,discretionary,3280.453894593088
USER_0071,2026-06-08,-179.055728933309,discretionary,3101.398165659779
USER_0071,2026-06-09,-150.40983301460236,discretionary,2950.9883326451763
USER_0071,2026-06-10,-321.56506385411524,discretionary,2629.423268791061
USER_0071,2026-06-11,-209.27847315192307,discretionary,2420.144795639138
USER_0071,2026-06-12,-429.4712054436517,discretionary,1990.6735901954862
USER_0071,2026-06-13,-234.24487543919173,discretionary,1756.4287147562945
USER_0071,2026-06-14,-374.22420578843474,discretionary,1382.2045089678597
USER_0071,2026-06-15,-227.22026985338434,discretionary,1154.9842391144755
USER_0071,2026-06-16,-279.52072157004585,discretionary,875.4635175444296
USER_0071,2026-06-17,-742.9204194494887,discretionary,132.5430980949409
USER_0071,2026-06-18,-270.5655785317268,discretionary,-138.02248043678594
USER_0071,2026-06-19,-226.7187367489824,discretionary,-364.74121718576833
USER_0071,2026-06-20,-316.9194960373452,discretionary,-681.6607132231136
USER_0071,2026-06-21,-317.33462930251756,discretionary,-998.9953425256311
USER_0071,2026-06-22,-262.30753299414295,discretionary,-1261.302875519774
USER_0071,2026-06-23,-366.54679616328514,discretionary,-1627.8496716830591
USER_0071,2026-06-24,-121.52917995322471,discretionary,-1749.3788516362838
USER_0071,2026-06-25,-200.22292404009448,discretionary,-1949.6017756763783
USER_0071,2026-06-26,-358.45871098001766,discretionary,-2308.060486656396
USER_0071,2026-06-27,-354.9961172149588,discretionary,-2663.0566038713546
USER_0071,2026-06-28,30000.0,income_salary,27336.943396128645
USER_0071,2026-06-28,-482.7655912780169,discretionary,26854.177804850628
USER_0071,2026-06-29,-177.77154437222234,discretionary,26676.406260478405
USER_0071,2026-06-30,-228.84194607328868,discretionary,26447.564314405117
USER_0071,2026-07-01,-6251.23009132041,fixed_rent,20196.33422308471
USER_0071,2026-07-01,-291.7614799857737,discretionary,19904.572743098935
USER_0071,2026-07-02,-227.12954723160584,discretionary,19677.44319586733
USER_0071,2026-07-03,-145.20061885965507,discretionary,19532.242577007677
USER_0071,2026-07-04,-343.4767387911306,discretionary,19188.765838216546
USER_0071,2026-07-05,-398.1354352420185,discretionary,18790.63040297453
USER_0071,2026-07-06,-408.1756632205367,discretionary,18382.454739753994
USER_0071,2026-07-07,-324.5065032282493,discretionary,18057.948236525743
USER_0071,2026-07-08,-341.70800079680123,discretionary,17716.240235728943
USER_0071,2026-07-09,-620.4833536337403,discretionary,17095.756882095204
USER_0071,2026-07-10,-166.8830960328487,discretionary,16928.873786062355
USER_0071,2026-07-11,-218.21143991019684,discretionary,16710.66234615216
USER_0071,2026-07-12,-219.1501330656105,discretionary,16491.51221308655
USER_0071,2026-07-13,-217.02875049871577,discretionary,16274.483462587834
USER_0071,2026-07-14,-713.6050340510344,discretionary,15560.8784285368
USER_0071,2026-07-15,-217.1481967149064,discretionary,15343.730231821894
USER_0071,2026-07-16,-153.9621646952801,discretionary,15189.768067126613
USER_0071,2026-07-17,-197.9004397746036,discretionary,14991.86762735201
USER_0071,2026-07-18,-174.2962611832784,discretionary,14817.571366168731
USER_0071,2026-07-19,-216.1283498791339,discretionary,14601.443016289597
USER_0071,2026-07-20,-344.35755073793746,discretionary,14257.08546555166
USER_0071,2026-07-21,-449.2978324098083,discretionary,13807.787633141852
USER_0071,2026-07-22,-286.0176089582757,discretionary,13521.770024183576
USER_0071,2026-07-23,-141.7284699914001,discretionary,13380.041554192176
USER_0071,2026-07-24,-641.6526595230958,discretionary,12738.38889466908
USER_0071,2026-07-25,-519.7413127399442,discretionary,12218.647581929135
USER_0071,2026-07-26,-159.05083619464747,discretionary,12059.596745734489
USER_0071,2026-07-27,-208.63745673262414,discretionary,11850.959289001865
USER_0071,2026-07-28,30000.0,income_salary,41850.95928900187
USER_0071,2026-07-28,-221.72310319496236,discretionary,41629.236185806905
USER_0071,2026-07-29,-130.24665410627688,discretionary,41498.98953170063
USER_0071,2026-07-30,-124.40662241740415,discretionary,41374.58290928323
USER_0071,2026-07-31,-505.2381035281899,discretionary,40869.34480575504
USER_0071,2026-08-01,-6251.23009132041,fixed_rent,34618.11471443463
USER_0071,2026-08-01,-185.366984621557,discretionary,34432.747729813076
USER_0071,2026-08-02,-319.5055501322212,discretionary,34113.242179680856
USER_0071,2026-08-03,-410.1301320367729,discretionary,33703.112047644085
USER_0071,2026-08-04,-499.46575635075254,discretionary,33203.646291293335
USER_0071,2026-08-05,-270.28824201620955,discretionary,32933.35804927713
USER_0071,2026-08-06,-129.9779376403713,discretionary,32803.380111636754
USER_0071,2026-08-07,-362.61075478957264,discretionary,32440.76935684718
USER_0071,2026-08-08,-169.58495836978997,discretionary,32271.18439847739
USER_0071,2026-08-09,-283.0212293693718,discretionary,31988.16316910802
USER_0071,2026-08-10,-255.6034544132297,discretionary,31732.559714694788
USER_0071,2026-08-11,-101.0781050870112,discretionary,31631.481609607778
USER_0071,2026-08-12,-148.2091550808804,discretionary,31483.272454526897
USER_0071,2026-08-13,-151.13490428768912,discretionary,31332.137550239207
USER_0071,2026-08-14,-234.6181779050877,discretionary,31097.519372334118
USER_0071,2026-08-15,-288.41676811289676,discretionary,30809.10260422122
USER_0071,2026-08-16,-401.41003394320535,discretionary,30407.692570278017
USER_0071,2026-08-17,-100.32841856000593,discretionary,30307.36415171801
USER_0071,2026-08-18,-159.85233878344144,discretionary,30147.51181293457
USER_0071,2026-08-19,-115.64848957036286,discretionary,30031.863323364207
USER_0071,2026-08-20,-376.16449615343106,discretionary,29655.698827210777
USER_0071,2026-08-21,-243.34744486220129,discretionary,29412.351382348577
USER_0071,2026-08-22,-153.51899527809564,discretionary,29258.83238707048
USER_0071,2026-08-23,-216.64464836993702,discretionary,29042.187738700544
USER_0071,2026-08-24,-258.7070524201449,discretionary,28783.4806862804
USER_0071,2026-08-25,-176.62932452990617,discretionary,28606.851361750494
USER_0071,2026-08-26,-213.38675293230216,discretionary,28393.46460881819
USER_0071,2026-08-27,-154.09386099027986,discretionary,28239.37074782791
USER_0071,2026-08-28,30000.0,income_salary,58239.37074782791
USER_0071,2026-08-28,-345.9138830256905,discretionary,57893.45686480222
USER_0071,2026-08-29,-225.86679756520502,discretionary,57667.59006723701
USER_0072,2026-06-01,-250.9087350495103,discretionary,4749.09126495049
USER_0072,2026-06-02,-113.34035093326077,discretionary,4635.750914017229
USER_0072,2026-06-03,-186.69645326068803,discretionary,4449.054460756541
USER_0072,2026-06-04,-279.858926294589,discretionary,4169.195534461952
USER_0072,2026-06-05,-429.7243880835605,discretionary,3739.4711463783915
USER_0072,2026-06-06,-278.22711004946376,discretionary,3461.244036328928
USER_0072,2026-06-07,-198.76895054461554,discretionary,3262.4750857843123
USER_0072,2026-06-08,-304.38695023893223,discretionary,2958.0881355453803
USER_0072,2026-06-09,-121.09667177110857,discretionary,2836.991463774272
USER_0072,2026-06-10,-375.25663935171843,discretionary,2461.734824422553
USER_0072,2026-06-11,-204.19637842680265,discretionary,2257.5384459957504
USER_0072,2026-06-12,-196.07387048381162,discretionary,2061.4645755119386
USER_0072,2026-06-13,-142.57839874592284,discretionary,1918.8861767660158
USER_0072,2026-06-14,-366.0726756678074,discretionary,1552.8135010982082
USER_0072,2026-06-15,-139.5858524500448,discretionary,1413.2276486481635
USER_0072,2026-06-16,-235.64828569672508,discretionary,1177.5793629514385
USER_0072,2026-06-17,-156.630565527148,discretionary,1020.9487974242904
USER_0072,2026-06-18,-277.8963882661119,discretionary,743.0524091581785
USER_0072,2026-06-19,-372.6222241836842,discretionary,370.43018497449435
USER_0072,2026-06-20,-202.27570752014643,discretionary,168.15447745434793
USER_0072,2026-06-21,-131.20701667742028,discretionary,36.94746077692764
USER_0072,2026-06-22,-270.80415598059255,discretionary,-233.8566952036649
USER_0072,2026-06-23,-358.8725834602513,discretionary,-592.7292786639161
USER_0072,2026-06-24,-210.1768575698857,discretionary,-802.9061362338018
USER_0072,2026-06-25,-236.84024806899984,discretionary,-1039.7463843028017
USER_0072,2026-06-26,-109.1082595554915,discretionary,-1148.8546438582932
USER_0072,2026-06-27,-389.97262377028335,discretionary,-1538.8272676285765
USER_0072,2026-06-28,25000.0,income_salary,23461.172732371422
USER_0072,2026-06-28,-187.1084896847361,discretionary,23274.064242686687
USER_0072,2026-06-29,-348.21888537215415,discretionary,22925.845357314534
USER_0072,2026-06-30,-180.2412130559015,discretionary,22745.604144258632
USER_0072,2026-07-01,-6670.5248133854,fixed_rent,16075.079330873232
USER_0072,2026-07-01,-190.5923968641696,discretionary,15884.486934009063
USER_0072,2026-07-02,-360.5775783538602,discretionary,15523.909355655203
USER_0072,2026-07-03,-416.5450023852544,discretionary,15107.36435326995
USER_0072,2026-07-04,-304.0919855403961,discretionary,14803.272367729554
USER_0072,2026-07-05,-321.76602499644025,discretionary,14481.506342733113
USER_0072,2026-07-06,-168.0536416468247,discretionary,14313.45270108629
USER_0072,2026-07-07,-238.28984084768015,discretionary,14075.16286023861
USER_0072,2026-07-08,-294.8796325382875,discretionary,13780.283227700322
USER_0072,2026-07-09,-399.37862604435213,discretionary,13380.90460165597
USER_0072,2026-07-10,-310.41232094069835,discretionary,13070.49228071527
USER_0072,2026-07-11,-458.47085265342184,discretionary,12612.02142806185
USER_0072,2026-07-12,-217.1223869319712,discretionary,12394.899041129878
USER_0072,2026-07-13,-149.6734100957148,discretionary,12245.225631034164
USER_0072,2026-07-14,-394.76017908836593,discretionary,11850.465451945798
USER_0072,2026-07-15,-239.00367807904865,discretionary,11611.46177386675
USER_0072,2026-07-16,-468.05945095732176,discretionary,11143.402322909427
USER_0072,2026-07-17,-350.68535744824516,discretionary,10792.716965461183
USER_0072,2026-07-18,-228.83050154751456,discretionary,10563.886463913668
USER_0072,2026-07-19,-215.7767280814261,discretionary,10348.109735832242
USER_0072,2026-07-20,-300.00811073830596,discretionary,10048.101625093936
USER_0072,2026-07-21,-246.18999650378072,discretionary,9801.911628590155
USER_0072,2026-07-22,-303.9100487260278,discretionary,9498.001579864127
USER_0072,2026-07-23,-223.1893319803272,discretionary,9274.8122478838
USER_0072,2026-07-24,-185.96282249538484,discretionary,9088.849425388415
USER_0072,2026-07-25,-140.05701413004059,discretionary,8948.792411258373
USER_0072,2026-07-26,-291.598593216414,discretionary,8657.19381804196
USER_0072,2026-07-27,-430.1207038292015,discretionary,8227.073114212759
USER_0072,2026-07-28,25000.0,income_salary,33227.07311421276
USER_0072,2026-07-28,-328.4725704046724,discretionary,32898.60054380809
USER_0072,2026-07-29,-239.26245707277266,discretionary,32659.33808673532
USER_0072,2026-07-30,-164.86450174392024,discretionary,32494.4735849914
USER_0072,2026-07-31,-297.0449945788306,discretionary,32197.428590412568
USER_0072,2026-08-01,-6670.5248133854,fixed_rent,25526.903777027168
USER_0072,2026-08-01,-427.4598553972658,discretionary,25099.443921629903
USER_0072,2026-08-02,-174.58951342731515,discretionary,24924.854408202587
USER_0072,2026-08-03,-174.7378604352864,discretionary,24750.116547767302
USER_0072,2026-08-04,-148.18624244191474,discretionary,24601.930305325386
USER_0072,2026-08-05,-330.3300168527254,discretionary,24271.600288472662
USER_0072,2026-08-06,-378.49918141621555,discretionary,23893.101107056445
USER_0072,2026-08-07,-227.74908133358372,discretionary,23665.352025722863
USER_0072,2026-08-08,-171.33607224370127,discretionary,23494.01595347916
USER_0072,2026-08-09,-185.015278414918,discretionary,23309.000675064242
USER_0072,2026-08-10,-101.22079218210185,discretionary,23207.77988288214
USER_0072,2026-08-11,-284.69821034141347,discretionary,22923.081672540728
USER_0072,2026-08-12,-243.35895773646388,discretionary,22679.722714804262
USER_0072,2026-08-13,-173.35891948557972,discretionary,22506.36379531868
USER_0072,2026-08-14,-627.3314346302934,discretionary,21879.032360688387
USER_0072,2026-08-15,-271.25332251139343,discretionary,21607.779038176992
USER_0072,2026-08-16,-343.70818429055663,discretionary,21264.070853886435
USER_0072,2026-08-17,-316.8684990906531,discretionary,20947.202354795783
USER_0072,2026-08-18,-479.44765779839645,discretionary,20467.75469699739
USER_0072,2026-08-19,-488.41693190734065,discretionary,19979.337765090047
USER_0072,2026-08-20,-385.5563113418533,discretionary,19593.781453748194
USER_0072,2026-08-21,-295.1759748696356,discretionary,19298.60547887856
USER_0072,2026-08-22,-542.3078411481972,discretionary,18756.29763773036
USER_0072,2026-08-23,-168.6541150686066,discretionary,18587.643522661754
USER_0072,2026-08-24,-81.43200905406874,discretionary,18506.211513607686
USER_0072,2026-08-25,-329.5317689907707,discretionary,18176.679744616915
USER_0072,2026-08-26,-249.17789779978455,discretionary,17927.50184681713
USER_0072,2026-08-27,-278.21355534353444,discretionary,17649.288291473596
USER_0072,2026-08-28,25000.0,income_salary,42649.2882914736
USER_0072,2026-08-28,-122.96531013560636,discretionary,42526.32298133799
USER_0072,2026-08-29,-177.05092561858825,discretionary,42349.2720557194
USER_0073,2026-06-01,-135.45391601347728,discretionary,4864.546083986523
USER_0073,2026-06-02,-240.95776931679293,discretionary,4623.58831466973
USER_0073,2026-06-03,-121.81983909963435,discretionary,4501.768475570096
USER_0073,2026-06-04,-605.3826247057576,discretionary,3896.385850864338
USER_0073,2026-06-05,-474.5243640291231,discretionary,3421.8614868352147
USER_0073,2026-06-06,-153.7566199537556,discretionary,3268.104866881459
USER_0073,2026-06-07,-235.33329511441622,discretionary,3032.771571767043
USER_0073,2026-06-08,-356.9967973497654,discretionary,2675.7747744172775
USER_0073,2026-06-09,-575.9076034646342,discretionary,2099.8671709526434
USER_0073,2026-06-10,-351.014158016405,discretionary,1748.8530129362384
USER_0073,2026-06-11,-781.0746056806128,discretionary,967.7784072556257
USER_0073,2026-06-12,-267.27224922404656,discretionary,700.5061580315792
USER_0073,2026-06-13,-136.19594368319795,discretionary,564.3102143483812
USER_0073,2026-06-14,-200.85181918979708,discretionary,363.45839515858415
USER_0073,2026-06-15,-487.4157476025413,discretionary,-123.95735244395712
USER_0073,2026-06-16,-213.72690931161335,discretionary,-337.68426175557045
USER_0073,2026-06-17,-870.8206522470217,discretionary,-1208.5049140025922
USER_0073,2026-06-18,-106.75359626276817,discretionary,-1315.2585102653604
USER_0073,2026-06-19,-81.19071165052965,discretionary,-1396.4492219158901
USER_0073,2026-06-20,-120.03668018010501,discretionary,-1516.4859020959952
USER_0073,2026-06-21,-139.08707866248722,discretionary,-1655.5729807584826
USER_0073,2026-06-22,-665.8064082178621,discretionary,-2321.3793889763447
USER_0073,2026-06-23,-236.51865107459102,discretionary,-2557.898040050936
USER_0073,2026-06-24,-231.81659247004828,discretionary,-2789.714632520984
USER_0073,2026-06-25,-288.6085200712838,discretionary,-3078.323152592268
USER_0073,2026-06-26,-208.21279562239874,discretionary,-3286.535948214667
USER_0073,2026-06-27,-292.49846796648933,discretionary,-3579.0344161811563
USER_0073,2026-06-28,25000.0,income_salary,21420.965583818845
USER_0073,2026-06-28,-307.14386737020277,discretionary,21113.82171644864
USER_0073,2026-06-29,-258.9062752279737,discretionary,20854.915441220666
USER_0073,2026-06-30,-155.59496695245804,discretionary,20699.320474268206
USER_0073,2026-07-01,-8451.485312791297,fixed_rent,12247.835161476909
USER_0073,2026-07-01,-476.4398709676507,discretionary,11771.39529050926
USER_0073,2026-07-02,-140.50279916776768,discretionary,11630.892491341492
USER_0073,2026-07-03,-169.2359653494243,discretionary,11461.656525992068
USER_0073,2026-07-04,-171.8562266772138,discretionary,11289.800299314855
USER_0073,2026-07-05,-369.278451525435,discretionary,10920.52184778942
USER_0073,2026-07-06,-346.69707571245954,discretionary,10573.82477207696
USER_0073,2026-07-07,-226.00961035432604,discretionary,10347.815161722634
USER_0073,2026-07-08,-169.30734384271662,discretionary,10178.507817879918
USER_0073,2026-07-09,-264.2874378871946,discretionary,9914.220379992723
USER_0073,2026-07-10,-195.76874283206948,discretionary,9718.451637160653
USER_0073,2026-07-11,-316.96904200639824,discretionary,9401.482595154255
USER_0073,2026-07-12,-341.1524983623757,discretionary,9060.33009679188
USER_0073,2026-07-13,-133.13038470649087,discretionary,8927.19971208539
USER_0073,2026-07-14,-156.95907471478225,discretionary,8770.240637370607
USER_0073,2026-07-15,-506.7589989226261,discretionary,8263.481638447982
USER_0073,2026-07-16,-268.9335614243521,discretionary,7994.54807702363
USER_0073,2026-07-17,-110.47771924799638,discretionary,7884.070357775634
USER_0073,2026-07-18,-250.279654605254,discretionary,7633.79070317038
USER_0073,2026-07-19,-249.3017681087875,discretionary,7384.488935061592
USER_0073,2026-07-20,-379.3192141230902,discretionary,7005.169720938502
USER_0073,2026-07-21,-120.0492053101917,discretionary,6885.12051562831
USER_0073,2026-07-22,-149.18329977311424,discretionary,6735.937215855196
USER_0073,2026-07-23,-274.76828262035707,discretionary,6461.168933234839
USER_0073,2026-07-24,-238.66250040238202,discretionary,6222.506432832457
USER_0073,2026-07-25,-496.6817851650377,discretionary,5725.824647667419
USER_0073,2026-07-26,-157.3157930483905,discretionary,5568.508854619029
USER_0073,2026-07-27,-1442.1500544176326,discretionary,4126.358800201397
USER_0073,2026-07-28,25000.0,income_salary,29126.358800201397
USER_0073,2026-07-28,-118.83082440276473,discretionary,29007.52797579863
USER_0073,2026-07-29,-435.56757316752567,discretionary,28571.960402631106
USER_0073,2026-07-30,-73.44199501811849,discretionary,28498.518407612988
USER_0073,2026-07-31,-223.8661552622289,discretionary,28274.65225235076
USER_0073,2026-08-01,-8451.485312791297,fixed_rent,19823.16693955946
USER_0073,2026-08-01,-157.59415020011915,discretionary,19665.572789359343
USER_0073,2026-08-02,-248.16076630643678,discretionary,19417.412023052908
USER_0073,2026-08-03,-352.6904373769486,discretionary,19064.721585675958
USER_0073,2026-08-04,-362.4223281141189,discretionary,18702.299257561837
USER_0073,2026-08-05,-275.25439955862225,discretionary,18427.044858003213
USER_0073,2026-08-06,-475.23768089419144,discretionary,17951.80717710902
USER_0073,2026-08-07,-235.7585510695734,discretionary,17716.04862603945
USER_0073,2026-08-08,-249.5446164387073,discretionary,17466.504009600743
USER_0073,2026-08-09,-157.6255074223907,discretionary,17308.87850217835
USER_0073,2026-08-10,-562.4995242035542,discretionary,16746.378977974797
USER_0073,2026-08-11,-270.60417017764007,discretionary,16475.774807797156
USER_0073,2026-08-12,-277.3843692110734,discretionary,16198.390438586082
USER_0073,2026-08-13,-225.6704445400413,discretionary,15972.719994046041
USER_0073,2026-08-14,-564.4117108214929,discretionary,15408.308283224549
USER_0073,2026-08-15,-349.00781288017095,discretionary,15059.300470344378
USER_0073,2026-08-16,-264.007611612077,discretionary,14795.292858732302
USER_0073,2026-08-17,-594.3083816325565,discretionary,14200.984477099746
USER_0073,2026-08-18,-443.45432232308843,discretionary,13757.530154776658
USER_0073,2026-08-19,-183.7525766827529,discretionary,13573.777578093905
USER_0073,2026-08-20,-151.42336563333114,discretionary,13422.354212460574
USER_0073,2026-08-21,-334.488507776471,discretionary,13087.865704684104
USER_0073,2026-08-22,-347.4949197751113,discretionary,12740.370784908991
USER_0073,2026-08-23,-327.73049413619583,discretionary,12412.640290772795
USER_0073,2026-08-24,-380.615139404923,discretionary,12032.025151367872
USER_0073,2026-08-25,-220.3921241918805,discretionary,11811.633027175993
USER_0073,2026-08-26,-233.83006886132924,discretionary,11577.802958314664
USER_0073,2026-08-27,-154.6917017449357,discretionary,11423.111256569728
USER_0073,2026-08-28,25000.0,income_salary,36423.111256569726
USER_0073,2026-08-28,-406.40651175538846,discretionary,36016.704744814335
USER_0073,2026-08-29,-130.57101360800786,discretionary,35886.133731206326
USER_0074,2026-06-01,-195.22855528588653,discretionary,4804.771444714113
USER_0074,2026-06-02,-291.93954805369395,discretionary,4512.831896660419
USER_0074,2026-06-03,-100.18964892312081,discretionary,4412.642247737298
USER_0074,2026-06-04,-260.631678361311,discretionary,4152.010569375987
USER_0074,2026-06-05,-416.88179811902376,discretionary,3735.1287712569633
USER_0074,2026-06-06,-344.18022656021446,discretionary,3390.9485446967487
USER_0074,2026-06-07,-86.40675285634697,discretionary,3304.541791840402
USER_0074,2026-06-08,-238.84285096151777,discretionary,3065.698940878884
USER_0074,2026-06-09,-214.73485750022024,discretionary,2850.964083378664
USER_0074,2026-06-10,-301.65139550807334,discretionary,2549.3126878705907
USER_0074,2026-06-11,-187.2769849203393,discretionary,2362.0357029502516
USER_0074,2026-06-12,-815.2112252291428,discretionary,1546.824477721109
USER_0074,2026-06-13,-535.5988565233101,discretionary,1011.2256211977988
USER_0074,2026-06-14,-329.9541763366539,discretionary,681.2714448611448
USER_0074,2026-06-15,-143.0547761828555,discretionary,538.2166686782894
USER_0074,2026-06-16,-430.8661033683971,discretionary,107.35056530989226
USER_0074,2026-06-17,-156.86771182522324,discretionary,-49.51714651533098
USER_0074,2026-06-18,-274.9973623395853,discretionary,-324.5145088549163
USER_0074,2026-06-19,-164.04675399788877,discretionary,-488.56126285280504
USER_0074,2026-06-20,-158.9324986475314,discretionary,-647.4937615003364
USER_0074,2026-06-21,-233.7024374033033,discretionary,-881.1961989036397
USER_0074,2026-06-22,-287.9723859235438,discretionary,-1169.1685848271836
USER_0074,2026-06-23,-260.6021427705457,discretionary,-1429.7707275977293
USER_0074,2026-06-24,-172.04515340251223,discretionary,-1601.8158810002415
USER_0074,2026-06-25,-341.59305929686786,discretionary,-1943.4089402971094
USER_0074,2026-06-26,-177.93274186543235,discretionary,-2121.341682162542
USER_0074,2026-06-27,-313.07169382562495,discretionary,-2434.413375988167
USER_0074,2026-06-28,30000.0,income_salary,27565.586624011834
USER_0074,2026-06-28,-410.3455432320446,discretionary,27155.24108077979
USER_0074,2026-06-29,-337.22168605471893,discretionary,26818.01939472507
USER_0074,2026-06-30,-210.06195327602586,discretionary,26607.957441449045
USER_0074,2026-07-01,-5040.965014772879,fixed_rent,21566.992426676166
USER_0074,2026-07-01,-172.20265641397023,discretionary,21394.789770262196
USER_0074,2026-07-02,-111.73932334466447,discretionary,21283.050446917532
USER_0074,2026-07-03,-521.3454466317212,discretionary,20761.705000285812
USER_0074,2026-07-04,-232.74329352365945,discretionary,20528.96170676215
USER_0074,2026-07-05,-168.15170623917064,discretionary,20360.81000052298
USER_0074,2026-07-06,-303.47851715055174,discretionary,20057.33148337243
USER_0074,2026-07-07,-303.19344175452454,discretionary,19754.138041617905
USER_0074,2026-07-08,-185.5799412205915,discretionary,19568.558100397313
USER_0074,2026-07-09,-267.7403909380628,discretionary,19300.81770945925
USER_0074,2026-07-10,-105.88691539299731,discretionary,19194.93079406625
USER_0074,2026-07-11,-205.49060475127112,discretionary,18989.44018931498
USER_0074,2026-07-12,-162.16566047126423,discretionary,18827.274528843718
USER_0074,2026-07-13,-274.16482533236353,discretionary,18553.109703511356
USER_0074,2026-07-14,-143.3401163869272,discretionary,18409.76958712443
USER_0074,2026-07-15,-254.01005946764468,discretionary,18155.759527656784
USER_0074,2026-07-16,-256.27557149105377,discretionary,17899.48395616573
USER_0074,2026-07-17,-376.3460241834347,discretionary,17523.137931982295
USER_0074,2026-07-18,-211.22376567486165,discretionary,17311.914166307433
USER_0074,2026-07-19,-305.1226846672437,discretionary,17006.79148164019
USER_0074,2026-07-20,-347.56412640883076,discretionary,16659.22735523136
USER_0074,2026-07-21,-276.45370411520014,discretionary,16382.77365111616
USER_0074,2026-07-22,-366.8173390522707,discretionary,16015.956312063889
USER_0074,2026-07-23,-226.30278531044584,discretionary,15789.653526753444
USER_0074,2026-07-24,-243.5623343792382,discretionary,15546.091192374206
USER_0074,2026-07-25,-406.8275118797392,discretionary,15139.263680494467
USER_0074,2026-07-26,-223.95270770718156,discretionary,14915.310972787285
USER_0074,2026-07-27,-162.82805102176715,discretionary,14752.482921765519
USER_0074,2026-07-28,30000.0,income_salary,44752.48292176552
USER_0074,2026-07-28,-86.7032339606386,discretionary,44665.77968780488
USER_0074,2026-07-29,-81.87565237559808,discretionary,44583.90403542929
USER_0074,2026-07-30,-205.3231411965161,discretionary,44378.58089423277
USER_0074,2026-07-31,-122.4543308351014,discretionary,44256.12656339767
USER_0074,2026-08-01,-5040.965014772879,fixed_rent,39215.16154862479
USER_0074,2026-08-01,-222.7986909120347,discretionary,38992.36285771275
USER_0074,2026-08-02,-174.46566809628436,discretionary,38817.897189616466
USER_0074,2026-08-03,-346.3638323511258,discretionary,38471.53335726534
USER_0074,2026-08-04,-266.02074452499255,discretionary,38205.51261274035
USER_0074,2026-08-05,-253.57263231634005,discretionary,37951.93998042401
USER_0074,2026-08-06,-803.8521945367343,discretionary,37148.08778588728
USER_0074,2026-08-07,-347.0673299988688,discretionary,36801.02045588841
USER_0074,2026-08-08,-114.56628874055146,discretionary,36686.45416714786
USER_0074,2026-08-09,-160.6097648013703,discretionary,36525.84440234649
USER_0074,2026-08-10,-363.0431878879522,discretionary,36162.80121445854
USER_0074,2026-08-11,-246.9010525599431,discretionary,35915.90016189859
USER_0074,2026-08-12,-215.8754895115375,discretionary,35700.02467238706
USER_0074,2026-08-13,-423.8889156160507,discretionary,35276.13575677101
USER_0074,2026-08-14,-141.66630007286255,discretionary,35134.46945669814
USER_0074,2026-08-15,-276.6904771671282,discretionary,34857.77897953102
USER_0074,2026-08-16,-214.40803952267268,discretionary,34643.370940008346
USER_0074,2026-08-17,-166.5498068806845,discretionary,34476.82113312766
USER_0074,2026-08-18,-515.2188147499397,discretionary,33961.60231837772
USER_0074,2026-08-19,-143.58882041808167,discretionary,33818.01349795964
USER_0074,2026-08-20,-298.0287507021946,discretionary,33519.98474725745
USER_0074,2026-08-21,-378.7425161807531,discretionary,33141.24223107669
USER_0074,2026-08-22,-294.39691072891986,discretionary,32846.84532034777
USER_0074,2026-08-23,-552.357359043361,discretionary,32294.487961304407
USER_0074,2026-08-24,-384.6690637528894,discretionary,31909.81889755152
USER_0074,2026-08-25,-264.8695655090536,discretionary,31644.949332042466
USER_0074,2026-08-26,-151.13119453584616,discretionary,31493.81813750662
USER_0074,2026-08-27,-384.2543157859609,discretionary,31109.563821720658
USER_0074,2026-08-28,30000.0,income_salary,61109.56382172066
USER_0074,2026-08-28,-193.31402064631828,discretionary,60916.24980107434
USER_0074,2026-08-29,-137.89941627278142,discretionary,60778.35038480155
USER_0075,2026-06-01,-472.8510945541103,discretionary,4527.14890544589
USER_0075,2026-06-02,-176.4806370503274,discretionary,4350.668268395562
USER_0075,2026-06-03,-97.98994090976285,discretionary,4252.6783274858
USER_0075,2026-06-04,-578.4011582952728,discretionary,3674.2771691905273
USER_0075,2026-06-05,-236.67335693213775,discretionary,3437.6038122583896
USER_0075,2026-06-06,-296.3628242117837,discretionary,3141.2409880466057
USER_0075,2026-06-07,-463.0615205306897,discretionary,2678.1794675159163
USER_0075,2026-06-08,-135.57404278504353,discretionary,2542.6054247308725
USER_0075,2026-06-09,-134.744714741081,discretionary,2407.8607099897918
USER_0075,2026-06-10,-74.95937006350727,discretionary,2332.9013399262844
USER_0075,2026-06-11,-127.36779479337325,discretionary,2205.533545132911
USER_0075,2026-06-12,-542.0188414467959,discretionary,1663.5147036861151
USER_0075,2026-06-13,-196.13369702493688,discretionary,1467.3810066611782
USER_0075,2026-06-14,-406.6258806038625,discretionary,1060.7551260573157
USER_0075,2026-06-15,-290.87360181140855,discretionary,769.8815242459071
USER_0075,2026-06-16,-323.4743997273329,discretionary,446.4071245185742
USER_0075,2026-06-17,-234.05585332500902,discretionary,212.3512711935652
USER_0075,2026-06-18,-266.4135265998745,discretionary,-54.062255406309305
USER_0075,2026-06-19,-230.52152983581703,discretionary,-284.58378524212634
USER_0075,2026-06-20,-250.6750124461496,discretionary,-535.258797688276
USER_0075,2026-06-21,-136.1583552379311,discretionary,-671.4171529262071
USER_0075,2026-06-22,-290.72530852282875,discretionary,-962.1424614490359
USER_0075,2026-06-23,-298.0133162099679,discretionary,-1260.155777659004
USER_0075,2026-06-24,-127.54838684824234,discretionary,-1387.7041645072463
USER_0075,2026-06-25,-511.6800677578564,discretionary,-1899.3842322651028
USER_0075,2026-06-26,-260.1703101893077,discretionary,-2159.5545424544107
USER_0075,2026-06-27,-86.01690765798504,discretionary,-2245.5714501123957
USER_0075,2026-06-28,30000.0,income_salary,27754.428549887605
USER_0075,2026-06-28,-255.39837663250353,discretionary,27499.0301732551
USER_0075,2026-06-29,-383.6367723758409,discretionary,27115.39340087926
USER_0075,2026-06-30,-174.52725122201497,discretionary,26940.866149657246
USER_0075,2026-07-01,-8596.580171872145,fixed_rent,18344.2859777851
USER_0075,2026-07-01,-320.66281825582126,discretionary,18023.62315952928
USER_0075,2026-07-02,-443.06465987233923,discretionary,17580.55849965694
USER_0075,2026-07-03,-146.11086465306028,discretionary,17434.447635003882
USER_0075,2026-07-04,-146.33231576829414,discretionary,17288.11531923559
USER_0075,2026-07-05,-233.9122334511499,discretionary,17054.20308578444
USER_0075,2026-07-06,-351.3174314056889,discretionary,16702.88565437875
USER_0075,2026-07-07,-967.8000630746411,discretionary,15735.08559130411
USER_0075,2026-07-08,-293.707423834704,discretionary,15441.378167469407
USER_0075,2026-07-09,-156.56920043552813,discretionary,15284.80896703388
USER_0075,2026-07-10,-618.8326827894391,discretionary,14665.97628424444
USER_0075,2026-07-11,-182.98514392689512,discretionary,14482.991140317545
USER_0075,2026-07-12,-153.69893331348743,discretionary,14329.292207004057
USER_0075,2026-07-13,-804.2316550193135,discretionary,13525.060551984743
USER_0075,2026-07-14,-105.92521432202011,discretionary,13419.135337662723
USER_0075,2026-07-15,-322.62116966845826,discretionary,13096.514167994264
USER_0075,2026-07-16,-397.29213370159977,discretionary,12699.222034292665
USER_0075,2026-07-17,-305.40736904645547,discretionary,12393.81466524621
USER_0075,2026-07-18,-142.18457164575187,discretionary,12251.630093600457
USER_0075,2026-07-19,-267.64865209142863,discretionary,11983.98144150903
USER_0075,2026-07-20,-99.81559949750441,discretionary,11884.165842011525
USER_0075,2026-07-21,-237.49286831448828,discretionary,11646.672973697037
USER_0075,2026-07-22,-190.19726564618134,discretionary,11456.475708050855
USER_0075,2026-07-23,-190.02564308825154,discretionary,11266.450064962604
USER_0075,2026-07-24,-190.81790712091572,discretionary,11075.632157841688
USER_0075,2026-07-25,-288.34423931425175,discretionary,10787.287918527436
USER_0075,2026-07-26,-98.37967759415203,discretionary,10688.908240933284
USER_0075,2026-07-27,-188.43162937295554,discretionary,10500.476611560329
USER_0075,2026-07-28,30000.0,income_salary,40500.47661156033
USER_0075,2026-07-28,-329.5096104192199,discretionary,40170.96700114111
USER_0075,2026-07-29,-399.2466099160668,discretionary,39771.72039122504
USER_0075,2026-07-30,-251.57822407053513,discretionary,39520.1421671545
USER_0075,2026-07-31,-255.0023864412708,discretionary,39265.13978071323
USER_0075,2026-08-01,-8596.580171872145,fixed_rent,30668.559608841086
USER_0075,2026-08-01,-305.3563497899134,discretionary,30363.203259051174
USER_0075,2026-08-02,-134.25673841034697,discretionary,30228.946520640828
USER_0075,2026-08-03,-136.06475275054973,discretionary,30092.881767890278
USER_0075,2026-08-04,-437.40462638136995,discretionary,29655.47714150891
USER_0075,2026-08-05,-121.76771618109824,discretionary,29533.709425327812
USER_0075,2026-08-06,-249.5011226991482,discretionary,29284.208302628664
USER_0075,2026-08-07,-336.9581780150414,discretionary,28947.250124613623
USER_0075,2026-08-08,-738.4878678368492,discretionary,28208.762256776776
USER_0075,2026-08-09,-211.58846031634744,discretionary,27997.17379646043
USER_0075,2026-08-10,-224.57999622312437,discretionary,27772.593800237304
USER_0075,2026-08-11,-192.49262175691692,discretionary,27580.10117848039
USER_0075,2026-08-12,-501.6194299739787,discretionary,27078.48174850641
USER_0075,2026-08-13,-224.71062952713032,discretionary,26853.77111897928
USER_0075,2026-08-14,-318.7229167427696,discretionary,26535.04820223651
USER_0075,2026-08-15,-270.9271140687093,discretionary,26264.1210881678
USER_0075,2026-08-16,-297.17299740711184,discretionary,25966.94809076069
USER_0075,2026-08-17,-170.19605884593992,discretionary,25796.752031914748
USER_0075,2026-08-18,-154.08982176070685,discretionary,25642.66221015404
USER_0075,2026-08-19,-226.01738828386866,discretionary,25416.644821870173
USER_0075,2026-08-20,-301.79734422869814,discretionary,25114.847477641477
USER_0075,2026-08-21,-428.1539923681132,discretionary,24686.693485273365
USER_0075,2026-08-22,-339.25343570158077,discretionary,24347.440049571785
USER_0075,2026-08-23,-117.13746831352155,discretionary,24230.302581258264
USER_0075,2026-08-24,-346.91484267270977,discretionary,23883.387738585552
USER_0075,2026-08-25,-227.2921777658951,discretionary,23656.095560819656
USER_0075,2026-08-26,-108.89816553014623,discretionary,23547.19739528951
USER_0075,2026-08-27,-222.8739091250374,discretionary,23324.32348616447
USER_0075,2026-08-28,30000.0,income_salary,53324.323486164474
USER_0075,2026-08-28,-332.27447848393774,discretionary,52992.049007680536
USER_0075,2026-08-29,-143.06698502459375,discretionary,52848.982022655946
USER_0076,2026-06-01,-411.0442884415194,discretionary,4588.95571155848
USER_0076,2026-06-02,-173.91509532326995,discretionary,4415.04061623521
USER_0076,2026-06-03,-255.96765522590874,discretionary,4159.072961009301
USER_0076,2026-06-04,-326.99222458094795,discretionary,3832.0807364283532
USER_0076,2026-06-05,-63.40677868120942,discretionary,3768.673957747144
USER_0076,2026-06-06,-223.4335176055997,discretionary,3545.2404401415442
USER_0076,2026-06-07,-167.33929166047088,discretionary,3377.9011484810735
USER_0076,2026-06-08,-162.25862920994234,discretionary,3215.6425192711313
USER_0076,2026-06-09,-461.10937459184254,discretionary,2754.533144679289
USER_0076,2026-06-10,-588.7656667636943,discretionary,2165.7674779155946
USER_0076,2026-06-11,-199.82398541204324,discretionary,1965.9434925035514
USER_0076,2026-06-12,-161.40369504949646,discretionary,1804.539797454055
USER_0076,2026-06-13,-376.863972713572,discretionary,1427.6758247404828
USER_0076,2026-06-14,-121.36668654049551,discretionary,1306.3091381999873
USER_0076,2026-06-15,-142.96093600501098,discretionary,1163.3482021949762
USER_0076,2026-06-16,-155.41405315672696,discretionary,1007.9341490382493
USER_0076,2026-06-17,-416.84017852453627,discretionary,591.093970513713
USER_0076,2026-06-18,-274.59038741652574,discretionary,316.50358309718723
USER_0076,2026-06-19,-205.5208676914837,discretionary,110.98271540570354
USER_0076,2026-06-20,-134.48156277030319,discretionary,-23.49884736459964
USER_0076,2026-06-21,-223.8696608225455,discretionary,-247.36850818714515
USER_0076,2026-06-22,-151.64706378216403,discretionary,-399.0155719693092
USER_0076,2026-06-23,-442.0341474874107,discretionary,-841.0497194567199
USER_0076,2026-06-24,-244.48114852077723,discretionary,-1085.530867977497
USER_0076,2026-06-25,-597.6919701356279,discretionary,-1683.222838113125
USER_0076,2026-06-26,-321.66443926238566,discretionary,-2004.8872773755106
USER_0076,2026-06-27,-129.76517859579212,discretionary,-2134.6524559713025
USER_0076,2026-06-28,25000.0,income_salary,22865.347544028697
USER_0076,2026-06-28,-109.43903092510334,discretionary,22755.908513103594
USER_0076,2026-06-29,-194.32605550878353,discretionary,22561.58245759481
USER_0076,2026-06-30,-168.6101547588357,discretionary,22392.972302835973
USER_0076,2026-07-01,-7517.296844107503,fixed_rent,14875.67545872847
USER_0076,2026-07-01,-149.39976223475188,discretionary,14726.275696493718
USER_0076,2026-07-02,-113.37100387141825,discretionary,14612.9046926223
USER_0076,2026-07-03,-168.0950954289854,discretionary,14444.809597193314
USER_0076,2026-07-04,-244.63174260930975,discretionary,14200.177854584004
USER_0076,2026-07-05,-128.39509865122014,discretionary,14071.782755932783
USER_0076,2026-07-06,-232.59974330385634,discretionary,13839.183012628928
USER_0076,2026-07-07,-357.18390870073387,discretionary,13481.999103928194
USER_0076,2026-07-08,-192.80531691952433,discretionary,13289.19378700867
USER_0076,2026-07-09,-264.58259194599384,discretionary,13024.611195062676
USER_0076,2026-07-10,-229.98213251156415,discretionary,12794.629062551112
USER_0076,2026-07-11,-185.9869613720407,discretionary,12608.642101179072
USER_0076,2026-07-12,-215.4009748707228,discretionary,12393.241126308349
USER_0076,2026-07-13,-97.89855338123976,discretionary,12295.34257292711
USER_0076,2026-07-14,-210.03720046248029,discretionary,12085.305372464629
USER_0076,2026-07-15,-270.75408562197276,discretionary,11814.551286842656
USER_0076,2026-07-16,-255.4726914531343,discretionary,11559.078595389521
USER_0076,2026-07-17,-48.16865463811205,discretionary,11510.90994075141
USER_0076,2026-07-18,-160.19606789810695,discretionary,11350.713872853303
USER_0076,2026-07-19,-222.1696500739468,discretionary,11128.544222779356
USER_0076,2026-07-20,-451.29810662706893,discretionary,10677.246116152286
USER_0076,2026-07-21,-145.9292042626649,discretionary,10531.31691188962
USER_0076,2026-07-22,-75.79851961378338,discretionary,10455.518392275837
USER_0076,2026-07-23,-287.13935200762296,discretionary,10168.379040268213
USER_0076,2026-07-24,-240.68703651324932,discretionary,9927.692003754964
USER_0076,2026-07-25,-517.6521446509018,discretionary,9410.039859104063
USER_0076,2026-07-26,-186.73469249257846,discretionary,9223.305166611484
USER_0076,2026-07-27,-174.62484542026664,discretionary,9048.680321191217
USER_0076,2026-07-28,25000.0,income_salary,34048.68032119122
USER_0076,2026-07-28,-201.12264854262844,discretionary,33847.55767264859
USER_0076,2026-07-29,-102.42976806302437,discretionary,33745.12790458556
USER_0076,2026-07-30,-455.86329780770734,discretionary,33289.264606777855
USER_0076,2026-07-31,-323.47192588905875,discretionary,32965.79268088879
USER_0076,2026-08-01,-7517.296844107503,fixed_rent,25448.49583678129
USER_0076,2026-08-01,-119.5559380752823,discretionary,25328.93989870601
USER_0076,2026-08-02,-275.9145363540442,discretionary,25053.025362351964
USER_0076,2026-08-03,-454.18176635907236,discretionary,24598.84359599289
USER_0076,2026-08-04,-328.843346192676,discretionary,24270.000249800214
USER_0076,2026-08-05,-331.76291741455094,discretionary,23938.237332385663
USER_0076,2026-08-06,-435.8601266383799,discretionary,23502.37720574728
USER_0076,2026-08-07,-159.53968953661322,discretionary,23342.837516210668
USER_0076,2026-08-08,-151.2329399113371,discretionary,23191.60457629933
USER_0076,2026-08-09,-649.3599466125517,discretionary,22542.24462968678
USER_0076,2026-08-10,-343.9622160915813,discretionary,22198.282413595196
USER_0076,2026-08-11,-546.384681185725,discretionary,21651.89773240947
USER_0076,2026-08-12,-351.95812097386914,discretionary,21299.939611435602
USER_0076,2026-08-13,-230.68440944881735,discretionary,21069.255201986784
USER_0076,2026-08-14,-317.21612875206137,discretionary,20752.039073234722
USER_0076,2026-08-15,-211.34692581626467,discretionary,20540.692147418456
USER_0076,2026-08-16,-168.2382690714687,discretionary,20372.453878346987
USER_0076,2026-08-17,-127.36184919379419,discretionary,20245.09202915319
USER_0076,2026-08-18,-372.2667928548535,discretionary,19872.825236298337
USER_0076,2026-08-19,-264.1003004668029,discretionary,19608.724935831535
USER_0076,2026-08-20,-153.0659660537111,discretionary,19455.658969777825
USER_0076,2026-08-21,-196.30707685621695,discretionary,19259.351892921608
USER_0076,2026-08-22,-845.6651798319613,discretionary,18413.686713089646
USER_0076,2026-08-23,-441.5249490751775,discretionary,17972.16176401447
USER_0076,2026-08-24,-212.67724483345552,discretionary,17759.484519181013
USER_0076,2026-08-25,-308.022251253971,discretionary,17451.462267927043
USER_0076,2026-08-26,-294.61491021607094,discretionary,17156.847357710973
USER_0076,2026-08-27,-516.5345829435595,discretionary,16640.31277476741
USER_0076,2026-08-28,25000.0,income_salary,41640.312774767415
USER_0076,2026-08-28,-274.55655291646104,discretionary,41365.756221850956
USER_0076,2026-08-29,-319.6563128698312,discretionary,41046.09990898112
USER_0077,2026-06-01,-149.81157200527713,discretionary,4850.188427994723
USER_0077,2026-06-02,-140.67797780312986,discretionary,4709.510450191593
USER_0077,2026-06-03,-208.5178295487779,discretionary,4500.992620642815
USER_0077,2026-06-04,-164.04021233329098,discretionary,4336.952408309525
USER_0077,2026-06-05,-152.29165565207256,discretionary,4184.660752657453
USER_0077,2026-06-06,-420.15140707004184,discretionary,3764.5093455874107
USER_0077,2026-06-07,-527.4310203366401,discretionary,3237.078325250771
USER_0077,2026-06-08,-186.67991073661983,discretionary,3050.398414514151
USER_0077,2026-06-09,-324.30170411566456,discretionary,2726.0967103984867
USER_0077,2026-06-10,-151.18864783370745,discretionary,2574.9080625647794
USER_0077,2026-06-11,-283.3874834049219,discretionary,2291.5205791598573
USER_0077,2026-06-12,-126.15222893048889,discretionary,2165.3683502293684
USER_0077,2026-06-13,-442.51352653240065,discretionary,1722.8548236969677
USER_0077,2026-06-14,-216.65106422708578,discretionary,1506.203759469882
USER_0077,2026-06-15,-214.31614062950456,discretionary,1291.8876188403774
USER_0077,2026-06-16,-323.1167447394963,discretionary,968.7708741008811
USER_0077,2026-06-17,-107.38218363338115,discretionary,861.3886904674999
USER_0077,2026-06-18,-395.9282761754368,discretionary,465.46041429206315
USER_0077,2026-06-19,-269.99426714992785,discretionary,195.4661471421353
USER_0077,2026-06-20,-230.84946412322273,discretionary,-35.38331698108743
USER_0077,2026-06-21,-424.95677823340833,discretionary,-460.34009521449576
USER_0077,2026-06-22,-141.04205357290994,discretionary,-601.3821487874056
USER_0077,2026-06-23,-89.96579655427757,discretionary,-691.3479453416833
USER_0077,2026-06-24,-149.32632353074223,discretionary,-840.6742688724255
USER_0077,2026-06-25,-366.00272973962365,discretionary,-1206.6769986120491
USER_0077,2026-06-26,-243.0210461981263,discretionary,-1449.6980448101754
USER_0077,2026-06-27,-66.30976661505737,discretionary,-1516.0078114252328
USER_0077,2026-06-28,35000.0,income_salary,33483.99218857477
USER_0077,2026-06-28,-250.09399816022852,discretionary,33233.89819041454
USER_0077,2026-06-29,-347.69422483800037,discretionary,32886.20396557654
USER_0077,2026-06-30,-491.9849706190449,discretionary,32394.218994957497
USER_0077,2026-07-01,-5121.390618270013,fixed_rent,27272.828376687485
USER_0077,2026-07-01,-267.46484880663417,discretionary,27005.36352788085
USER_0077,2026-07-02,-170.55377649051633,discretionary,26834.809751390334
USER_0077,2026-07-03,-189.85701863224577,discretionary,26644.952732758087
USER_0077,2026-07-04,-125.33540417586228,discretionary,26519.617328582226
USER_0077,2026-07-05,-490.52178791440883,discretionary,26029.09554066782
USER_0077,2026-07-06,-136.887599041288,discretionary,25892.20794162653
USER_0077,2026-07-07,-115.26946990699933,discretionary,25776.93847171953
USER_0077,2026-07-08,-281.16782602113443,discretionary,25495.770645698398
USER_0077,2026-07-09,-178.2209841441076,discretionary,25317.54966155429
USER_0077,2026-07-10,-312.9914132180932,discretionary,25004.558248336198
USER_0077,2026-07-11,-129.01104192411142,discretionary,24875.547206412088
USER_0077,2026-07-12,-334.8149205676931,discretionary,24540.732285844395
USER_0077,2026-07-13,-424.3759671908226,discretionary,24116.356318653572
USER_0077,2026-07-14,-146.10486425736923,discretionary,23970.251454396202
USER_0077,2026-07-15,-491.4343937949221,discretionary,23478.81706060128
USER_0077,2026-07-16,-247.41177980769828,discretionary,23231.40528079358
USER_0077,2026-07-17,-435.46006263256356,discretionary,22795.945218161018
USER_0077,2026-07-18,-286.31478272526255,discretionary,22509.630435435756
USER_0077,2026-07-19,-277.6882675526842,discretionary,22231.942167883073
USER_0077,2026-07-20,-410.40177833569913,discretionary,21821.540389547376
USER_0077,2026-07-21,-209.02930454116608,discretionary,21612.51108500621
USER_0077,2026-07-22,-285.2141109773948,discretionary,21327.296974028814
USER_0077,2026-07-23,-314.7187144443007,discretionary,21012.578259584512
USER_0077,2026-07-24,-133.84547645981894,discretionary,20878.732783124695
USER_0077,2026-07-25,-266.36321506551593,discretionary,20612.369568059177
USER_0077,2026-07-26,-173.20506883635986,discretionary,20439.164499222818
USER_0077,2026-07-27,-220.46494237092028,discretionary,20218.699556851898
USER_0077,2026-07-28,35000.0,income_salary,55218.6995568519
USER_0077,2026-07-28,-135.08688401267383,discretionary,55083.61267283923
USER_0077,2026-07-29,-125.91191236868026,discretionary,54957.70076047054
USER_0077,2026-07-30,-207.86402680024568,discretionary,54749.836733670294
USER_0077,2026-07-31,-290.94484186293056,discretionary,54458.89189180736
USER_0077,2026-08-01,-5121.390618270013,fixed_rent,49337.501273537346
USER_0077,2026-08-01,-305.9530715089321,discretionary,49031.54820202841
USER_0077,2026-08-02,-256.26696625597333,discretionary,48775.28123577244
USER_0077,2026-08-03,-304.21228990163183,discretionary,48471.06894587081
USER_0077,2026-08-04,-387.5296655775236,discretionary,48083.539280293284
USER_0077,2026-08-05,-1120.2685432109279,discretionary,46963.270737082355
USER_0077,2026-08-06,-192.73291278984794,discretionary,46770.53782429251
USER_0077,2026-08-07,-393.1380458783242,discretionary,46377.39977841418
USER_0077,2026-08-08,-463.3752928697737,discretionary,45914.02448554441
USER_0077,2026-08-09,-271.1812422715338,discretionary,45642.84324327288
USER_0077,2026-08-10,-330.92168882486436,discretionary,45311.92155444802
USER_0077,2026-08-11,-334.4531859687439,discretionary,44977.468368479276
USER_0077,2026-08-12,-154.9665137607933,discretionary,44822.50185471848
USER_0077,2026-08-13,-145.27610186281757,discretionary,44677.225752855666
USER_0077,2026-08-14,-392.096201755983,discretionary,44285.129551099686
USER_0077,2026-08-15,-310.7399079764856,discretionary,43974.3896431232
USER_0077,2026-08-16,-237.18754342077426,discretionary,43737.20209970242
USER_0077,2026-08-17,-702.5624627823171,discretionary,43034.6396369201
USER_0077,2026-08-18,-530.1707483536392,discretionary,42504.468888566465
USER_0077,2026-08-19,-207.5515555860501,discretionary,42296.91733298042
USER_0077,2026-08-20,-203.55987464864077,discretionary,42093.357458331775
USER_0077,2026-08-21,-181.99004212292917,discretionary,41911.36741620884
USER_0077,2026-08-22,-261.53549818334704,discretionary,41649.8319180255
USER_0077,2026-08-23,-189.20062395763574,discretionary,41460.63129406786
USER_0077,2026-08-24,-294.0212476178835,discretionary,41166.610046449976
USER_0077,2026-08-25,-462.7525106002328,discretionary,40703.85753584974
USER_0077,2026-08-26,-499.9796665548294,discretionary,40203.87786929491
USER_0077,2026-08-27,-348.17999270708077,discretionary,39855.69787658783
USER_0077,2026-08-28,35000.0,income_salary,74855.69787658783
USER_0077,2026-08-28,-99.93689864782546,discretionary,74755.76097794001
USER_0077,2026-08-29,-187.15348417495358,discretionary,74568.60749376506
USER_0078,2026-06-01,-112.21287876035373,discretionary,4887.787121239647
USER_0078,2026-06-02,-292.8025751755613,discretionary,4594.984546064085
USER_0078,2026-06-03,-114.8132093261572,discretionary,4480.171336737928
USER_0078,2026-06-04,-224.18378865752993,discretionary,4255.9875480803985
USER_0078,2026-06-05,-762.0970232405369,discretionary,3493.8905248398614
USER_0078,2026-06-06,-183.0497307155782,discretionary,3310.840794124283
USER_0078,2026-06-07,-184.2913256229615,discretionary,3126.549468501322
USER_0078,2026-06-08,-176.51729260829154,discretionary,2950.0321758930304
USER_0078,2026-06-09,-362.53055104613634,discretionary,2587.501624846894
USER_0078,2026-06-10,-199.49195617578852,discretionary,2388.009668671106
USER_0078,2026-06-11,-560.9723084173536,discretionary,1827.0373602537522
USER_0078,2026-06-12,-118.18377004829834,discretionary,1708.8535902054539
USER_0078,2026-06-13,-171.1977057266344,discretionary,1537.6558844788194
USER_0078,2026-06-14,-253.4321618763539,discretionary,1284.2237226024656
USER_0078,2026-06-15,-365.4871802934669,discretionary,918.7365423089987
USER_0078,2026-06-16,-185.25548109273555,discretionary,733.4810612162631
USER_0078,2026-06-17,-186.9378247549815,discretionary,546.5432364612816
USER_0078,2026-06-18,-168.22903305142347,discretionary,378.3142034098581
USER_0078,2026-06-19,-148.97665231193733,discretionary,229.3375510979208
USER_0078,2026-06-20,-168.72301600314984,discretionary,60.61453509477096
USER_0078,2026-06-21,-327.23312579781526,discretionary,-266.61859070304433
USER_0078,2026-06-22,-266.39453176489553,discretionary,-533.0131224679399
USER_0078,2026-06-23,-392.14441706009217,discretionary,-925.157539528032
USER_0078,2026-06-24,-166.64121048895754,discretionary,-1091.7987500169895
USER_0078,2026-06-25,-74.01764670077723,discretionary,-1165.8163967177668
USER_0078,2026-06-26,-124.37721132620214,discretionary,-1290.1936080439689
USER_0078,2026-06-27,-261.10597292044514,discretionary,-1551.299580964414
USER_0078,2026-06-28,35000.0,income_salary,33448.70041903559
USER_0078,2026-06-28,-495.17553279975516,discretionary,32953.524886235835
USER_0078,2026-06-29,-426.9375386864779,discretionary,32526.587347549357
USER_0078,2026-06-30,-250.90780915727694,discretionary,32275.67953839208
USER_0078,2026-07-01,-6313.663156365204,fixed_rent,25962.016382026875
USER_0078,2026-07-01,-188.8496813963406,discretionary,25773.166700630536
USER_0078,2026-07-02,-109.6742201363955,discretionary,25663.49248049414
USER_0078,2026-07-03,-58.937216681522486,discretionary,25604.555263812617
USER_0078,2026-07-04,-416.7451786406954,discretionary,25187.81008517192
USER_0078,2026-07-05,-160.03729229982363,discretionary,25027.772792872096
USER_0078,2026-07-06,-116.99911571696617,discretionary,24910.773677155128
USER_0078,2026-07-07,-288.7855093027243,discretionary,24621.988167852403
USER_0078,2026-07-08,-391.5721150426861,discretionary,24230.416052809716
USER_0078,2026-07-09,-551.224902472665,discretionary,23679.19115033705
USER_0078,2026-07-10,-261.98311145683687,discretionary,23417.208038880213
USER_0078,2026-07-11,-166.78417537293626,discretionary,23250.423863507276
USER_0078,2026-07-12,-648.8574414381687,discretionary,22601.566422069107
USER_0078,2026-07-13,-213.57622297730072,discretionary,22387.990199091808
USER_0078,2026-07-14,-402.28866566079034,discretionary,21985.701533431016
USER_0078,2026-07-15,-230.79555326005993,discretionary,21754.905980170955
USER_0078,2026-07-16,-164.55032118577262,discretionary,21590.355658985183
USER_0078,2026-07-17,-291.0681109346456,discretionary,21299.28754805054
USER_0078,2026-07-18,-212.8934010983432,discretionary,21086.394146952196
USER_0078,2026-07-19,-345.7568842278884,discretionary,20740.637262724307
USER_0078,2026-07-20,-419.09097056813584,discretionary,20321.54629215617
USER_0078,2026-07-21,-95.20847236662276,discretionary,20226.337819789547
USER_0078,2026-07-22,-225.2348532090138,discretionary,20001.102966580533
USER_0078,2026-07-23,-674.8851954083801,discretionary,19326.217771172152
USER_0078,2026-07-24,-174.49438793449812,discretionary,19151.723383237655
USER_0078,2026-07-25,-297.7575221116989,discretionary,18853.965861125955
USER_0078,2026-07-26,-190.78111507636305,discretionary,18663.184746049592
USER_0078,2026-07-27,-189.52787518166943,discretionary,18473.656870867922
USER_0078,2026-07-28,35000.0,income_salary,53473.656870867926
USER_0078,2026-07-28,-523.9686753082997,discretionary,52949.688195559625
USER_0078,2026-07-29,-348.26818684542036,discretionary,52601.4200087142
USER_0078,2026-07-30,-157.9500482287257,discretionary,52443.469960485476
USER_0078,2026-07-31,-379.44192851168475,discretionary,52064.028031973794
USER_0078,2026-08-01,-6313.663156365204,fixed_rent,45750.36487560859
USER_0078,2026-08-01,-175.1123920494757,discretionary,45575.25248355911
USER_0078,2026-08-02,-123.49805934174182,discretionary,45451.75442421737
USER_0078,2026-08-03,-336.7351140364419,discretionary,45115.01931018093
USER_0078,2026-08-04,-413.92953138498507,discretionary,44701.08977879594
USER_0078,2026-08-05,-495.4362620022457,discretionary,44205.653516793696
USER_0078,2026-08-06,-142.78207808655753,discretionary,44062.87143870714
USER_0078,2026-08-07,-105.25048562737928,discretionary,43957.62095307976
USER_0078,2026-08-08,-326.1026318147235,discretionary,43631.51832126503
USER_0078,2026-08-09,-214.36066304595693,discretionary,43417.157658219076
USER_0078,2026-08-10,-234.0153360268028,discretionary,43183.142322192274
USER_0078,2026-08-11,-370.14069711157583,discretionary,42813.001625080695
USER_0078,2026-08-12,-174.16236867422379,discretionary,42638.83925640647
USER_0078,2026-08-13,-182.93250517633604,discretionary,42455.90675123013
USER_0078,2026-08-14,-365.6190119184853,discretionary,42090.28773931165
USER_0078,2026-08-15,-300.8132133939317,discretionary,41789.47452591772
USER_0078,2026-08-16,-154.32385211902616,discretionary,41635.15067379869
USER_0078,2026-08-17,-171.76972471539634,discretionary,41463.380949083294
USER_0078,2026-08-18,-305.96468221167476,discretionary,41157.416266871616
USER_0078,2026-08-19,-424.98638716455656,discretionary,40732.42987970706
USER_0078,2026-08-20,-429.6518342942261,discretionary,40302.77804541283
USER_0078,2026-08-21,-152.08365526681848,discretionary,40150.69439014601
USER_0078,2026-08-22,-275.904929083227,discretionary,39874.789461062785
USER_0078,2026-08-23,-251.00931330704756,discretionary,39623.78014775574
USER_0078,2026-08-24,-255.05408699084785,discretionary,39368.726060764886
USER_0078,2026-08-25,-320.3640106965029,discretionary,39048.36205006838
USER_0078,2026-08-26,-97.42528902451485,discretionary,38950.93676104387
USER_0078,2026-08-27,-143.72479864530558,discretionary,38807.21196239856
USER_0078,2026-08-28,35000.0,income_salary,73807.21196239856
USER_0078,2026-08-28,-325.8217975341721,discretionary,73481.3901648644
USER_0078,2026-08-29,-239.06031953838422,discretionary,73242.329845326
USER_0079,2026-06-01,-113.52439911628092,discretionary,4886.475600883719
USER_0079,2026-06-02,-115.69591730143932,discretionary,4770.77968358228
USER_0079,2026-06-03,-205.0271765169938,discretionary,4565.752507065286
USER_0079,2026-06-04,-121.1545295505145,discretionary,4444.597977514772
USER_0079,2026-06-05,-498.5945168350336,discretionary,3946.003460679738
USER_0079,2026-06-06,-202.05469228781874,discretionary,3743.948768391919
USER_0079,2026-06-07,-164.36304727834835,discretionary,3579.585721113571
USER_0079,2026-06-08,-149.5752784845621,discretionary,3430.0104426290086
USER_0079,2026-06-09,-77.19031656829645,discretionary,3352.820126060712
USER_0079,2026-06-10,-120.7856723825036,discretionary,3232.0344536782086
USER_0079,2026-06-11,-386.91648806692655,discretionary,2845.117965611282
USER_0079,2026-06-12,-244.99192950775878,discretionary,2600.1260361035233
USER_0079,2026-06-13,-369.05305936245435,discretionary,2231.072976741069
USER_0079,2026-06-14,-132.8844102373217,discretionary,2098.188566503747
USER_0079,2026-06-15,-1005.4340715980662,discretionary,1092.754494905681
USER_0079,2026-06-16,-139.4790476099843,discretionary,953.2754472956967
USER_0079,2026-06-17,-475.5134856560825,discretionary,477.76196163961424
USER_0079,2026-06-18,-672.5271516661891,discretionary,-194.76519002657483
USER_0079,2026-06-19,-228.65957073010617,discretionary,-423.424760756681
USER_0079,2026-06-20,-194.1847146888685,discretionary,-617.6094754455495
USER_0079,2026-06-21,-89.94282382070996,discretionary,-707.5522992662594
USER_0079,2026-06-22,-218.1252242618136,discretionary,-925.677523528073
USER_0079,2026-06-23,-357.8299386696498,discretionary,-1283.5074621977228
USER_0079,2026-06-24,-371.4843338322835,discretionary,-1654.9917960300063
USER_0079,2026-06-25,-239.75540415238896,discretionary,-1894.7472001823953
USER_0079,2026-06-26,-379.1640417245122,discretionary,-2273.9112419069074
USER_0079,2026-06-27,-568.327707503752,discretionary,-2842.238949410659
USER_0079,2026-06-28,25000.0,income_salary,22157.76105058934
USER_0079,2026-06-28,-213.25031334278378,discretionary,21944.510737246554
USER_0079,2026-06-29,-186.49341350806716,discretionary,21758.017323738488
USER_0079,2026-06-30,-270.9262236175366,discretionary,21487.09110012095
USER_0079,2026-07-01,-8121.103101416846,fixed_rent,13365.987998704104
USER_0079,2026-07-01,-372.9375646083392,discretionary,12993.050434095765
USER_0079,2026-07-02,-98.99121240299272,discretionary,12894.059221692773
USER_0079,2026-07-03,-404.0091616776417,discretionary,12490.050060015132
USER_0079,2026-07-04,-255.2867789294936,discretionary,12234.763281085638
USER_0079,2026-07-05,-168.51822333124016,discretionary,12066.245057754397
USER_0079,2026-07-06,-105.26086156919776,discretionary,11960.9841961852
USER_0079,2026-07-07,-131.5374897610177,discretionary,11829.446706424182
USER_0079,2026-07-08,-450.99241129097527,discretionary,11378.454295133206
USER_0079,2026-07-09,-116.31654812334838,discretionary,11262.137747009858
USER_0079,2026-07-10,-321.4740232535688,discretionary,10940.663723756288
USER_0079,2026-07-11,-502.559987627377,discretionary,10438.10373612891
USER_0079,2026-07-12,-258.0444979764567,discretionary,10180.059238152455
USER_0079,2026-07-13,-294.8292893851639,discretionary,9885.229948767292
USER_0079,2026-07-14,-134.5681669996239,discretionary,9750.661781767667
USER_0079,2026-07-15,-199.16564913589323,discretionary,9551.496132631773
USER_0079,2026-07-16,-146.4417819586343,discretionary,9405.05435067314
USER_0079,2026-07-17,-227.922505706093,discretionary,9177.131844967047
USER_0079,2026-07-18,-146.96634522432328,discretionary,9030.165499742723
USER_0079,2026-07-19,-403.03451043527565,discretionary,8627.130989307447
USER_0079,2026-07-20,-168.73329427306655,discretionary,8458.39769503438
USER_0079,2026-07-21,-133.55068964375474,discretionary,8324.847005390626
USER_0079,2026-07-22,-134.56744552381082,discretionary,8190.279559866815
USER_0079,2026-07-23,-134.95486722122283,discretionary,8055.324692645592
USER_0079,2026-07-24,-274.12641139383453,discretionary,7781.198281251758
USER_0079,2026-07-25,-332.802852378189,discretionary,7448.3954288735695
USER_0079,2026-07-26,-108.9348615777924,discretionary,7339.460567295777
USER_0079,2026-07-27,-270.0111002490117,discretionary,7069.449467046765
USER_0079,2026-07-28,25000.0,income_salary,32069.449467046765
USER_0079,2026-07-28,-441.3649699314452,discretionary,31628.08449711532
USER_0079,2026-07-29,-173.38682796033424,discretionary,31454.697669154986
USER_0079,2026-07-30,-228.83418120205442,discretionary,31225.86348795293
USER_0079,2026-07-31,-169.03978100159736,discretionary,31056.823706951334
USER_0079,2026-08-01,-8121.103101416846,fixed_rent,22935.720605534487
USER_0079,2026-08-01,-146.1499072008856,discretionary,22789.570698333602
USER_0079,2026-08-02,-372.1919278636683,discretionary,22417.378770469935
USER_0079,2026-08-03,-252.77980966868466,discretionary,22164.59896080125
USER_0079,2026-08-04,-169.16097486303323,discretionary,21995.437985938217
USER_0079,2026-08-05,-387.79728319416404,discretionary,21607.640702744055
USER_0079,2026-08-06,-69.19235525766415,discretionary,21538.448347486392
USER_0079,2026-08-07,-232.46517212608512,discretionary,21305.983175360307
USER_0079,2026-08-08,-369.67377393910755,discretionary,20936.3094014212
USER_0079,2026-08-09,-285.93756088875426,discretionary,20650.371840532447
USER_0079,2026-08-10,-242.91446542830806,discretionary,20407.45737510414
USER_0079,2026-08-11,-192.29497541357088,discretionary,20215.16239969057
USER_0079,2026-08-12,-472.13528551999826,discretionary,19743.02711417057
USER_0079,2026-08-13,-227.85479495658475,discretionary,19515.172319213987
USER_0079,2026-08-14,-159.18463658804328,discretionary,19355.987682625942
USER_0079,2026-08-15,-315.121695175415,discretionary,19040.86598745053
USER_0079,2026-08-16,-246.30160343414593,discretionary,18794.564384016383
USER_0079,2026-08-17,-277.36483513360935,discretionary,18517.199548882774
USER_0079,2026-08-18,-338.93504650339946,discretionary,18178.264502379374
USER_0079,2026-08-19,-215.6457766748178,discretionary,17962.618725704557
USER_0079,2026-08-20,-220.5290120129959,discretionary,17742.08971369156
USER_0079,2026-08-21,-206.48238419151662,discretionary,17535.607329500042
USER_0079,2026-08-22,-111.47924732238845,discretionary,17424.128082177653
USER_0079,2026-08-23,-240.12794844135294,discretionary,17184.0001337363
USER_0079,2026-08-24,-295.2511006814623,discretionary,16888.749033054835
USER_0079,2026-08-25,-614.1107636861607,discretionary,16274.638269368676
USER_0079,2026-08-26,-164.18304425464856,discretionary,16110.455225114027
USER_0079,2026-08-27,-155.4725518684468,discretionary,15954.98267324558
USER_0079,2026-08-28,25000.0,income_salary,40954.982673245584
USER_0079,2026-08-28,-494.57888008485827,discretionary,40460.40379316072
USER_0079,2026-08-29,-176.97983436153828,discretionary,40283.42395879918
USER_0080,2026-06-01,-643.7557248632687,discretionary,4356.244275136732
USER_0080,2026-06-02,-412.1851460489318,discretionary,3944.0591290877996
USER_0080,2026-06-03,-149.77231951386304,discretionary,3794.286809573937
USER_0080,2026-06-04,-417.7255678042692,discretionary,3376.5612417696675
USER_0080,2026-06-05,-396.8467958703366,discretionary,2979.7144458993307
USER_0080,2026-06-06,-156.05764293838396,discretionary,2823.6568029609466
USER_0080,2026-06-07,-299.1515278060032,discretionary,2524.5052751549433
USER_0080,2026-06-08,-135.26578866720956,discretionary,2389.2394864877338
USER_0080,2026-06-09,-260.23497521018237,discretionary,2129.0045112775515
USER_0080,2026-06-10,-287.111349209259,discretionary,1841.8931620682924
USER_0080,2026-06-11,-272.97237652992703,discretionary,1568.9207855383654
USER_0080,2026-06-12,-149.6464940023668,discretionary,1419.2742915359986
USER_0080,2026-06-13,-299.45416717657656,discretionary,1119.8201243594222
USER_0080,2026-06-14,-320.96375770479716,discretionary,798.8563666546249
USER_0080,2026-06-15,-252.7638529611192,discretionary,546.0925136935057
USER_0080,2026-06-16,-149.11338101382697,discretionary,396.97913267967874
USER_0080,2026-06-17,-233.82139098888948,discretionary,163.15774169078927
USER_0080,2026-06-18,-163.92771976331122,discretionary,-0.7699780725219512
USER_0080,2026-06-19,-531.0366284811635,discretionary,-531.8066065536855
USER_0080,2026-06-20,-456.96104705841503,discretionary,-988.7676536121005
USER_0080,2026-06-21,-206.15361815197875,discretionary,-1194.9212717640792
USER_0080,2026-06-22,-419.8754366619468,discretionary,-1614.796708426026
USER_0080,2026-06-23,-448.11198374517744,discretionary,-2062.9086921712033
USER_0080,2026-06-24,-143.92319542303306,discretionary,-2206.8318875942364
USER_0080,2026-06-25,-366.8287771533039,discretionary,-2573.66066474754
USER_0080,2026-06-26,-183.51904248389326,discretionary,-2757.1797072314334
USER_0080,2026-06-27,-243.20370417851996,discretionary,-3000.3834114099536
USER_0080,2026-06-28,25000.0,income_salary,21999.61658859005
USER_0080,2026-06-28,-236.02716383338648,discretionary,21763.58942475666
USER_0080,2026-06-29,-193.46122499713175,discretionary,21570.12819975953
USER_0080,2026-06-30,-199.74255927481258,discretionary,21370.385640484717
USER_0080,2026-07-01,-5979.242354996451,fixed_rent,15391.143285488266
USER_0080,2026-07-01,-705.0109147471665,discretionary,14686.1323707411
USER_0080,2026-07-02,-280.62990910290847,discretionary,14405.50246163819
USER_0080,2026-07-03,-239.6867610454216,discretionary,14165.81570059277
USER_0080,2026-07-04,-145.1475943739896,discretionary,14020.66810621878
USER_0080,2026-07-05,-604.4695887455692,discretionary,13416.19851747321
USER_0080,2026-07-06,-338.67916749665574,discretionary,13077.519349976556
USER_0080,2026-07-07,-300.5484183155139,discretionary,12776.970931661042
USER_0080,2026-07-08,-283.70960229426794,discretionary,12493.261329366775
USER_0080,2026-07-09,-783.2778344586811,discretionary,11709.983494908094
USER_0080,2026-07-10,-201.37842067112837,discretionary,11508.605074236966
USER_0080,2026-07-11,-288.2281333615479,discretionary,11220.376940875418
USER_0080,2026-07-12,-220.57925541670411,discretionary,10999.797685458714
USER_0080,2026-07-13,-169.47419043690118,discretionary,10830.323495021812
USER_0080,2026-07-14,-213.03570418109155,discretionary,10617.28779084072
USER_0080,2026-07-15,-335.01427666928146,discretionary,10282.27351417144
USER_0080,2026-07-16,-81.13066569106485,discretionary,10201.142848480375
USER_0080,2026-07-17,-284.1137338815665,discretionary,9917.029114598809
USER_0080,2026-07-18,-609.55493755541,discretionary,9307.4741770434
USER_0080,2026-07-19,-190.12809517670632,discretionary,9117.346081866694
USER_0080,2026-07-20,-145.91614757867023,discretionary,8971.429934288024
USER_0080,2026-07-21,-116.13769926780917,discretionary,8855.292235020215
USER_0080,2026-07-22,-210.40859527587912,discretionary,8644.883639744336
USER_0080,2026-07-23,-172.15978698846655,discretionary,8472.72385275587
USER_0080,2026-07-24,-361.17302533424777,discretionary,8111.550827421622
USER_0080,2026-07-25,-301.8982771731376,discretionary,7809.652550248484
USER_0080,2026-07-26,-152.42541693394224,discretionary,7657.227133314542
USER_0080,2026-07-27,-464.08271809886446,discretionary,7193.144415215677
USER_0080,2026-07-28,25000.0,income_salary,32193.144415215676
USER_0080,2026-07-28,-243.10967840579022,discretionary,31950.034736809885
USER_0080,2026-07-29,-195.8272414648869,discretionary,31754.207495345
USER_0080,2026-07-30,-281.2054918149738,discretionary,31473.002003530026
USER_0080,2026-07-31,-238.0965951907833,discretionary,31234.905408339244
USER_0080,2026-08-01,-5979.242354996451,fixed_rent,25255.663053342792
USER_0080,2026-08-01,-230.4846502017823,discretionary,25025.17840314101
USER_0080,2026-08-02,-190.0800263758329,discretionary,24835.098376765178
USER_0080,2026-08-03,-177.68449792665245,discretionary,24657.413878838524
USER_0080,2026-08-04,-281.69878005731005,discretionary,24375.715098781213
USER_0080,2026-08-05,-246.3713733918669,discretionary,24129.343725389346
USER_0080,2026-08-06,-239.42713590872376,discretionary,23889.91658948062
USER_0080,2026-08-07,-416.1474303603892,discretionary,23473.76915912023
USER_0080,2026-08-08,-335.61798971075456,discretionary,23138.151169409477
USER_0080,2026-08-09,-236.10392460360347,discretionary,22902.04724480587
USER_0080,2026-08-10,-437.01247743709166,discretionary,22465.03476736878
USER_0080,2026-08-11,-198.8281420776879,discretionary,22266.20662529109
USER_0080,2026-08-12,-368.93900322992624,discretionary,21897.267622061165
USER_0080,2026-08-13,-679.7218310222681,discretionary,21217.545791038898
USER_0080,2026-08-14,-412.95491383393255,discretionary,20804.590877204966
USER_0080,2026-08-15,-165.9942964252543,discretionary,20638.59658077971
USER_0080,2026-08-16,-354.4433702787601,discretionary,20284.15321050095
USER_0080,2026-08-17,-129.28981243797364,discretionary,20154.863398062975
USER_0080,2026-08-18,-196.72563868728778,discretionary,19958.137759375688
USER_0080,2026-08-19,-291.6494629678133,discretionary,19666.488296407875
USER_0080,2026-08-20,-130.3344849470793,discretionary,19536.153811460797
USER_0080,2026-08-21,-258.040538020416,discretionary,19278.11327344038
USER_0080,2026-08-22,-335.1564508680278,discretionary,18942.956822572352
USER_0080,2026-08-23,-212.83006621993854,discretionary,18730.126756352412
USER_0080,2026-08-24,-132.23119760028692,discretionary,18597.895558752127
USER_0080,2026-08-25,-196.26568888968814,discretionary,18401.629869862438
USER_0080,2026-08-26,-192.8211990912822,discretionary,18208.808670771155
USER_0080,2026-08-27,-232.8044613676256,discretionary,17976.00420940353
USER_0080,2026-08-28,25000.0,income_salary,42976.00420940353
USER_0080,2026-08-28,-106.15195381287002,discretionary,42869.85225559066
USER_0080,2026-08-29,-88.84862798823832,discretionary,42781.00362760242
USER_0081,2026-06-01,-712.472487732846,discretionary,4287.527512267154
USER_0081,2026-06-02,-105.09475877298098,discretionary,4182.432753494173
USER_0081,2026-06-03,-247.27130946750228,discretionary,3935.161444026671
USER_0081,2026-06-04,-100.16714241871937,discretionary,3834.9943016079515
USER_0081,2026-06-05,-227.38622370418628,discretionary,3607.608077903765
USER_0081,2026-06-06,-273.8263602630861,discretionary,3333.7817176406793
USER_0081,2026-06-07,-318.19178663330695,discretionary,3015.5899310073723
USER_0081,2026-06-08,-270.4566819582567,discretionary,2745.133249049116
USER_0081,2026-06-09,-250.70541739057245,discretionary,2494.4278316585433
USER_0081,2026-06-10,-169.53292737252232,discretionary,2324.894904286021
USER_0081,2026-06-11,-197.1979134380395,discretionary,2127.6969908479814
USER_0081,2026-06-12,-505.9905598012756,discretionary,1621.7064310467058
USER_0081,2026-06-13,-328.70432561385627,discretionary,1293.0021054328495
USER_0081,2026-06-14,-139.02367260505113,discretionary,1153.9784328277983
USER_0081,2026-06-15,-376.1878422223144,discretionary,777.7905906054839
USER_0081,2026-06-16,-290.7250228425393,discretionary,487.06556776294457
USER_0081,2026-06-17,-186.58473861931517,discretionary,300.4808291436294
USER_0081,2026-06-18,-348.48708155634057,discretionary,-48.00625241271115
USER_0081,2026-06-19,-212.06046022798233,discretionary,-260.0667126406935
USER_0081,2026-06-20,-186.72337956686303,discretionary,-446.79009220755654
USER_0081,2026-06-21,-97.96597010985342,discretionary,-544.7560623174099
USER_0081,2026-06-22,-92.28295207756081,discretionary,-637.0390143949708
USER_0081,2026-06-23,-105.17933221714534,discretionary,-742.2183466121161
USER_0081,2026-06-24,-258.06912367913844,discretionary,-1000.2874702912545
USER_0081,2026-06-25,-190.06917156169308,discretionary,-1190.3566418529476
USER_0081,2026-06-26,-216.57486075776367,discretionary,-1406.9315026107113
USER_0081,2026-06-27,-593.1927105915638,discretionary,-2000.124213202275
USER_0081,2026-06-28,25000.0,income_salary,22999.875786797726
USER_0081,2026-06-28,-323.81508508827824,discretionary,22676.060701709448
USER_0081,2026-06-29,-629.4021420637666,discretionary,22046.658559645683
USER_0081,2026-06-30,-339.9276468565702,discretionary,21706.730912789113
USER_0081,2026-07-01,-6026.673252797598,fixed_rent,15680.057659991515
USER_0081,2026-07-01,-120.41829976670795,discretionary,15559.639360224806
USER_0081,2026-07-02,-323.33075687133396,discretionary,15236.308603353473
USER_0081,2026-07-03,-131.14456028491716,discretionary,15105.164043068555
USER_0081,2026-07-04,-831.784463224743,discretionary,14273.379579843811
USER_0081,2026-07-05,-267.32185593729537,discretionary,14006.057723906517
USER_0081,2026-07-06,-336.0196620200364,discretionary,13670.03806188648
USER_0081,2026-07-07,-360.04242420694567,discretionary,13309.995637679534
USER_0081,2026-07-08,-217.35380039698563,discretionary,13092.641837282548
USER_0081,2026-07-09,-285.5397142154077,discretionary,12807.102123067141
USER_0081,2026-07-10,-459.262889370773,discretionary,12347.839233696368
USER_0081,2026-07-11,-242.22472967910142,discretionary,12105.614504017267
USER_0081,2026-07-12,-202.66582110309392,discretionary,11902.948682914173
USER_0081,2026-07-13,-508.8886988882552,discretionary,11394.059984025918
USER_0081,2026-07-14,-391.05227464740403,discretionary,11003.007709378515
USER_0081,2026-07-15,-433.5917769896519,discretionary,10569.415932388863
USER_0081,2026-07-16,-347.1937836865937,discretionary,10222.222148702269
USER_0081,2026-07-17,-164.7695859184372,discretionary,10057.452562783832
USER_0081,2026-07-18,-507.6221960762783,discretionary,9549.830366707554
USER_0081,2026-07-19,-203.2643838447365,discretionary,9346.565982862818
USER_0081,2026-07-20,-445.0341544026856,discretionary,8901.531828460133
USER_0081,2026-07-21,-214.9249894469763,discretionary,8686.606839013157
USER_0081,2026-07-22,-216.1481311007656,discretionary,8470.45870791239
USER_0081,2026-07-23,-130.52945584502933,discretionary,8339.92925206736
USER_0081,2026-07-24,-645.111277804545,discretionary,7694.817974262815
USER_0081,2026-07-25,-288.89029742645255,discretionary,7405.9276768363625
USER_0081,2026-07-26,-400.6809036319013,discretionary,7005.2467732044615
USER_0081,2026-07-27,-239.01049544620324,discretionary,6766.236277758258
USER_0081,2026-07-28,25000.0,income_salary,31766.23627775826
USER_0081,2026-07-28,-668.7870665314006,discretionary,31097.44921122686
USER_0081,2026-07-29,-345.2165741733404,discretionary,30752.23263705352
USER_0081,2026-07-30,-437.39568948295414,discretionary,30314.836947570566
USER_0081,2026-07-31,-325.54670167954674,discretionary,29989.290245891018
USER_0081,2026-08-01,-6026.673252797598,fixed_rent,23962.61699309342
USER_0081,2026-08-01,-236.5406231397332,discretionary,23726.076369953687
USER_0081,2026-08-02,-633.1561845493774,discretionary,23092.92018540431
USER_0081,2026-08-03,-379.64556730670665,discretionary,22713.274618097603
USER_0081,2026-08-04,-145.9153700907677,discretionary,22567.359248006836
USER_0081,2026-08-05,-221.52611170163286,discretionary,22345.833136305202
USER_0081,2026-08-06,-171.74542888200037,discretionary,22174.0877074232
USER_0081,2026-08-07,-246.70337675591918,discretionary,21927.384330667282
USER_0081,2026-08-08,-309.57624016972386,discretionary,21617.808090497558
USER_0081,2026-08-09,-489.8511046513969,discretionary,21127.956985846162
USER_0081,2026-08-10,-352.32198238115757,discretionary,20775.635003465006
USER_0081,2026-08-11,-138.77528453220768,discretionary,20636.8597189328
USER_0081,2026-08-12,-251.95804790608778,discretionary,20384.901671026713
USER_0081,2026-08-13,-448.5888434179169,discretionary,19936.312827608795
USER_0081,2026-08-14,-120.81969531767534,discretionary,19815.49313229112
USER_0081,2026-08-15,-126.36919992495321,discretionary,19689.12393236617
USER_0081,2026-08-16,-156.7103564973765,discretionary,19532.41357586879
USER_0081,2026-08-17,-115.01399485893936,discretionary,19417.399581009853
USER_0081,2026-08-18,-312.2969623155131,discretionary,19105.10261869434
USER_0081,2026-08-19,-192.87455718149096,discretionary,18912.22806151285
USER_0081,2026-08-20,-445.5966123186987,discretionary,18466.631449194152
USER_0081,2026-08-21,-151.16707578495738,discretionary,18315.464373409195
USER_0081,2026-08-22,-129.76229115901205,discretionary,18185.702082250184
USER_0081,2026-08-23,-541.3956308064467,discretionary,17644.306451443736
USER_0081,2026-08-24,-361.8850151939974,discretionary,17282.421436249737
USER_0081,2026-08-25,-125.96961460613768,discretionary,17156.4518216436
USER_0081,2026-08-26,-123.83753536139578,discretionary,17032.614286282205
USER_0081,2026-08-27,-202.0878777075174,discretionary,16830.52640857469
USER_0081,2026-08-28,25000.0,income_salary,41830.52640857469
USER_0081,2026-08-28,-179.96087618274672,discretionary,41650.56553239194
USER_0081,2026-08-29,-182.437533873814,discretionary,41468.127998518125
USER_0082,2026-06-01,-177.935702593964,discretionary,4822.064297406036
USER_0082,2026-06-02,-327.0939030432965,discretionary,4494.970394362739
USER_0082,2026-06-03,-178.83821204576412,discretionary,4316.132182316975
USER_0082,2026-06-04,-219.26856418208055,discretionary,4096.863618134894
USER_0082,2026-06-05,-293.9178643037996,discretionary,3802.9457538310944
USER_0082,2026-06-06,-87.34342720581446,discretionary,3715.60232662528
USER_0082,2026-06-07,-111.02497417698689,discretionary,3604.5773524482934
USER_0082,2026-06-08,-229.1752501302313,discretionary,3375.402102318062
USER_0082,2026-06-09,-505.1471256911651,discretionary,2870.254976626897
USER_0082,2026-06-10,-89.82193790411559,discretionary,2780.4330387227815
USER_0082,2026-06-11,-242.99417586065866,discretionary,2537.4388628621227
USER_0082,2026-06-12,-317.83604364815943,discretionary,2219.6028192139634
USER_0082,2026-06-13,-164.93483547325835,discretionary,2054.667983740705
USER_0082,2026-06-14,-327.1903578725624,discretionary,1727.4776258681427
USER_0082,2026-06-15,-457.6724148782589,discretionary,1269.8052109898838
USER_0082,2026-06-16,-256.1546615846139,discretionary,1013.6505494052699
USER_0082,2026-06-17,-149.58768360840398,discretionary,864.0628657968659
USER_0082,2026-06-18,-311.7861883629025,discretionary,552.2766774339634
USER_0082,2026-06-19,-264.627293551381,discretionary,287.6493838825824
USER_0082,2026-06-20,-399.9019226567242,discretionary,-112.25253877414178
USER_0082,2026-06-21,-425.4538057353194,discretionary,-537.7063445094611
USER_0082,2026-06-22,-449.400923643662,discretionary,-987.1072681531232
USER_0082,2026-06-23,-98.52910994976293,discretionary,-1085.636378102886
USER_0082,2026-06-24,-252.99262589856937,discretionary,-1338.6290040014555
USER_0082,2026-06-25,-268.9437787784611,discretionary,-1607.5727827799167
USER_0082,2026-06-26,-326.16793693991053,discretionary,-1933.7407197198272
USER_0082,2026-06-27,-102.34160848232418,discretionary,-2036.0823282021513
USER_0082,2026-06-28,35000.0,income_salary,32963.91767179785
USER_0082,2026-06-28,-187.74777710529094,discretionary,32776.16989469255
USER_0082,2026-06-29,-340.8110467917084,discretionary,32435.358847900847
USER_0082,2026-06-30,-59.70601632290769,discretionary,32375.65283157794
USER_0082,2026-07-01,-5932.515512060345,fixed_rent,26443.137319517595
USER_0082,2026-07-01,-209.71014210378172,discretionary,26233.427177413814
USER_0082,2026-07-02,-314.09569664807253,discretionary,25919.33148076574
USER_0082,2026-07-03,-316.1028045238008,discretionary,25603.22867624194
USER_0082,2026-07-04,-368.09415261147876,discretionary,25235.13452363046
USER_0082,2026-07-05,-206.08162305971047,discretionary,25029.052900570747
USER_0082,2026-07-06,-311.06066630996054,discretionary,24717.992234260786
USER_0082,2026-07-07,-145.5980941654188,discretionary,24572.394140095366
USER_0082,2026-07-08,-146.38095739232784,discretionary,24426.01318270304
USER_0082,2026-07-09,-247.94541873721153,discretionary,24178.067763965828
USER_0082,2026-07-10,-211.68310498709494,discretionary,23966.38465897873
USER_0082,2026-07-11,-442.5733831472675,discretionary,23523.811275831464
USER_0082,2026-07-12,-382.7840084313272,discretionary,23141.027267400135
USER_0082,2026-07-13,-125.73482755844711,discretionary,23015.292439841687
USER_0082,2026-07-14,-215.3005107948434,discretionary,22799.991929046842
USER_0082,2026-07-15,-404.4532036812636,discretionary,22395.53872536558
USER_0082,2026-07-16,-199.36381038227492,discretionary,22196.174914983305
USER_0082,2026-07-17,-406.4345558854163,discretionary,21789.74035909789
USER_0082,2026-07-18,-134.0863258015627,discretionary,21655.654033296327
USER_0082,2026-07-19,-270.97011233482095,discretionary,21384.683920961506
USER_0082,2026-07-20,-504.9372736294365,discretionary,20879.74664733207
USER_0082,2026-07-21,-243.5521418578629,discretionary,20636.194505474206
USER_0082,2026-07-22,-248.15017781367206,discretionary,20388.044327660533
USER_0082,2026-07-23,-217.35475255521118,discretionary,20170.689575105323
USER_0082,2026-07-24,-133.76326057230378,discretionary,20036.92631453302
USER_0082,2026-07-25,-234.89498129323923,discretionary,19802.031333239778
USER_0082,2026-07-26,-226.1128712502125,discretionary,19575.918461989564
USER_0082,2026-07-27,-248.57542227242072,discretionary,19327.343039717143
USER_0082,2026-07-28,35000.0,income_salary,54327.34303971715
USER_0082,2026-07-28,-487.29902651740605,discretionary,53840.04401319974
USER_0082,2026-07-29,-440.2032408653241,discretionary,53399.84077233441
USER_0082,2026-07-30,-157.27913639192764,discretionary,53242.56163594249
USER_0082,2026-07-31,-103.58417524874964,discretionary,53138.97746069374
USER_0082,2026-08-01,-5932.515512060345,fixed_rent,47206.4619486334
USER_0082,2026-08-01,-201.63499395119132,discretionary,47004.826954682205
USER_0082,2026-08-02,-334.4987582705324,discretionary,46670.328196411676
USER_0082,2026-08-03,-708.6852105102296,discretionary,45961.642985901446
USER_0082,2026-08-04,-334.3036766868077,discretionary,45627.339309214636
USER_0082,2026-08-05,-290.8297435503173,discretionary,45336.50956566432
USER_0082,2026-08-06,-609.2979359319903,discretionary,44727.21162973233
USER_0082,2026-08-07,-211.48379268849203,discretionary,44515.727837043836
USER_0082,2026-08-08,-327.1400643162853,discretionary,44188.58777272755
USER_0082,2026-08-09,-326.7880607250158,discretionary,43861.79971200253
USER_0082,2026-08-10,-514.3173049337071,discretionary,43347.48240706883
USER_0082,2026-08-11,-620.0810336587643,discretionary,42727.40137341006
USER_0082,2026-08-12,-366.00807900914685,discretionary,42361.393294400914
USER_0082,2026-08-13,-125.12946168305955,discretionary,42236.26383271786
USER_0082,2026-08-14,-242.82313365599654,discretionary,41993.44069906186
USER_0082,2026-08-15,-439.6743485062455,discretionary,41553.76635055561
USER_0082,2026-08-16,-701.4364339822099,discretionary,40852.3299165734
USER_0082,2026-08-17,-297.1262942809097,discretionary,40555.20362229249
USER_0082,2026-08-18,-471.6825011919073,discretionary,40083.52112110058
USER_0082,2026-08-19,-248.1169218443366,discretionary,39835.40419925624
USER_0082,2026-08-20,-193.31575275810283,discretionary,39642.088446498135
USER_0082,2026-08-21,-129.6523875414662,discretionary,39512.43605895667
USER_0082,2026-08-22,-350.91238687693493,discretionary,39161.52367207973
USER_0082,2026-08-23,-129.0709828665972,discretionary,39032.45268921313
USER_0082,2026-08-24,-454.9323507455951,discretionary,38577.52033846754
USER_0082,2026-08-25,-170.87242584892056,discretionary,38406.64791261862
USER_0082,2026-08-26,-221.70082804345702,discretionary,38184.94708457516
USER_0082,2026-08-27,-539.7492118312327,discretionary,37645.19787274393
USER_0082,2026-08-28,35000.0,income_salary,72645.19787274393
USER_0082,2026-08-28,-147.29680517342308,discretionary,72497.9010675705
USER_0082,2026-08-29,-110.19337980300317,discretionary,72387.7076877675
USER_0083,2026-06-01,-328.2273613397855,discretionary,4671.772638660214
USER_0083,2026-06-02,-246.81007742746132,discretionary,4424.962561232753
USER_0083,2026-06-03,-314.2663734011097,discretionary,4110.696187831643
USER_0083,2026-06-04,-353.4149245495205,discretionary,3757.281263282123
USER_0083,2026-06-05,-96.4822051637521,discretionary,3660.799058118371
USER_0083,2026-06-06,-504.891532419187,discretionary,3155.9075256991837
USER_0083,2026-06-07,-417.728855963657,discretionary,2738.1786697355265
USER_0083,2026-06-08,-109.97469848597703,discretionary,2628.2039712495493
USER_0083,2026-06-09,-214.6276365968619,discretionary,2413.5763346526874
USER_0083,2026-06-10,-323.7936917364906,discretionary,2089.782642916197
USER_0083,2026-06-11,-368.6173723490805,discretionary,1721.1652705671163
USER_0083,2026-06-12,-194.8971050589811,discretionary,1526.268165508135
USER_0083,2026-06-13,-252.21989166219794,discretionary,1274.0482738459373
USER_0083,2026-06-14,-194.34946949485953,discretionary,1079.6988043510778
USER_0083,2026-06-15,-332.5076973378215,discretionary,747.1911070132562
USER_0083,2026-06-16,-249.22850927789608,discretionary,497.96259773536013
USER_0083,2026-06-17,-211.19273272781422,discretionary,286.76986500754595
USER_0083,2026-06-18,-481.75717123514215,discretionary,-194.9873062275962
USER_0083,2026-06-19,-162.10419670451668,discretionary,-357.0915029321129
USER_0083,2026-06-20,-119.08596952928322,discretionary,-476.1774724613961
USER_0083,2026-06-21,-199.27514704491657,discretionary,-675.4526195063127
USER_0083,2026-06-22,-178.70967134868627,discretionary,-854.1622908549989
USER_0083,2026-06-23,-145.30049921581193,discretionary,-999.4627900708108
USER_0083,2026-06-24,-129.66078690772176,discretionary,-1129.1235769785326
USER_0083,2026-06-25,-192.00978195820008,discretionary,-1321.1333589367327
USER_0083,2026-06-26,-522.0870410310092,discretionary,-1843.220399967742
USER_0083,2026-06-27,-759.1910289012843,discretionary,-2602.411428869026
USER_0083,2026-06-28,35000.0,income_salary,32397.588571130975
USER_0083,2026-06-28,-270.85254856548625,discretionary,32126.73602256549
USER_0083,2026-06-29,-220.82175577985865,discretionary,31905.91426678563
USER_0083,2026-06-30,-245.42638030160097,discretionary,31660.48788648403
USER_0083,2026-07-01,-6808.326188392024,fixed_rent,24852.161698092004
USER_0083,2026-07-01,-231.93941440001572,discretionary,24620.22228369199
USER_0083,2026-07-02,-180.7542287124191,discretionary,24439.46805497957
USER_0083,2026-07-03,-232.39665936666952,discretionary,24207.0713956129
USER_0083,2026-07-04,-354.6587840199578,discretionary,23852.412611592943
USER_0083,2026-07-05,-255.7261437917381,discretionary,23596.686467801206
USER_0083,2026-07-06,-308.76219974439385,discretionary,23287.924268056813
USER_0083,2026-07-07,-224.94776370232063,discretionary,23062.976504354494
USER_0083,2026-07-08,-484.7093255963464,discretionary,22578.26717875815
USER_0083,2026-07-09,-131.7619274553628,discretionary,22446.505251302788
USER_0083,2026-07-10,-404.78288249068993,discretionary,22041.722368812098
USER_0083,2026-07-11,-209.96506444766555,discretionary,21831.757304364433
USER_0083,2026-07-12,-180.4920963805348,discretionary,21651.2652079839
USER_0083,2026-07-13,-350.6545179527441,discretionary,21300.610690031153
USER_0083,2026-07-14,-103.72415207964072,discretionary,21196.886537951512
USER_0083,2026-07-15,-297.69556151396796,discretionary,20899.190976437545
USER_0083,2026-07-16,-164.18233800263138,discretionary,20735.008638434912
USER_0083,2026-07-17,-170.3072917055121,discretionary,20564.701346729402
USER_0083,2026-07-18,-344.12776354096303,discretionary,20220.573583188438
USER_0083,2026-07-19,-116.70099520158043,discretionary,20103.872587986858
USER_0083,2026-07-20,-195.1181679955937,discretionary,19908.754419991263
USER_0083,2026-07-21,-481.9604583672903,discretionary,19426.79396162397
USER_0083,2026-07-22,-194.46126688622388,discretionary,19232.332694737746
USER_0083,2026-07-23,-238.93601869023013,discretionary,18993.396676047516
USER_0083,2026-07-24,-443.5844394433987,discretionary,18549.812236604117
USER_0083,2026-07-25,-117.44534483669665,discretionary,18432.366891767422
USER_0083,2026-07-26,-171.26213060254818,discretionary,18261.104761164876
USER_0083,2026-07-27,-295.2275444943848,discretionary,17965.87721667049
USER_0083,2026-07-28,35000.0,income_salary,52965.87721667049
USER_0083,2026-07-28,-218.22596581689777,discretionary,52747.65125085359
USER_0083,2026-07-29,-260.48486275604876,discretionary,52487.16638809754
USER_0083,2026-07-30,-200.71165406841226,discretionary,52286.454734029125
USER_0083,2026-07-31,-198.00470070777914,discretionary,52088.450033321344
USER_0083,2026-08-01,-6808.326188392024,fixed_rent,45280.123844929316
USER_0083,2026-08-01,-268.2109493767336,discretionary,45011.91289555258
USER_0083,2026-08-02,-260.62846019613215,discretionary,44751.28443535645
USER_0083,2026-08-03,-303.68909686079036,discretionary,44447.59533849566
USER_0083,2026-08-04,-155.39047416133334,discretionary,44292.20486433432
USER_0083,2026-08-05,-159.92781423630723,discretionary,44132.27705009802
USER_0083,2026-08-06,-160.97604847927693,discretionary,43971.30100161874
USER_0083,2026-08-07,-285.97249618579895,discretionary,43685.32850543294
USER_0083,2026-08-08,-317.4498436410361,discretionary,43367.8786617919
USER_0083,2026-08-09,-258.2798191042829,discretionary,43109.59884268762
USER_0083,2026-08-10,-531.6778856299188,discretionary,42577.9209570577
USER_0083,2026-08-11,-275.7977702032577,discretionary,42302.12318685444
USER_0083,2026-08-12,-145.59948026491557,discretionary,42156.52370658953
USER_0083,2026-08-13,-442.1143445062701,discretionary,41714.40936208326
USER_0083,2026-08-14,-169.21428443735934,discretionary,41545.1950776459
USER_0083,2026-08-15,-301.83817391276324,discretionary,41243.35690373313
USER_0083,2026-08-16,-220.53406542006852,discretionary,41022.82283831306
USER_0083,2026-08-17,-265.68830624031415,discretionary,40757.13453207275
USER_0083,2026-08-18,-110.94418458607221,discretionary,40646.19034748668
USER_0083,2026-08-19,-208.10169824427743,discretionary,40438.0886492424
USER_0083,2026-08-20,-552.6502663653961,discretionary,39885.43838287701
USER_0083,2026-08-21,-215.54770490019033,discretionary,39669.890677976815
USER_0083,2026-08-22,-218.45179305649663,discretionary,39451.43888492032
USER_0083,2026-08-23,-249.91865994795398,discretionary,39201.520224972366
USER_0083,2026-08-24,-234.71756860480235,discretionary,38966.80265636757
USER_0083,2026-08-25,-87.2306772968824,discretionary,38879.571979070686
USER_0083,2026-08-26,-632.0007273424743,discretionary,38247.571251728215
USER_0083,2026-08-27,-485.08585302750635,discretionary,37762.48539870071
USER_0083,2026-08-28,35000.0,income_salary,72762.48539870071
USER_0083,2026-08-28,-138.57520161161946,discretionary,72623.91019708909
USER_0083,2026-08-29,-178.64235745855774,discretionary,72445.26783963053
USER_0084,2026-06-01,-210.8668026230573,discretionary,4789.133197376943
USER_0084,2026-06-02,-275.74449781871544,discretionary,4513.388699558227
USER_0084,2026-06-03,-141.81698814107048,discretionary,4371.571711417157
USER_0084,2026-06-04,-229.94296780788844,discretionary,4141.628743609268
USER_0084,2026-06-05,-448.16382971499735,discretionary,3693.4649138942705
USER_0084,2026-06-06,-263.46076316057884,discretionary,3430.004150733692
USER_0084,2026-06-07,-378.71787915538965,discretionary,3051.286271578302
USER_0084,2026-06-08,-223.40383677464396,discretionary,2827.8824348036583
USER_0084,2026-06-09,-181.56790261689432,discretionary,2646.314532186764
USER_0084,2026-06-10,-181.33564691746224,discretionary,2464.978885269302
USER_0084,2026-06-11,-194.19261176292238,discretionary,2270.7862735063795
USER_0084,2026-06-12,-127.55496133399116,discretionary,2143.2313121723882
USER_0084,2026-06-13,-223.11620479851834,discretionary,1920.11510737387
USER_0084,2026-06-14,-209.9124466234778,discretionary,1710.2026607503922
USER_0084,2026-06-15,-262.47470194783267,discretionary,1447.7279588025594
USER_0084,2026-06-16,-269.0189350286782,discretionary,1178.7090237738812
USER_0084,2026-06-17,-824.4655251070234,discretionary,354.2434986668578
USER_0084,2026-06-18,-102.6642000592824,discretionary,251.57929860757542
USER_0084,2026-06-19,-376.919034576722,discretionary,-125.3397359691466
USER_0084,2026-06-20,-90.43517363525531,discretionary,-215.7749096044019
USER_0084,2026-06-21,-260.9911056428403,discretionary,-476.7660152472422
USER_0084,2026-06-22,-281.85931530261723,discretionary,-758.6253305498594
USER_0084,2026-06-23,-104.64061661793355,discretionary,-863.265947167793
USER_0084,2026-06-24,-180.0528367137077,discretionary,-1043.3187838815006
USER_0084,2026-06-25,-159.4267534185377,discretionary,-1202.7455373000382
USER_0084,2026-06-26,-226.92256971000708,discretionary,-1429.6681070100453
USER_0084,2026-06-27,-201.96338485286736,discretionary,-1631.6314918629128
USER_0084,2026-06-28,35000.0,income_salary,33368.368508137086
USER_0084,2026-06-28,-483.164787746449,discretionary,32885.20372039064
USER_0084,2026-06-29,-229.11218742080473,discretionary,32656.091532969833
USER_0084,2026-06-30,-225.61915528967958,discretionary,32430.472377680155
USER_0084,2026-07-01,-8966.656848969322,fixed_rent,23463.81552871083
USER_0084,2026-07-01,-192.572744747768,discretionary,23271.24278396306
USER_0084,2026-07-02,-282.47568795034647,discretionary,22988.767096012714
USER_0084,2026-07-03,-452.93636920947506,discretionary,22535.83072680324
USER_0084,2026-07-04,-242.10529466849326,discretionary,22293.725432134746
USER_0084,2026-07-05,-260.4615322890074,discretionary,22033.26389984574
USER_0084,2026-07-06,-92.77090980891619,discretionary,21940.492990036826
USER_0084,2026-07-07,-123.0470041046729,discretionary,21817.445985932154
USER_0084,2026-07-08,-151.91251158094536,discretionary,21665.53347435121
USER_0084,2026-07-09,-238.70057917845057,discretionary,21426.83289517276
USER_0084,2026-07-10,-417.2950133637688,discretionary,21009.537881808992
USER_0084,2026-07-11,-182.99594148475427,discretionary,20826.541940324238
USER_0084,2026-07-12,-196.06998844057821,discretionary,20630.47195188366
USER_0084,2026-07-13,-111.07214001947982,discretionary,20519.39981186418
USER_0084,2026-07-14,-192.70564518001157,discretionary,20326.694166684167
USER_0084,2026-07-15,-601.4521223623838,discretionary,19725.24204432178
USER_0084,2026-07-16,-184.25565521928038,discretionary,19540.9863891025
USER_0084,2026-07-17,-208.26341293796986,discretionary,19332.722976164532
USER_0084,2026-07-18,-492.06670066186484,discretionary,18840.656275502668
USER_0084,2026-07-19,-361.5603286799213,discretionary,18479.09594682275
USER_0084,2026-07-20,-325.2263329649286,discretionary,18153.86961385782
USER_0084,2026-07-21,-393.5084965269092,discretionary,17760.36111733091
USER_0084,2026-07-22,-232.95102248660314,discretionary,17527.41009484431
USER_0084,2026-07-23,-320.36561831922506,discretionary,17207.044476525083
USER_0084,2026-07-24,-111.98413163240146,discretionary,17095.06034489268
USER_0084,2026-07-25,-200.16593929653268,discretionary,16894.894405596147
USER_0084,2026-07-26,-262.2798022551417,discretionary,16632.614603341004
USER_0084,2026-07-27,-97.73001705192496,discretionary,16534.884586289078
USER_0084,2026-07-28,35000.0,income_salary,51534.884586289074
USER_0084,2026-07-28,-212.42605328848413,discretionary,51322.45853300059
USER_0084,2026-07-29,-288.7983625051224,discretionary,51033.66017049547
USER_0084,2026-07-30,-594.4436329069925,discretionary,50439.21653758847
USER_0084,2026-07-31,-270.6827574562284,discretionary,50168.533780132246
USER_0084,2026-08-01,-8966.656848969322,fixed_rent,41201.87693116292
USER_0084,2026-08-01,-209.32444386136382,discretionary,40992.55248730156
USER_0084,2026-08-02,-177.56019348572886,discretionary,40814.992293815834
USER_0084,2026-08-03,-153.2513870204745,discretionary,40661.74090679536
USER_0084,2026-08-04,-241.48790112634794,discretionary,40420.253005669016
USER_0084,2026-08-05,-429.27431658114654,discretionary,39990.97868908787
USER_0084,2026-08-06,-243.64870249166245,discretionary,39747.3299865962
USER_0084,2026-08-07,-226.3830623669304,discretionary,39520.946924229276
USER_0084,2026-08-08,-205.15369207112374,discretionary,39315.793232158154
USER_0084,2026-08-09,-343.8235179701715,discretionary,38971.96971418798
USER_0084,2026-08-10,-295.08414108785536,discretionary,38676.885573100124
USER_0084,2026-08-11,-126.5297267554207,discretionary,38550.355846344704
USER_0084,2026-08-12,-156.39515434540098,discretionary,38393.9606919993
USER_0084,2026-08-13,-334.6200874990046,discretionary,38059.3406045003
USER_0084,2026-08-14,-300.45836673593726,discretionary,37758.88223776436
USER_0084,2026-08-15,-826.4350440130347,discretionary,36932.44719375132
USER_0084,2026-08-16,-555.9184085532444,discretionary,36376.528785198076
USER_0084,2026-08-17,-638.5869534632275,discretionary,35737.941831734846
USER_0084,2026-08-18,-269.5972929402242,discretionary,35468.34453879462
USER_0084,2026-08-19,-103.82531973732704,discretionary,35364.51921905729
USER_0084,2026-08-20,-243.21605056180175,discretionary,35121.30316849549
USER_0084,2026-08-21,-302.55574151317956,discretionary,34818.747426982314
USER_0084,2026-08-22,-396.263135440059,discretionary,34422.484291542256
USER_0084,2026-08-23,-194.53504904518064,discretionary,34227.949242497074
USER_0084,2026-08-24,-189.18071960990284,discretionary,34038.76852288717
USER_0084,2026-08-25,-379.55892083820095,discretionary,33659.20960204897
USER_0084,2026-08-26,-251.3436239548878,discretionary,33407.86597809408
USER_0084,2026-08-27,-235.72174634865422,discretionary,33172.14423174543
USER_0084,2026-08-28,35000.0,income_salary,68172.14423174542
USER_0084,2026-08-28,-220.22555892753857,discretionary,67951.91867281788
USER_0084,2026-08-29,-171.5966874416835,discretionary,67780.3219853762
USER_0085,2026-06-01,-114.76375543050139,discretionary,4885.236244569499
USER_0085,2026-06-02,-325.1895332320547,discretionary,4560.046711337444
USER_0085,2026-06-03,-217.77106349339562,discretionary,4342.275647844049
USER_0085,2026-06-04,-91.23476234751675,discretionary,4251.040885496532
USER_0085,2026-06-05,-539.6124182399581,discretionary,3711.4284672565736
USER_0085,2026-06-06,-127.13067757772131,discretionary,3584.2977896788525
USER_0085,2026-06-07,-335.6039461453979,discretionary,3248.6938435334546
USER_0085,2026-06-08,-278.3603756639543,discretionary,2970.3334678695
USER_0085,2026-06-09,-172.17366359070175,discretionary,2798.159804278798
USER_0085,2026-06-10,-410.2862631910487,discretionary,2387.8735410877493
USER_0085,2026-06-11,-158.86169957862762,discretionary,2229.011841509122
USER_0085,2026-06-12,-94.13852501996377,discretionary,2134.8733164891582
USER_0085,2026-06-13,-311.44193791408287,discretionary,1823.4313785750753
USER_0085,2026-06-14,-223.84412757323418,discretionary,1599.5872510018412
USER_0085,2026-06-15,-236.52666312280897,discretionary,1363.0605878790323
USER_0085,2026-06-16,-118.10709569183194,discretionary,1244.9534921872003
USER_0085,2026-06-17,-317.00995648193356,discretionary,927.9435357052666
USER_0085,2026-06-18,-393.64519235338315,discretionary,534.2983433518834
USER_0085,2026-06-19,-194.7391577812988,discretionary,339.55918557058465
USER_0085,2026-06-20,-163.2263911460572,discretionary,176.33279442452744
USER_0085,2026-06-21,-416.2888033805341,discretionary,-239.95600895600666
USER_0085,2026-06-22,-342.3192122467251,discretionary,-582.2752212027317
USER_0085,2026-06-23,-477.97125383920854,discretionary,-1060.2464750419404
USER_0085,2026-06-24,-606.6516632266942,discretionary,-1666.8981382686345
USER_0085,2026-06-25,-237.99419603725835,discretionary,-1904.8923343058927
USER_0085,2026-06-26,-293.0650513046544,discretionary,-2197.957385610547
USER_0085,2026-06-27,-186.65792580999468,discretionary,-2384.6153114205417
USER_0085,2026-06-28,35000.0,income_salary,32615.38468857946
USER_0085,2026-06-28,-152.93587947702142,discretionary,32462.44880910244
USER_0085,2026-06-29,-526.5479317290276,discretionary,31935.900877373413
USER_0085,2026-06-30,-169.9629808128983,discretionary,31765.937896560514
USER_0085,2026-07-01,-7997.024521510781,fixed_rent,23768.913375049735
USER_0085,2026-07-01,-366.6944011740994,discretionary,23402.218973875635
USER_0085,2026-07-02,-427.29638512608904,discretionary,22974.922588749545
USER_0085,2026-07-03,-261.59639069076485,discretionary,22713.32619805878
USER_0085,2026-07-04,-343.67641128032557,discretionary,22369.649786778456
USER_0085,2026-07-05,-245.92011639188905,discretionary,22123.72967038657
USER_0085,2026-07-06,-357.1144912298908,discretionary,21766.615179156677
USER_0085,2026-07-07,-463.51558219588395,discretionary,21303.099596960794
USER_0085,2026-07-08,-557.5534836667129,discretionary,20745.54611329408
USER_0085,2026-07-09,-364.8489306715328,discretionary,20380.69718262255
USER_0085,2026-07-10,-322.4754329970332,discretionary,20058.221749625514
USER_0085,2026-07-11,-282.88516740858785,discretionary,19775.336582216925
USER_0085,2026-07-12,-185.74572460061444,discretionary,19589.59085761631
USER_0085,2026-07-13,-190.48679182307217,discretionary,19399.104065793235
USER_0085,2026-07-14,-404.2876054142204,discretionary,18994.816460379014
USER_0085,2026-07-15,-301.3934530312106,discretionary,18693.423007347803
USER_0085,2026-07-16,-258.3887707665206,discretionary,18435.034236581283
USER_0085,2026-07-17,-329.2037959564927,discretionary,18105.83044062479
USER_0085,2026-07-18,-143.20201383666227,discretionary,17962.62842678813
USER_0085,2026-07-19,-223.87539097072704,discretionary,17738.753035817404
USER_0085,2026-07-20,-484.37526346489835,discretionary,17254.377772352505
USER_0085,2026-07-21,-118.09974942770855,discretionary,17136.2780229248
USER_0085,2026-07-22,-178.0217137384536,discretionary,16958.256309186345
USER_0085,2026-07-23,-435.7911849443872,discretionary,16522.465124241957
USER_0085,2026-07-24,-227.30337292470847,discretionary,16295.161751317248
USER_0085,2026-07-25,-329.6093952359991,discretionary,15965.552356081249
USER_0085,2026-07-26,-365.3550270174658,discretionary,15600.197329063783
USER_0085,2026-07-27,-290.9919544244323,discretionary,15309.20537463935
USER_0085,2026-07-28,35000.0,income_salary,50309.20537463935
USER_0085,2026-07-28,-129.43297782570016,discretionary,50179.77239681365
USER_0085,2026-07-29,-263.96857889027325,discretionary,49915.80381792338
USER_0085,2026-07-30,-444.6403902528432,discretionary,49471.16342767054
USER_0085,2026-07-31,-212.02143734256342,discretionary,49259.141990327975
USER_0085,2026-08-01,-7997.024521510781,fixed_rent,41262.117468817196
USER_0085,2026-08-01,-111.15896606896793,discretionary,41150.958502748224
USER_0085,2026-08-02,-375.55202305259076,discretionary,40775.40647969564
USER_0085,2026-08-03,-483.8637012481299,discretionary,40291.54277844751
USER_0085,2026-08-04,-227.4924626013487,discretionary,40064.050315846165
USER_0085,2026-08-05,-133.57580339741014,discretionary,39930.47451244875
USER_0085,2026-08-06,-601.6587810582812,discretionary,39328.815731390474
USER_0085,2026-08-07,-650.4934566807223,discretionary,38678.32227470975
USER_0085,2026-08-08,-324.3259848849153,discretionary,38353.99628982484
USER_0085,2026-08-09,-226.7663998453935,discretionary,38127.22988997945
USER_0085,2026-08-10,-165.62582716609347,discretionary,37961.604062813356
USER_0085,2026-08-11,-455.27384853009335,discretionary,37506.33021428326
USER_0085,2026-08-12,-806.1744704687195,discretionary,36700.15574381454
USER_0085,2026-08-13,-169.4694284805564,discretionary,36530.68631533398
USER_0085,2026-08-14,-524.518006626415,discretionary,36006.168308707565
USER_0085,2026-08-15,-267.39931501567173,discretionary,35738.76899369189
USER_0085,2026-08-16,-140.67664912312287,discretionary,35598.092344568766
USER_0085,2026-08-17,-294.1991076665349,discretionary,35303.89323690223
USER_0085,2026-08-18,-214.23161134625624,discretionary,35089.66162555597
USER_0085,2026-08-19,-458.1320673252804,discretionary,34631.52955823069
USER_0085,2026-08-20,-387.70611069875514,discretionary,34243.82344753194
USER_0085,2026-08-21,-216.61334043353207,discretionary,34027.210107098406
USER_0085,2026-08-22,-427.9186792437335,discretionary,33599.291427854674
USER_0085,2026-08-23,-149.26682481608142,discretionary,33450.02460303859
USER_0085,2026-08-24,-418.63124846545406,discretionary,33031.393354573134
USER_0085,2026-08-25,-199.43289369144858,discretionary,32831.96046088169
USER_0085,2026-08-26,-172.07416870558674,discretionary,32659.886292176103
USER_0085,2026-08-27,-285.58997714988027,discretionary,32374.296315026222
USER_0085,2026-08-28,35000.0,income_salary,67374.29631502622
USER_0085,2026-08-28,-330.0601384177118,discretionary,67044.23617660851
USER_0085,2026-08-29,-310.10664533383897,discretionary,66734.12953127467
USER_0086,2026-06-01,-123.97287041513474,discretionary,4876.027129584865
USER_0086,2026-06-02,-368.7771980188369,discretionary,4507.249931566028
USER_0086,2026-06-03,-303.823900108119,discretionary,4203.426031457909
USER_0086,2026-06-04,-105.05664300391885,discretionary,4098.36938845399
USER_0086,2026-06-05,-115.65222204081047,discretionary,3982.7171664131793
USER_0086,2026-06-06,-115.38961867546068,discretionary,3867.3275477377188
USER_0086,2026-06-07,-329.36841201314667,discretionary,3537.959135724572
USER_0086,2026-06-08,-326.21695762002486,discretionary,3211.7421781045473
USER_0086,2026-06-09,-188.74706890070766,discretionary,3022.9951092038395
USER_0086,2026-06-10,-135.46121832984093,discretionary,2887.5338908739986
USER_0086,2026-06-11,-451.1479419686117,discretionary,2436.385948905387
USER_0086,2026-06-12,-858.3060847755,discretionary,1578.079864129887
USER_0086,2026-06-13,-187.71284452403535,discretionary,1390.3670196058517
USER_0086,2026-06-14,-109.60652643549098,discretionary,1280.7604931703609
USER_0086,2026-06-15,-190.17155106663913,discretionary,1090.5889421037218
USER_0086,2026-06-16,-192.1116237569836,discretionary,898.4773183467382
USER_0086,2026-06-17,-95.57894391216527,discretionary,802.8983744345729
USER_0086,2026-06-18,-324.4470346871499,discretionary,478.45133974742305
USER_0086,2026-06-19,-382.44398789990805,discretionary,96.007351847515
USER_0086,2026-06-20,-208.55303414579976,discretionary,-112.54568229828476
USER_0086,2026-06-21,-213.92518454748958,discretionary,-326.47086684577437
USER_0086,2026-06-22,-281.0959449045357,discretionary,-607.5668117503101
USER_0086,2026-06-23,-103.77116860464427,discretionary,-711.3379803549543
USER_0086,2026-06-24,-659.4323428960078,discretionary,-1370.770323250962
USER_0086,2026-06-25,-271.4668635263558,discretionary,-1642.237186777318
USER_0086,2026-06-26,-252.66797752270855,discretionary,-1894.9051643000264
USER_0086,2026-06-27,-327.52775278510535,discretionary,-2222.4329170851315
USER_0086,2026-06-28,35000.0,income_salary,32777.567082914866
USER_0086,2026-06-28,-132.2373438421677,discretionary,32645.3297390727
USER_0086,2026-06-29,-94.10526429777535,discretionary,32551.224474774925
USER_0086,2026-06-30,-152.24439060571302,discretionary,32398.980084169212
USER_0086,2026-07-01,-6457.926171394579,fixed_rent,25941.053912774634
USER_0086,2026-07-01,-118.8401732217193,discretionary,25822.213739552913
USER_0086,2026-07-02,-337.62583713824813,discretionary,25484.587902414667
USER_0086,2026-07-03,-353.1683955652542,discretionary,25131.419506849412
USER_0086,2026-07-04,-221.69781531109678,discretionary,24909.721691538314
USER_0086,2026-07-05,-321.92267956947256,discretionary,24587.79901196884
USER_0086,2026-07-06,-308.6490103491148,discretionary,24279.150001619724
USER_0086,2026-07-07,-100.47402622865417,discretionary,24178.67597539107
USER_0086,2026-07-08,-326.3265834796229,discretionary,23852.349391911448
USER_0086,2026-07-09,-560.4708047510559,discretionary,23291.87858716039
USER_0086,2026-07-10,-104.9282862996246,discretionary,23186.950300860764
USER_0086,2026-07-11,-198.31836325281412,discretionary,22988.631937607952
USER_0086,2026-07-12,-112.31767982220332,discretionary,22876.314257785747
USER_0086,2026-07-13,-144.512257206614,discretionary,22731.802000579133
USER_0086,2026-07-14,-162.965066389815,discretionary,22568.83693418932
USER_0086,2026-07-15,-205.60484242719357,discretionary,22363.232091762125
USER_0086,2026-07-16,-305.579739756599,discretionary,22057.652352005527
USER_0086,2026-07-17,-140.68518529575726,discretionary,21916.96716670977
USER_0086,2026-07-18,-289.1496192787779,discretionary,21627.81754743099
USER_0086,2026-07-19,-102.86692717993948,discretionary,21524.95062025105
USER_0086,2026-07-20,-391.4554072355778,discretionary,21133.49521301547
USER_0086,2026-07-21,-136.78308227424165,discretionary,20996.71213074123
USER_0086,2026-07-22,-279.3767578226589,discretionary,20717.335372918573
USER_0086,2026-07-23,-584.1921766181732,discretionary,20133.1431963004
USER_0086,2026-07-24,-390.08259858474105,discretionary,19743.06059771566
USER_0086,2026-07-25,-486.2825331282969,discretionary,19256.77806458736
USER_0086,2026-07-26,-137.81203764888082,discretionary,19118.96602693848
USER_0086,2026-07-27,-135.86351957434107,discretionary,18983.10250736414
USER_0086,2026-07-28,35000.0,income_salary,53983.102507364136
USER_0086,2026-07-28,-294.2101772380807,discretionary,53688.89233012606
USER_0086,2026-07-29,-418.39080474749255,discretionary,53270.50152537857
USER_0086,2026-07-30,-153.6404544611338,discretionary,53116.86107091743
USER_0086,2026-07-31,-305.5230370481823,discretionary,52811.33803386925
USER_0086,2026-08-01,-6457.926171394579,fixed_rent,46353.41186247467
USER_0086,2026-08-01,-291.6840386756833,discretionary,46061.72782379899
USER_0086,2026-08-02,-197.28906695026777,discretionary,45864.43875684872
USER_0086,2026-08-03,-320.59581168635435,discretionary,45543.84294516237
USER_0086,2026-08-04,-424.8329803229202,discretionary,45119.009964839446
USER_0086,2026-08-05,-67.79243391516596,discretionary,45051.21753092428
USER_0086,2026-08-06,-166.05014392159842,discretionary,44885.167387002686
USER_0086,2026-08-07,-401.8740683328631,discretionary,44483.29331866982
USER_0086,2026-08-08,-547.2511758724136,discretionary,43936.04214279741
USER_0086,2026-08-09,-236.61880083989647,discretionary,43699.42334195751
USER_0086,2026-08-10,-197.07856789104991,discretionary,43502.34477406646
USER_0086,2026-08-11,-235.02200136220944,discretionary,43267.322772704254
USER_0086,2026-08-12,-131.4669396753595,discretionary,43135.855833028894
USER_0086,2026-08-13,-554.4059478404024,discretionary,42581.44988518849
USER_0086,2026-08-14,-473.00658683485733,discretionary,42108.44329835364
USER_0086,2026-08-15,-320.83571372783445,discretionary,41787.6075846258
USER_0086,2026-08-16,-99.12495824241093,discretionary,41688.48262638339
USER_0086,2026-08-17,-349.674065922585,discretionary,41338.808560460806
USER_0086,2026-08-18,-258.05047768711773,discretionary,41080.75808277369
USER_0086,2026-08-19,-145.15571819626072,discretionary,40935.602364577426
USER_0086,2026-08-20,-303.4783586113525,discretionary,40632.12400596607
USER_0086,2026-08-21,-285.5850938281776,discretionary,40346.53891213789
USER_0086,2026-08-22,-257.61715300981535,discretionary,40088.921759128076
USER_0086,2026-08-23,-186.22381215859946,discretionary,39902.69794696948
USER_0086,2026-08-24,-718.2209112298968,discretionary,39184.47703573958
USER_0086,2026-08-25,-357.0959574023934,discretionary,38827.38107833719
USER_0086,2026-08-26,-180.46790169845568,discretionary,38646.91317663873
USER_0086,2026-08-27,-226.80678228805567,discretionary,38420.106394350674
USER_0086,2026-08-28,35000.0,income_salary,73420.10639435067
USER_0086,2026-08-28,-185.30725143125187,discretionary,73234.79914291942
USER_0086,2026-08-29,-266.30817646883065,discretionary,72968.4909664506
USER_0087,2026-06-01,-213.3736313757982,discretionary,4786.626368624202
USER_0087,2026-06-02,-80.7901531928556,discretionary,4705.836215431346
USER_0087,2026-06-03,-174.21366424301397,discretionary,4531.622551188332
USER_0087,2026-06-04,-315.4393207998818,discretionary,4216.18323038845
USER_0087,2026-06-05,-518.5594725245511,discretionary,3697.6237578638993
USER_0087,2026-06-06,-366.24468285852765,discretionary,3331.3790750053718
USER_0087,2026-06-07,-397.2118173851217,discretionary,2934.16725762025
USER_0087,2026-06-08,-149.85846470126094,discretionary,2784.308792918989
USER_0087,2026-06-09,-176.89077748875155,discretionary,2607.4180154302376
USER_0087,2026-06-10,-544.5005428056006,discretionary,2062.917472624637
USER_0087,2026-06-11,-288.910069252409,discretionary,1774.007403372228
USER_0087,2026-06-12,-168.3459408720501,discretionary,1605.661462500178
USER_0087,2026-06-13,-243.0878910227688,discretionary,1362.5735714774091
USER_0087,2026-06-14,-251.98409263009611,discretionary,1110.589478847313
USER_0087,2026-06-15,-120.49549892520969,discretionary,990.0939799221035
USER_0087,2026-06-16,-468.73207290004217,discretionary,521.3619070220614
USER_0087,2026-06-17,-225.710177681587,discretionary,295.6517293404744
USER_0087,2026-06-18,-503.4560622641977,discretionary,-207.80433292372334
USER_0087,2026-06-19,-83.41422401789471,discretionary,-291.21855694161803
USER_0087,2026-06-20,-237.49761856013612,discretionary,-528.7161755017542
USER_0087,2026-06-21,-88.17514026968483,discretionary,-616.8913157714389
USER_0087,2026-06-22,-199.1162053512972,discretionary,-816.0075211227361
USER_0087,2026-06-23,-148.0635793126732,discretionary,-964.0711004354093
USER_0087,2026-06-24,-180.3591885918223,discretionary,-1144.4302890272315
USER_0087,2026-06-25,-260.9485935549464,discretionary,-1405.378882582178
USER_0087,2026-06-26,-577.0789459066079,discretionary,-1982.457828488786
USER_0087,2026-06-27,-114.94191273259946,discretionary,-2097.3997412213853
USER_0087,2026-06-28,20000.0,income_salary,17902.600258778613
USER_0087,2026-06-28,-121.82283171442836,discretionary,17780.777427064186
USER_0087,2026-06-29,-280.9046571507135,discretionary,17499.872769913472
USER_0087,2026-06-30,-329.4048788665775,discretionary,17170.467891046894
USER_0087,2026-07-01,-5105.792398797487,fixed_rent,12064.675492249407
USER_0087,2026-07-01,-220.56269026251553,discretionary,11844.112801986892
USER_0087,2026-07-02,-248.87224195310208,discretionary,11595.24056003379
USER_0087,2026-07-03,-153.50962595770562,discretionary,11441.730934076084
USER_0087,2026-07-04,-477.50869010500065,discretionary,10964.222243971084
USER_0087,2026-07-05,-202.99459236943056,discretionary,10761.227651601654
USER_0087,2026-07-06,-171.20455640170604,discretionary,10590.023095199947
USER_0087,2026-07-07,-346.2391284827956,discretionary,10243.783966717152
USER_0087,2026-07-08,-121.35735391410338,discretionary,10122.426612803049
USER_0087,2026-07-09,-213.43170390692822,discretionary,9908.99490889612
USER_0087,2026-07-10,-165.59606706596784,discretionary,9743.398841830152
USER_0087,2026-07-11,-466.12225271386774,discretionary,9277.276589116285
USER_0087,2026-07-12,-77.90917726021009,discretionary,9199.367411856076
USER_0087,2026-07-13,-205.4478796697507,discretionary,8993.919532186324
USER_0087,2026-07-14,-272.7187766625349,discretionary,8721.200755523789
USER_0087,2026-07-15,-129.24193424078334,discretionary,8591.958821283006
USER_0087,2026-07-16,-168.36450068010876,discretionary,8423.594320602897
USER_0087,2026-07-17,-404.0752364042321,discretionary,8019.519084198665
USER_0087,2026-07-18,-248.9252492858946,discretionary,7770.59383491277
USER_0087,2026-07-19,-152.96388343111545,discretionary,7617.629951481655
USER_0087,2026-07-20,-208.09212722546772,discretionary,7409.537824256187
USER_0087,2026-07-21,-196.69577248908243,discretionary,7212.842051767105
USER_0087,2026-07-22,-1386.6409295654062,discretionary,5826.201122201699
USER_0087,2026-07-23,-173.0060112378702,discretionary,5653.1951109638285
USER_0087,2026-07-24,-245.55448703356728,discretionary,5407.640623930261
USER_0087,2026-07-25,-298.865207301753,discretionary,5108.7754166285085
USER_0087,2026-07-26,-122.76547620966981,discretionary,4986.009940418839
USER_0087,2026-07-27,-160.22161840243106,discretionary,4825.788322016408
USER_0087,2026-07-28,20000.0,income_salary,24825.788322016408
USER_0087,2026-07-28,-279.93403992755634,discretionary,24545.85428208885
USER_0087,2026-07-29,-136.4046136258928,discretionary,24409.44966846296
USER_0087,2026-07-30,-260.24624890345837,discretionary,24149.2034195595
USER_0087,2026-07-31,-321.78299107872505,discretionary,23827.420428480775
USER_0087,2026-08-01,-5105.792398797487,fixed_rent,18721.62802968329
USER_0087,2026-08-01,-191.62526465895243,discretionary,18530.002765024336
USER_0087,2026-08-02,-366.2542914292618,discretionary,18163.748473595075
USER_0087,2026-08-03,-213.24702130693194,discretionary,17950.501452288143
USER_0087,2026-08-04,-181.44605584249575,discretionary,17769.05539644565
USER_0087,2026-08-05,-162.23621254758368,discretionary,17606.819183898064
USER_0087,2026-08-06,-223.81893439348536,discretionary,17383.000249504577
USER_0087,2026-08-07,-210.71294364856828,discretionary,17172.28730585601
USER_0087,2026-08-08,-375.5540546957265,discretionary,16796.733251160284
USER_0087,2026-08-09,-172.98935396181562,discretionary,16623.743897198467
USER_0087,2026-08-10,-239.17230749213581,discretionary,16384.57158970633
USER_0087,2026-08-11,-309.82446821122204,discretionary,16074.74712149511
USER_0087,2026-08-12,-409.52674649569883,discretionary,15665.22037499941
USER_0087,2026-08-13,-337.57956684519723,discretionary,15327.640808154212
USER_0087,2026-08-14,-361.4300725276487,discretionary,14966.210735626564
USER_0087,2026-08-15,-340.21797484984245,discretionary,14625.992760776722
USER_0087,2026-08-16,-398.33202977722243,discretionary,14227.6607309995
USER_0087,2026-08-17,-131.31369416038171,discretionary,14096.347036839117
USER_0087,2026-08-18,-92.35993046829692,discretionary,14003.98710637082
USER_0087,2026-08-19,-229.03171440730017,discretionary,13774.95539196352
USER_0087,2026-08-20,-517.367092920123,discretionary,13257.588299043397
USER_0087,2026-08-21,-369.6143882534424,discretionary,12887.973910789955
USER_0087,2026-08-22,-221.864888230417,discretionary,12666.109022559538
USER_0087,2026-08-23,-407.9179469733537,discretionary,12258.191075586185
USER_0087,2026-08-24,-279.5334300426249,discretionary,11978.657645543559
USER_0087,2026-08-25,-424.15752151511424,discretionary,11554.500124028444
USER_0087,2026-08-26,-254.0386445818375,discretionary,11300.461479446607
USER_0087,2026-08-27,-178.7719208180373,discretionary,11121.68955862857
USER_0087,2026-08-28,20000.0,income_salary,31121.68955862857
USER_0087,2026-08-28,-146.21168692987192,discretionary,30975.477871698695
USER_0087,2026-08-29,-397.10443996114986,discretionary,30578.373431737546
USER_0088,2026-06-01,-98.9592253867756,discretionary,4901.040774613224
USER_0088,2026-06-02,-237.46726445526625,discretionary,4663.573510157958
USER_0088,2026-06-03,-277.3154549754148,discretionary,4386.258055182543
USER_0088,2026-06-04,-332.03684207346885,discretionary,4054.221213109074
USER_0088,2026-06-05,-123.970361814442,discretionary,3930.250851294632
USER_0088,2026-06-06,-294.48613371857647,discretionary,3635.7647175760553
USER_0088,2026-06-07,-139.4107861933512,discretionary,3496.353931382704
USER_0088,2026-06-08,-401.5044772778382,discretionary,3094.849454104866
USER_0088,2026-06-09,-240.42015267721297,discretionary,2854.4293014276527
USER_0088,2026-06-10,-236.44958623979744,discretionary,2617.979715187855
USER_0088,2026-06-11,-364.46152794827276,discretionary,2253.5181872395824
USER_0088,2026-06-12,-322.02935082190015,discretionary,1931.4888364176823
USER_0088,2026-06-13,-175.98355965399634,discretionary,1755.505276763686
USER_0088,2026-06-14,-429.94631646200247,discretionary,1325.5589603016836
USER_0088,2026-06-15,-178.71471502521104,discretionary,1146.8442452764725
USER_0088,2026-06-16,-323.4865454493046,discretionary,823.357699827168
USER_0088,2026-06-17,-315.1222657903412,discretionary,508.23543403682675
USER_0088,2026-06-18,-328.39536143338074,discretionary,179.840072603446
USER_0088,2026-06-19,-424.56684147377905,discretionary,-244.72676887033305
USER_0088,2026-06-20,-343.3111014540899,discretionary,-588.037870324423
USER_0088,2026-06-21,-224.64486262098706,discretionary,-812.6827329454101
USER_0088,2026-06-22,-507.03433011660053,discretionary,-1319.7170630620105
USER_0088,2026-06-23,-499.89008592255095,discretionary,-1819.6071489845615
USER_0088,2026-06-24,-230.6979752597187,discretionary,-2050.3051242442803
USER_0088,2026-06-25,-213.17959631006264,discretionary,-2263.484720554343
USER_0088,2026-06-26,-215.04691880969386,discretionary,-2478.531639364037
USER_0088,2026-06-27,-140.54928115978595,discretionary,-2619.080920523823
USER_0088,2026-06-28,35000.0,income_salary,32380.919079476178
USER_0088,2026-06-28,-239.69186947310152,discretionary,32141.227210003075
USER_0088,2026-06-29,-272.22735533424714,discretionary,31868.99985466883
USER_0088,2026-06-30,-86.72870206523234,discretionary,31782.271152603596
USER_0088,2026-07-01,-5129.807901340355,fixed_rent,26652.46325126324
USER_0088,2026-07-01,-171.60422932796828,discretionary,26480.859021935274
USER_0088,2026-07-02,-541.4802853630952,discretionary,25939.37873657218
USER_0088,2026-07-03,-380.87210125185646,discretionary,25558.506635320322
USER_0088,2026-07-04,-333.4446977372926,discretionary,25225.06193758303
USER_0088,2026-07-05,-118.38639184316935,discretionary,25106.675545739858
USER_0088,2026-07-06,-369.71542498075553,discretionary,24736.9601207591
USER_0088,2026-07-07,-95.94099555054704,discretionary,24641.019125208553
USER_0088,2026-07-08,-352.6910104786547,discretionary,24288.3281147299
USER_0088,2026-07-09,-342.62427969980365,discretionary,23945.703835030094
USER_0088,2026-07-10,-241.57831350008277,discretionary,23704.12552153001
USER_0088,2026-07-11,-172.89576765212217,discretionary,23531.22975387789
USER_0088,2026-07-12,-327.4180025052794,discretionary,23203.81175137261
USER_0088,2026-07-13,-309.1604656862934,discretionary,22894.651285686316
USER_0088,2026-07-14,-169.35697945381983,discretionary,22725.294306232496
USER_0088,2026-07-15,-205.42980908941328,discretionary,22519.864497143084
USER_0088,2026-07-16,-171.07231075391812,discretionary,22348.792186389164
USER_0088,2026-07-17,-254.2234058743706,discretionary,22094.568780514794
USER_0088,2026-07-18,-282.14928361035277,discretionary,21812.41949690444
USER_0088,2026-07-19,-162.5729971175293,discretionary,21649.846499786912
USER_0088,2026-07-20,-175.93053142657766,discretionary,21473.915968360336
USER_0088,2026-07-21,-294.3465056735754,discretionary,21179.56946268676
USER_0088,2026-07-22,-493.202271150197,discretionary,20686.367191536563
USER_0088,2026-07-23,-232.9342949523557,discretionary,20453.432896584207
USER_0088,2026-07-24,-388.6617129711256,discretionary,20064.77118361308
USER_0088,2026-07-25,-126.09954605358118,discretionary,19938.6716375595
USER_0088,2026-07-26,-390.5788643404384,discretionary,19548.09277321906
USER_0088,2026-07-27,-365.48398688410026,discretionary,19182.60878633496
USER_0088,2026-07-28,35000.0,income_salary,54182.60878633496
USER_0088,2026-07-28,-597.7864087162206,discretionary,53584.82237761874
USER_0088,2026-07-29,-180.5137721558943,discretionary,53404.308605462844
USER_0088,2026-07-30,-417.14133545064544,discretionary,52987.1672700122
USER_0088,2026-07-31,-635.6048951746553,discretionary,52351.562374837544
USER_0088,2026-08-01,-5129.807901340355,fixed_rent,47221.75447349719
USER_0088,2026-08-01,-547.7162733071059,discretionary,46674.03820019008
USER_0088,2026-08-02,-218.3963087671638,discretionary,46455.641891422914
USER_0088,2026-08-03,-107.04128922836124,discretionary,46348.60060219455
USER_0088,2026-08-04,-387.55907641275087,discretionary,45961.0415257818
USER_0088,2026-08-05,-177.00287987683168,discretionary,45784.03864590497
USER_0088,2026-08-06,-419.9327574563094,discretionary,45364.10588844866
USER_0088,2026-08-07,-127.71024446186293,discretionary,45236.3956439868
USER_0088,2026-08-08,-140.59297108825348,discretionary,45095.80267289854
USER_0088,2026-08-09,-670.0467502912392,discretionary,44425.755922607306
USER_0088,2026-08-10,-210.63624396507703,discretionary,44215.11967864223
USER_0088,2026-08-11,-297.9154863690132,discretionary,43917.20419227322
USER_0088,2026-08-12,-250.1454081290819,discretionary,43667.05878414414
USER_0088,2026-08-13,-352.36657126607963,discretionary,43314.69221287806
USER_0088,2026-08-14,-378.1511735628726,discretionary,42936.54103931518
USER_0088,2026-08-15,-419.49086514470685,discretionary,42517.05017417048
USER_0088,2026-08-16,-308.221221217532,discretionary,42208.82895295295
USER_0088,2026-08-17,-392.0276018654845,discretionary,41816.801351087466
USER_0088,2026-08-18,-228.9766320313594,discretionary,41587.82471905611
USER_0088,2026-08-19,-84.13264717600762,discretionary,41503.6920718801
USER_0088,2026-08-20,-390.06139328264584,discretionary,41113.63067859745
USER_0088,2026-08-21,-264.7702738754197,discretionary,40848.86040472203
USER_0088,2026-08-22,-362.5970889496335,discretionary,40486.2633157724
USER_0088,2026-08-23,-215.8215109878673,discretionary,40270.44180478453
USER_0088,2026-08-24,-135.9893140185767,discretionary,40134.45249076596
USER_0088,2026-08-25,-232.0304157636805,discretionary,39902.42207500228
USER_0088,2026-08-26,-140.24297319742732,discretionary,39762.17910180485
USER_0088,2026-08-27,-393.99194317293535,discretionary,39368.18715863192
USER_0088,2026-08-28,35000.0,income_salary,74368.18715863192
USER_0088,2026-08-28,-122.03849615286472,discretionary,74246.14866247906
USER_0088,2026-08-29,-238.36683272748567,discretionary,74007.78182975158
USER_0089,2026-06-01,-460.28244317097256,discretionary,4539.717556829028
USER_0089,2026-06-02,-201.15386521856055,discretionary,4338.563691610467
USER_0089,2026-06-03,-254.60683536787639,discretionary,4083.95685624259
USER_0089,2026-06-04,-218.27543661929326,discretionary,3865.681419623297
USER_0089,2026-06-05,-128.17029046524277,discretionary,3737.5111291580542
USER_0089,2026-06-06,-210.83660178616995,discretionary,3526.6745273718843
USER_0089,2026-06-07,-467.4620939053987,discretionary,3059.2124334664854
USER_0089,2026-06-08,-417.27899511024805,discretionary,2641.9334383562373
USER_0089,2026-06-09,-132.10673282257585,discretionary,2509.8267055336614
USER_0089,2026-06-10,-160.9416182036197,discretionary,2348.8850873300416
USER_0089,2026-06-11,-169.67121106667625,discretionary,2179.2138762633654
USER_0089,2026-06-12,-420.0165676095456,discretionary,1759.1973086538198
USER_0089,2026-06-13,-141.3185880616723,discretionary,1617.8787205921476
USER_0089,2026-06-14,-376.7015568892665,discretionary,1241.177163702881
USER_0089,2026-06-15,-232.0189729999167,discretionary,1009.1581907029642
USER_0089,2026-06-16,-157.34557022643486,discretionary,851.8126204765294
USER_0089,2026-06-17,-214.28254454782083,discretionary,637.5300759287086
USER_0089,2026-06-18,-755.4222020491228,discretionary,-117.89212612041422
USER_0089,2026-06-19,-214.21961307031788,discretionary,-332.1117391907321
USER_0089,2026-06-20,-134.95027317445732,discretionary,-467.06201236518945
USER_0089,2026-06-21,-261.939465083989,discretionary,-729.0014774491784
USER_0089,2026-06-22,-129.51687684560002,discretionary,-858.5183542947784
USER_0089,2026-06-23,-400.8190508857913,discretionary,-1259.3374051805697
USER_0089,2026-06-24,-182.80434377343104,discretionary,-1442.1417489540008
USER_0089,2026-06-25,-190.05655464216773,discretionary,-1632.1983035961684
USER_0089,2026-06-26,-381.2449322192714,discretionary,-2013.44323581544
USER_0089,2026-06-27,-212.7224760847167,discretionary,-2226.1657119001566
USER_0089,2026-06-28,20000.0,income_salary,17773.834288099843
USER_0089,2026-06-28,-117.42764465787403,discretionary,17656.40664344197
USER_0089,2026-06-29,-662.3611824503661,discretionary,16994.0454609916
USER_0089,2026-06-30,-396.38514991617694,discretionary,16597.660311075426
USER_0089,2026-07-01,-6603.853160652727,fixed_rent,9993.8071504227
USER_0089,2026-07-01,-235.40682386565234,discretionary,9758.400326557046
USER_0089,2026-07-02,-139.47663417119622,discretionary,9618.92369238585
USER_0089,2026-07-03,-268.25665705509346,discretionary,9350.667035330756
USER_0089,2026-07-04,-910.2943218510497,discretionary,8440.372713479706
USER_0089,2026-07-05,-261.7213685417369,discretionary,8178.651344937969
USER_0089,2026-07-06,-92.00153694923142,discretionary,8086.649807988738
USER_0089,2026-07-07,-133.22916691760952,discretionary,7953.420641071129
USER_0089,2026-07-08,-297.16354578819005,discretionary,7656.257095282938
USER_0089,2026-07-09,-117.14244182640283,discretionary,7539.114653456535
USER_0089,2026-07-10,-178.0398755314884,discretionary,7361.074777925047
USER_0089,2026-07-11,-214.37710714693173,discretionary,7146.697670778115
USER_0089,2026-07-12,-494.8926995856874,discretionary,6651.804971192428
USER_0089,2026-07-13,-201.88239758953725,discretionary,6449.92257360289
USER_0089,2026-07-14,-244.8201012420433,discretionary,6205.102472360847
USER_0089,2026-07-15,-129.42646549343837,discretionary,6075.676006867408
USER_0089,2026-07-16,-131.9584186651065,discretionary,5943.717588202302
USER_0089,2026-07-17,-259.6598480568669,discretionary,5684.057740145435
USER_0089,2026-07-18,-214.48929995526808,discretionary,5469.568440190166
USER_0089,2026-07-19,-203.14700721858395,discretionary,5266.421432971582
USER_0089,2026-07-20,-287.18418472375123,discretionary,4979.237248247831
USER_0089,2026-07-21,-293.79500927296334,discretionary,4685.442238974868
USER_0089,2026-07-22,-521.2625494781544,discretionary,4164.179689496714
USER_0089,2026-07-23,-519.181963654589,discretionary,3644.997725842125
USER_0089,2026-07-24,-249.96775271991294,discretionary,3395.029973122212
USER_0089,2026-07-25,-362.2714870049738,discretionary,3032.758486117238
USER_0089,2026-07-26,-124.48329289554472,discretionary,2908.2751932216934
USER_0089,2026-07-27,-134.62034859006224,discretionary,2773.654844631631
USER_0089,2026-07-28,20000.0,income_salary,22773.65484463163
USER_0089,2026-07-28,-560.8814779080365,discretionary,22212.773366723595
USER_0089,2026-07-29,-345.36753031744905,discretionary,21867.405836406146
USER_0089,2026-07-30,-86.98107358097894,discretionary,21780.424762825165
USER_0089,2026-07-31,-111.23533110509838,discretionary,21669.189431720068
USER_0089,2026-08-01,-6603.853160652727,fixed_rent,15065.336271067341
USER_0089,2026-08-01,-582.1316011257811,discretionary,14483.20466994156
USER_0089,2026-08-02,-206.59117809159173,discretionary,14276.613491849968
USER_0089,2026-08-03,-401.10102520768777,discretionary,13875.51246664228
USER_0089,2026-08-04,-115.7068544007821,discretionary,13759.805612241498
USER_0089,2026-08-05,-435.86916222800795,discretionary,13323.93645001349
USER_0089,2026-08-06,-192.92047435512904,discretionary,13131.015975658362
USER_0089,2026-08-07,-140.48703746469988,discretionary,12990.528938193662
USER_0089,2026-08-08,-558.246546206638,discretionary,12432.282391987024
USER_0089,2026-08-09,-295.19488430353954,discretionary,12137.087507683485
USER_0089,2026-08-10,-338.8374783101789,discretionary,11798.250029373306
USER_0089,2026-08-11,-178.60294346303644,discretionary,11619.64708591027
USER_0089,2026-08-12,-172.40609415439707,discretionary,11447.240991755873
USER_0089,2026-08-13,-82.6050152285042,discretionary,11364.635976527368
USER_0089,2026-08-14,-169.6136450177783,discretionary,11195.02233150959
USER_0089,2026-08-15,-244.47346280654656,discretionary,10950.548868703043
USER_0089,2026-08-16,-322.6469320339398,discretionary,10627.901936669103
USER_0089,2026-08-17,-90.895973020356,discretionary,10537.005963648746
USER_0089,2026-08-18,-219.94655288160223,discretionary,10317.059410767144
USER_0089,2026-08-19,-172.23035009537367,discretionary,10144.829060671771
USER_0089,2026-08-20,-210.2786210153785,discretionary,9934.550439656392
USER_0089,2026-08-21,-360.31704758579224,discretionary,9574.2333920706
USER_0089,2026-08-22,-202.5976291158557,discretionary,9371.635762954746
USER_0089,2026-08-23,-290.69593273757,discretionary,9080.939830217176
USER_0089,2026-08-24,-108.55893726454255,discretionary,8972.380892952633
USER_0089,2026-08-25,-200.1715361142896,discretionary,8772.209356838344
USER_0089,2026-08-26,-142.9730052900255,discretionary,8629.23635154832
USER_0089,2026-08-27,-201.20224963536594,discretionary,8428.034101912954
USER_0089,2026-08-28,20000.0,income_salary,28428.034101912956
USER_0089,2026-08-28,-195.01131849036526,discretionary,28233.02278342259
USER_0089,2026-08-29,-215.0364297314985,discretionary,28017.986353691093
USER_0090,2026-06-01,-912.7578694501301,discretionary,4087.24213054987
USER_0090,2026-06-02,-63.637460351201604,discretionary,4023.6046701986684
USER_0090,2026-06-03,-323.3371804800044,discretionary,3700.267489718664
USER_0090,2026-06-04,-493.0192784419499,discretionary,3207.248211276714
USER_0090,2026-06-05,-160.76982665782447,discretionary,3046.4783846188893
USER_0090,2026-06-06,-490.9014004683177,discretionary,2555.5769841505717
USER_0090,2026-06-07,-273.5963145225798,discretionary,2281.980669627992
USER_0090,2026-06-08,-95.3635139973461,discretionary,2186.617155630646
USER_0090,2026-06-09,-201.4217543096392,discretionary,1985.1954013210066
USER_0090,2026-06-10,-192.40138848473336,discretionary,1792.7940128362732
USER_0090,2026-06-11,-210.57591534147747,discretionary,1582.2180974947958
USER_0090,2026-06-12,-208.12297062739452,discretionary,1374.0951268674012
USER_0090,2026-06-13,-181.33856258754432,discretionary,1192.7565642798568
USER_0090,2026-06-14,-250.06481366243358,discretionary,942.6917506174232
USER_0090,2026-06-15,-267.013072337683,discretionary,675.6786782797401
USER_0090,2026-06-16,-285.58273998855594,discretionary,390.09593829118415
USER_0090,2026-06-17,-94.14928531199632,discretionary,295.94665297918783
USER_0090,2026-06-18,-127.396760333951,discretionary,168.54989264523684
USER_0090,2026-06-19,-165.0270301036003,discretionary,3.5228625416365276
USER_0090,2026-06-20,-225.6068932322394,discretionary,-222.08403069060287
USER_0090,2026-06-21,-162.72316270805288,discretionary,-384.8071933986557
USER_0090,2026-06-22,-258.66183238085574,discretionary,-643.4690257795114
USER_0090,2026-06-23,-224.159248790242,discretionary,-867.6282745697534
USER_0090,2026-06-24,-178.23279454743312,discretionary,-1045.8610691171866
USER_0090,2026-06-25,-244.9988667108452,discretionary,-1290.859935828032
USER_0090,2026-06-26,-348.9637578665507,discretionary,-1639.8236936945825
USER_0090,2026-06-27,-279.7118486146553,discretionary,-1919.5355423092378
USER_0090,2026-06-28,20000.0,income_salary,18080.464457690763
USER_0090,2026-06-28,-169.4331744994973,discretionary,17911.031283191267
USER_0090,2026-06-29,-229.53302892062032,discretionary,17681.498254270646
USER_0090,2026-06-30,-351.90776421265775,discretionary,17329.590490057988
USER_0090,2026-07-01,-5899.136262627433,fixed_rent,11430.454227430555
USER_0090,2026-07-01,-362.14479778884896,discretionary,11068.309429641706
USER_0090,2026-07-02,-146.38413120455158,discretionary,10921.925298437154
USER_0090,2026-07-03,-173.7746282088474,discretionary,10748.150670228308
USER_0090,2026-07-04,-501.37246948613443,discretionary,10246.778200742174
USER_0090,2026-07-05,-1086.006311901882,discretionary,9160.771888840292
USER_0090,2026-07-06,-294.98340852416766,discretionary,8865.788480316125
USER_0090,2026-07-07,-210.05588683078284,discretionary,8655.732593485342
USER_0090,2026-07-08,-685.9365446667954,discretionary,7969.796048818546
USER_0090,2026-07-09,-341.34300740996997,discretionary,7628.453041408577
USER_0090,2026-07-10,-140.71893396284779,discretionary,7487.734107445729
USER_0090,2026-07-11,-235.3031959374399,discretionary,7252.430911508289
USER_0090,2026-07-12,-224.229828959388,discretionary,7028.201082548901
USER_0090,2026-07-13,-156.05117121985043,discretionary,6872.14991132905
USER_0090,2026-07-14,-223.79601931514816,discretionary,6648.353892013902
USER_0090,2026-07-15,-218.22434514582537,discretionary,6430.129546868076
USER_0090,2026-07-16,-240.7087224060297,discretionary,6189.420824462047
USER_0090,2026-07-17,-182.14048373052944,discretionary,6007.280340731518
USER_0090,2026-07-18,-157.19418556850786,discretionary,5850.08615516301
USER_0090,2026-07-19,-373.2196739975584,discretionary,5476.866481165451
USER_0090,2026-07-20,-307.2824916337288,discretionary,5169.583989531722
USER_0090,2026-07-21,-172.57557516625533,discretionary,4997.008414365467
USER_0090,2026-07-22,-140.6373559537189,discretionary,4856.371058411748
USER_0090,2026-07-23,-196.37390202369596,discretionary,4659.997156388052
USER_0090,2026-07-24,-329.78549165927825,discretionary,4330.211664728773
USER_0090,2026-07-25,-104.95929476848006,discretionary,4225.2523699602925
USER_0090,2026-07-26,-465.2835726180936,discretionary,3759.9687973421987
USER_0090,2026-07-27,-447.0594777940299,discretionary,3312.9093195481687
USER_0090,2026-07-28,20000.0,income_salary,23312.90931954817
USER_0090,2026-07-28,-149.00717448455413,discretionary,23163.902145063614
USER_0090,2026-07-29,-386.7249318279232,discretionary,22777.17721323569
USER_0090,2026-07-30,-716.662532575467,discretionary,22060.51468066022
USER_0090,2026-07-31,-304.1986460899551,discretionary,21756.316034570267
USER_0090,2026-08-01,-5899.136262627433,fixed_rent,15857.179771942834
USER_0090,2026-08-01,-438.9952177922115,discretionary,15418.184554150623
USER_0090,2026-08-02,-261.53510757527266,discretionary,15156.64944657535
USER_0090,2026-08-03,-375.1785634857399,discretionary,14781.470883089609
USER_0090,2026-08-04,-86.864424708629,discretionary,14694.60645838098
USER_0090,2026-08-05,-661.5034665776719,discretionary,14033.10299180331
USER_0090,2026-08-06,-213.98843172812116,discretionary,13819.114560075188
USER_0090,2026-08-07,-207.9375280256807,discretionary,13611.177032049507
USER_0090,2026-08-08,-195.86325283372628,discretionary,13415.313779215781
USER_0090,2026-08-09,-274.561252947114,discretionary,13140.752526268667
USER_0090,2026-08-10,-150.79358287277117,discretionary,12989.958943395895
USER_0090,2026-08-11,-188.17915116306654,discretionary,12801.779792232828
USER_0090,2026-08-12,-228.73468105254565,discretionary,12573.045111180283
USER_0090,2026-08-13,-190.7653578998658,discretionary,12382.279753280418
USER_0090,2026-08-14,-200.38639272225396,discretionary,12181.893360558164
USER_0090,2026-08-15,-370.41358225597423,discretionary,11811.47977830219
USER_0090,2026-08-16,-456.0178515824291,discretionary,11355.46192671976
USER_0090,2026-08-17,-126.59619516430269,discretionary,11228.865731555457
USER_0090,2026-08-18,-247.00957612280598,discretionary,10981.856155432652
USER_0090,2026-08-19,-241.08586295175593,discretionary,10740.770292480896
USER_0090,2026-08-20,-155.63923902547302,discretionary,10585.131053455423
USER_0090,2026-08-21,-390.5620094503952,discretionary,10194.569044005028
USER_0090,2026-08-22,-73.87866621976714,discretionary,10120.69037778526
USER_0090,2026-08-23,-299.06147834092894,discretionary,9821.628899444331
USER_0090,2026-08-24,-120.31127765977892,discretionary,9701.317621784552
USER_0090,2026-08-25,-45.27699894958851,discretionary,9656.040622834964
USER_0090,2026-08-26,-503.617765172858,discretionary,9152.422857662106
USER_0090,2026-08-27,-265.71773323286925,discretionary,8886.705124429238
USER_0090,2026-08-28,20000.0,income_salary,28886.705124429238
USER_0090,2026-08-28,-137.18389100257818,discretionary,28749.521233426658
USER_0090,2026-08-29,-206.35325637435673,discretionary,28543.1679770523
USER_0091,2026-06-01,-178.16581223638445,discretionary,4821.834187763616
USER_0091,2026-06-02,-48.791992427494726,discretionary,4773.042195336121
USER_0091,2026-06-03,-91.49156999914509,discretionary,4681.550625336976
USER_0091,2026-06-04,-210.46993908202072,discretionary,4471.080686254955
USER_0091,2026-06-05,-234.1183262541118,discretionary,4236.962360000844
USER_0091,2026-06-06,-506.5254628545012,discretionary,3730.4368971463423
USER_0091,2026-06-07,-379.9187203896109,discretionary,3350.5181767567315
USER_0091,2026-06-08,-210.33624503443488,discretionary,3140.1819317222967
USER_0091,2026-06-09,-165.12359036944682,discretionary,2975.0583413528498
USER_0091,2026-06-10,-168.99301899955998,discretionary,2806.06532235329
USER_0091,2026-06-11,-223.93154062460073,discretionary,2582.1337817286894
USER_0091,2026-06-12,-373.986540171954,discretionary,2208.1472415567355
USER_0091,2026-06-13,-190.4349275345737,discretionary,2017.7123140221618
USER_0091,2026-06-14,-109.64481574717742,discretionary,1908.0674982749842
USER_0091,2026-06-15,-240.640445836165,discretionary,1667.4270524388194
USER_0091,2026-06-16,-266.103300090926,discretionary,1401.3237523478933
USER_0091,2026-06-17,-529.0951262724399,discretionary,872.2286260754535
USER_0091,2026-06-18,-217.32497155478057,discretionary,654.903654520673
USER_0091,2026-06-19,-160.5442219040313,discretionary,494.35943261664164
USER_0091,2026-06-20,-237.9951449577047,discretionary,256.364287658937
USER_0091,2026-06-21,-229.86325870607592,discretionary,26.50102895286105
USER_0091,2026-06-22,-734.6207517592278,discretionary,-708.1197228063668
USER_0091,2026-06-23,-833.8323937933097,discretionary,-1541.9521165996766
USER_0091,2026-06-24,-542.8898295832207,discretionary,-2084.841946182897
USER_0091,2026-06-25,-315.6070264684505,discretionary,-2400.4489726513475
USER_0091,2026-06-26,-169.18991615906702,discretionary,-2569.6388888104148
USER_0091,2026-06-27,-153.74684222085324,discretionary,-2723.385731031268
USER_0091,2026-06-28,20000.0,income_salary,17276.614268968733
USER_0091,2026-06-28,-380.8388103452456,discretionary,16895.775458623488
USER_0091,2026-06-29,-264.59584221150527,discretionary,16631.179616411984
USER_0091,2026-06-30,-88.58948994079162,discretionary,16542.590126471194
USER_0091,2026-07-01,-6620.767762867061,fixed_rent,9921.822363604133
USER_0091,2026-07-01,-285.1800724072938,discretionary,9636.642291196838
USER_0091,2026-07-02,-175.31653833536384,discretionary,9461.325752861474
USER_0091,2026-07-03,-304.4541319923625,discretionary,9156.871620869111
USER_0091,2026-07-04,-197.85034985920143,discretionary,8959.02127100991
USER_0091,2026-07-05,-374.9779343746992,discretionary,8584.04333663521
USER_0091,2026-07-06,-594.214150217993,discretionary,7989.829186417217
USER_0091,2026-07-07,-282.33291645593744,discretionary,7707.49626996128
USER_0091,2026-07-08,-142.7081450375052,discretionary,7564.788124923774
USER_0091,2026-07-09,-213.85452642158978,discretionary,7350.933598502184
USER_0091,2026-07-10,-239.28827687188004,discretionary,7111.645321630304
USER_0091,2026-07-11,-147.57449358983783,discretionary,6964.070828040467
USER_0091,2026-07-12,-189.09687783016528,discretionary,6774.973950210302
USER_0091,2026-07-13,-379.03940825326424,discretionary,6395.934541957038
USER_0091,2026-07-14,-205.36634137573236,discretionary,6190.568200581306
USER_0091,2026-07-15,-623.2817999649999,discretionary,5567.286400616306
USER_0091,2026-07-16,-230.15948698966412,discretionary,5337.126913626642
USER_0091,2026-07-17,-200.45483618278496,discretionary,5136.672077443857
USER_0091,2026-07-18,-128.99186601574252,discretionary,5007.6802114281145
USER_0091,2026-07-19,-84.97562191854352,discretionary,4922.704589509571
USER_0091,2026-07-20,-246.49869212461505,discretionary,4676.205897384955
USER_0091,2026-07-21,-197.16723306670224,discretionary,4479.038664318253
USER_0091,2026-07-22,-430.2340124871325,discretionary,4048.8046518311203
USER_0091,2026-07-23,-159.86709373423602,discretionary,3888.9375580968845
USER_0091,2026-07-24,-176.64686882194778,discretionary,3712.2906892749365
USER_0091,2026-07-25,-181.78548243066862,discretionary,3530.505206844268
USER_0091,2026-07-26,-100.04612447732116,discretionary,3430.459082366947
USER_0091,2026-07-27,-139.38180760618377,discretionary,3291.077274760763
USER_0091,2026-07-28,20000.0,income_salary,23291.077274760763
USER_0091,2026-07-28,-246.60998339623464,discretionary,23044.467291364526
USER_0091,2026-07-29,-113.68143479437009,discretionary,22930.785856570157
USER_0091,2026-07-30,-352.1489514912542,discretionary,22578.636905078904
USER_0091,2026-07-31,-292.2041459747013,discretionary,22286.432759104202
USER_0091,2026-08-01,-6620.767762867061,fixed_rent,15665.664996237141
USER_0091,2026-08-01,-279.3658310731861,discretionary,15386.299165163955
USER_0091,2026-08-02,-156.42336869967315,discretionary,15229.875796464281
USER_0091,2026-08-03,-66.40204304409515,discretionary,15163.473753420185
USER_0091,2026-08-04,-271.6441299177377,discretionary,14891.829623502446
USER_0091,2026-08-05,-386.8968458153387,discretionary,14504.932777687107
USER_0091,2026-08-06,-161.88692313676194,discretionary,14343.045854550344
USER_0091,2026-08-07,-113.774285304451,discretionary,14229.271569245893
USER_0091,2026-08-08,-158.38427032154937,discretionary,14070.887298924345
USER_0091,2026-08-09,-265.98565034790903,discretionary,13804.901648576435
USER_0091,2026-08-10,-271.63612009299777,discretionary,13533.265528483436
USER_0091,2026-08-11,-233.94944388449176,discretionary,13299.316084598944
USER_0091,2026-08-12,-1712.3111863493598,discretionary,11587.004898249585
USER_0091,2026-08-13,-216.54226861869765,discretionary,11370.462629630887
USER_0091,2026-08-14,-185.127859318139,discretionary,11185.334770312747
USER_0091,2026-08-15,-139.64775618492217,discretionary,11045.687014127825
USER_0091,2026-08-16,-267.7289432479602,discretionary,10777.958070879864
USER_0091,2026-08-17,-139.79682908507377,discretionary,10638.16124179479
USER_0091,2026-08-18,-220.23975838994275,discretionary,10417.921483404849
USER_0091,2026-08-19,-175.2719351591199,discretionary,10242.649548245729
USER_0091,2026-08-20,-216.91096526755845,discretionary,10025.73858297817
USER_0091,2026-08-21,-239.34887485850277,discretionary,9786.389708119668
USER_0091,2026-08-22,-199.78185950253018,discretionary,9586.607848617137
USER_0091,2026-08-23,-444.89336409870134,discretionary,9141.714484518436
USER_0091,2026-08-24,-144.76988377383694,discretionary,8996.944600744599
USER_0091,2026-08-25,-218.56548060424265,discretionary,8778.379120140356
USER_0091,2026-08-26,-311.24086464912654,discretionary,8467.13825549123
USER_0091,2026-08-27,-371.63477945232916,discretionary,8095.503476038902
USER_0091,2026-08-28,20000.0,income_salary,28095.503476038903
USER_0091,2026-08-28,-291.33368378769455,discretionary,27804.169792251207
USER_0091,2026-08-29,-238.9655470836185,discretionary,27565.204245167588
USER_0092,2026-06-01,-175.70324089987287,discretionary,4824.296759100127
USER_0092,2026-06-02,-236.2673716298787,discretionary,4588.029387470248
USER_0092,2026-06-03,-399.8358607336105,discretionary,4188.193526736638
USER_0092,2026-06-04,-206.9853956895139,discretionary,3981.208131047124
USER_0092,2026-06-05,-195.96366018096748,discretionary,3785.2444708661565
USER_0092,2026-06-06,-415.61687185976143,discretionary,3369.627599006395
USER_0092,2026-06-07,-460.20092883329613,discretionary,2909.426670173099
USER_0092,2026-06-08,-147.0957062721134,discretionary,2762.3309639009854
USER_0092,2026-06-09,-311.25066530825654,discretionary,2451.080298592729
USER_0092,2026-06-10,-212.90700536287167,discretionary,2238.1732932298573
USER_0092,2026-06-11,-624.0850540855625,discretionary,1614.0882391442947
USER_0092,2026-06-12,-324.8967321164143,discretionary,1289.1915070278803
USER_0092,2026-06-13,-203.6466044351423,discretionary,1085.544902592738
USER_0092,2026-06-14,-205.13925481474956,discretionary,880.4056477779884
USER_0092,2026-06-15,-184.44452390531902,discretionary,695.9611238726694
USER_0092,2026-06-16,-155.99252853646968,discretionary,539.9685953361998
USER_0092,2026-06-17,-539.804631814205,discretionary,0.1639635219947877
USER_0092,2026-06-18,-790.9047776018388,discretionary,-790.740814079844
USER_0092,2026-06-19,-331.0182102720873,discretionary,-1121.7590243519312
USER_0092,2026-06-20,-251.62507698121016,discretionary,-1373.3841013331414
USER_0092,2026-06-21,-390.647774379371,discretionary,-1764.0318757125124
USER_0092,2026-06-22,-287.34426422422484,discretionary,-2051.376139936737
USER_0092,2026-06-23,-186.51252560858046,discretionary,-2237.8886655453175
USER_0092,2026-06-24,-358.040509252433,discretionary,-2595.9291747977504
USER_0092,2026-06-25,-260.6208226133737,discretionary,-2856.549997411124
USER_0092,2026-06-26,-388.4595217786984,discretionary,-3245.009519189822
USER_0092,2026-06-27,-391.98716754627765,discretionary,-3636.9966867361
USER_0092,2026-06-28,25000.0,income_salary,21363.0033132639
USER_0092,2026-06-28,-243.03571863198775,discretionary,21119.96759463191
USER_0092,2026-06-29,-206.93315951064707,discretionary,20913.034435121263
USER_0092,2026-06-30,-230.79789528581642,discretionary,20682.236539835445
USER_0092,2026-07-01,-6757.44702572206,fixed_rent,13924.789514113385
USER_0092,2026-07-01,-217.64076242900157,discretionary,13707.148751684383
USER_0092,2026-07-02,-233.5428778699708,discretionary,13473.605873814411
USER_0092,2026-07-03,-110.43691250245912,discretionary,13363.168961311952
USER_0092,2026-07-04,-557.802896896033,discretionary,12805.366064415919
USER_0092,2026-07-05,-264.4244213896983,discretionary,12540.94164302622
USER_0092,2026-07-06,-130.18717756661377,discretionary,12410.754465459608
USER_0092,2026-07-07,-570.3351002998235,discretionary,11840.419365159783
USER_0092,2026-07-08,-174.23201282472058,discretionary,11666.187352335062
USER_0092,2026-07-09,-258.65006275141513,discretionary,11407.537289583648
USER_0092,2026-07-10,-509.8245245127733,discretionary,10897.712765070875
USER_0092,2026-07-11,-631.6991975311339,discretionary,10266.013567539741
USER_0092,2026-07-12,-99.46353755104185,discretionary,10166.550029988699
USER_0092,2026-07-13,-322.7561603232018,discretionary,9843.793869665496
USER_0092,2026-07-14,-213.66478604917958,discretionary,9630.129083616317
USER_0092,2026-07-15,-214.0229600173747,discretionary,9416.106123598942
USER_0092,2026-07-16,-211.19821299592869,discretionary,9204.907910603013
USER_0092,2026-07-17,-282.73576223234573,discretionary,8922.172148370668
USER_0092,2026-07-18,-278.50070798124716,discretionary,8643.67144038942
USER_0092,2026-07-19,-684.0078719335617,discretionary,7959.663568455859
USER_0092,2026-07-20,-125.05239783421786,discretionary,7834.611170621641
USER_0092,2026-07-21,-93.89643854566708,discretionary,7740.714732075973
USER_0092,2026-07-22,-257.41751832143484,discretionary,7483.2972137545385
USER_0092,2026-07-23,-241.0303606696141,discretionary,7242.266853084924
USER_0092,2026-07-24,-212.41719804410116,discretionary,7029.849655040823
USER_0092,2026-07-25,-277.31645108651037,discretionary,6752.533203954312
USER_0092,2026-07-26,-149.5273894908184,discretionary,6603.005814463493
USER_0092,2026-07-27,-375.26641979979587,discretionary,6227.739394663698
USER_0092,2026-07-28,25000.0,income_salary,31227.7393946637
USER_0092,2026-07-28,-134.3534852637512,discretionary,31093.38590939995
USER_0092,2026-07-29,-784.9860346281982,discretionary,30308.399874771752
USER_0092,2026-07-30,-136.58118928226065,discretionary,30171.818685489492
USER_0092,2026-07-31,-271.7375545090127,discretionary,29900.081130980478
USER_0092,2026-08-01,-6757.44702572206,fixed_rent,23142.634105258418
USER_0092,2026-08-01,-243.63630935300944,discretionary,22898.99779590541
USER_0092,2026-08-02,-221.70800770591364,discretionary,22677.289788199494
USER_0092,2026-08-03,-327.8795691665342,discretionary,22349.41021903296
USER_0092,2026-08-04,-676.2530429243586,discretionary,21673.1571761086
USER_0092,2026-08-05,-229.49339171672946,discretionary,21443.663784391872
USER_0092,2026-08-06,-308.39359713504996,discretionary,21135.27018725682
USER_0092,2026-08-07,-141.157317968345,discretionary,20994.112869288478
USER_0092,2026-08-08,-231.5109987749451,discretionary,20762.601870513532
USER_0092,2026-08-09,-307.9656324390425,discretionary,20454.63623807449
USER_0092,2026-08-10,-130.5522160197223,discretionary,20324.08402205477
USER_0092,2026-08-11,-297.0071750134516,discretionary,20027.076847041317
USER_0092,2026-08-12,-264.4350902059669,discretionary,19762.64175683535
USER_0092,2026-08-13,-415.04682329544613,discretionary,19347.594933539905
USER_0092,2026-08-14,-293.8075105812546,discretionary,19053.787422958652
USER_0092,2026-08-15,-302.0697965422875,discretionary,18751.717626416365
USER_0092,2026-08-16,-196.8348277467026,discretionary,18554.882798669663
USER_0092,2026-08-17,-101.31961245266102,discretionary,18453.563186217
USER_0092,2026-08-18,-144.9768971237726,discretionary,18308.58628909323
USER_0092,2026-08-19,-213.83416908584866,discretionary,18094.752120007382
USER_0092,2026-08-20,-83.88679259043788,discretionary,18010.865327416945
USER_0092,2026-08-21,-112.54984821570078,discretionary,17898.315479201243
USER_0092,2026-08-22,-231.12140399691827,discretionary,17667.194075204323
USER_0092,2026-08-23,-342.48300514771,discretionary,17324.71107005661
USER_0092,2026-08-24,-452.5501762562239,discretionary,16872.16089380039
USER_0092,2026-08-25,-615.775652747366,discretionary,16256.385241053022
USER_0092,2026-08-26,-454.9243608170555,discretionary,15801.460880235965
USER_0092,2026-08-27,-127.38425840525555,discretionary,15674.076621830709
USER_0092,2026-08-28,25000.0,income_salary,40674.07662183071
USER_0092,2026-08-28,-343.81327325723686,discretionary,40330.26334857348
USER_0092,2026-08-29,-134.28083401935396,discretionary,40195.982514554125
USER_0093,2026-06-01,-298.0836879079522,discretionary,4701.9163120920475
USER_0093,2026-06-02,-138.5179096984521,discretionary,4563.3984023935955
USER_0093,2026-06-03,-126.75315751228574,discretionary,4436.64524488131
USER_0093,2026-06-04,-188.8722145650747,discretionary,4247.773030316235
USER_0093,2026-06-05,-218.9993881187236,discretionary,4028.7736421975114
USER_0093,2026-06-06,-492.9256923037876,discretionary,3535.847949893724
USER_0093,2026-06-07,-193.69256085943925,discretionary,3342.155389034285
USER_0093,2026-06-08,-342.66801479766207,discretionary,2999.4873742366226
USER_0093,2026-06-09,-243.50254129991526,discretionary,2755.9848329367073
USER_0093,2026-06-10,-540.7815868456049,discretionary,2215.2032460911023
USER_0093,2026-06-11,-98.44425410109011,discretionary,2116.758991990012
USER_0093,2026-06-12,-163.49853293051805,discretionary,1953.260459059494
USER_0093,2026-06-13,-417.54634949478117,discretionary,1535.7141095647128
USER_0093,2026-06-14,-341.05186552289956,discretionary,1194.6622440418132
USER_0093,2026-06-15,-205.92013152552389,discretionary,988.7421125162894
USER_0093,2026-06-16,-238.9697644911892,discretionary,749.7723480251002
USER_0093,2026-06-17,-269.15426168214617,discretionary,480.61808634295403
USER_0093,2026-06-18,-288.347878307451,discretionary,192.270208035503
USER_0093,2026-06-19,-317.90761185439595,discretionary,-125.63740381889295
USER_0093,2026-06-20,-172.16571940740602,discretionary,-297.80312322629896
USER_0093,2026-06-21,-521.5131172961329,discretionary,-819.3162405224318
USER_0093,2026-06-22,-116.4543477599301,discretionary,-935.7705882823619
USER_0093,2026-06-23,-510.07143670261354,discretionary,-1445.8420249849755
USER_0093,2026-06-24,-211.51461508374192,discretionary,-1657.3566400687175
USER_0093,2026-06-25,-182.15462413623504,discretionary,-1839.5112642049526
USER_0093,2026-06-26,-143.21240026036702,discretionary,-1982.7236644653196
USER_0093,2026-06-27,-132.36959257895805,discretionary,-2115.093257044278
USER_0093,2026-06-28,35000.0,income_salary,32884.906742955725
USER_0093,2026-06-28,-303.91566853303607,discretionary,32580.99107442269
USER_0093,2026-06-29,-384.9877078375267,discretionary,32196.003366585162
USER_0093,2026-06-30,-385.2634400083222,discretionary,31810.73992657684
USER_0093,2026-07-01,-5833.233577260806,fixed_rent,25977.506349316034
USER_0093,2026-07-01,-274.60528778171016,discretionary,25702.901061534325
USER_0093,2026-07-02,-192.33644325199165,discretionary,25510.564618282333
USER_0093,2026-07-03,-313.07488848948054,discretionary,25197.48972979285
USER_0093,2026-07-04,-131.93693228344802,discretionary,25065.552797509405
USER_0093,2026-07-05,-337.34462155360325,discretionary,24728.208175955802
USER_0093,2026-07-06,-322.6342712129499,discretionary,24405.57390474285
USER_0093,2026-07-07,-274.51624682631353,discretionary,24131.057657916535
USER_0093,2026-07-08,-310.09819357906366,discretionary,23820.959464337473
USER_0093,2026-07-09,-458.625190203834,discretionary,23362.33427413364
USER_0093,2026-07-10,-114.77612030624385,discretionary,23247.558153827395
USER_0093,2026-07-11,-374.0218481858667,discretionary,22873.536305641526
USER_0093,2026-07-12,-355.79973997828967,discretionary,22517.736565663236
USER_0093,2026-07-13,-559.5007067644032,discretionary,21958.23585889883
USER_0093,2026-07-14,-223.24235646858074,discretionary,21734.99350243025
USER_0093,2026-07-15,-319.7343816697989,discretionary,21415.259120760453
USER_0093,2026-07-16,-279.86157070966595,discretionary,21135.397550050788
USER_0093,2026-07-17,-151.90286322046853,discretionary,20983.49468683032
USER_0093,2026-07-18,-142.31831123608887,discretionary,20841.17637559423
USER_0093,2026-07-19,-343.1531254617124,discretionary,20498.02325013252
USER_0093,2026-07-20,-381.50645318699105,discretionary,20116.51679694553
USER_0093,2026-07-21,-140.8545400969412,discretionary,19975.662256848587
USER_0093,2026-07-22,-291.5372488836844,discretionary,19684.125007964903
USER_0093,2026-07-23,-246.64455018691493,discretionary,19437.480457777987
USER_0093,2026-07-24,-172.91393106941163,discretionary,19264.566526708575
USER_0093,2026-07-25,-211.26556802421794,discretionary,19053.30095868436
USER_0093,2026-07-26,-484.65964882765354,discretionary,18568.641309856706
USER_0093,2026-07-27,-86.23670496055767,discretionary,18482.40460489615
USER_0093,2026-07-28,35000.0,income_salary,53482.404604896146
USER_0093,2026-07-28,-790.9369649400024,discretionary,52691.46763995614
USER_0093,2026-07-29,-223.9216265734139,discretionary,52467.54601338273
USER_0093,2026-07-30,-136.0922848033495,discretionary,52331.45372857938
USER_0093,2026-07-31,-293.9841603076909,discretionary,52037.469568271685
USER_0093,2026-08-01,-5833.233577260806,fixed_rent,46204.23599101088
USER_0093,2026-08-01,-240.26074157375203,discretionary,45963.97524943713
USER_0093,2026-08-02,-383.51408432118984,discretionary,45580.461165115936
USER_0093,2026-08-03,-167.06155597365554,discretionary,45413.39960914228
USER_0093,2026-08-04,-121.18797795351153,discretionary,45292.21163118877
USER_0093,2026-08-05,-443.40177692311113,discretionary,44848.80985426566
USER_0093,2026-08-06,-387.16753219973845,discretionary,44461.64232206592
USER_0093,2026-08-07,-259.8158608442752,discretionary,44201.826461221644
USER_0093,2026-08-08,-141.1027036556468,discretionary,44060.723757566
USER_0093,2026-08-09,-206.20606707646755,discretionary,43854.51769048953
USER_0093,2026-08-10,-506.64757225320426,discretionary,43347.87011823632
USER_0093,2026-08-11,-278.40298200607396,discretionary,43069.46713623025
USER_0093,2026-08-12,-287.43950507015023,discretionary,42782.0276311601
USER_0093,2026-08-13,-219.48944346092182,discretionary,42562.538187699174
USER_0093,2026-08-14,-333.37356573837394,discretionary,42229.1646219608
USER_0093,2026-08-15,-230.6472549231283,discretionary,41998.517367037675
USER_0093,2026-08-16,-112.95087312338491,discretionary,41885.56649391429
USER_0093,2026-08-17,-93.35112881498684,discretionary,41792.2153650993
USER_0093,2026-08-18,-131.99347031347222,discretionary,41660.22189478583
USER_0093,2026-08-19,-208.18789513528716,discretionary,41452.03399965054
USER_0093,2026-08-20,-591.3392765478512,discretionary,40860.69472310269
USER_0093,2026-08-21,-565.675866892066,discretionary,40295.01885621063
USER_0093,2026-08-22,-153.02263005864438,discretionary,40141.99622615198
USER_0093,2026-08-23,-303.62249326232467,discretionary,39838.37373288966
USER_0093,2026-08-24,-214.03338292853036,discretionary,39624.34034996113
USER_0093,2026-08-25,-341.91404219613963,discretionary,39282.42630776499
USER_0093,2026-08-26,-139.0308329624276,discretionary,39143.395474802564
USER_0093,2026-08-27,-376.7307309022578,discretionary,38766.664743900306
USER_0093,2026-08-28,35000.0,income_salary,73766.6647439003
USER_0093,2026-08-28,-200.35227969340337,discretionary,73566.3124642069
USER_0093,2026-08-29,-164.69927724342787,discretionary,73401.61318696347
USER_0094,2026-06-01,-379.10740446067643,discretionary,4620.892595539323
USER_0094,2026-06-02,-452.1740753771999,discretionary,4168.718520162123
USER_0094,2026-06-03,-182.4217784413699,discretionary,3986.2967417207533
USER_0094,2026-06-04,-174.7085354058331,discretionary,3811.58820631492
USER_0094,2026-06-05,-195.03789473232322,discretionary,3616.550311582597
USER_0094,2026-06-06,-210.8371886215173,discretionary,3405.7131229610795
USER_0094,2026-06-07,-217.5185663573069,discretionary,3188.1945566037725
USER_0094,2026-06-08,-151.89751669412308,discretionary,3036.2970399096494
USER_0094,2026-06-09,-390.22879713533496,discretionary,2646.0682427743145
USER_0094,2026-06-10,-407.35568801659934,discretionary,2238.712554757715
USER_0094,2026-06-11,-370.98674189892034,discretionary,1867.7258128587948
USER_0094,2026-06-12,-318.02164340973934,discretionary,1549.7041694490554
USER_0094,2026-06-13,-196.4844875488715,discretionary,1353.2196819001838
USER_0094,2026-06-14,-349.0391598915746,discretionary,1004.1805220086092
USER_0094,2026-06-15,-183.75560303292193,discretionary,820.4249189756872
USER_0094,2026-06-16,-240.58633338936562,discretionary,579.8385855863216
USER_0094,2026-06-17,-210.47091921536284,discretionary,369.3676663709588
USER_0094,2026-06-18,-338.20176594177633,discretionary,31.165900429182443
USER_0094,2026-06-19,-149.29587879337922,discretionary,-118.12997836419677
USER_0094,2026-06-20,-132.53769217630318,discretionary,-250.66767054049996
USER_0094,2026-06-21,-444.79439780528253,discretionary,-695.4620683457824
USER_0094,2026-06-22,-385.8230088140758,discretionary,-1081.2850771598582
USER_0094,2026-06-23,-204.1414421141013,discretionary,-1285.4265192739595
USER_0094,2026-06-24,-535.5081731853985,discretionary,-1820.9346924593578
USER_0094,2026-06-25,-242.60863185907124,discretionary,-2063.543324318429
USER_0094,2026-06-26,-218.40061065718626,discretionary,-2281.9439349756153
USER_0094,2026-06-27,-551.0067854833289,discretionary,-2832.9507204589445
USER_0094,2026-06-28,35000.0,income_salary,32167.049279541054
USER_0094,2026-06-28,-128.32837546934198,discretionary,32038.720904071713
USER_0094,2026-06-29,-168.10014206001358,discretionary,31870.6207620117
USER_0094,2026-06-30,-294.1021131208284,discretionary,31576.51864889087
USER_0094,2026-07-01,-7099.60543625902,fixed_rent,24476.91321263185
USER_0094,2026-07-01,-123.90360569327311,discretionary,24353.009606938576
USER_0094,2026-07-02,-256.41862494957087,discretionary,24096.590981989004
USER_0094,2026-07-03,-374.1075876301286,discretionary,23722.483394358875
USER_0094,2026-07-04,-162.6817764427614,discretionary,23559.801617916113
USER_0094,2026-07-05,-152.55184631432593,discretionary,23407.249771601786
USER_0094,2026-07-06,-162.0358178125793,discretionary,23245.213953789207
USER_0094,2026-07-07,-101.28354879810699,discretionary,23143.9304049911
USER_0094,2026-07-08,-73.9373676108763,discretionary,23069.993037380224
USER_0094,2026-07-09,-494.85456077010906,discretionary,22575.138476610115
USER_0094,2026-07-10,-166.72482228690086,discretionary,22408.413654323213
USER_0094,2026-07-11,-210.70093055886127,discretionary,22197.71272376435
USER_0094,2026-07-12,-157.95948614891054,discretionary,22039.75323761544
USER_0094,2026-07-13,-158.1782896400569,discretionary,21881.574947975383
USER_0094,2026-07-14,-228.7187317293946,discretionary,21652.85621624599
USER_0094,2026-07-15,-269.56544048375656,discretionary,21383.290775762234
USER_0094,2026-07-16,-247.10107200477333,discretionary,21136.18970375746
USER_0094,2026-07-17,-301.47573756204395,discretionary,20834.713966195417
USER_0094,2026-07-18,-300.42137156686056,discretionary,20534.292594628558
USER_0094,2026-07-19,-170.81431999480085,discretionary,20363.478274633755
USER_0094,2026-07-20,-208.20510646895124,discretionary,20155.273168164804
USER_0094,2026-07-21,-303.1514755870683,discretionary,19852.121692577737
USER_0094,2026-07-22,-371.8244523358868,discretionary,19480.29724024185
USER_0094,2026-07-23,-381.35552211591335,discretionary,19098.941718125934
USER_0094,2026-07-24,-54.242955366735806,discretionary,19044.6987627592
USER_0094,2026-07-25,-238.98747891758893,discretionary,18805.71128384161
USER_0094,2026-07-26,-340.8362278675105,discretionary,18464.8750559741
USER_0094,2026-07-27,-284.38521663596305,discretionary,18180.489839338134
USER_0094,2026-07-28,35000.0,income_salary,53180.48983933813
USER_0094,2026-07-28,-248.98454156970791,discretionary,52931.505297768424
USER_0094,2026-07-29,-174.84194385952216,discretionary,52756.6633539089
USER_0094,2026-07-30,-221.96529629240405,discretionary,52534.6980576165
USER_0094,2026-07-31,-725.131647984058,discretionary,51809.56640963244
USER_0094,2026-08-01,-7099.60543625902,fixed_rent,44709.96097337342
USER_0094,2026-08-01,-282.1313019420181,discretionary,44427.8296714314
USER_0094,2026-08-02,-336.86656620244366,discretionary,44090.963105228955
USER_0094,2026-08-03,-235.10400746498522,discretionary,43855.85909776397
USER_0094,2026-08-04,-341.3734318936408,discretionary,43514.48566587033
USER_0094,2026-08-05,-290.83984534414213,discretionary,43223.64582052619
USER_0094,2026-08-06,-166.34503997375992,discretionary,43057.300780552425
USER_0094,2026-08-07,-263.93022029511263,discretionary,42793.37056025731
USER_0094,2026-08-08,-218.25016438957763,discretionary,42575.12039586773
USER_0094,2026-08-09,-82.52833821706456,discretionary,42492.59205765066
USER_0094,2026-08-10,-284.35111556264354,discretionary,42208.24094208802
USER_0094,2026-08-11,-260.3330726342417,discretionary,41947.90786945378
USER_0094,2026-08-12,-295.2321181352753,discretionary,41652.67575131851
USER_0094,2026-08-13,-473.6540559457865,discretionary,41179.02169537272
USER_0094,2026-08-14,-624.1203482431686,discretionary,40554.901347129555
USER_0094,2026-08-15,-277.0134755902072,discretionary,40277.88787153935
USER_0094,2026-08-16,-137.41376098370748,discretionary,40140.474110555646
USER_0094,2026-08-17,-198.39433760318707,discretionary,39942.07977295246
USER_0094,2026-08-18,-296.01054911428724,discretionary,39646.06922383817
USER_0094,2026-08-19,-250.15640604646083,discretionary,39395.91281779171
USER_0094,2026-08-20,-211.042435385452,discretionary,39184.870382406254
USER_0094,2026-08-21,-120.06262583244803,discretionary,39064.807756573806
USER_0094,2026-08-22,-299.6872477776111,discretionary,38765.12050879619
USER_0094,2026-08-23,-534.3973439781226,discretionary,38230.72316481807
USER_0094,2026-08-24,-193.64110835242485,discretionary,38037.082056465646
USER_0094,2026-08-25,-59.70799153805963,discretionary,37977.374064927586
USER_0094,2026-08-26,-398.69253716031284,discretionary,37578.68152776727
USER_0094,2026-08-27,-180.7113466202996,discretionary,37397.97018114697
USER_0094,2026-08-28,35000.0,income_salary,72397.97018114697
USER_0094,2026-08-28,-342.59991264447893,discretionary,72055.37026850249
USER_0094,2026-08-29,-153.22041754595747,discretionary,71902.14985095653
USER_0095,2026-06-01,-89.31914867401197,discretionary,4910.680851325988
USER_0095,2026-06-02,-166.08222406251562,discretionary,4744.598627263473
USER_0095,2026-06-03,-220.44667408481328,discretionary,4524.15195317866
USER_0095,2026-06-04,-529.0597376464518,discretionary,3995.092215532208
USER_0095,2026-06-05,-512.6654095645773,discretionary,3482.4268059676306
USER_0095,2026-06-06,-654.8018521491606,discretionary,2827.62495381847
USER_0095,2026-06-07,-275.7916040398859,discretionary,2551.8333497785843
USER_0095,2026-06-08,-349.1346133290195,discretionary,2202.698736449565
USER_0095,2026-06-09,-547.7724641780304,discretionary,1654.9262722715343
USER_0095,2026-06-10,-295.1286397189934,discretionary,1359.797632552541
USER_0095,2026-06-11,-239.4927701315891,discretionary,1120.3048624209518
USER_0095,2026-06-12,-604.0562302437546,discretionary,516.2486321771972
USER_0095,2026-06-13,-222.1537061303932,discretionary,294.09492604680406
USER_0095,2026-06-14,-434.64297237926263,discretionary,-140.54804633245857
USER_0095,2026-06-15,-511.507030349004,discretionary,-652.0550766814627
USER_0095,2026-06-16,-226.6283880314489,discretionary,-878.6834647129116
USER_0095,2026-06-17,-451.18471516917015,discretionary,-1329.8681798820817
USER_0095,2026-06-18,-173.8925512626127,discretionary,-1503.7607311446943
USER_0095,2026-06-19,-133.73118074893358,discretionary,-1637.491911893628
USER_0095,2026-06-20,-242.1777353993194,discretionary,-1879.6696472929473
USER_0095,2026-06-21,-163.25097815488516,discretionary,-2042.9206254478324
USER_0095,2026-06-22,-279.1918155473542,discretionary,-2322.1124409951867
USER_0095,2026-06-23,-141.74898491045872,discretionary,-2463.8614259056453
USER_0095,2026-06-24,-315.82500403282097,discretionary,-2779.686429938466
USER_0095,2026-06-25,-225.039787858923,discretionary,-3004.726217797389
USER_0095,2026-06-26,-178.38229564608213,discretionary,-3183.108513443471
USER_0095,2026-06-27,-165.90277796124138,discretionary,-3349.0112914047127
USER_0095,2026-06-28,25000.0,income_salary,21650.988708595287
USER_0095,2026-06-28,-237.51969881919496,discretionary,21413.46900977609
USER_0095,2026-06-29,-214.64576346515952,discretionary,21198.82324631093
USER_0095,2026-06-30,-225.90150712322998,discretionary,20972.9217391877
USER_0095,2026-07-01,-7704.398423938046,fixed_rent,13268.523315249653
USER_0095,2026-07-01,-168.23710740817313,discretionary,13100.28620784148
USER_0095,2026-07-02,-306.99097879830254,discretionary,12793.295229043177
USER_0095,2026-07-03,-231.14731304148702,discretionary,12562.14791600169
USER_0095,2026-07-04,-122.56266766141302,discretionary,12439.585248340276
USER_0095,2026-07-05,-247.74933495738716,discretionary,12191.835913382889
USER_0095,2026-07-06,-360.53121977012256,discretionary,11831.304693612767
USER_0095,2026-07-07,-303.4505801437233,discretionary,11527.854113469044
USER_0095,2026-07-08,-331.9933664544473,discretionary,11195.860747014596
USER_0095,2026-07-09,-425.53885442333035,discretionary,10770.321892591266
USER_0095,2026-07-10,-131.17370122521757,discretionary,10639.148191366048
USER_0095,2026-07-11,-436.00118227258093,discretionary,10203.147009093467
USER_0095,2026-07-12,-170.9892950295242,discretionary,10032.157714063944
USER_0095,2026-07-13,-262.9920415848185,discretionary,9769.165672479125
USER_0095,2026-07-14,-579.9467575310342,discretionary,9189.218914948091
USER_0095,2026-07-15,-257.9372526777196,discretionary,8931.281662270372
USER_0095,2026-07-16,-459.5489695093777,discretionary,8471.732692760994
USER_0095,2026-07-17,-249.88265370495273,discretionary,8221.85003905604
USER_0095,2026-07-18,-341.9198577394692,discretionary,7879.930181316571
USER_0095,2026-07-19,-332.5983943638384,discretionary,7547.331786952733
USER_0095,2026-07-20,-331.24059204339824,discretionary,7216.091194909334
USER_0095,2026-07-21,-148.8221189043792,discretionary,7067.269076004955
USER_0095,2026-07-22,-159.49162026705508,discretionary,6907.777455737901
USER_0095,2026-07-23,-250.11698293350833,discretionary,6657.660472804392
USER_0095,2026-07-24,-163.88858352481287,discretionary,6493.771889279579
USER_0095,2026-07-25,-533.9596628304231,discretionary,5959.812226449156
USER_0095,2026-07-26,-137.70347341275854,discretionary,5822.1087530363975
USER_0095,2026-07-27,-336.9138291890396,discretionary,5485.194923847358
USER_0095,2026-07-28,25000.0,income_salary,30485.194923847357
USER_0095,2026-07-28,-115.72528963504129,discretionary,30369.469634212317
USER_0095,2026-07-29,-188.14028428153472,discretionary,30181.329349930784
USER_0095,2026-07-30,-358.30866038902406,discretionary,29823.02068954176
USER_0095,2026-07-31,-282.82382931866323,discretionary,29540.1968602231
USER_0095,2026-08-01,-7704.398423938046,fixed_rent,21835.798436285055
USER_0095,2026-08-01,-222.5460707541093,discretionary,21613.252365530945
USER_0095,2026-08-02,-148.88679025944907,discretionary,21464.365575271495
USER_0095,2026-08-03,-380.80478879855343,discretionary,21083.560786472943
USER_0095,2026-08-04,-376.6957925772211,discretionary,20706.86499389572
USER_0095,2026-08-05,-96.41374926319565,discretionary,20610.451244632524
USER_0095,2026-08-06,-131.60493359723296,discretionary,20478.84631103529
USER_0095,2026-08-07,-138.80548263126474,discretionary,20340.040828404024
USER_0095,2026-08-08,-114.74729293865458,discretionary,20225.29353546537
USER_0095,2026-08-09,-112.75933184333095,discretionary,20112.53420362204
USER_0095,2026-08-10,-135.50384781626448,discretionary,19977.030355805775
USER_0095,2026-08-11,-278.9248025987272,discretionary,19698.105553207046
USER_0095,2026-08-12,-213.18845067111232,discretionary,19484.917102535932
USER_0095,2026-08-13,-674.5950295464669,discretionary,18810.322072989464
USER_0095,2026-08-14,-461.3197271707353,discretionary,18349.002345818728
USER_0095,2026-08-15,-490.18215131205864,discretionary,17858.82019450667
USER_0095,2026-08-16,-181.31437343334704,discretionary,17677.505821073322
USER_0095,2026-08-17,-147.93767845103815,discretionary,17529.568142622284
USER_0095,2026-08-18,-249.01820924142157,discretionary,17280.549933380862
USER_0095,2026-08-19,-157.58069124511695,discretionary,17122.969242135747
USER_0095,2026-08-20,-119.34198324804207,discretionary,17003.627258887704
USER_0095,2026-08-21,-254.66295424163528,discretionary,16748.96430464607
USER_0095,2026-08-22,-365.8379869284471,discretionary,16383.126317717622
USER_0095,2026-08-23,-224.14032257077693,discretionary,16158.985995146846
USER_0095,2026-08-24,-110.58143508820059,discretionary,16048.404560058645
USER_0095,2026-08-25,-240.7509987394653,discretionary,15807.653561319179
USER_0095,2026-08-26,-216.9796162993704,discretionary,15590.67394501981
USER_0095,2026-08-27,-310.1423432103277,discretionary,15280.531601809482
USER_0095,2026-08-28,25000.0,income_salary,40280.53160180948
USER_0095,2026-08-28,-163.44239204403155,discretionary,40117.08920976545
USER_0095,2026-08-29,-222.72900103343056,discretionary,39894.36020873202
USER_0096,2026-06-01,-251.38410631396403,discretionary,4748.615893686036
USER_0096,2026-06-02,-583.4948512290657,discretionary,4165.12104245697
USER_0096,2026-06-03,-270.12551750227806,discretionary,3894.995524954692
USER_0096,2026-06-04,-201.3045400274948,discretionary,3693.690984927197
USER_0096,2026-06-05,-388.53929689428696,discretionary,3305.15168803291
USER_0096,2026-06-06,-197.1600344384785,discretionary,3107.9916535944317
USER_0096,2026-06-07,-301.7894822943554,discretionary,2806.2021713000763
USER_0096,2026-06-08,-266.53496313494196,discretionary,2539.6672081651345
USER_0096,2026-06-09,-315.98983343889125,discretionary,2223.677374726243
USER_0096,2026-06-10,-300.457152316278,discretionary,1923.2202224099651
USER_0096,2026-06-11,-276.01468598586564,discretionary,1647.2055364240996
USER_0096,2026-06-12,-261.3673822225558,discretionary,1385.8381542015438
USER_0096,2026-06-13,-367.3918801254753,discretionary,1018.4462740760684
USER_0096,2026-06-14,-239.52288176092887,discretionary,778.9233923151396
USER_0096,2026-06-15,-148.13305389262987,discretionary,630.7903384225098
USER_0096,2026-06-16,-231.21132054257725,discretionary,399.5790178799325
USER_0096,2026-06-17,-358.99629381103676,discretionary,40.58272406889574
USER_0096,2026-06-18,-273.0513018976154,discretionary,-232.46857782871967
USER_0096,2026-06-19,-290.9271439465041,discretionary,-523.3957217752238
USER_0096,2026-06-20,-168.73961207277318,discretionary,-692.135333847997
USER_0096,2026-06-21,-206.39638860625624,discretionary,-898.5317224542532
USER_0096,2026-06-22,-94.5810316648317,discretionary,-993.1127541190849
USER_0096,2026-06-23,-285.32922254686434,discretionary,-1278.4419766659494
USER_0096,2026-06-24,-159.7685808035913,discretionary,-1438.2105574695406
USER_0096,2026-06-25,-217.11057094330755,discretionary,-1655.321128412848
USER_0096,2026-06-26,-371.7058287062822,discretionary,-2027.0269571191302
USER_0096,2026-06-27,-294.3176659671316,discretionary,-2321.344623086262
USER_0096,2026-06-28,20000.0,income_salary,17678.65537691374
USER_0096,2026-06-28,-149.3725099989213,discretionary,17529.28286691482
USER_0096,2026-06-29,-435.534013005929,discretionary,17093.748853908888
USER_0096,2026-06-30,-629.9040427585716,discretionary,16463.844811150317
USER_0096,2026-07-01,-8849.613660916355,fixed_rent,7614.231150233962
USER_0096,2026-07-01,-372.96031988052795,discretionary,7241.270830353434
USER_0096,2026-07-02,-345.5057649040842,discretionary,6895.765065449349
USER_0096,2026-07-03,-306.37401913183817,discretionary,6589.391046317511
USER_0096,2026-07-04,-215.43640014828932,discretionary,6373.954646169222
USER_0096,2026-07-05,-157.12098432141244,discretionary,6216.833661847809
USER_0096,2026-07-06,-184.2423378735802,discretionary,6032.5913239742285
USER_0096,2026-07-07,-147.20421075048134,discretionary,5885.387113223747
USER_0096,2026-07-08,-230.28740051126232,discretionary,5655.099712712485
USER_0096,2026-07-09,-299.3563036071535,discretionary,5355.743409105331
USER_0096,2026-07-10,-409.1062823763674,discretionary,4946.637126728963
USER_0096,2026-07-11,-129.06412464126913,discretionary,4817.5730020876945
USER_0096,2026-07-12,-143.0020550324192,discretionary,4674.570947055276
USER_0096,2026-07-13,-185.71064045772988,discretionary,4488.860306597546
USER_0096,2026-07-14,-64.26238151810458,discretionary,4424.597925079441
USER_0096,2026-07-15,-218.7192662042511,discretionary,4205.87865887519
USER_0096,2026-07-16,-115.33209138110918,discretionary,4090.546567494081
USER_0096,2026-07-17,-440.2828569317358,discretionary,3650.2637105623453
USER_0096,2026-07-18,-210.80892109357535,discretionary,3439.45478946877
USER_0096,2026-07-19,-243.81979137237596,discretionary,3195.6349980963937
USER_0096,2026-07-20,-299.9015406983455,discretionary,2895.7334573980484
USER_0096,2026-07-21,-127.59393290125253,discretionary,2768.1395244967957
USER_0096,2026-07-22,-188.91811189469243,discretionary,2579.221412602103
USER_0096,2026-07-23,-315.16992219273044,discretionary,2264.0514904093725
USER_0096,2026-07-24,-179.64329807914277,discretionary,2084.4081923302297
USER_0096,2026-07-25,-164.51753585504986,discretionary,1919.8906564751799
USER_0096,2026-07-26,-193.85802530811847,discretionary,1726.0326311670615
USER_0096,2026-07-27,-232.91505309376828,discretionary,1493.1175780732933
USER_0096,2026-07-28,20000.0,income_salary,21493.117578073292
USER_0096,2026-07-28,-160.5853218814465,discretionary,21332.532256191844
USER_0096,2026-07-29,-166.0650528001476,discretionary,21166.467203391698
USER_0096,2026-07-30,-216.75375499685444,discretionary,20949.713448394843
USER_0096,2026-07-31,-269.52182780005666,discretionary,20680.191620594785
USER_0096,2026-08-01,-8849.613660916355,fixed_rent,11830.57795967843
USER_0096,2026-08-01,-326.0917389029665,discretionary,11504.486220775463
USER_0096,2026-08-02,-258.8993882288259,discretionary,11245.586832546638
USER_0096,2026-08-03,-172.95947457074263,discretionary,11072.627357975896
USER_0096,2026-08-04,-186.84840344807452,discretionary,10885.778954527821
USER_0096,2026-08-05,-245.38362933874888,discretionary,10640.395325189073
USER_0096,2026-08-06,-456.1893580470259,discretionary,10184.205967142047
USER_0096,2026-08-07,-300.29908968479873,discretionary,9883.906877457248
USER_0096,2026-08-08,-131.65459575507091,discretionary,9752.252281702176
USER_0096,2026-08-09,-282.7713523284663,discretionary,9469.48092937371
USER_0096,2026-08-10,-138.58468304442323,discretionary,9330.896246329288
USER_0096,2026-08-11,-304.4418660342763,discretionary,9026.454380295012
USER_0096,2026-08-12,-535.1036211298517,discretionary,8491.35075916516
USER_0096,2026-08-13,-304.0384724127289,discretionary,8187.312286752431
USER_0096,2026-08-14,-361.9939586770389,discretionary,7825.318328075392
USER_0096,2026-08-15,-165.38286539391208,discretionary,7659.93546268148
USER_0096,2026-08-16,-302.22355825354475,discretionary,7357.711904427935
USER_0096,2026-08-17,-96.96834304525933,discretionary,7260.743561382676
USER_0096,2026-08-18,-181.52717946937668,discretionary,7079.216381913299
USER_0096,2026-08-19,-224.06480848317855,discretionary,6855.151573430121
USER_0096,2026-08-20,-191.90285472573117,discretionary,6663.24871870439
USER_0096,2026-08-21,-153.91165958960585,discretionary,6509.337059114784
USER_0096,2026-08-22,-261.6301061311446,discretionary,6247.70695298364
USER_0096,2026-08-23,-530.8722928360235,discretionary,5716.834660147617
USER_0096,2026-08-24,-172.34849684492318,discretionary,5544.486163302694
USER_0096,2026-08-25,-531.3331733573328,discretionary,5013.152989945361
USER_0096,2026-08-26,-284.08543888649626,discretionary,4729.067551058864
USER_0096,2026-08-27,-523.2382488845724,discretionary,4205.829302174292
USER_0096,2026-08-28,20000.0,income_salary,24205.829302174294
USER_0096,2026-08-28,-340.6609048654103,discretionary,23865.168397308884
USER_0096,2026-08-29,-262.0260443074833,discretionary,23603.1423530014
USER_0097,2026-06-01,-338.62993592474004,discretionary,4661.3700640752595
USER_0097,2026-06-02,-113.24601043582176,discretionary,4548.124053639438
USER_0097,2026-06-03,-82.4218908444395,discretionary,4465.702162794999
USER_0097,2026-06-04,-154.53876940073067,discretionary,4311.1633933942685
USER_0097,2026-06-05,-466.6685446604757,discretionary,3844.494848733793
USER_0097,2026-06-06,-264.31008104927247,discretionary,3580.1847676845205
USER_0097,2026-06-07,-254.85233034036347,discretionary,3325.332437344157
USER_0097,2026-06-08,-188.13410097171348,discretionary,3137.1983363724435
USER_0097,2026-06-09,-229.42306737359215,discretionary,2907.7752689988515
USER_0097,2026-06-10,-266.9268578986831,discretionary,2640.8484111001685
USER_0097,2026-06-11,-217.77030573442616,discretionary,2423.0781053657424
USER_0097,2026-06-12,-180.6531403749325,discretionary,2242.4249649908097
USER_0097,2026-06-13,-528.1105030228073,discretionary,1714.3144619680024
USER_0097,2026-06-14,-193.87847687200346,discretionary,1520.435985095999
USER_0097,2026-06-15,-110.18604372220817,discretionary,1410.249941373791
USER_0097,2026-06-16,-190.5516176915516,discretionary,1219.6983236822393
USER_0097,2026-06-17,-176.78634449074644,discretionary,1042.911979191493
USER_0097,2026-06-18,-347.6344087222941,discretionary,695.2775704691988
USER_0097,2026-06-19,-238.40047082145543,discretionary,456.8770996477434
USER_0097,2026-06-20,-254.08268357665176,discretionary,202.79441607109166
USER_0097,2026-06-21,-364.417752524047,discretionary,-161.62333645295533
USER_0097,2026-06-22,-265.47145416532976,discretionary,-427.09479061828506
USER_0097,2026-06-23,-162.54536941610763,discretionary,-589.6401600343927
USER_0097,2026-06-24,-178.54706481261047,discretionary,-768.1872248470031
USER_0097,2026-06-25,-180.6694483601059,discretionary,-948.856673207109
USER_0097,2026-06-26,-557.4435866977452,discretionary,-1506.300259904854
USER_0097,2026-06-27,-398.50682664285847,discretionary,-1904.8070865477125
USER_0097,2026-06-28,30000.0,income_salary,28095.192913452287
USER_0097,2026-06-28,-123.0451792691747,discretionary,27972.147734183112
USER_0097,2026-06-29,-418.94644887267407,discretionary,27553.20128531044
USER_0097,2026-06-30,-518.8501139867298,discretionary,27034.35117132371
USER_0097,2026-07-01,-5128.50104000322,fixed_rent,21905.85013132049
USER_0097,2026-07-01,-328.0074505422584,discretionary,21577.84268077823
USER_0097,2026-07-02,-177.08314326867284,discretionary,21400.75953750956
USER_0097,2026-07-03,-434.1254277888213,discretionary,20966.634109720737
USER_0097,2026-07-04,-385.0809961629243,discretionary,20581.553113557813
USER_0097,2026-07-05,-318.722033188041,discretionary,20262.83108036977
USER_0097,2026-07-06,-803.4032904627112,discretionary,19459.42778990706
USER_0097,2026-07-07,-128.44467375595784,discretionary,19330.9831161511
USER_0097,2026-07-08,-183.60265850134863,discretionary,19147.38045764975
USER_0097,2026-07-09,-322.12573450685375,discretionary,18825.254723142894
USER_0097,2026-07-10,-217.25704535595125,discretionary,18607.99767778694
USER_0097,2026-07-11,-402.61971969522597,discretionary,18205.377958091714
USER_0097,2026-07-12,-205.67755647618193,discretionary,17999.700401615533
USER_0097,2026-07-13,-104.44726648011512,discretionary,17895.25313513542
USER_0097,2026-07-14,-146.71656687146233,discretionary,17748.536568263957
USER_0097,2026-07-15,-73.22511189607278,discretionary,17675.311456367883
USER_0097,2026-07-16,-410.2749804133123,discretionary,17265.03647595457
USER_0097,2026-07-17,-144.73932685410446,discretionary,17120.297149100465
USER_0097,2026-07-18,-476.571363556339,discretionary,16643.725785544124
USER_0097,2026-07-19,-153.0577546507913,discretionary,16490.668030893332
USER_0097,2026-07-20,-236.68228250420137,discretionary,16253.98574838913
USER_0097,2026-07-21,-318.56508716628133,discretionary,15935.420661222848
USER_0097,2026-07-22,-160.80566730683762,discretionary,15774.614993916011
USER_0097,2026-07-23,-317.0967319833093,discretionary,15457.518261932702
USER_0097,2026-07-24,-371.82903185157875,discretionary,15085.689230081123
USER_0097,2026-07-25,-231.58393425112013,discretionary,14854.105295830002
USER_0097,2026-07-26,-273.9125829168844,discretionary,14580.192712913118
USER_0097,2026-07-27,-186.33500335755826,discretionary,14393.85770955556
USER_0097,2026-07-28,30000.0,income_salary,44393.85770955556
USER_0097,2026-07-28,-304.56180314579916,discretionary,44089.29590640976
USER_0097,2026-07-29,-131.32467203032036,discretionary,43957.97123437944
USER_0097,2026-07-30,-331.5523533199984,discretionary,43626.41888105944
USER_0097,2026-07-31,-377.0153315644718,discretionary,43249.40354949497
USER_0097,2026-08-01,-5128.50104000322,fixed_rent,38120.90250949175
USER_0097,2026-08-01,-190.32613651090372,discretionary,37930.576372980846
USER_0097,2026-08-02,-362.7065492650389,discretionary,37567.86982371581
USER_0097,2026-08-03,-151.9165000518812,discretionary,37415.953323663925
USER_0097,2026-08-04,-136.47618284559144,discretionary,37279.47714081834
USER_0097,2026-08-05,-200.61781344275167,discretionary,37078.85932737558
USER_0097,2026-08-06,-223.853431001403,discretionary,36855.00589637418
USER_0097,2026-08-07,-251.64609296089503,discretionary,36603.35980341329
USER_0097,2026-08-08,-264.141917205201,discretionary,36339.21788620809
USER_0097,2026-08-09,-172.63652286582845,discretionary,36166.581363342266
USER_0097,2026-08-10,-320.46365552482604,discretionary,35846.11770781744
USER_0097,2026-08-11,-134.778638469849,discretionary,35711.33906934759
USER_0097,2026-08-12,-418.68517736868796,discretionary,35292.6538919789
USER_0097,2026-08-13,-320.7176129329806,discretionary,34971.93627904592
USER_0097,2026-08-14,-494.9814324670824,discretionary,34476.95484657884
USER_0097,2026-08-15,-377.6973847078498,discretionary,34099.25746187099
USER_0097,2026-08-16,-148.81015471961985,discretionary,33950.44730715137
USER_0097,2026-08-17,-142.82593424637452,discretionary,33807.621372905
USER_0097,2026-08-18,-199.95953659423282,discretionary,33607.66183631077
USER_0097,2026-08-19,-64.49105956646804,discretionary,33543.1707767443
USER_0097,2026-08-20,-340.9371687254323,discretionary,33202.23360801887
USER_0097,2026-08-21,-127.53944142882348,discretionary,33074.694166590045
USER_0097,2026-08-22,-305.03416312323657,discretionary,32769.66000346681
USER_0097,2026-08-23,-237.84700082338426,discretionary,32531.813002643423
USER_0097,2026-08-24,-268.5219466707596,discretionary,32263.291055972662
USER_0097,2026-08-25,-73.29484823334764,discretionary,32189.996207739314
USER_0097,2026-08-26,-164.33941647230264,discretionary,32025.65679126701
USER_0097,2026-08-27,-258.8054507238205,discretionary,31766.85134054319
USER_0097,2026-08-28,30000.0,income_salary,61766.85134054319
USER_0097,2026-08-28,-281.78236112759845,discretionary,61485.06897941559
USER_0097,2026-08-29,-284.275405090073,discretionary,61200.79357432552
USER_0098,2026-06-01,-398.19394173741495,discretionary,4601.806058262585
USER_0098,2026-06-02,-213.81355928761738,discretionary,4387.992498974968
USER_0098,2026-06-03,-229.04559545645893,discretionary,4158.946903518509
USER_0098,2026-06-04,-208.96697178614593,discretionary,3949.979931732363
USER_0098,2026-06-05,-432.6915349759311,discretionary,3517.288396756432
USER_0098,2026-06-06,-226.25389781263385,discretionary,3291.034498943798
USER_0098,2026-06-07,-258.5115718087909,discretionary,3032.522927135007
USER_0098,2026-06-08,-131.45224503785582,discretionary,2901.0706820971513
USER_0098,2026-06-09,-365.9009130129468,discretionary,2535.1697690842047
USER_0098,2026-06-10,-497.8151166257788,discretionary,2037.354652458426
USER_0098,2026-06-11,-92.9932265882997,discretionary,1944.3614258701264
USER_0098,2026-06-12,-187.98738230718598,discretionary,1756.3740435629404
USER_0098,2026-06-13,-636.5593014350684,discretionary,1119.814742127872
USER_0098,2026-06-14,-211.26059825657893,discretionary,908.554143871293
USER_0098,2026-06-15,-114.49447032834104,discretionary,794.0596735429519
USER_0098,2026-06-16,-288.26427275406047,discretionary,505.79540078889147
USER_0098,2026-06-17,-327.9032731225803,discretionary,177.89212766631118
USER_0098,2026-06-18,-189.346218814177,discretionary,-11.454091147865824
USER_0098,2026-06-19,-234.7447377150537,discretionary,-246.19882886291953
USER_0098,2026-06-20,-370.96803203279995,discretionary,-617.1668608957195
USER_0098,2026-06-21,-202.54683535188093,discretionary,-819.7136962476004
USER_0098,2026-06-22,-357.68336379133643,discretionary,-1177.3970600389368
USER_0098,2026-06-23,-102.35911799976363,discretionary,-1279.7561780387005
USER_0098,2026-06-24,-365.1610994914288,discretionary,-1644.9172775301292
USER_0098,2026-06-25,-492.41977143449617,discretionary,-2137.3370489646254
USER_0098,2026-06-26,-666.1959825022468,discretionary,-2803.533031466872
USER_0098,2026-06-27,-153.5548262373983,discretionary,-2957.0878577042704
USER_0098,2026-06-28,20000.0,income_salary,17042.91214229573
USER_0098,2026-06-28,-312.69178143471316,discretionary,16730.220360861014
USER_0098,2026-06-29,-134.77242549929468,discretionary,16595.44793536172
USER_0098,2026-06-30,-99.38182339955478,discretionary,16496.066111962165
USER_0098,2026-07-01,-7404.395114822901,fixed_rent,9091.670997139265
USER_0098,2026-07-01,-223.35587958765788,discretionary,8868.315117551607
USER_0098,2026-07-02,-117.04796434119572,discretionary,8751.26715321041
USER_0098,2026-07-03,-315.67125888270607,discretionary,8435.595894327704
USER_0098,2026-07-04,-355.1526533772168,discretionary,8080.443240950487
USER_0098,2026-07-05,-141.35795113993947,discretionary,7939.085289810548
USER_0098,2026-07-06,-168.60465308519804,discretionary,7770.4806367253495
USER_0098,2026-07-07,-227.52740121108533,discretionary,7542.953235514265
USER_0098,2026-07-08,-133.39811500701288,discretionary,7409.555120507252
USER_0098,2026-07-09,-138.21581414357718,discretionary,7271.339306363674
USER_0098,2026-07-10,-193.74217355042592,discretionary,7077.597132813248
USER_0098,2026-07-11,-256.5347822437818,discretionary,6821.062350569467
USER_0098,2026-07-12,-208.55432052163653,discretionary,6612.50803004783
USER_0098,2026-07-13,-354.8945188962121,discretionary,6257.613511151618
USER_0098,2026-07-14,-230.2470635773444,discretionary,6027.3664475742735
USER_0098,2026-07-15,-242.27570876426563,discretionary,5785.090738810008
USER_0098,2026-07-16,-391.5256299214772,discretionary,5393.565108888531
USER_0098,2026-07-17,-253.14777290923865,discretionary,5140.417335979292
USER_0098,2026-07-18,-384.27685017357993,discretionary,4756.140485805712
USER_0098,2026-07-19,-206.31636838180395,discretionary,4549.824117423908
USER_0098,2026-07-20,-437.5341966906393,discretionary,4112.289920733269
USER_0098,2026-07-21,-176.07397529223047,discretionary,3936.215945441039
USER_0098,2026-07-22,-545.5836625027176,discretionary,3390.632282938321
USER_0098,2026-07-23,-179.32057480375605,discretionary,3211.311708134565
USER_0098,2026-07-24,-232.10260672220176,discretionary,2979.209101412363
USER_0098,2026-07-25,-147.2577808713621,discretionary,2831.9513205410008
USER_0098,2026-07-26,-362.34195662120527,discretionary,2469.6093639197957
USER_0098,2026-07-27,-316.4451784610973,discretionary,2153.1641854586983
USER_0098,2026-07-28,20000.0,income_salary,22153.1641854587
USER_0098,2026-07-28,-202.25834856510764,discretionary,21950.90583689359
USER_0098,2026-07-29,-239.11612041548855,discretionary,21711.789716478102
USER_0098,2026-07-30,-211.75770782807766,discretionary,21500.032008650025
USER_0098,2026-07-31,-194.58209646698614,discretionary,21305.449912183038
USER_0098,2026-08-01,-7404.395114822901,fixed_rent,13901.054797360137
USER_0098,2026-08-01,-640.993750388536,discretionary,13260.061046971601
USER_0098,2026-08-02,-201.81718605072956,discretionary,13058.243860920871
USER_0098,2026-08-03,-319.9108092012215,discretionary,12738.33305171965
USER_0098,2026-08-04,-309.1948612349925,discretionary,12429.138190484657
USER_0098,2026-08-05,-123.85640428569263,discretionary,12305.281786198964
USER_0098,2026-08-06,-246.38979459721196,discretionary,12058.891991601753
USER_0098,2026-08-07,-353.3107531590523,discretionary,11705.5812384427
USER_0098,2026-08-08,-312.8302492939912,discretionary,11392.75098914871
USER_0098,2026-08-09,-278.8320913049136,discretionary,11113.918897843796
USER_0098,2026-08-10,-332.5287221240497,discretionary,10781.390175719745
USER_0098,2026-08-11,-439.34305391248614,discretionary,10342.04712180726
USER_0098,2026-08-12,-305.9082563493572,discretionary,10036.138865457902
USER_0098,2026-08-13,-354.30733324240435,discretionary,9681.831532215498
USER_0098,2026-08-14,-231.57775984561923,discretionary,9450.253772369879
USER_0098,2026-08-15,-196.6417093954658,discretionary,9253.612062974413
USER_0098,2026-08-16,-293.558358003261,discretionary,8960.053704971151
USER_0098,2026-08-17,-83.67388412823912,discretionary,8876.379820842913
USER_0098,2026-08-18,-266.0518504450428,discretionary,8610.32797039787
USER_0098,2026-08-19,-427.2431165199209,discretionary,8183.084853877949
USER_0098,2026-08-20,-259.5288524325408,discretionary,7923.556001445409
USER_0098,2026-08-21,-162.0710504839651,discretionary,7761.484950961443
USER_0098,2026-08-22,-537.6667844577452,discretionary,7223.818166503698
USER_0098,2026-08-23,-164.0051239943847,discretionary,7059.813042509313
USER_0098,2026-08-24,-526.8163070812451,discretionary,6532.996735428068
USER_0098,2026-08-25,-259.0772027662667,discretionary,6273.919532661801
USER_0098,2026-08-26,-204.25277630477743,discretionary,6069.666756357024
USER_0098,2026-08-27,-146.48745096522103,discretionary,5923.179305391803
USER_0098,2026-08-28,20000.0,income_salary,25923.1793053918
USER_0098,2026-08-28,-181.48715434902905,discretionary,25741.69215104277
USER_0098,2026-08-29,-351.2684391433203,discretionary,25390.42371189945
USER_0099,2026-06-01,-225.9457071891964,discretionary,4774.054292810803
USER_0099,2026-06-02,-248.7450613024329,discretionary,4525.30923150837
USER_0099,2026-06-03,-175.00186062734687,discretionary,4350.307370881023
USER_0099,2026-06-04,-294.22132678171795,discretionary,4056.0860440993056
USER_0099,2026-06-05,-189.28247364718942,discretionary,3866.803570452116
USER_0099,2026-06-06,-191.61416947991071,discretionary,3675.1894009722055
USER_0099,2026-06-07,-434.9295729433942,discretionary,3240.259828028811
USER_0099,2026-06-08,-194.17630417812782,discretionary,3046.0835238506834
USER_0099,2026-06-09,-215.06929015108554,discretionary,2831.0142336995978
USER_0099,2026-06-10,-148.408450366684,discretionary,2682.6057833329137
USER_0099,2026-06-11,-154.0604878637515,discretionary,2528.5452954691623
USER_0099,2026-06-12,-260.868248443334,discretionary,2267.6770470258284
USER_0099,2026-06-13,-168.63225212160071,discretionary,2099.0447949042277
USER_0099,2026-06-14,-443.68043562022837,discretionary,1655.3643592839994
USER_0099,2026-06-15,-164.31758186982785,discretionary,1491.0467774141716
USER_0099,2026-06-16,-151.63506860186766,discretionary,1339.411708812304
USER_0099,2026-06-17,-617.260883396043,discretionary,722.1508254162609
USER_0099,2026-06-18,-276.6889057998415,discretionary,445.4619196164194
USER_0099,2026-06-19,-442.44510240705574,discretionary,3.016817209363637
USER_0099,2026-06-20,-452.0855426943738,discretionary,-449.0687254850102
USER_0099,2026-06-21,-169.47347239248555,discretionary,-618.5421978774957
USER_0099,2026-06-22,-143.90112396756732,discretionary,-762.443321845063
USER_0099,2026-06-23,-162.56293678965108,discretionary,-925.0062586347141
USER_0099,2026-06-24,-158.92239405010667,discretionary,-1083.9286526848207
USER_0099,2026-06-25,-236.54215764522365,discretionary,-1320.4708103300443
USER_0099,2026-06-26,-111.78501352070116,discretionary,-1432.2558238507454
USER_0099,2026-06-27,-307.36636962369664,discretionary,-1739.6221934744422
USER_0099,2026-06-28,20000.0,income_salary,18260.377806525557
USER_0099,2026-06-28,-168.9573114588214,discretionary,18091.420495066737
USER_0099,2026-06-29,-416.06823387601514,discretionary,17675.35226119072
USER_0099,2026-06-30,-181.11970588084637,discretionary,17494.232555309874
USER_0099,2026-07-01,-8369.113491789958,fixed_rent,9125.119063519916
USER_0099,2026-07-01,-123.38753620917616,discretionary,9001.73152731074
USER_0099,2026-07-02,-215.15102879902292,discretionary,8786.580498511717
USER_0099,2026-07-03,-172.8419919298607,discretionary,8613.738506581856
USER_0099,2026-07-04,-171.0111355043175,discretionary,8442.727371077539
USER_0099,2026-07-05,-159.2829380988674,discretionary,8283.444432978671
USER_0099,2026-07-06,-65.3716778446899,discretionary,8218.07275513398
USER_0099,2026-07-07,-235.39626760944088,discretionary,7982.67648752454
USER_0099,2026-07-08,-103.60580459505928,discretionary,7879.07068292948
USER_0099,2026-07-09,-422.20805536957783,discretionary,7456.862627559903
USER_0099,2026-07-10,-498.31210656974395,discretionary,6958.5505209901585
USER_0099,2026-07-11,-307.2655912363275,discretionary,6651.2849297538305
USER_0099,2026-07-12,-229.3248008099409,discretionary,6421.96012894389
USER_0099,2026-07-13,-189.83117214236077,discretionary,6232.128956801529
USER_0099,2026-07-14,-180.30586267088034,discretionary,6051.823094130648
USER_0099,2026-07-15,-289.278682311273,discretionary,5762.5444118193755
USER_0099,2026-07-16,-302.09977202598475,discretionary,5460.444639793391
USER_0099,2026-07-17,-237.6843918593794,discretionary,5222.760247934011
USER_0099,2026-07-18,-462.9665129362189,discretionary,4759.793734997792
USER_0099,2026-07-19,-297.10664442882177,discretionary,4462.68709056897
USER_0099,2026-07-20,-220.06444473343615,discretionary,4242.622645835534
USER_0099,2026-07-21,-579.6842865114759,discretionary,3662.938359324058
USER_0099,2026-07-22,-317.90676513795245,discretionary,3345.031594186106
USER_0099,2026-07-23,-779.6629356358767,discretionary,2565.368658550229
USER_0099,2026-07-24,-363.65396873733266,discretionary,2201.7146898128967
USER_0099,2026-07-25,-153.27092808472614,discretionary,2048.4437617281706
USER_0099,2026-07-26,-212.18206513283627,discretionary,1836.2616965953343
USER_0099,2026-07-27,-207.4403774416452,discretionary,1628.821319153689
USER_0099,2026-07-28,20000.0,income_salary,21628.82131915369
USER_0099,2026-07-28,-163.66071586147513,discretionary,21465.160603292214
USER_0099,2026-07-29,-241.61962645635487,discretionary,21223.54097683586
USER_0099,2026-07-30,-201.77613380284268,discretionary,21021.764843033015
USER_0099,2026-07-31,-218.2697938113719,discretionary,20803.495049221645
USER_0099,2026-08-01,-8369.113491789958,fixed_rent,12434.381557431687
USER_0099,2026-08-01,-122.92266628061431,discretionary,12311.458891151073
USER_0099,2026-08-02,-716.678229920835,discretionary,11594.780661230237
USER_0099,2026-08-03,-76.66000670067112,discretionary,11518.120654529566
USER_0099,2026-08-04,-205.03164391605856,discretionary,11313.089010613508
USER_0099,2026-08-05,-156.84327364807717,discretionary,11156.245736965431
USER_0099,2026-08-06,-751.996700299816,discretionary,10404.249036665615
USER_0099,2026-08-07,-527.7732575326276,discretionary,9876.475779132987
USER_0099,2026-08-08,-236.89890537105785,discretionary,9639.57687376193
USER_0099,2026-08-09,-286.67273331099193,discretionary,9352.904140450937
USER_0099,2026-08-10,-215.7943656578075,discretionary,9137.109774793129
USER_0099,2026-08-11,-146.4931310197778,discretionary,8990.616643773352
USER_0099,2026-08-12,-83.5940802350993,discretionary,8907.022563538252
USER_0099,2026-08-13,-150.59067489165113,discretionary,8756.4318886466
USER_0099,2026-08-14,-202.92075362456518,discretionary,8553.511135022036
USER_0099,2026-08-15,-411.4615178504156,discretionary,8142.04961717162
USER_0099,2026-08-16,-193.3132536742433,discretionary,7948.736363497377
USER_0099,2026-08-17,-110.58781047776954,discretionary,7838.148553019608
USER_0099,2026-08-18,-151.99752957911895,discretionary,7686.151023440489
USER_0099,2026-08-19,-189.96486036895007,discretionary,7496.186163071538
USER_0099,2026-08-20,-185.5366669776954,discretionary,7310.6494960938435
USER_0099,2026-08-21,-169.37207296161517,discretionary,7141.277423132228
USER_0099,2026-08-22,-136.49229364794283,discretionary,7004.785129484286
USER_0099,2026-08-23,-538.6571508185527,discretionary,6466.127978665733
USER_0099,2026-08-24,-292.18019691349576,discretionary,6173.9477817522375
USER_0099,2026-08-25,-234.68022783638125,discretionary,5939.267553915856
USER_0099,2026-08-26,-819.9197872978785,discretionary,5119.347766617978
USER_0099,2026-08-27,-148.78119246281844,discretionary,4970.566574155159
USER_0099,2026-08-28,20000.0,income_salary,24970.56657415516
USER_0099,2026-08-28,-343.24878640662115,discretionary,24627.31778774854
USER_0099,2026-08-29,-341.2433306563265,discretionary,24286.074457092214
