tx_id,source_id,target_id,amount,timestamp,is_first_time_transfer,device_switch_last_24h,session_duration_sec,ratio_to_daily_avg,auth_factor_used,channel,is_scam
TX_005329,ACC_1013,ACC_1008,1099.33,2026-08-01 00:39:00,0,0,43,1.29,face_scan,kplus_app,0
TX_002455,ACC_0284,ACC_1179,811.88,2026-08-01 00:39:00,0,0,34,1.23,pin,kplus_app,0
TX_005772,ACC_0673,ACC_0470,1563.67,2026-08-01 00:40:00,1,0,54,0.71,face_scan,kplus_app,0
TX_005257,ACC_0426,ACC_0969,81.52,2026-08-01 00:48:00,1,0,28,1.37,face_scan,kplus_app,0
TX_001873,ACC_0734,ACC_0664,143.53,2026-08-01 00:50:00,0,0,38,0.65,pin,kplus_app,0
TX_002093,ACC_0372,ACC_0302,500.67,2026-08-01 00:53:00,0,0,37,0.64,pin,kplus_app,0
TX_003673,ACC_0501,ACC_0747,173.52,2026-08-01 00:53:00,0,0,62,0.57,face_scan,kplus_app,0
TX_004779,ACC_0423,ACC_0999,731.97,2026-08-01 01:05:00,0,0,38,0.45,pin,kplus_app,0
TX_002078,ACC_0897,ACC_0589,341.37,2026-08-01 01:08:00,1,0,53,1.03,pin,kplus_app,0
TX_004841,ACC_1115,ACC_0372,180.27,2026-08-01 01:11:00,0,0,60,0.93,pin,kplus_app,0
TX_005265,ACC_1042,ACC_0228,47.49,2026-08-01 01:12:00,0,0,55,1.36,pin,kplus_app,0
TX_004964,ACC_0449,ACC_0228,283.09,2026-08-01 01:16:00,0,0,35,0.37,pin,kplus_app,0
TX_003713,ACC_0606,ACC_0314,2367.53,2026-08-01 01:25:00,0,0,41,0.39,pin,kplus_app,0
TX_000536,ACC_0748,ACC_0189,93.6,2026-08-01 01:26:00,0,0,59,0.23,face_scan,kplus_app,0
TX_001384,ACC_0251,ACC_0211,859.07,2026-08-01 01:34:00,0,0,51,0.57,pin,kplus_app,0
TX_005000,ACC_0318,ACC_0154,268.68,2026-08-01 01:36:00,0,0,38,0.38,pin,kplus_app,0
TX_003627,ACC_0313,ACC_0631,1462.17,2026-08-01 01:39:00,0,0,46,0.19,pin,kplus_app,0
TX_003483,ACC_0400,ACC_0516,493.15,2026-08-01 01:54:00,0,0,48,0.87,pin,kplus_app,0
TX_006220,ACC_0696,ACC_0040,198.76,2026-08-01 02:05:00,1,0,35,0.3,pin,kplus_app,1
TX_001500,ACC_1088,ACC_0446,413.73,2026-08-01 02:17:00,0,1,40,1.47,pin,kplus_app,0
TX_001963,ACC_0696,ACC_0107,606.55,2026-08-01 02:18:00,0,0,46,0.53,pin,kplus_app,0
TX_006221,ACC_0696,ACC_0040,40892.83,2026-08-01 02:18:00,0,0,12,13.38,pin,kplus_app,1
TX_003090,ACC_0083,ACC_1087,1374.86,2026-08-01 02:27:00,0,0,58,1.47,pin,kplus_app,0
TX_001159,ACC_0871,ACC_1175,975.17,2026-08-01 02:34:00,0,0,57,0.79,pin,kplus_app,0
TX_003505,ACC_0335,ACC_0719,211.07,2026-08-01 02:34:00,0,0,43,1.29,pin,kplus_app,0
TX_003457,ACC_0925,ACC_0069,488.1,2026-08-01 02:42:00,0,0,48,0.76,pin,kplus_app,0
TX_000496,ACC_0812,ACC_0357,487.75,2026-08-01 02:44:00,1,0,31,1.16,pin,kplus_app,0
TX_001361,ACC_0554,ACC_0545,317.71,2026-08-01 02:50:00,0,0,49,1.25,pin,kplus_app,0
TX_005743,ACC_1008,ACC_0931,537.82,2026-08-01 02:56:00,0,0,44,0.86,face_scan,kplus_app,0
TX_000712,ACC_0299,ACC_1103,186.87,2026-08-01 03:03:00,0,0,28,0.59,pin,kplus_app,0
TX_000793,ACC_0838,ACC_0336,1608.15,2026-08-01 03:07:00,0,0,28,0.43,pin,kplus_app,0
TX_001576,ACC_0600,ACC_0329,201.91,2026-08-01 03:11:00,1,0,47,0.42,pin,kplus_app,0
TX_005096,ACC_0719,ACC_0490,1052.59,2026-08-01 03:13:00,0,0,47,1.09,pin,kplus_app,0
TX_002254,ACC_0823,ACC_1057,145.72,2026-08-01 03:14:00,0,0,36,1.45,face_scan,kplus_app,0
TX_000730,ACC_0144,ACC_0115,717.62,2026-08-01 03:21:00,0,0,34,1.45,face_scan,kplus_app,0
TX_000816,ACC_0967,ACC_1061,302.11,2026-08-01 03:40:00,0,0,58,1.43,pin,kplus_app,0
TX_004657,ACC_0226,ACC_0386,641.55,2026-08-01 03:44:00,0,0,37,0.71,pin,kplus_app,0
TX_003301,ACC_0680,ACC_0883,584.16,2026-08-01 04:04:00,1,0,50,0.53,pin,kplus_app,0
TX_002870,ACC_0799,ACC_0675,191.85,2026-08-01 04:08:00,1,0,39,1.39,pin,kplus_app,0
TX_004809,ACC_0540,ACC_1040,302.54,2026-08-01 04:13:00,1,1,46,0.28,pin,kplus_app,0
TX_003904,ACC_0670,ACC_1080,1130.4,2026-08-01 04:15:00,0,1,52,1.46,pin,kplus_app,0
TX_000502,ACC_0685,ACC_0419,1878.73,2026-08-01 04:17:00,0,0,34,1.11,face_scan,kplus_app,0
TX_004698,ACC_0576,ACC_0615,82.3,2026-08-01 04:26:00,0,0,53,0.35,pin,kplus_app,0
TX_001305,ACC_0997,ACC_0615,573.75,2026-08-01 04:29:00,0,0,40,0.28,face_scan,kplus_app,0
TX_003185,ACC_1112,ACC_0368,722.8,2026-08-01 04:41:00,0,0,62,0.72,pin,kplus_app,0
TX_001836,ACC_1115,ACC_0385,417.77,2026-08-01 04:42:00,0,0,44,0.72,pin,kplus_app,0
TX_005692,ACC_1170,ACC_1032,535.44,2026-08-01 04:46:00,0,0,39,0.45,pin,kplus_app,0
TX_005814,ACC_1147,ACC_0374,879.62,2026-08-01 04:50:00,0,0,27,0.12,pin,kplus_app,0
TX_002266,ACC_0654,ACC_0852,692.94,2026-08-01 04:59:00,0,0,38,0.27,pin,kplus_app,0
TX_001729,ACC_0366,ACC_0208,224.9,2026-08-01 05:03:00,0,0,58,1.28,face_scan,kplus_app,0
TX_006076,ACC_1048,ACC_0051,172.13,2026-08-01 05:17:00,1,0,46,0.3,pin,kplus_app,1
TX_003954,ACC_0556,ACC_1057,758.45,2026-08-01 05:19:00,0,0,53,0.38,pin,kplus_app,0
TX_004518,ACC_0607,ACC_1188,372.52,2026-08-01 05:20:00,1,0,61,0.72,pin,kplus_app,0
TX_002724,ACC_0584,ACC_1157,488.66,2026-08-01 05:22:00,0,0,52,1.44,pin,kplus_app,0
TX_002417,ACC_0354,ACC_1118,272.88,2026-08-01 05:28:00,0,0,58,1.33,pin,kplus_app,0
TX_001494,ACC_1125,ACC_0153,2871.24,2026-08-01 05:30:00,1,0,35,0.99,pin,kplus_app,0
TX_006077,ACC_1048,ACC_0051,27741.0,2026-08-01 05:30:00,0,0,350,16.25,pin,kplus_app,1
TX_002344,ACC_0818,ACC_0928,1523.86,2026-08-01 05:36:00,0,0,58,1.4,pin,kplus_app,0
TX_004386,ACC_0357,ACC_0709,818.92,2026-08-01 05:41:00,1,0,35,0.42,pin,kplus_app,0
TX_002851,ACC_0699,ACC_0470,134.75,2026-08-01 05:55:00,1,0,48,0.4,pin,kplus_app,0
TX_001140,ACC_0068,ACC_0872,304.34,2026-08-01 05:57:00,0,0,36,0.61,pin,kplus_app,0
TX_005790,ACC_0352,ACC_0492,723.75,2026-08-01 05:58:00,0,0,70,0.43,pin,kplus_app,0
TX_000748,ACC_0368,ACC_0163,788.53,2026-08-01 05:59:00,0,0,64,1.32,pin,kplus_app,0
TX_004834,ACC_0305,ACC_0411,129.62,2026-08-01 05:59:00,0,0,59,0.83,pin,kplus_app,0
TX_002355,ACC_0893,ACC_0993,215.3,2026-08-01 06:14:00,0,1,35,0.21,pin,kplus_app,0
TX_001277,ACC_0419,ACC_0147,750.08,2026-08-01 06:16:00,0,0,34,0.97,face_scan,kplus_app,0
TX_004411,ACC_0728,ACC_0954,600.27,2026-08-01 06:18:00,0,0,66,0.44,pin,kplus_app,0
TX_001496,ACC_1099,ACC_1024,106.46,2026-08-01 06:23:00,0,0,43,0.21,pin,kplus_app,0
TX_005999,ACC_0275,ACC_0490,74.05,2026-08-01 06:28:00,0,0,39,0.95,pin,kplus_app,0
TX_005951,ACC_0487,ACC_0372,1896.31,2026-08-01 06:52:00,1,0,47,1.0,pin,kplus_app,0
TX_004321,ACC_1180,ACC_0290,576.07,2026-08-01 06:57:00,0,0,52,0.26,pin,kplus_app,0
TX_004252,ACC_0140,ACC_0658,227.71,2026-08-01 07:08:00,0,0,39,1.14,pin,kplus_app,0
TX_002445,ACC_0292,ACC_0883,1089.89,2026-08-01 07:29:00,1,0,38,0.11,face_scan,kplus_app,0
TX_003406,ACC_0916,ACC_0989,135.27,2026-08-01 07:44:00,0,0,39,1.38,pin,kplus_app,0
TX_000342,ACC_0765,ACC_0582,1003.83,2026-08-01 07:56:00,0,0,44,1.15,pin,kplus_app,0
TX_004137,ACC_0320,ACC_0578,3788.21,2026-08-01 07:57:00,1,0,29,0.28,pin,kplus_app,0
TX_002061,ACC_0857,ACC_0672,275.99,2026-08-01 08:04:00,0,0,35,1.49,face_scan,kplus_app,0
TX_003478,ACC_0824,ACC_0376,1416.48,2026-08-01 08:09:00,0,0,30,1.05,face_scan,kplus_app,0
TX_001024,ACC_0062,ACC_0493,212.94,2026-08-01 08:11:00,1,0,47,0.21,face_scan,kplus_app,0
TX_000005,ACC_0411,ACC_0505,1015.97,2026-08-01 08:13:00,0,0,47,0.85,pin,kplus_app,0
TX_002529,ACC_0718,ACC_0464,40.46,2026-08-01 08:15:00,1,0,29,0.64,pin,kplus_app,0
TX_004679,ACC_0586,ACC_0721,1418.58,2026-08-01 08:22:00,1,0,43,0.3,pin,kplus_app,0
TX_004864,ACC_0630,ACC_0832,314.46,2026-08-01 08:28:00,0,0,71,1.01,pin,kplus_app,0
TX_003205,ACC_0230,ACC_0148,691.23,2026-08-01 08:36:00,0,0,55,0.19,pin,kplus_app,0
TX_005715,ACC_0349,ACC_0671,364.95,2026-08-01 08:38:00,0,0,35,0.56,pin,kplus_app,0
TX_000232,ACC_0379,ACC_0832,1088.46,2026-08-01 08:42:00,0,0,19,1.12,face_scan,kplus_app,0
TX_004765,ACC_0441,ACC_0165,85.27,2026-08-01 08:45:00,0,0,33,0.41,pin,kplus_app,0
TX_002473,ACC_0062,ACC_0114,1196.02,2026-08-01 08:49:00,0,0,41,1.33,pin,kplus_app,0
TX_005586,ACC_1175,ACC_1054,938.48,2026-08-01 08:51:00,0,0,43,0.92,face_scan,kplus_app,0
TX_004693,ACC_0202,ACC_1157,44.39,2026-08-01 09:04:00,0,0,20,0.85,pin,kplus_app,0
TX_006232,ACC_0950,ACC_0026,108.0,2026-08-01 09:25:00,1,0,25,0.3,pin,kplus_app,1
TX_005270,ACC_0599,ACC_0178,213.91,2026-08-01 09:26:00,0,0,53,1.35,pin,kplus_app,0
TX_000350,ACC_0386,ACC_1045,539.06,2026-08-01 09:31:00,1,0,74,0.7,pin,kplus_app,0
TX_006233,ACC_0950,ACC_0026,61159.35,2026-08-01 09:35:00,0,0,350,22.54,pin,kplus_app,1
TX_000052,ACC_0390,ACC_0400,271.52,2026-08-01 09:36:00,0,0,39,1.29,pin,kplus_app,0
TX_000923,ACC_0854,ACC_0868,886.54,2026-08-01 09:36:00,1,0,50,0.68,face_scan,kplus_app,0
TX_006338,ACC_0040,ACC_0031,34801.57,2026-08-01 09:43:13,1,1,11,13.93,pin,promptpay,1
TX_004453,ACC_0215,ACC_0635,805.87,2026-08-01 09:48:00,1,0,44,0.57,face_scan,kplus_app,0
TX_002269,ACC_0208,ACC_0290,1497.46,2026-08-01 10:03:00,0,1,57,0.13,pin,kplus_app,0
TX_004285,ACC_0441,ACC_1105,163.31,2026-08-01 10:17:00,0,0,40,0.73,pin,kplus_app,0
TX_000151,ACC_0770,ACC_1015,162.1,2026-08-01 10:29:00,0,0,54,0.82,pin,kplus_app,0
TX_002981,ACC_0529,ACC_0767,626.83,2026-08-01 10:38:00,0,0,44,0.31,pin,kplus_app,0
TX_002869,ACC_0070,ACC_0492,165.08,2026-08-01 10:46:00,1,1,28,1.08,pin,kplus_app,0
TX_005136,ACC_0515,ACC_0368,245.67,2026-08-01 11:02:00,0,0,36,0.39,face_scan,kplus_app,0
TX_001902,ACC_1058,ACC_1189,463.71,2026-08-01 11:15:00,0,0,57,0.18,face_scan,kplus_app,0
TX_000716,ACC_0350,ACC_0675,462.19,2026-08-01 11:22:00,1,0,61,1.29,pin,kplus_app,0
TX_001412,ACC_0581,ACC_0138,283.25,2026-08-01 11:25:00,0,0,75,0.57,pin,kplus_app,0
TX_005530,ACC_0075,ACC_0259,1212.57,2026-08-01 11:39:00,0,0,41,1.39,pin,kplus_app,0
TX_000234,ACC_1150,ACC_0065,321.22,2026-08-01 11:48:00,0,0,40,1.05,pin,kplus_app,0
TX_000680,ACC_0458,ACC_0481,549.31,2026-08-01 11:58:00,0,0,45,0.53,pin,kplus_app,0
TX_001249,ACC_0333,ACC_0128,80.14,2026-08-01 12:10:00,1,0,30,0.45,pin,kplus_app,0
TX_004130,ACC_0704,ACC_1169,856.0,2026-08-01 12:12:00,1,0,49,1.16,pin,kplus_app,0
TX_001261,ACC_0167,ACC_0969,2317.75,2026-08-01 12:15:00,0,0,35,0.67,pin,kplus_app,0
TX_005990,ACC_0172,ACC_0456,81.02,2026-08-01 12:19:00,0,0,57,1.13,face_scan,kplus_app,0
TX_002172,ACC_0664,ACC_1179,86.18,2026-08-01 12:20:00,0,1,35,0.46,pin,kplus_app,0
TX_002598,ACC_0964,ACC_0686,137.43,2026-08-01 12:27:00,0,0,61,1.33,pin,kplus_app,0
TX_003667,ACC_1081,ACC_0768,985.51,2026-08-01 12:30:00,0,0,53,1.28,pin,kplus_app,0
TX_001275,ACC_0153,ACC_0360,922.6,2026-08-01 12:35:00,1,0,45,1.02,face_scan,kplus_app,0
TX_004933,ACC_0409,ACC_0857,131.63,2026-08-01 12:40:00,0,0,63,1.18,face_scan,kplus_app,0
TX_000839,ACC_1044,ACC_0109,200.36,2026-08-01 12:42:00,0,0,42,1.26,none,kplus_app,0
TX_003458,ACC_0702,ACC_0601,777.24,2026-08-01 12:44:00,0,0,40,0.8,pin,kplus_app,0
TX_005010,ACC_0923,ACC_0410,1139.33,2026-08-01 12:49:00,0,0,54,0.46,pin,kplus_app,0
TX_004058,ACC_0295,ACC_0679,2433.82,2026-08-01 13:07:00,1,0,51,0.53,pin,kplus_app,0
TX_003556,ACC_0197,ACC_0444,1186.29,2026-08-01 13:12:00,0,0,39,0.6,pin,kplus_app,0
TX_004056,ACC_0250,ACC_0477,143.83,2026-08-01 13:18:00,0,0,52,1.0,pin,kplus_app,0
TX_001027,ACC_1025,ACC_0456,558.66,2026-08-01 13:20:00,1,0,65,0.48,pin,kplus_app,0
TX_005163,ACC_0953,ACC_0474,248.22,2026-08-01 13:28:00,0,0,39,1.24,pin,kplus_app,0
TX_000586,ACC_0687,ACC_0200,386.26,2026-08-01 13:54:00,0,0,21,0.14,pin,kplus_app,0
TX_002597,ACC_0820,ACC_0438,634.98,2026-08-01 14:01:00,0,0,25,1.24,pin,kplus_app,0
TX_000047,ACC_0735,ACC_1108,384.9,2026-08-01 14:13:00,1,0,38,0.81,pin,kplus_app,0
TX_004516,ACC_0802,ACC_0903,903.32,2026-08-01 14:19:00,0,0,49,0.97,pin,kplus_app,0
TX_005450,ACC_0287,ACC_1071,257.62,2026-08-01 14:21:00,0,0,29,0.98,pin,kplus_app,0
TX_005183,ACC_0750,ACC_0565,767.42,2026-08-01 14:33:00,0,0,48,0.6,pin,kplus_app,0
TX_002705,ACC_0765,ACC_0981,1586.83,2026-08-01 14:34:00,0,0,44,0.23,pin,kplus_app,0
TX_004436,ACC_0516,ACC_0405,530.88,2026-08-01 14:40:00,1,0,52,0.42,pin,kplus_app,0
TX_004203,ACC_0462,ACC_1044,958.17,2026-08-01 14:55:00,1,0,53,0.8,pin,kplus_app,0
TX_004478,ACC_0909,ACC_0249,1558.81,2026-08-01 14:58:00,1,0,45,0.19,pin,kplus_app,0
TX_005713,ACC_0993,ACC_0631,236.12,2026-08-01 15:00:00,0,0,55,1.4,pin,kplus_app,0
TX_005554,ACC_1044,ACC_0498,647.5,2026-08-01 15:02:00,1,0,45,0.38,pin,kplus_app,0
TX_005547,ACC_0272,ACC_0217,578.9,2026-08-01 15:08:00,0,0,59,0.46,pin,kplus_app,0
TX_005317,ACC_0932,ACC_0993,412.71,2026-08-01 15:16:00,1,0,37,0.16,face_scan,kplus_app,0
TX_005784,ACC_0203,ACC_0446,520.79,2026-08-01 15:25:00,0,0,58,0.66,pin,kplus_app,0
TX_002047,ACC_0486,ACC_0931,163.24,2026-08-01 15:32:00,1,0,37,1.45,pin,kplus_app,0
TX_000326,ACC_0339,ACC_0103,208.99,2026-08-01 15:38:00,0,0,63,1.18,face_scan,kplus_app,0
TX_000377,ACC_1095,ACC_0372,709.26,2026-08-01 15:53:00,0,0,44,0.71,pin,kplus_app,0
TX_000110,ACC_0303,ACC_0640,126.38,2026-08-01 15:57:00,0,0,35,0.96,pin,kplus_app,0
TX_000219,ACC_0599,ACC_0299,1579.34,2026-08-01 16:00:00,0,0,34,0.96,pin,kplus_app,0
TX_000009,ACC_1017,ACC_0148,841.22,2026-08-01 16:27:00,0,0,36,0.81,pin,kplus_app,0
TX_003121,ACC_0140,ACC_0293,2494.85,2026-08-01 16:28:00,0,0,47,0.71,pin,kplus_app,0
TX_001666,ACC_0987,ACC_0223,606.1,2026-08-01 16:36:00,1,0,52,0.81,pin,kplus_app,0
TX_001699,ACC_0665,ACC_0325,88.96,2026-08-01 16:58:00,0,0,48,0.33,pin,kplus_app,0
TX_001566,ACC_0382,ACC_0168,91.45,2026-08-01 17:12:00,0,0,42,0.88,face_scan,kplus_app,0
TX_002574,ACC_1070,ACC_0603,661.59,2026-08-01 17:42:00,0,0,45,1.39,pin,kplus_app,0
TX_005793,ACC_0831,ACC_0776,846.16,2026-08-01 17:44:00,0,0,58,0.58,pin,kplus_app,0
TX_000521,ACC_0998,ACC_0079,556.82,2026-08-01 18:01:00,0,0,36,1.09,none,kplus_app,0
TX_002819,ACC_1077,ACC_0490,722.25,2026-08-01 18:04:00,0,0,47,0.28,pin,kplus_app,0
TX_000345,ACC_0190,ACC_0718,799.02,2026-08-01 18:07:00,0,0,67,0.33,pin,kplus_app,0
TX_000532,ACC_0302,ACC_0679,1515.75,2026-08-01 18:16:00,0,0,49,0.9,pin,kplus_app,0
TX_004398,ACC_0287,ACC_0976,466.43,2026-08-01 18:25:00,0,0,35,1.45,pin,kplus_app,0
TX_000505,ACC_1183,ACC_0385,364.49,2026-08-01 18:30:00,0,0,59,1.26,pin,kplus_app,0
TX_001808,ACC_0682,ACC_0499,1287.64,2026-08-01 18:35:00,0,0,57,0.29,pin,kplus_app,0
TX_002712,ACC_0775,ACC_0069,728.33,2026-08-01 18:38:00,1,0,61,1.07,face_scan,kplus_app,0
TX_003030,ACC_0350,ACC_0821,193.24,2026-08-01 18:41:00,0,1,62,0.9,pin,kplus_app,0
TX_002088,ACC_0099,ACC_0082,146.19,2026-08-01 18:45:00,0,0,59,0.79,pin,kplus_app,0
TX_003527,ACC_1157,ACC_0833,1661.4,2026-08-01 18:47:00,0,0,36,0.91,face_scan,kplus_app,0
TX_005211,ACC_0270,ACC_0741,178.06,2026-08-01 18:50:00,0,0,83,0.71,face_scan,kplus_app,0
TX_004831,ACC_0072,ACC_0589,451.96,2026-08-01 18:57:00,1,0,33,0.2,pin,kplus_app,0
TX_004520,ACC_0526,ACC_0851,238.64,2026-08-01 19:00:00,0,0,40,1.12,pin,kplus_app,0
TX_003512,ACC_1187,ACC_0241,2341.86,2026-08-01 19:12:00,0,0,45,0.5,pin,kplus_app,0
TX_004178,ACC_1086,ACC_0358,42.4,2026-08-01 19:16:00,0,0,52,1.24,pin,kplus_app,0
TX_004548,ACC_1163,ACC_0134,543.91,2026-08-01 19:16:00,0,0,74,1.15,pin,kplus_app,0
TX_002462,ACC_1064,ACC_0307,2855.44,2026-08-01 19:29:00,0,0,25,0.93,pin,kplus_app,0
TX_004847,ACC_0536,ACC_0482,321.77,2026-08-01 19:29:00,0,0,61,0.16,face_scan,kplus_app,0
TX_000144,ACC_0658,ACC_0943,657.91,2026-08-01 19:31:00,0,0,41,0.47,face_scan,kplus_app,0
TX_005859,ACC_0404,ACC_0779,3388.99,2026-08-01 19:46:00,0,0,33,0.91,pin,kplus_app,0
TX_001826,ACC_0897,ACC_0320,127.51,2026-08-01 19:50:00,0,0,19,0.49,face_scan,kplus_app,0
TX_003740,ACC_0751,ACC_0390,164.29,2026-08-01 20:04:00,1,0,36,0.47,pin,kplus_app,0
TX_002559,ACC_0265,ACC_1034,302.13,2026-08-01 20:06:00,0,0,35,0.69,pin,kplus_app,0
TX_004751,ACC_0804,ACC_0331,583.63,2026-08-01 20:07:00,1,0,46,0.33,pin,kplus_app,0
TX_001334,ACC_0172,ACC_0867,1852.39,2026-08-01 20:17:00,0,0,27,0.53,pin,kplus_app,0
TX_005771,ACC_0779,ACC_0525,1163.74,2026-08-01 20:18:00,1,0,41,1.09,pin,kplus_app,0
TX_001773,ACC_1026,ACC_1164,329.93,2026-08-01 20:21:00,0,0,32,1.26,face_scan,kplus_app,0
TX_002651,ACC_1061,ACC_0445,1744.9,2026-08-01 20:22:00,1,0,43,0.53,pin,kplus_app,0
TX_004265,ACC_0213,ACC_0066,1043.87,2026-08-01 20:23:00,1,1,35,1.36,pin,kplus_app,0
TX_006128,ACC_0851,ACC_0039,302.2,2026-08-01 20:23:00,1,0,41,0.3,pin,kplus_app,1
TX_002865,ACC_0420,ACC_1016,231.4,2026-08-01 20:32:00,0,0,67,1.45,pin,kplus_app,0
TX_006129,ACC_0851,ACC_0039,64017.76,2026-08-01 20:32:00,0,0,350,8.5,pin,kplus_app,1
TX_002142,ACC_0894,ACC_0493,96.24,2026-08-01 20:35:00,0,0,44,0.29,pin,kplus_app,0
TX_001129,ACC_0432,ACC_0778,432.69,2026-08-01 21:05:00,0,1,33,1.32,none,kplus_app,0
TX_000922,ACC_0829,ACC_0118,350.29,2026-08-01 21:33:00,1,1,45,1.19,face_scan,kplus_app,0
TX_005343,ACC_0236,ACC_0884,696.95,2026-08-01 21:46:00,1,0,43,0.32,pin,kplus_app,0
TX_004283,ACC_0221,ACC_0077,1165.18,2026-08-01 21:51:00,0,0,53,1.46,face_scan,kplus_app,0
TX_004690,ACC_1162,ACC_0626,86.81,2026-08-01 21:58:00,1,0,59,0.57,face_scan,kplus_app,0
TX_005797,ACC_0744,ACC_0280,1059.26,2026-08-01 22:08:00,0,0,66,1.03,pin,kplus_app,0
TX_003635,ACC_0879,ACC_0760,419.16,2026-08-01 22:10:00,0,0,66,0.62,pin,kplus_app,0
TX_004827,ACC_1179,ACC_0433,1267.62,2026-08-01 22:10:00,0,0,39,0.11,pin,kplus_app,0
TX_005141,ACC_0651,ACC_1165,997.28,2026-08-01 22:11:00,0,0,44,0.44,pin,kplus_app,0
TX_004338,ACC_0574,ACC_0472,777.77,2026-08-01 22:14:00,1,0,52,1.3,pin,kplus_app,0
TX_001000,ACC_0786,ACC_0297,92.46,2026-08-01 22:16:00,1,0,31,1.14,pin,kplus_app,0
TX_001183,ACC_0789,ACC_0646,368.75,2026-08-01 22:52:00,1,0,63,0.75,pin,kplus_app,0
TX_004455,ACC_0935,ACC_1190,316.91,2026-08-01 22:54:00,0,0,55,1.09,pin,kplus_app,0
TX_005258,ACC_0408,ACC_0908,916.68,2026-08-01 22:59:00,0,0,57,0.74,pin,kplus_app,0
TX_004401,ACC_0097,ACC_0379,961.39,2026-08-01 23:01:00,0,0,36,0.6,face_scan,kplus_app,0
TX_005646,ACC_0597,ACC_0445,1033.54,2026-08-01 23:03:00,0,0,52,1.26,pin,kplus_app,0
TX_000019,ACC_0991,ACC_0797,652.84,2026-08-01 23:21:00,0,0,51,1.16,pin,kplus_app,0
TX_004928,ACC_1103,ACC_0268,917.79,2026-08-01 23:25:00,0,0,34,1.43,pin,kplus_app,0
TX_000787,ACC_0681,ACC_0334,365.87,2026-08-01 23:29:00,0,0,46,1.21,pin,kplus_app,0
TX_002786,ACC_0409,ACC_0086,514.82,2026-08-01 23:39:00,0,0,59,1.07,pin,kplus_app,0
TX_002198,ACC_0122,ACC_1103,343.68,2026-08-01 23:54:00,0,0,48,0.93,pin,kplus_app,0
TX_005089,ACC_0636,ACC_1005,63.48,2026-08-01 23:56:00,0,0,29,0.61,pin,kplus_app,0
TX_001262,ACC_0651,ACC_1095,217.93,2026-08-02 00:01:00,0,0,52,0.73,pin,kplus_app,0
TX_004529,ACC_0726,ACC_0650,788.4,2026-08-02 00:12:00,0,0,47,0.64,pin,kplus_app,0
TX_005892,ACC_1096,ACC_0411,635.6,2026-08-02 00:21:00,0,0,48,0.41,pin,kplus_app,0
TX_001617,ACC_0818,ACC_1036,41.24,2026-08-02 00:24:00,0,0,46,0.34,pin,kplus_app,0
TX_003221,ACC_0264,ACC_0991,421.03,2026-08-02 00:39:00,1,0,53,1.43,pin,kplus_app,0
TX_000432,ACC_0298,ACC_0448,407.16,2026-08-02 00:39:00,0,0,34,1.43,pin,kplus_app,0
TX_003741,ACC_1061,ACC_0421,698.64,2026-08-02 00:43:00,0,0,68,0.32,pin,kplus_app,0
TX_000402,ACC_0607,ACC_0695,47.01,2026-08-02 00:55:00,1,0,44,1.25,pin,kplus_app,0
TX_003944,ACC_0115,ACC_0226,1679.65,2026-08-02 00:56:00,0,0,63,0.59,pin,kplus_app,0
TX_002411,ACC_1119,ACC_1045,712.04,2026-08-02 01:14:00,0,0,39,0.56,pin,kplus_app,0
TX_005583,ACC_0534,ACC_0755,330.77,2026-08-02 01:24:00,0,0,71,1.01,face_scan,kplus_app,0
TX_000393,ACC_0892,ACC_1149,3513.63,2026-08-02 01:30:00,1,0,33,1.05,pin,kplus_app,0
TX_003734,ACC_0121,ACC_0216,1457.24,2026-08-02 01:47:00,0,0,38,1.1,pin,kplus_app,0
TX_004152,ACC_0845,ACC_1095,581.26,2026-08-02 01:48:00,0,0,26,0.78,pin,kplus_app,0
TX_000682,ACC_0096,ACC_0538,927.82,2026-08-02 01:51:00,0,0,21,0.81,pin,kplus_app,0
TX_006082,ACC_0286,ACC_0002,208.07,2026-08-02 01:54:00,1,0,29,0.3,pin,kplus_app,1
TX_005156,ACC_1071,ACC_0073,380.47,2026-08-02 01:54:00,1,0,55,0.75,pin,kplus_app,0
TX_006083,ACC_0286,ACC_0002,59956.1,2026-08-02 02:02:00,0,0,350,19.22,pin,kplus_app,1
TX_002492,ACC_0114,ACC_0491,387.09,2026-08-02 02:05:00,0,0,53,1.27,pin,kplus_app,0
TX_004141,ACC_1056,ACC_1147,471.95,2026-08-02 02:17:00,0,0,76,1.12,pin,kplus_app,0
TX_002139,ACC_0531,ACC_0383,542.43,2026-08-02 02:19:00,0,0,46,1.48,pin,kplus_app,0
TX_000297,ACC_0546,ACC_0932,980.47,2026-08-02 02:23:00,0,0,32,1.28,face_scan,kplus_app,0
TX_003332,ACC_0960,ACC_1194,128.74,2026-08-02 02:24:00,0,0,35,1.23,pin,kplus_app,0
TX_000509,ACC_0433,ACC_0268,439.92,2026-08-02 02:25:00,1,0,46,0.49,pin,kplus_app,0
TX_003992,ACC_0086,ACC_0680,876.54,2026-08-02 02:26:00,1,0,57,1.31,face_scan,kplus_app,0
TX_004161,ACC_0922,ACC_1096,322.29,2026-08-02 02:41:00,0,0,33,0.77,pin,kplus_app,0
TX_000420,ACC_0773,ACC_1167,148.41,2026-08-02 02:48:00,0,0,65,0.74,face_scan,kplus_app,0
TX_003284,ACC_0683,ACC_0300,56.24,2026-08-02 02:50:00,0,0,55,0.29,pin,kplus_app,0
TX_002273,ACC_0075,ACC_1192,709.06,2026-08-02 03:18:00,1,0,30,1.12,pin,kplus_app,0
TX_000343,ACC_0677,ACC_0070,599.99,2026-08-02 03:32:00,0,0,47,0.91,pin,kplus_app,0
TX_003286,ACC_0610,ACC_0149,563.12,2026-08-02 03:33:00,0,0,47,1.48,pin,kplus_app,0
TX_005875,ACC_0216,ACC_0978,1080.07,2026-08-02 03:36:00,1,0,31,0.52,pin,kplus_app,0
TX_004111,ACC_0864,ACC_0521,1943.33,2026-08-02 03:44:00,0,0,34,0.11,pin,kplus_app,0
TX_002372,ACC_1055,ACC_0936,1835.69,2026-08-02 03:44:00,1,0,53,0.89,pin,kplus_app,0
TX_003570,ACC_0329,ACC_0671,446.21,2026-08-02 03:53:00,0,0,43,0.75,pin,kplus_app,0
TX_005288,ACC_0443,ACC_0996,143.11,2026-08-02 04:08:00,0,0,46,0.87,pin,kplus_app,0
TX_005102,ACC_1106,ACC_0552,356.22,2026-08-02 04:13:00,0,0,38,0.38,pin,kplus_app,0
TX_001062,ACC_1188,ACC_0303,137.25,2026-08-02 04:18:00,0,0,18,0.67,pin,kplus_app,0
TX_004081,ACC_0654,ACC_1125,721.64,2026-08-02 04:27:00,1,0,33,0.68,pin,kplus_app,0
TX_003629,ACC_0485,ACC_1145,885.35,2026-08-02 04:59:00,0,0,63,1.0,pin,kplus_app,0
TX_003175,ACC_0423,ACC_0748,173.38,2026-08-02 05:10:00,0,0,42,0.86,face_scan,kplus_app,0
TX_002315,ACC_0598,ACC_0225,348.54,2026-08-02 05:30:00,0,0,64,1.29,pin,kplus_app,0
TX_001125,ACC_0404,ACC_0447,122.23,2026-08-02 05:34:00,0,0,52,1.19,pin,kplus_app,0
TX_000239,ACC_1011,ACC_0886,160.12,2026-08-02 05:36:00,0,0,32,0.33,pin,kplus_app,0
TX_001745,ACC_0810,ACC_0572,403.68,2026-08-02 05:36:00,1,0,49,0.36,pin,kplus_app,0
TX_001227,ACC_0315,ACC_0222,1164.54,2026-08-02 05:47:00,0,0,19,0.1,pin,kplus_app,0
TX_003365,ACC_0562,ACC_0382,272.99,2026-08-02 05:50:00,0,0,42,1.38,pin,kplus_app,0
TX_001673,ACC_0103,ACC_1182,164.19,2026-08-02 05:51:00,0,0,63,0.6,pin,kplus_app,0
TX_001471,ACC_0761,ACC_0947,1990.35,2026-08-02 05:53:00,0,1,48,0.15,pin,kplus_app,0
TX_004714,ACC_0210,ACC_0400,236.45,2026-08-02 05:57:00,0,0,39,0.16,pin,kplus_app,0
TX_004922,ACC_0171,ACC_0814,393.27,2026-08-02 05:58:00,0,1,60,0.29,pin,kplus_app,0
TX_000950,ACC_1170,ACC_0312,479.03,2026-08-02 06:31:00,0,0,60,1.13,face_scan,kplus_app,0
TX_004358,ACC_0143,ACC_1183,612.61,2026-08-02 06:33:00,1,0,56,0.38,face_scan,kplus_app,0
TX_003493,ACC_0882,ACC_0611,754.97,2026-08-02 06:34:00,0,0,64,0.86,pin,kplus_app,0
TX_001763,ACC_1062,ACC_0934,516.39,2026-08-02 06:36:00,1,0,49,0.29,pin,kplus_app,0
TX_001351,ACC_0358,ACC_0263,945.97,2026-08-02 06:54:00,1,0,35,0.74,pin,kplus_app,0
TX_003230,ACC_0328,ACC_0480,1330.18,2026-08-02 07:09:00,0,0,47,1.5,face_scan,kplus_app,0
TX_005828,ACC_0920,ACC_0879,485.93,2026-08-02 07:28:00,1,0,42,1.23,pin,kplus_app,0
TX_006132,ACC_0615,ACC_0017,182.65,2026-08-02 07:29:00,1,0,48,0.3,pin,kplus_app,1
TX_005048,ACC_0774,ACC_0854,90.42,2026-08-02 07:31:00,0,0,44,1.48,pin,kplus_app,0
TX_005816,ACC_0887,ACC_0241,387.36,2026-08-02 07:35:00,0,0,31,0.72,pin,kplus_app,0
TX_002180,ACC_0738,ACC_1004,136.26,2026-08-02 07:36:00,0,0,47,1.17,face_scan,kplus_app,0
TX_006133,ACC_0615,ACC_0017,53836.34,2026-08-02 07:41:00,0,0,12,11.89,pin,kplus_app,1
TX_000104,ACC_0817,ACC_0299,327.81,2026-08-02 07:46:00,0,0,39,1.3,pin,kplus_app,0
TX_003961,ACC_0511,ACC_0924,393.93,2026-08-02 07:47:00,0,0,28,0.13,pin,kplus_app,0
TX_002201,ACC_0183,ACC_0609,492.21,2026-08-02 07:54:00,0,0,63,1.48,pin,kplus_app,0
TX_001694,ACC_0086,ACC_0132,1779.6,2026-08-02 07:56:00,1,0,43,0.91,pin,kplus_app,0
TX_002086,ACC_0571,ACC_0790,460.64,2026-08-02 07:57:00,1,0,35,0.65,pin,kplus_app,0
TX_005152,ACC_0595,ACC_1031,751.51,2026-08-02 08:06:00,0,0,54,0.97,pin,kplus_app,0
TX_005546,ACC_0231,ACC_1091,716.81,2026-08-02 08:41:00,0,0,62,0.2,pin,kplus_app,0
TX_004551,ACC_1042,ACC_0781,380.54,2026-08-02 08:50:00,0,0,60,0.13,pin,kplus_app,0
TX_005964,ACC_0431,ACC_1051,132.35,2026-08-02 08:59:00,0,0,24,0.49,pin,kplus_app,0
TX_004562,ACC_0662,ACC_0844,47.21,2026-08-02 09:06:00,0,0,39,1.31,pin,kplus_app,0
TX_003297,ACC_0581,ACC_0515,441.52,2026-08-02 09:22:00,0,0,74,0.12,pin,kplus_app,0
TX_002754,ACC_0501,ACC_0356,153.84,2026-08-02 09:23:00,0,0,54,0.17,pin,kplus_app,0
TX_003815,ACC_1170,ACC_0483,499.24,2026-08-02 09:31:00,0,0,60,0.21,pin,kplus_app,0
TX_000646,ACC_0112,ACC_0784,329.04,2026-08-02 09:36:00,1,0,52,0.36,pin,kplus_app,0
TX_005670,ACC_0268,ACC_0144,424.89,2026-08-02 09:44:00,0,0,50,1.09,face_scan,kplus_app,0
TX_001137,ACC_0759,ACC_0923,433.99,2026-08-02 09:45:00,0,0,57,1.3,pin,kplus_app,0
TX_002844,ACC_0715,ACC_0223,1080.5,2026-08-02 09:49:00,1,1,23,0.59,pin,kplus_app,0
TX_000797,ACC_0310,ACC_1133,1073.97,2026-08-02 09:49:00,0,1,41,0.9,pin,kplus_app,0
TX_002338,ACC_0268,ACC_0903,1248.5,2026-08-02 09:57:00,0,0,47,0.88,pin,kplus_app,0
TX_005717,ACC_1140,ACC_0416,853.88,2026-08-02 10:08:00,0,0,43,0.7,pin,kplus_app,0
TX_006134,ACC_0064,ACC_0003,377.96,2026-08-02 10:13:00,1,0,37,0.3,pin,kplus_app,1
TX_006135,ACC_0064,ACC_0003,55002.36,2026-08-02 10:21:00,0,0,350,20.92,pin,kplus_app,1
TX_001114,ACC_1091,ACC_0769,380.71,2026-08-02 10:24:00,1,0,45,1.08,pin,kplus_app,0
TX_003389,ACC_1003,ACC_1175,707.93,2026-08-02 10:29:00,1,0,25,1.41,pin,kplus_app,0
TX_005251,ACC_0912,ACC_0952,157.01,2026-08-02 10:30:00,0,0,41,0.3,pin,kplus_app,0
TX_001987,ACC_0749,ACC_0535,1512.43,2026-08-02 10:35:00,1,0,41,0.93,pin,kplus_app,0
TX_005218,ACC_0700,ACC_0884,128.26,2026-08-02 10:37:00,0,0,57,1.02,pin,kplus_app,0
TX_004947,ACC_0941,ACC_0319,674.39,2026-08-02 10:44:00,0,0,62,0.16,pin,kplus_app,0
TX_004415,ACC_0849,ACC_1047,343.49,2026-08-02 10:57:00,0,0,55,1.48,pin,kplus_app,0
TX_003089,ACC_0093,ACC_0951,515.22,2026-08-02 10:58:00,1,0,46,1.2,face_scan,kplus_app,0
TX_006397,ACC_0015,ACC_0059,39407.78,2026-08-02 11:07:50,1,1,13,5.15,pin,promptpay,1
TX_005550,ACC_1061,ACC_0318,1831.63,2026-08-02 11:24:00,0,0,39,1.41,pin,kplus_app,0
TX_000464,ACC_0945,ACC_0669,447.45,2026-08-02 11:25:00,1,0,16,0.91,face_scan,kplus_app,0
TX_002993,ACC_0972,ACC_1001,497.29,2026-08-02 11:30:00,0,0,51,1.16,face_scan,kplus_app,0
TX_001466,ACC_0156,ACC_0455,1336.96,2026-08-02 11:32:00,0,0,44,1.11,pin,kplus_app,0
TX_006359,ACC_0054,ACC_0011,15711.72,2026-08-02 11:32:48,1,1,9,14.23,pin,promptpay,1
TX_002178,ACC_0253,ACC_0346,533.04,2026-08-02 11:48:00,1,0,49,0.1,pin,kplus_app,0
TX_001038,ACC_0403,ACC_0473,55.14,2026-08-02 12:02:00,0,0,66,0.87,pin,kplus_app,0
TX_003407,ACC_0526,ACC_0679,126.59,2026-08-02 12:04:00,0,0,33,0.54,pin,kplus_app,0
TX_001805,ACC_0144,ACC_0550,209.66,2026-08-02 12:17:00,1,0,58,1.24,pin,kplus_app,0
TX_000585,ACC_0700,ACC_1137,351.45,2026-08-02 12:21:00,0,0,54,1.11,pin,kplus_app,0
TX_001273,ACC_0468,ACC_0369,325.78,2026-08-02 12:34:00,1,0,26,1.47,pin,kplus_app,0
TX_001564,ACC_0559,ACC_0778,1034.8,2026-08-02 12:36:00,0,0,40,0.78,pin,kplus_app,0
TX_004992,ACC_0620,ACC_0513,1159.73,2026-08-02 12:36:00,0,0,57,1.31,pin,kplus_app,0
TX_006116,ACC_0410,ACC_0034,342.62,2026-08-02 12:44:00,1,0,35,0.3,pin,kplus_app,1
TX_000020,ACC_0911,ACC_1121,1961.35,2026-08-02 12:49:00,0,0,50,1.29,pin,kplus_app,0
TX_005650,ACC_0213,ACC_0391,407.14,2026-08-02 12:52:00,0,0,36,0.83,pin,kplus_app,0
TX_004702,ACC_0544,ACC_0591,3173.04,2026-08-02 12:53:00,0,0,53,0.36,pin,kplus_app,0
TX_006117,ACC_0410,ACC_0034,34945.62,2026-08-02 12:56:00,0,0,350,19.69,pin,kplus_app,1
TX_000370,ACC_0900,ACC_0688,144.0,2026-08-02 12:59:00,1,0,55,0.4,pin,kplus_app,0
TX_002388,ACC_0265,ACC_0324,347.27,2026-08-02 13:05:00,0,0,33,0.55,pin,kplus_app,0
TX_003609,ACC_0344,ACC_0596,154.31,2026-08-02 13:13:00,0,0,34,1.33,pin,kplus_app,0
TX_004558,ACC_0688,ACC_0662,116.17,2026-08-02 13:15:00,0,1,66,1.23,face_scan,kplus_app,0
TX_001961,ACC_0919,ACC_0640,193.84,2026-08-02 13:15:00,0,0,48,0.86,pin,kplus_app,0
TX_004195,ACC_0440,ACC_0436,237.5,2026-08-02 13:19:00,0,0,35,1.34,pin,kplus_app,0
TX_003979,ACC_0437,ACC_0672,868.08,2026-08-02 13:19:00,1,0,58,0.44,pin,kplus_app,0
TX_003786,ACC_0921,ACC_0799,806.3,2026-08-02 13:21:00,1,0,21,0.54,pin,kplus_app,0
TX_003359,ACC_0300,ACC_0500,121.07,2026-08-02 13:33:00,1,1,70,0.34,pin,kplus_app,0
TX_003649,ACC_0929,ACC_0829,1059.43,2026-08-02 13:35:00,1,0,69,0.59,pin,kplus_app,0
TX_003055,ACC_0497,ACC_0263,680.04,2026-08-02 13:43:00,1,0,38,1.38,pin,kplus_app,0
TX_001049,ACC_0707,ACC_0621,357.05,2026-08-02 13:48:00,0,0,42,0.82,pin,kplus_app,0
TX_005787,ACC_1163,ACC_0675,673.66,2026-08-02 13:57:00,0,0,44,0.45,pin,kplus_app,0
TX_003324,ACC_0921,ACC_0364,1047.35,2026-08-02 13:57:00,0,0,52,0.41,pin,kplus_app,0
TX_001326,ACC_0905,ACC_0684,354.51,2026-08-02 14:15:00,0,0,66,1.36,face_scan,kplus_app,0
TX_000615,ACC_0309,ACC_0607,742.0,2026-08-02 14:18:00,1,0,65,0.37,pin,kplus_app,0
TX_000293,ACC_0249,ACC_0074,1110.07,2026-08-02 14:21:00,0,0,46,1.49,face_scan,kplus_app,0
TX_004423,ACC_0175,ACC_0645,488.36,2026-08-02 14:22:00,0,1,48,0.73,pin,kplus_app,0
TX_004666,ACC_1047,ACC_0443,270.59,2026-08-02 14:34:00,0,0,42,0.31,pin,kplus_app,0
TX_002379,ACC_0741,ACC_0653,404.23,2026-08-02 14:34:00,1,0,41,0.92,pin,kplus_app,0
TX_003033,ACC_0821,ACC_0733,850.32,2026-08-02 14:42:00,1,0,52,0.97,pin,kplus_app,0
TX_003259,ACC_1108,ACC_1120,130.43,2026-08-02 14:45:00,0,0,42,0.5,pin,kplus_app,0
TX_001402,ACC_0308,ACC_0411,900.12,2026-08-02 14:50:00,1,0,52,1.5,pin,kplus_app,0
TX_005585,ACC_0066,ACC_0929,369.87,2026-08-02 15:04:00,0,0,40,1.45,pin,kplus_app,0
TX_003423,ACC_0321,ACC_0461,100.79,2026-08-02 15:23:00,0,0,45,0.67,pin,kplus_app,0
TX_006224,ACC_0582,ACC_0014,354.68,2026-08-02 15:32:00,1,0,20,0.3,pin,kplus_app,1
TX_006225,ACC_0582,ACC_0014,52065.83,2026-08-02 15:41:00,0,0,350,23.11,pin,kplus_app,1
TX_000999,ACC_0757,ACC_1142,736.65,2026-08-02 15:49:00,0,0,42,1.01,pin,kplus_app,0
TX_001194,ACC_1126,ACC_0973,385.91,2026-08-02 16:02:00,1,0,28,0.87,pin,kplus_app,0
TX_000318,ACC_0814,ACC_0608,242.24,2026-08-02 16:26:00,1,0,60,0.52,face_scan,kplus_app,0
TX_005347,ACC_0566,ACC_0106,992.8,2026-08-02 16:26:00,0,0,11,0.15,pin,kplus_app,0
TX_002973,ACC_0252,ACC_1173,412.08,2026-08-02 16:43:00,1,0,36,1.04,pin,kplus_app,0
TX_005228,ACC_0568,ACC_1021,421.99,2026-08-02 16:59:00,1,0,43,1.39,pin,kplus_app,0
TX_001652,ACC_0373,ACC_0658,398.14,2026-08-02 17:19:00,0,1,32,0.2,face_scan,kplus_app,0
TX_001957,ACC_1126,ACC_0197,104.06,2026-08-02 17:37:00,1,0,66,1.46,pin,kplus_app,0
TX_001861,ACC_0727,ACC_0484,480.89,2026-08-02 17:37:00,0,0,70,1.13,face_scan,kplus_app,0
TX_000233,ACC_0560,ACC_0723,525.84,2026-08-02 17:37:00,0,0,55,0.42,pin,kplus_app,0
TX_003959,ACC_0386,ACC_0576,721.0,2026-08-02 17:47:00,0,0,38,1.36,pin,kplus_app,0
TX_002468,ACC_0238,ACC_1017,113.48,2026-08-02 17:51:00,0,0,39,1.38,pin,kplus_app,0
TX_004088,ACC_0259,ACC_0364,1557.7,2026-08-02 18:03:00,0,0,29,0.37,pin,kplus_app,0
TX_003315,ACC_0427,ACC_1178,259.27,2026-08-02 18:05:00,0,0,48,1.49,pin,kplus_app,0
TX_000095,ACC_0667,ACC_0817,505.59,2026-08-02 18:09:00,1,0,42,0.5,pin,kplus_app,0
TX_003615,ACC_0686,ACC_0249,167.62,2026-08-02 18:12:00,1,0,47,0.62,pin,kplus_app,0
TX_001407,ACC_0361,ACC_0067,789.09,2026-08-02 18:20:00,0,0,50,0.88,pin,kplus_app,0
TX_004384,ACC_1083,ACC_0911,763.25,2026-08-02 18:22:00,1,0,62,0.44,pin,kplus_app,0
TX_005920,ACC_0342,ACC_0856,418.72,2026-08-02 18:43:00,0,0,31,0.99,pin,kplus_app,0
TX_001245,ACC_0686,ACC_1183,444.87,2026-08-02 19:00:00,0,0,40,0.84,pin,kplus_app,0
TX_004434,ACC_1070,ACC_0730,569.99,2026-08-02 19:11:00,1,0,46,1.26,pin,kplus_app,0
TX_004954,ACC_0452,ACC_0470,1086.8,2026-08-02 19:22:00,1,0,15,1.28,pin,kplus_app,0
TX_003040,ACC_0199,ACC_0157,137.84,2026-08-02 19:24:00,1,0,44,0.94,pin,kplus_app,0
TX_006004,ACC_0088,ACC_0053,114.56,2026-08-02 19:27:00,1,0,51,0.3,pin,kplus_app,1
TX_005773,ACC_1031,ACC_0277,542.52,2026-08-02 19:38:00,0,0,32,0.62,pin,kplus_app,0
TX_006005,ACC_0088,ACC_0053,31505.25,2026-08-02 19:39:00,0,0,350,20.0,pin,kplus_app,1
TX_003469,ACC_0819,ACC_0251,304.12,2026-08-02 19:51:00,1,0,43,1.17,face_scan,kplus_app,0
TX_004175,ACC_0678,ACC_1054,954.67,2026-08-02 19:52:00,0,0,44,1.4,pin,kplus_app,0
TX_002341,ACC_1066,ACC_0453,335.11,2026-08-02 20:15:00,0,0,38,0.79,pin,kplus_app,0
TX_005975,ACC_0648,ACC_0454,2665.94,2026-08-02 20:18:00,0,0,18,1.07,pin,kplus_app,0
TX_004474,ACC_0838,ACC_0902,743.84,2026-08-02 20:51:00,0,0,40,0.93,pin,kplus_app,0
TX_004172,ACC_0934,ACC_0280,197.95,2026-08-02 20:53:00,0,0,30,1.18,pin,kplus_app,0
TX_005798,ACC_0956,ACC_0162,1458.47,2026-08-02 21:07:00,1,0,46,0.7,pin,kplus_app,0
TX_004275,ACC_0280,ACC_0669,169.61,2026-08-02 21:10:00,0,0,34,0.75,pin,kplus_app,0
TX_002293,ACC_1136,ACC_0657,95.32,2026-08-02 21:24:00,1,0,44,1.4,pin,kplus_app,0
TX_001014,ACC_0730,ACC_0791,284.3,2026-08-02 21:26:00,1,0,20,0.42,pin,kplus_app,0
TX_001483,ACC_0612,ACC_0600,124.36,2026-08-02 21:42:00,0,0,47,0.56,pin,kplus_app,0
TX_001892,ACC_0321,ACC_0724,81.34,2026-08-02 22:12:00,0,0,56,0.56,pin,kplus_app,0
TX_000910,ACC_1118,ACC_0531,984.69,2026-08-02 22:15:00,0,0,61,0.89,pin,kplus_app,0
TX_004066,ACC_0142,ACC_0315,803.9,2026-08-02 22:29:00,0,0,31,1.49,pin,kplus_app,0
TX_003929,ACC_0200,ACC_0790,1022.65,2026-08-02 22:29:00,0,0,44,0.36,face_scan,kplus_app,0
TX_000295,ACC_0687,ACC_0635,1049.01,2026-08-02 22:52:00,0,0,39,1.33,pin,kplus_app,0
TX_001540,ACC_1096,ACC_0983,69.69,2026-08-02 22:53:00,0,0,52,1.34,pin,kplus_app,0
TX_000828,ACC_0248,ACC_0739,72.56,2026-08-02 22:54:00,1,0,39,0.66,pin,kplus_app,0
TX_000976,ACC_0359,ACC_0388,1100.39,2026-08-02 23:03:00,1,0,50,0.33,pin,kplus_app,0
TX_003577,ACC_0133,ACC_0209,425.11,2026-08-02 23:07:00,1,0,37,0.53,pin,kplus_app,0
TX_002190,ACC_0371,ACC_0781,70.99,2026-08-02 23:11:00,0,0,37,1.39,face_scan,kplus_app,0
TX_005609,ACC_0244,ACC_0440,174.65,2026-08-02 23:16:00,1,0,26,0.54,face_scan,kplus_app,0
TX_002859,ACC_0422,ACC_0772,700.28,2026-08-02 23:25:00,1,0,48,1.12,pin,kplus_app,0
TX_005388,ACC_0626,ACC_0893,328.83,2026-08-02 23:29:00,1,0,29,0.74,pin,kplus_app,0
TX_003763,ACC_0375,ACC_0989,50.18,2026-08-02 23:53:00,0,0,52,0.11,pin,kplus_app,0
TX_000639,ACC_1172,ACC_0634,1931.63,2026-08-03 00:14:00,0,0,25,1.04,pin,kplus_app,0
TX_004581,ACC_0296,ACC_1144,812.39,2026-08-03 00:19:00,0,0,46,1.42,pin,kplus_app,0
TX_003634,ACC_0815,ACC_0172,263.21,2026-08-03 00:22:00,1,0,62,0.5,pin,kplus_app,0
TX_003582,ACC_1123,ACC_1187,628.81,2026-08-03 00:34:00,0,0,37,0.53,face_scan,kplus_app,0
TX_004390,ACC_0942,ACC_0917,1215.68,2026-08-03 00:35:00,0,0,25,1.02,pin,kplus_app,0
TX_002302,ACC_1093,ACC_0321,163.73,2026-08-03 01:03:00,1,0,51,1.22,face_scan,kplus_app,0
TX_003461,ACC_0758,ACC_0576,357.3,2026-08-03 01:06:00,0,0,46,0.95,pin,kplus_app,0
TX_004029,ACC_0502,ACC_0283,1230.78,2026-08-03 01:13:00,0,0,46,0.89,pin,kplus_app,0
TX_002923,ACC_0710,ACC_0374,463.75,2026-08-03 01:14:00,0,0,34,0.38,pin,kplus_app,0
TX_002164,ACC_0147,ACC_0583,1259.9,2026-08-03 01:16:00,0,0,60,0.59,pin,kplus_app,0
TX_001472,ACC_0487,ACC_1106,1824.56,2026-08-03 01:23:00,1,0,47,0.68,pin,kplus_app,0
TX_003123,ACC_0253,ACC_0260,434.57,2026-08-03 01:24:00,0,0,35,0.9,pin,kplus_app,0
TX_005410,ACC_0489,ACC_0236,116.45,2026-08-03 01:26:00,0,0,39,1.32,face_scan,kplus_app,0
TX_001436,ACC_1130,ACC_1069,414.83,2026-08-03 01:30:00,1,0,45,0.36,pin,kplus_app,0
TX_004756,ACC_0962,ACC_0615,50.14,2026-08-03 01:32:00,0,0,53,0.23,face_scan,kplus_app,0
TX_000973,ACC_0706,ACC_0965,406.13,2026-08-03 01:44:00,1,0,33,1.09,pin,kplus_app,0
TX_000484,ACC_1169,ACC_0497,555.44,2026-08-03 01:45:00,1,0,43,0.64,pin,kplus_app,0
TX_004405,ACC_0413,ACC_0811,195.08,2026-08-03 01:49:00,0,0,48,1.01,pin,kplus_app,0
TX_001280,ACC_0703,ACC_0210,715.48,2026-08-03 01:50:00,1,0,43,0.27,face_scan,kplus_app,0
TX_001796,ACC_0393,ACC_0210,54.79,2026-08-03 01:51:00,1,0,43,0.3,pin,kplus_app,0
TX_005309,ACC_1072,ACC_0444,703.13,2026-08-03 01:53:00,0,0,64,0.64,pin,kplus_app,0
TX_004419,ACC_0707,ACC_1000,3247.84,2026-08-03 01:59:00,1,0,49,1.36,pin,kplus_app,0
TX_002408,ACC_0111,ACC_0757,354.38,2026-08-03 01:59:00,0,0,33,1.4,pin,kplus_app,0
TX_000561,ACC_0554,ACC_0694,237.67,2026-08-03 02:05:00,0,0,52,1.22,pin,kplus_app,0
TX_000378,ACC_0434,ACC_0413,489.55,2026-08-03 02:10:00,1,0,42,1.45,pin,kplus_app,0
TX_000809,ACC_0501,ACC_0211,311.27,2026-08-03 02:18:00,0,0,49,1.25,pin,kplus_app,0
TX_004082,ACC_0901,ACC_0467,492.73,2026-08-03 02:30:00,0,0,30,0.13,pin,kplus_app,0
TX_006260,ACC_1014,ACC_0008,245.39,2026-08-03 02:42:00,1,0,33,0.3,pin,kplus_app,1
TX_000435,ACC_0491,ACC_0079,396.55,2026-08-03 02:45:00,0,0,55,1.22,pin,kplus_app,0
TX_002356,ACC_0198,ACC_0248,627.27,2026-08-03 02:46:00,0,0,42,1.45,pin,kplus_app,0
TX_006261,ACC_1014,ACC_0008,30041.68,2026-08-03 02:56:00,0,0,12,17.71,pin,kplus_app,1
TX_000818,ACC_0601,ACC_0501,150.26,2026-08-03 03:03:00,1,0,48,0.5,pin,kplus_app,0
TX_005774,ACC_1017,ACC_1081,367.26,2026-08-03 03:12:00,1,0,40,0.59,pin,kplus_app,0
TX_002231,ACC_0596,ACC_0950,299.89,2026-08-03 03:20:00,0,0,60,0.26,pin,kplus_app,0
TX_002522,ACC_0433,ACC_0800,1200.9,2026-08-03 03:23:00,0,0,40,0.4,pin,kplus_app,0
TX_004769,ACC_1169,ACC_0951,591.66,2026-08-03 03:28:00,0,0,38,1.13,pin,kplus_app,0
TX_000504,ACC_0392,ACC_1039,1040.51,2026-08-03 03:54:00,0,0,42,0.15,face_scan,kplus_app,0
TX_000359,ACC_0600,ACC_0224,274.59,2026-08-03 04:02:00,0,0,40,0.65,pin,kplus_app,0
TX_004080,ACC_0652,ACC_0093,151.84,2026-08-03 04:14:00,1,0,53,0.71,pin,kplus_app,0
TX_003886,ACC_0971,ACC_0193,1097.23,2026-08-03 04:15:00,0,0,61,0.33,pin,kplus_app,0
TX_005008,ACC_0986,ACC_0551,676.56,2026-08-03 04:34:00,0,1,59,1.04,pin,kplus_app,0
TX_000814,ACC_0786,ACC_0965,1402.36,2026-08-03 04:45:00,0,0,50,0.2,pin,kplus_app,0
TX_000992,ACC_0470,ACC_0478,403.93,2026-08-03 04:50:00,0,0,55,0.78,pin,kplus_app,0
TX_001875,ACC_0315,ACC_0089,440.01,2026-08-03 04:58:00,0,0,43,0.51,pin,kplus_app,0
TX_004009,ACC_0807,ACC_0871,493.83,2026-08-03 05:06:00,1,0,41,0.75,pin,kplus_app,0
TX_004584,ACC_0550,ACC_0909,326.45,2026-08-03 05:10:00,0,0,34,1.41,pin,kplus_app,0
TX_000523,ACC_0347,ACC_1141,226.79,2026-08-03 05:14:00,1,0,58,0.42,pin,kplus_app,0
TX_000319,ACC_1040,ACC_0159,40.42,2026-08-03 05:25:00,0,0,32,0.39,pin,kplus_app,0
TX_003243,ACC_0917,ACC_0286,326.62,2026-08-03 05:34:00,1,0,51,1.34,pin,kplus_app,0
TX_000620,ACC_1074,ACC_0157,201.98,2026-08-03 05:41:00,1,0,33,1.44,pin,kplus_app,0
TX_002202,ACC_0900,ACC_0859,2090.63,2026-08-03 05:47:00,1,0,42,1.31,pin,kplus_app,0
TX_002833,ACC_0316,ACC_1059,41.89,2026-08-03 05:54:00,0,0,46,1.49,pin,kplus_app,0
TX_002569,ACC_0241,ACC_1086,64.96,2026-08-03 05:56:00,1,0,41,0.81,face_scan,kplus_app,0
TX_004099,ACC_1130,ACC_0609,671.56,2026-08-03 06:05:00,0,0,30,0.78,pin,kplus_app,0
TX_002463,ACC_0335,ACC_0701,543.64,2026-08-03 06:18:00,0,0,47,1.27,pin,kplus_app,0
TX_003692,ACC_0261,ACC_0660,1136.58,2026-08-03 06:27:00,0,0,48,1.27,pin,kplus_app,0
TX_005627,ACC_0539,ACC_0216,117.95,2026-08-03 06:28:00,0,0,29,0.8,pin,kplus_app,0
TX_000574,ACC_0202,ACC_0591,42.85,2026-08-03 06:40:00,1,0,40,0.96,pin,kplus_app,0
TX_006377,ACC_0017,ACC_0031,58788.83,2026-08-03 06:50:59,1,1,18,5.86,pin,promptpay,1
TX_005009,ACC_0079,ACC_1170,248.48,2026-08-03 06:51:00,0,0,58,0.34,pin,kplus_app,0
TX_001079,ACC_0203,ACC_0408,417.82,2026-08-03 06:55:00,1,0,44,0.81,pin,kplus_app,0
TX_004089,ACC_0129,ACC_0636,58.07,2026-08-03 07:05:00,1,0,63,0.75,pin,kplus_app,0
TX_000529,ACC_0311,ACC_0143,1067.1,2026-08-03 07:06:00,1,0,67,0.55,pin,kplus_app,0
TX_004334,ACC_0274,ACC_0516,1348.45,2026-08-03 07:10:00,0,0,68,0.99,pin,kplus_app,0
TX_004579,ACC_0240,ACC_0608,1552.57,2026-08-03 07:13:00,0,0,36,1.02,pin,kplus_app,0
TX_004659,ACC_0266,ACC_0693,1625.45,2026-08-03 07:33:00,0,0,49,1.27,pin,kplus_app,0
TX_002192,ACC_0117,ACC_0132,151.51,2026-08-03 07:35:00,0,0,41,1.08,pin,kplus_app,0
TX_000584,ACC_0302,ACC_0742,184.1,2026-08-03 07:45:00,1,0,38,0.55,pin,kplus_app,0
TX_004044,ACC_0286,ACC_1021,1291.26,2026-08-03 07:55:00,0,0,41,0.18,pin,kplus_app,0
TX_002762,ACC_0167,ACC_0928,85.4,2026-08-03 07:58:00,0,0,13,0.37,pin,kplus_app,0
TX_004369,ACC_0717,ACC_0864,76.04,2026-08-03 08:00:00,0,0,49,1.33,pin,kplus_app,0
TX_006340,ACC_0031,ACC_0052,39250.62,2026-08-03 08:06:34,1,1,12,8.61,pin,promptpay,1
TX_002527,ACC_0204,ACC_0808,1020.21,2026-08-03 08:15:00,0,0,24,0.79,pin,kplus_app,0
TX_001292,ACC_1161,ACC_1092,192.14,2026-08-03 08:15:00,0,0,42,1.39,pin,kplus_app,0
TX_002822,ACC_0765,ACC_0844,189.55,2026-08-03 08:16:00,0,0,37,0.97,pin,kplus_app,0
TX_004376,ACC_0802,ACC_0232,117.86,2026-08-03 08:21:00,0,0,50,0.19,pin,kplus_app,0
TX_002385,ACC_0155,ACC_0664,755.84,2026-08-03 08:35:00,0,0,46,0.8,pin,kplus_app,0
TX_002570,ACC_0279,ACC_1054,560.8,2026-08-03 08:36:00,0,0,48,0.28,pin,kplus_app,0
TX_001037,ACC_0695,ACC_0485,840.62,2026-08-03 08:40:00,0,0,27,0.55,pin,kplus_app,0
TX_000522,ACC_0230,ACC_0800,270.65,2026-08-03 08:43:00,1,0,30,0.98,face_scan,kplus_app,0
TX_005017,ACC_0589,ACC_0236,831.11,2026-08-03 08:45:00,1,0,78,1.05,pin,kplus_app,0
TX_002021,ACC_0727,ACC_0512,628.88,2026-08-03 08:45:00,0,0,46,1.3,pin,kplus_app,0
TX_003594,ACC_0797,ACC_1132,299.43,2026-08-03 08:46:00,1,0,45,0.77,pin,kplus_app,0
TX_004354,ACC_0829,ACC_0777,336.0,2026-08-03 08:48:00,0,0,34,1.1,pin,kplus_app,0
TX_002301,ACC_0955,ACC_0733,1577.14,2026-08-03 09:04:00,1,0,27,0.23,pin,kplus_app,0
TX_003528,ACC_0471,ACC_0308,434.16,2026-08-03 09:17:00,0,0,45,0.62,pin,kplus_app,0
TX_003415,ACC_0079,ACC_0535,1224.64,2026-08-03 09:21:00,0,0,65,1.07,pin,kplus_app,0
TX_001300,ACC_1060,ACC_0305,212.31,2026-08-03 09:24:00,0,0,40,0.29,pin,kplus_app,0
TX_004011,ACC_0339,ACC_0072,68.36,2026-08-03 09:26:00,1,0,45,0.33,pin,kplus_app,0
TX_003680,ACC_0555,ACC_0149,3471.27,2026-08-03 09:40:00,0,0,43,0.52,pin,kplus_app,0
TX_002133,ACC_0448,ACC_0462,191.28,2026-08-03 09:51:00,0,0,39,1.37,pin,kplus_app,0
TX_002771,ACC_0348,ACC_0695,814.26,2026-08-03 10:00:00,1,0,40,0.15,pin,kplus_app,0
TX_002757,ACC_1144,ACC_0274,125.94,2026-08-03 10:05:00,1,0,37,1.26,pin,kplus_app,0
TX_004462,ACC_0278,ACC_0584,135.11,2026-08-03 10:09:00,0,0,49,0.35,pin,kplus_app,0
TX_003418,ACC_0363,ACC_0373,124.27,2026-08-03 10:20:00,1,0,37,0.14,pin,kplus_app,0
TX_002364,ACC_0487,ACC_0344,1060.93,2026-08-03 10:24:00,0,0,44,1.02,pin,kplus_app,0
TX_004982,ACC_0563,ACC_0195,178.19,2026-08-03 10:26:00,0,0,61,0.1,pin,kplus_app,0
TX_001318,ACC_0262,ACC_0690,290.09,2026-08-03 10:30:00,0,1,53,0.52,pin,kplus_app,0
TX_004407,ACC_1045,ACC_0726,1211.05,2026-08-03 10:30:00,1,0,72,0.8,pin,kplus_app,0
TX_006344,ACC_0017,ACC_0037,23830.06,2026-08-03 10:33:23,1,1,11,5.61,pin,promptpay,1
TX_000164,ACC_0455,ACC_0559,78.31,2026-08-03 10:42:00,0,0,46,0.93,pin,kplus_app,0
TX_000365,ACC_0118,ACC_1020,1138.01,2026-08-03 10:49:00,0,0,42,0.47,pin,kplus_app,0
TX_001080,ACC_1044,ACC_0926,176.89,2026-08-03 10:51:00,0,0,54,0.49,pin,kplus_app,0
TX_001747,ACC_0319,ACC_0453,49.22,2026-08-03 11:08:00,0,0,43,1.27,pin,kplus_app,0
TX_001598,ACC_0813,ACC_0279,113.27,2026-08-03 11:17:00,0,0,38,0.14,pin,kplus_app,0
TX_001165,ACC_0818,ACC_0891,293.73,2026-08-03 11:17:00,0,0,58,0.45,pin,kplus_app,0
TX_003705,ACC_0112,ACC_0759,86.05,2026-08-03 11:26:00,0,0,27,0.29,pin,kplus_app,0
TX_003725,ACC_0205,ACC_1039,2192.41,2026-08-03 11:30:00,1,0,42,0.23,pin,kplus_app,0
TX_003703,ACC_0167,ACC_0832,1102.51,2026-08-03 11:35:00,0,0,33,0.5,face_scan,kplus_app,0
TX_005748,ACC_0060,ACC_0407,291.15,2026-08-03 11:59:00,0,0,39,0.94,pin,kplus_app,0
TX_002842,ACC_0643,ACC_0762,748.79,2026-08-03 12:06:00,0,0,21,1.05,pin,kplus_app,0
TX_002586,ACC_0526,ACC_0459,90.02,2026-08-03 12:08:00,0,1,48,1.2,pin,kplus_app,0
TX_004980,ACC_0772,ACC_0098,532.33,2026-08-03 12:09:00,0,0,50,0.56,pin,kplus_app,0
TX_004709,ACC_1148,ACC_0201,5080.43,2026-08-03 12:11:00,1,0,47,0.81,pin,kplus_app,0
TX_003675,ACC_0441,ACC_0163,65.81,2026-08-03 12:11:00,0,0,44,1.25,pin,kplus_app,0
TX_004907,ACC_0287,ACC_1168,1052.32,2026-08-03 12:24:00,0,0,55,0.48,pin,kplus_app,0
TX_004073,ACC_0115,ACC_1080,475.07,2026-08-03 12:25:00,1,0,45,1.29,face_scan,kplus_app,0
TX_001727,ACC_0363,ACC_0992,198.48,2026-08-03 12:26:00,0,0,62,0.57,pin,kplus_app,0
TX_005923,ACC_0293,ACC_0247,2040.68,2026-08-03 12:37:00,1,0,50,0.36,pin,kplus_app,0
TX_000958,ACC_0151,ACC_0088,362.48,2026-08-03 12:37:00,0,0,47,1.03,pin,kplus_app,0
TX_001658,ACC_0481,ACC_0727,1977.89,2026-08-03 12:39:00,1,0,50,0.61,pin,kplus_app,0
TX_003710,ACC_0580,ACC_0378,201.73,2026-08-03 12:41:00,1,0,39,0.96,pin,kplus_app,0
TX_005651,ACC_0530,ACC_0141,543.61,2026-08-03 12:49:00,0,0,47,1.22,pin,kplus_app,0
TX_001206,ACC_0309,ACC_0470,217.11,2026-08-03 12:58:00,1,0,53,0.25,pin,kplus_app,0
TX_005806,ACC_0256,ACC_0415,3012.42,2026-08-03 13:06:00,0,0,47,1.2,pin,kplus_app,0
TX_003684,ACC_0332,ACC_1176,2063.73,2026-08-03 13:10:00,1,0,35,1.34,pin,kplus_app,0
TX_004131,ACC_0172,ACC_0422,183.31,2026-08-03 13:11:00,0,0,54,0.57,pin,kplus_app,0
TX_000107,ACC_0497,ACC_1105,930.26,2026-08-03 13:12:00,1,0,11,0.61,pin,kplus_app,0
TX_005215,ACC_0790,ACC_0992,1130.03,2026-08-03 13:13:00,1,0,41,0.51,pin,kplus_app,0
TX_003266,ACC_0365,ACC_1076,1727.88,2026-08-03 13:18:00,0,0,42,0.81,pin,kplus_app,0
TX_004983,ACC_0139,ACC_0799,1862.46,2026-08-03 13:25:00,0,0,41,1.16,face_scan,kplus_app,0
TX_000869,ACC_0581,ACC_0268,570.08,2026-08-03 13:34:00,0,0,53,0.55,face_scan,kplus_app,0
TX_000560,ACC_0493,ACC_0776,950.86,2026-08-03 13:42:00,0,0,53,0.49,pin,kplus_app,0
TX_003056,ACC_1077,ACC_1097,1761.85,2026-08-03 13:42:00,1,0,41,0.33,pin,kplus_app,0
TX_003669,ACC_0621,ACC_1125,935.3,2026-08-03 13:46:00,1,0,27,0.43,pin,kplus_app,0
TX_004662,ACC_0654,ACC_1100,1745.98,2026-08-03 13:50:00,0,0,50,0.3,pin,kplus_app,0
TX_003540,ACC_0304,ACC_0713,1806.4,2026-08-03 13:52:00,1,0,59,0.67,pin,kplus_app,0
TX_001404,ACC_0959,ACC_1138,3518.09,2026-08-03 14:06:00,0,0,50,0.77,pin,kplus_app,0
TX_002087,ACC_1196,ACC_0255,99.38,2026-08-03 14:26:00,0,0,68,1.44,pin,kplus_app,0
TX_001335,ACC_0202,ACC_1001,1077.61,2026-08-03 14:26:00,0,0,48,0.7,pin,kplus_app,0
TX_004704,ACC_0608,ACC_0151,168.66,2026-08-03 14:27:00,0,0,33,0.47,pin,kplus_app,0
TX_002871,ACC_0612,ACC_0084,381.28,2026-08-03 14:29:00,0,0,53,1.31,pin,kplus_app,0
TX_005074,ACC_0233,ACC_0745,103.34,2026-08-03 14:35:00,0,0,52,1.18,pin,kplus_app,0
TX_005402,ACC_0181,ACC_0141,425.5,2026-08-03 14:41:00,0,0,51,0.34,pin,kplus_app,0
TX_003855,ACC_0317,ACC_0250,229.58,2026-08-03 14:58:00,0,0,62,0.29,pin,kplus_app,0
TX_003810,ACC_0700,ACC_0235,3244.23,2026-08-03 15:10:00,0,0,45,0.95,face_scan,kplus_app,0
TX_001215,ACC_0076,ACC_0292,314.53,2026-08-03 15:20:00,0,0,28,1.3,pin,kplus_app,0
TX_000334,ACC_0359,ACC_0743,291.31,2026-08-03 15:24:00,0,0,29,0.16,pin,kplus_app,0
TX_005596,ACC_0328,ACC_1086,259.01,2026-08-03 15:30:00,0,0,53,0.86,pin,kplus_app,0
TX_003460,ACC_0131,ACC_0686,130.67,2026-08-03 15:47:00,0,0,54,0.15,pin,kplus_app,0
TX_006160,ACC_0097,ACC_0041,189.27,2026-08-03 15:57:00,1,0,36,0.3,pin,kplus_app,1
TX_006161,ACC_0097,ACC_0041,21411.96,2026-08-03 16:08:00,0,0,12,20.93,pin,kplus_app,1
TX_003474,ACC_0626,ACC_0429,490.14,2026-08-03 16:17:00,0,0,24,0.31,pin,kplus_app,0
TX_000827,ACC_0176,ACC_0740,205.75,2026-08-03 16:17:00,1,0,29,1.05,pin,kplus_app,0
TX_005305,ACC_0703,ACC_1177,409.37,2026-08-03 16:27:00,1,0,45,0.97,pin,kplus_app,0
TX_001780,ACC_0709,ACC_0205,58.57,2026-08-03 16:28:00,0,0,45,0.17,pin,kplus_app,0
TX_005520,ACC_0188,ACC_1017,1629.02,2026-08-03 16:32:00,0,1,46,0.49,pin,kplus_app,0
TX_002038,ACC_0111,ACC_0192,490.96,2026-08-03 16:39:00,0,0,56,0.46,pin,kplus_app,0
TX_002013,ACC_0997,ACC_1085,3563.8,2026-08-03 16:49:00,1,0,60,1.39,face_scan,kplus_app,0
TX_000744,ACC_0395,ACC_0733,726.78,2026-08-03 16:50:00,1,0,23,0.97,pin,kplus_app,0
TX_001618,ACC_0337,ACC_0514,105.47,2026-08-03 16:57:00,0,0,45,0.97,pin,kplus_app,0
TX_000480,ACC_0803,ACC_0334,834.64,2026-08-03 17:01:00,1,0,38,0.23,pin,kplus_app,0
TX_000235,ACC_0648,ACC_0883,1674.52,2026-08-03 17:02:00,0,0,28,0.73,pin,kplus_app,0
TX_004732,ACC_0232,ACC_0876,995.91,2026-08-03 17:06:00,0,1,56,1.37,pin,kplus_app,0
TX_004607,ACC_1173,ACC_0441,548.45,2026-08-03 17:08:00,0,0,53,0.78,pin,kplus_app,0
TX_004826,ACC_0595,ACC_0167,319.89,2026-08-03 17:14:00,0,0,38,0.98,pin,kplus_app,0
TX_002506,ACC_0672,ACC_1194,645.15,2026-08-03 17:15:00,1,0,29,0.37,pin,kplus_app,0
TX_005172,ACC_0894,ACC_0187,204.14,2026-08-03 17:20:00,1,0,48,0.58,pin,kplus_app,0
TX_005968,ACC_0406,ACC_0370,83.68,2026-08-03 17:20:00,1,0,50,0.24,pin,kplus_app,0
TX_000820,ACC_0338,ACC_0139,870.85,2026-08-03 17:28:00,0,0,52,1.3,pin,kplus_app,0
TX_004610,ACC_0804,ACC_1035,320.22,2026-08-03 17:44:00,0,0,43,0.88,pin,kplus_app,0
TX_001504,ACC_0600,ACC_0701,222.86,2026-08-03 17:49:00,0,0,50,1.21,face_scan,kplus_app,0
TX_005377,ACC_0353,ACC_0221,538.55,2026-08-03 17:52:00,0,0,35,0.19,face_scan,kplus_app,0
TX_002357,ACC_1165,ACC_0193,1584.92,2026-08-03 17:52:00,0,0,50,1.25,pin,kplus_app,0
TX_003331,ACC_0416,ACC_1061,89.04,2026-08-03 17:58:00,0,0,56,0.18,face_scan,kplus_app,0
TX_004673,ACC_0702,ACC_0734,577.0,2026-08-03 18:01:00,0,0,50,0.94,pin,kplus_app,0
TX_004006,ACC_0959,ACC_0652,816.9,2026-08-03 18:06:00,1,0,52,0.99,face_scan,kplus_app,0
TX_004684,ACC_0345,ACC_1126,90.59,2026-08-03 18:07:00,0,0,39,1.11,pin,kplus_app,0
TX_000467,ACC_1139,ACC_1159,448.87,2026-08-03 18:09:00,0,0,47,0.98,pin,kplus_app,0
TX_004986,ACC_0199,ACC_0588,144.85,2026-08-03 18:15:00,0,0,55,0.35,pin,kplus_app,0
TX_002901,ACC_0739,ACC_0232,766.35,2026-08-03 18:42:00,0,0,49,0.2,pin,kplus_app,0
TX_002816,ACC_0180,ACC_0793,2990.13,2026-08-03 18:43:00,1,0,50,1.41,pin,kplus_app,0
TX_004435,ACC_0060,ACC_0872,366.46,2026-08-03 18:49:00,0,0,39,0.77,pin,kplus_app,0
TX_005515,ACC_0746,ACC_0428,1327.71,2026-08-03 18:50:00,0,0,56,1.41,pin,kplus_app,0
TX_003586,ACC_0582,ACC_0378,578.68,2026-08-03 19:11:00,0,0,38,0.64,pin,kplus_app,0
TX_002134,ACC_0637,ACC_0191,260.83,2026-08-03 19:17:00,1,0,44,0.13,pin,kplus_app,0
TX_002434,ACC_0776,ACC_0305,47.58,2026-08-03 19:26:00,0,0,41,1.07,pin,kplus_app,0
TX_004057,ACC_0907,ACC_0359,55.77,2026-08-03 19:31:00,0,0,67,1.4,pin,kplus_app,0
TX_005407,ACC_0125,ACC_0724,307.41,2026-08-03 19:37:00,1,0,35,1.29,pin,kplus_app,0
TX_004122,ACC_0644,ACC_0948,67.21,2026-08-03 19:39:00,0,0,37,1.43,pin,kplus_app,0
TX_002951,ACC_0928,ACC_0302,152.71,2026-08-03 19:43:00,0,0,32,0.92,pin,kplus_app,0
TX_005869,ACC_0087,ACC_0885,962.54,2026-08-03 19:49:00,1,0,32,0.17,pin,kplus_app,0
TX_004719,ACC_0591,ACC_1077,910.86,2026-08-03 20:24:00,0,0,19,1.07,face_scan,kplus_app,0
TX_003039,ACC_0640,ACC_0377,216.24,2026-08-03 20:26:00,0,0,41,1.29,pin,kplus_app,0
TX_003450,ACC_0281,ACC_0423,309.49,2026-08-03 20:31:00,1,0,18,0.22,pin,kplus_app,0
TX_003438,ACC_0650,ACC_1126,2730.31,2026-08-03 20:40:00,0,0,47,0.97,pin,kplus_app,0
TX_001517,ACC_0618,ACC_0573,259.87,2026-08-03 20:40:00,1,0,36,1.29,pin,kplus_app,0
TX_003191,ACC_0644,ACC_1096,223.69,2026-08-03 20:40:00,0,0,38,0.86,face_scan,kplus_app,0
TX_002185,ACC_0477,ACC_0409,414.77,2026-08-03 20:50:00,0,0,31,0.61,pin,kplus_app,0
TX_002802,ACC_0769,ACC_0227,716.71,2026-08-03 21:01:00,0,0,59,1.43,pin,kplus_app,0
TX_004188,ACC_0219,ACC_0537,560.63,2026-08-03 21:16:00,0,0,46,0.77,pin,kplus_app,0
TX_000942,ACC_0761,ACC_0272,83.71,2026-08-03 21:21:00,1,0,42,0.16,face_scan,kplus_app,0
TX_003220,ACC_0270,ACC_0548,1380.89,2026-08-03 21:23:00,0,1,8,0.17,pin,kplus_app,0
TX_002886,ACC_0709,ACC_1156,58.34,2026-08-03 21:35:00,1,0,41,0.55,pin,kplus_app,0
TX_003025,ACC_0437,ACC_1023,828.19,2026-08-03 21:38:00,1,0,38,0.72,pin,kplus_app,0
TX_002718,ACC_0473,ACC_0189,424.73,2026-08-03 21:38:00,0,0,33,0.82,pin,kplus_app,0
TX_001122,ACC_0096,ACC_0208,111.67,2026-08-03 21:39:00,1,0,38,1.22,pin,kplus_app,0
TX_003482,ACC_0878,ACC_1019,627.6,2026-08-03 21:41:00,0,0,48,0.84,pin,kplus_app,0
TX_000116,ACC_1157,ACC_1007,399.2,2026-08-03 21:44:00,0,0,48,0.94,pin,kplus_app,0
TX_000077,ACC_0769,ACC_1039,1367.22,2026-08-03 22:01:00,0,0,53,0.73,pin,kplus_app,0
TX_004242,ACC_0085,ACC_0734,819.12,2026-08-03 22:11:00,0,0,49,0.71,pin,kplus_app,0
TX_002690,ACC_0574,ACC_0385,90.16,2026-08-03 22:15:00,1,0,54,0.24,pin,kplus_app,0
TX_004274,ACC_0817,ACC_0578,166.15,2026-08-03 22:35:00,0,0,57,0.53,pin,kplus_app,0
TX_003168,ACC_0769,ACC_1199,611.73,2026-08-03 22:36:00,1,0,57,1.49,pin,kplus_app,0
TX_002806,ACC_0602,ACC_1178,743.01,2026-08-03 22:40:00,0,0,57,0.28,pin,kplus_app,0
TX_002882,ACC_0274,ACC_0417,127.32,2026-08-03 22:43:00,0,0,58,0.35,pin,kplus_app,0
TX_002494,ACC_0325,ACC_0913,543.33,2026-08-03 22:44:00,1,0,45,0.54,pin,kplus_app,0
TX_004499,ACC_0518,ACC_0857,162.72,2026-08-03 22:46:00,0,0,42,0.28,pin,kplus_app,0
TX_004538,ACC_0145,ACC_0415,410.0,2026-08-03 22:46:00,0,0,51,1.06,pin,kplus_app,0
TX_001274,ACC_0629,ACC_0144,443.35,2026-08-03 22:48:00,0,0,44,1.2,face_scan,kplus_app,0
TX_002421,ACC_1101,ACC_0307,462.32,2026-08-03 22:48:00,1,0,64,0.77,pin,kplus_app,0
TX_004901,ACC_0127,ACC_1082,839.96,2026-08-03 22:51:00,0,0,47,0.34,face_scan,kplus_app,0
TX_004645,ACC_0354,ACC_0228,926.36,2026-08-03 22:53:00,1,0,61,0.91,pin,kplus_app,0
TX_002526,ACC_1082,ACC_0063,559.93,2026-08-03 22:54:00,0,0,33,0.36,pin,kplus_app,0
TX_003952,ACC_0927,ACC_0276,180.9,2026-08-03 23:00:00,0,0,46,0.46,face_scan,kplus_app,0
TX_001675,ACC_0673,ACC_0409,629.94,2026-08-03 23:17:00,0,0,52,0.32,pin,kplus_app,0
TX_002037,ACC_0764,ACC_0246,1139.74,2026-08-03 23:43:00,1,0,42,0.45,pin,kplus_app,0
TX_004595,ACC_0913,ACC_1018,284.02,2026-08-03 23:45:00,0,0,32,1.15,pin,kplus_app,0
TX_004144,ACC_0343,ACC_1092,147.25,2026-08-03 23:50:00,1,1,44,1.41,pin,kplus_app,0
TX_002145,ACC_0777,ACC_0573,165.73,2026-08-03 23:55:00,1,0,45,0.67,pin,kplus_app,0
TX_004897,ACC_0355,ACC_0148,46.31,2026-08-04 00:03:00,0,0,56,0.62,pin,kplus_app,0
TX_001152,ACC_0533,ACC_0654,173.27,2026-08-04 00:19:00,0,0,57,0.42,pin,kplus_app,0
TX_002247,ACC_0806,ACC_0540,687.38,2026-08-04 00:28:00,1,0,50,0.56,pin,kplus_app,0
TX_001539,ACC_1149,ACC_1061,65.85,2026-08-04 00:29:00,1,0,63,0.11,pin,kplus_app,0
TX_001310,ACC_1071,ACC_0698,2577.75,2026-08-04 00:58:00,0,0,37,0.18,pin,kplus_app,0
TX_002224,ACC_0717,ACC_0492,561.11,2026-08-04 01:07:00,0,0,56,0.75,pin,kplus_app,0
TX_002594,ACC_0536,ACC_0328,2092.68,2026-08-04 01:08:00,1,0,31,0.55,face_scan,kplus_app,0
TX_003661,ACC_0548,ACC_0237,537.86,2026-08-04 01:25:00,0,0,59,0.94,pin,kplus_app,0
TX_002734,ACC_0504,ACC_0782,111.36,2026-08-04 01:32:00,1,0,60,0.24,pin,kplus_app,0
TX_004061,ACC_0674,ACC_0170,233.94,2026-08-04 01:51:00,0,0,43,1.14,pin,kplus_app,0
TX_000878,ACC_0315,ACC_0780,243.67,2026-08-04 02:02:00,0,0,46,1.3,face_scan,kplus_app,0
TX_005094,ACC_0132,ACC_0558,449.57,2026-08-04 02:04:00,0,0,44,1.5,pin,kplus_app,0
TX_005320,ACC_1061,ACC_0804,1092.16,2026-08-04 02:09:00,1,0,50,1.45,pin,kplus_app,0
TX_003682,ACC_0516,ACC_0367,298.96,2026-08-04 02:11:00,0,0,66,0.11,pin,kplus_app,0
TX_003526,ACC_0709,ACC_0938,349.86,2026-08-04 02:12:00,1,0,48,0.77,pin,kplus_app,0
TX_000373,ACC_0716,ACC_0681,655.27,2026-08-04 02:19:00,0,0,57,0.94,face_scan,kplus_app,0
TX_002715,ACC_0836,ACC_0302,830.55,2026-08-04 02:19:00,1,0,58,1.45,pin,kplus_app,0
TX_004787,ACC_0194,ACC_0466,1715.18,2026-08-04 02:38:00,1,0,18,0.58,pin,kplus_app,0
TX_005217,ACC_0853,ACC_0164,1073.7,2026-08-04 02:48:00,0,0,41,1.13,pin,kplus_app,0
TX_003838,ACC_0631,ACC_0930,375.2,2026-08-04 02:55:00,1,0,46,0.27,pin,kplus_app,0
TX_003113,ACC_0894,ACC_0342,1506.23,2026-08-04 03:12:00,0,0,67,0.47,pin,kplus_app,0
TX_005354,ACC_0301,ACC_0260,433.04,2026-08-04 03:18:00,1,0,38,0.76,pin,kplus_app,0
TX_002497,ACC_1044,ACC_0660,1045.09,2026-08-04 03:39:00,0,0,47,0.67,pin,kplus_app,0
TX_005810,ACC_0857,ACC_0431,1265.77,2026-08-04 03:43:00,0,0,45,1.35,pin,kplus_app,0
TX_002396,ACC_1105,ACC_1035,461.49,2026-08-04 03:47:00,0,0,38,0.41,pin,kplus_app,0
TX_005994,ACC_0382,ACC_0909,3966.21,2026-08-04 04:02:00,0,0,57,0.34,pin,kplus_app,0
TX_003206,ACC_0564,ACC_0133,68.01,2026-08-04 04:12:00,0,1,60,1.08,pin,kplus_app,0
TX_004572,ACC_0565,ACC_1185,56.41,2026-08-04 04:17:00,1,0,43,1.39,pin,kplus_app,0
TX_004416,ACC_0210,ACC_1011,865.24,2026-08-04 04:30:00,1,0,39,0.1,pin,kplus_app,0
TX_000367,ACC_0856,ACC_0994,159.94,2026-08-04 04:37:00,1,0,31,1.2,pin,kplus_app,0
TX_001259,ACC_0725,ACC_0088,586.71,2026-08-04 04:48:00,0,0,41,0.79,pin,kplus_app,0
TX_002135,ACC_0377,ACC_0835,275.29,2026-08-04 04:57:00,1,0,52,0.73,pin,kplus_app,0
TX_004330,ACC_0561,ACC_0339,129.14,2026-08-04 05:08:00,0,0,44,0.5,pin,kplus_app,0
TX_003898,ACC_1166,ACC_0091,179.99,2026-08-04 05:11:00,0,0,48,0.18,pin,kplus_app,0
TX_000964,ACC_0530,ACC_0163,92.52,2026-08-04 05:14:00,0,0,52,1.02,face_scan,kplus_app,0
TX_004264,ACC_1017,ACC_0276,50.55,2026-08-04 05:35:00,0,0,12,0.78,pin,kplus_app,0
TX_002493,ACC_0884,ACC_1039,61.79,2026-08-04 05:44:00,0,0,56,0.48,pin,kplus_app,0
TX_000924,ACC_0327,ACC_0174,135.72,2026-08-04 05:59:00,0,0,51,1.32,pin,kplus_app,0
TX_004540,ACC_0966,ACC_0463,566.1,2026-08-04 05:59:00,1,0,41,0.83,pin,kplus_app,0
TX_003000,ACC_0772,ACC_0488,145.66,2026-08-04 06:14:00,1,0,37,0.36,pin,kplus_app,0
TX_001528,ACC_0580,ACC_0827,755.72,2026-08-04 06:25:00,0,0,45,1.27,face_scan,kplus_app,0
TX_000692,ACC_0736,ACC_0346,50.7,2026-08-04 06:53:00,0,0,35,1.28,pin,kplus_app,0
TX_001228,ACC_1037,ACC_0843,1086.81,2026-08-04 07:08:00,1,0,57,0.53,pin,kplus_app,0
TX_005381,ACC_0678,ACC_0884,541.71,2026-08-04 07:11:00,1,0,52,0.14,pin,kplus_app,0
TX_002229,ACC_1063,ACC_0931,1722.2,2026-08-04 07:16:00,0,0,63,0.5,pin,kplus_app,0
TX_001572,ACC_0114,ACC_0433,197.38,2026-08-04 07:33:00,0,0,47,0.68,face_scan,kplus_app,0
TX_000065,ACC_0309,ACC_0099,338.04,2026-08-04 07:42:00,1,0,30,0.31,pin,kplus_app,0
TX_004664,ACC_0861,ACC_0244,181.71,2026-08-04 07:49:00,0,0,47,0.34,face_scan,kplus_app,0
TX_000896,ACC_0739,ACC_0987,364.66,2026-08-04 07:51:00,0,1,48,0.8,pin,kplus_app,0
TX_002472,ACC_0224,ACC_0623,614.62,2026-08-04 08:20:00,1,0,33,0.9,pin,kplus_app,0
TX_005492,ACC_0627,ACC_0084,100.28,2026-08-04 08:27:00,0,0,52,0.37,pin,kplus_app,0
TX_000007,ACC_0755,ACC_0995,1550.62,2026-08-04 08:41:00,1,0,42,0.48,pin,kplus_app,0
TX_000310,ACC_0084,ACC_0968,1099.9,2026-08-04 08:54:00,0,0,73,0.36,none,kplus_app,0
TX_003334,ACC_0199,ACC_0889,1348.83,2026-08-04 09:05:00,0,0,55,0.45,face_scan,kplus_app,0
TX_002120,ACC_1031,ACC_0800,327.38,2026-08-04 09:06:00,0,0,41,0.11,pin,kplus_app,0
TX_001749,ACC_0166,ACC_0096,232.0,2026-08-04 09:10:00,0,1,47,0.48,pin,kplus_app,0
TX_004868,ACC_0456,ACC_0310,770.7,2026-08-04 09:11:00,0,0,40,1.04,face_scan,kplus_app,0
TX_004114,ACC_0356,ACC_0510,130.58,2026-08-04 09:17:00,0,0,55,0.9,face_scan,kplus_app,0
TX_002632,ACC_0129,ACC_0270,163.54,2026-08-04 09:32:00,0,0,54,0.13,pin,kplus_app,0
TX_006395,ACC_0039,ACC_0016,22874.03,2026-08-04 09:32:26,1,1,13,6.71,pin,promptpay,1
TX_002048,ACC_1114,ACC_0920,766.51,2026-08-04 09:35:00,1,0,44,0.73,face_scan,kplus_app,0
TX_003520,ACC_0406,ACC_0261,442.29,2026-08-04 09:37:00,0,0,41,0.93,pin,kplus_app,0
TX_004472,ACC_0102,ACC_0866,783.81,2026-08-04 09:39:00,1,0,43,1.29,pin,kplus_app,0
TX_000989,ACC_1039,ACC_0062,108.55,2026-08-04 09:43:00,1,0,48,1.11,pin,kplus_app,0
TX_001514,ACC_0703,ACC_0450,297.04,2026-08-04 09:48:00,0,0,54,0.77,pin,kplus_app,0
TX_001244,ACC_0662,ACC_0237,58.38,2026-08-04 09:57:00,1,0,54,0.95,pin,kplus_app,0
TX_000055,ACC_0898,ACC_0797,188.3,2026-08-04 09:58:00,0,0,25,0.15,pin,kplus_app,0
TX_001251,ACC_0817,ACC_0608,2311.85,2026-08-04 10:03:00,1,0,30,1.19,pin,kplus_app,0
TX_003646,ACC_0595,ACC_0201,946.84,2026-08-04 10:07:00,0,0,44,0.57,pin,kplus_app,0
TX_003471,ACC_0554,ACC_0938,543.76,2026-08-04 10:07:00,0,0,60,0.79,pin,kplus_app,0
TX_002988,ACC_0263,ACC_0826,1177.59,2026-08-04 10:16:00,0,0,53,0.65,pin,kplus_app,0
TX_003068,ACC_0565,ACC_0508,808.85,2026-08-04 10:19:00,0,0,31,1.28,pin,kplus_app,0
TX_002420,ACC_0174,ACC_1183,1433.58,2026-08-04 10:25:00,0,0,40,0.97,pin,kplus_app,0
TX_005375,ACC_0678,ACC_0356,96.83,2026-08-04 10:32:00,0,0,39,0.18,pin,kplus_app,0
TX_002623,ACC_0709,ACC_0534,3050.5,2026-08-04 10:34:00,1,0,64,0.68,pin,kplus_app,0
TX_004327,ACC_0884,ACC_0289,202.23,2026-08-04 10:36:00,0,0,36,0.42,pin,kplus_app,0
TX_002797,ACC_0711,ACC_1092,386.22,2026-08-04 10:45:00,1,0,51,0.26,pin,kplus_app,0
TX_004637,ACC_1043,ACC_0451,1406.02,2026-08-04 10:49:00,0,0,39,1.07,pin,kplus_app,0
TX_000084,ACC_0602,ACC_1196,633.88,2026-08-04 10:50:00,1,0,41,1.43,face_scan,kplus_app,0
TX_002753,ACC_0358,ACC_0333,881.28,2026-08-04 11:07:00,0,0,58,1.45,pin,kplus_app,0
TX_003974,ACC_0198,ACC_1105,266.28,2026-08-04 11:13:00,1,0,42,1.13,pin,kplus_app,0
TX_003625,ACC_0088,ACC_0222,137.45,2026-08-04 11:24:00,0,0,26,0.17,pin,kplus_app,0
TX_005763,ACC_0164,ACC_0668,812.82,2026-08-04 11:40:00,0,0,30,1.03,pin,kplus_app,0
TX_004774,ACC_0806,ACC_0356,969.4,2026-08-04 11:44:00,1,0,41,0.34,pin,kplus_app,0
TX_001943,ACC_0547,ACC_1183,516.49,2026-08-04 11:49:00,1,0,50,1.49,pin,kplus_app,0
TX_001853,ACC_0133,ACC_0224,1021.53,2026-08-04 11:49:00,1,0,26,1.47,pin,kplus_app,0
TX_002768,ACC_0154,ACC_0462,62.59,2026-08-04 11:53:00,1,0,59,0.79,pin,kplus_app,0
TX_005879,ACC_0940,ACC_1074,56.13,2026-08-04 11:53:00,0,0,64,0.65,pin,kplus_app,0
TX_001099,ACC_0427,ACC_0917,846.44,2026-08-04 12:07:00,1,0,33,0.17,pin,kplus_app,0
TX_005636,ACC_0728,ACC_0113,1225.54,2026-08-04 12:22:00,0,0,35,0.61,face_scan,kplus_app,0
TX_003702,ACC_0685,ACC_0578,525.78,2026-08-04 12:26:00,0,0,26,0.55,none,kplus_app,0
TX_005587,ACC_0966,ACC_1073,902.73,2026-08-04 12:49:00,0,0,43,1.26,pin,kplus_app,0
TX_003924,ACC_0466,ACC_0665,460.88,2026-08-04 12:57:00,0,1,33,1.22,face_scan,kplus_app,0
TX_000313,ACC_0597,ACC_0770,1132.68,2026-08-04 13:03:00,1,0,62,1.33,pin,kplus_app,0
TX_005881,ACC_0817,ACC_0274,165.96,2026-08-04 13:14:00,1,0,49,1.1,pin,kplus_app,0
TX_001299,ACC_0106,ACC_1157,1253.11,2026-08-04 13:19:00,0,0,52,1.11,pin,kplus_app,0
TX_005924,ACC_1065,ACC_0243,328.46,2026-08-04 13:56:00,0,0,59,0.89,pin,kplus_app,0
TX_005004,ACC_0697,ACC_0714,2959.68,2026-08-04 14:11:00,0,0,54,0.83,pin,kplus_app,0
TX_000459,ACC_0203,ACC_0090,711.62,2026-08-04 14:15:00,0,0,52,1.35,face_scan,kplus_app,0
TX_004464,ACC_0311,ACC_0337,421.66,2026-08-04 14:17:00,1,0,53,1.15,pin,kplus_app,0
TX_001735,ACC_1095,ACC_0858,532.73,2026-08-04 14:24:00,0,0,37,0.26,pin,kplus_app,0
TX_001169,ACC_0823,ACC_0167,1336.76,2026-08-04 14:30:00,0,0,47,0.19,pin,kplus_app,0
TX_000349,ACC_0521,ACC_0060,294.7,2026-08-04 14:50:00,0,0,46,0.41,pin,kplus_app,0
TX_002513,ACC_0421,ACC_1150,720.69,2026-08-04 15:05:00,0,0,50,0.75,pin,kplus_app,0
TX_002380,ACC_0551,ACC_0394,264.61,2026-08-04 15:18:00,0,0,58,0.73,pin,kplus_app,0
TX_000949,ACC_0227,ACC_0612,760.49,2026-08-04 15:23:00,0,0,71,0.53,pin,kplus_app,0
TX_004849,ACC_1103,ACC_1092,800.85,2026-08-04 15:25:00,0,0,45,0.22,pin,kplus_app,0
TX_005311,ACC_1054,ACC_1038,54.24,2026-08-04 15:30:00,0,0,47,0.31,pin,kplus_app,0
TX_006074,ACC_1106,ACC_0012,334.86,2026-08-04 15:33:00,1,0,26,0.3,pin,kplus_app,1
TX_001123,ACC_0886,ACC_0787,313.35,2026-08-04 15:38:00,0,0,46,0.59,pin,kplus_app,0
TX_002760,ACC_0754,ACC_0312,318.95,2026-08-04 15:44:00,0,0,54,1.15,pin,kplus_app,0
TX_006075,ACC_1106,ACC_0012,58889.95,2026-08-04 15:47:00,0,0,12,16.49,pin,kplus_app,1
TX_002374,ACC_0985,ACC_0386,275.83,2026-08-04 15:53:00,0,0,54,1.48,pin,kplus_app,0
TX_002299,ACC_0147,ACC_0463,755.12,2026-08-04 16:10:00,0,0,51,0.39,pin,kplus_app,0
TX_003260,ACC_0539,ACC_0668,559.89,2026-08-04 16:15:00,1,0,49,0.43,pin,kplus_app,0
TX_002523,ACC_0936,ACC_0154,185.3,2026-08-04 16:23:00,1,0,33,0.72,pin,kplus_app,0
TX_001478,ACC_0155,ACC_0685,620.85,2026-08-04 16:27:00,0,0,55,1.38,pin,kplus_app,0
TX_000240,ACC_0199,ACC_0739,1237.51,2026-08-04 16:27:00,1,0,65,1.36,pin,kplus_app,0
TX_004906,ACC_0743,ACC_0760,909.07,2026-08-04 16:45:00,1,0,57,0.41,pin,kplus_app,0
TX_003619,ACC_0140,ACC_0575,439.96,2026-08-04 16:47:00,1,0,52,0.58,pin,kplus_app,0
TX_003809,ACC_1107,ACC_0278,3414.76,2026-08-04 16:47:00,0,0,20,0.2,pin,kplus_app,0
TX_005502,ACC_0766,ACC_0383,2808.28,2026-08-04 16:53:00,0,0,48,1.16,pin,kplus_app,0
TX_002160,ACC_1100,ACC_0721,1022.99,2026-08-04 16:55:00,1,0,56,0.42,face_scan,kplus_app,0
TX_000675,ACC_0599,ACC_0688,523.12,2026-08-04 17:07:00,0,0,47,0.77,pin,kplus_app,0
TX_004812,ACC_0568,ACC_0864,128.49,2026-08-04 17:08:00,0,0,62,1.22,pin,kplus_app,0
TX_001609,ACC_0314,ACC_0819,62.19,2026-08-04 17:11:00,0,0,35,1.02,pin,kplus_app,0
TX_002044,ACC_0170,ACC_0968,97.9,2026-08-04 17:11:00,0,0,43,0.91,pin,kplus_app,0
TX_002031,ACC_0337,ACC_0184,296.65,2026-08-04 17:33:00,1,0,47,0.54,pin,kplus_app,0
TX_000526,ACC_0121,ACC_0231,371.55,2026-08-04 17:43:00,0,0,51,0.5,face_scan,kplus_app,0
TX_002143,ACC_1057,ACC_0238,2385.7,2026-08-04 17:53:00,1,0,56,1.01,pin,kplus_app,0
TX_000172,ACC_0709,ACC_1051,543.46,2026-08-04 17:55:00,0,0,43,0.78,pin,kplus_app,0
TX_005888,ACC_0504,ACC_0417,562.97,2026-08-04 17:57:00,0,1,16,0.16,pin,kplus_app,0
TX_001765,ACC_1089,ACC_0445,1147.63,2026-08-04 18:14:00,0,0,48,0.19,pin,kplus_app,0
TX_003788,ACC_0522,ACC_1039,202.34,2026-08-04 18:27:00,1,0,34,1.03,pin,kplus_app,0
TX_001959,ACC_0234,ACC_0866,1322.8,2026-08-04 18:41:00,0,0,45,0.64,pin,kplus_app,0
TX_000516,ACC_0578,ACC_1114,157.06,2026-08-04 18:58:00,1,0,49,1.24,face_scan,kplus_app,0
TX_003631,ACC_0111,ACC_1088,1121.42,2026-08-04 18:59:00,0,0,37,0.19,pin,kplus_app,0
TX_000795,ACC_0210,ACC_0852,1784.88,2026-08-04 19:11:00,0,0,45,1.07,pin,kplus_app,0
TX_003157,ACC_0194,ACC_0415,1943.55,2026-08-04 19:12:00,1,0,46,0.13,pin,kplus_app,0
TX_003610,ACC_0261,ACC_0391,837.06,2026-08-04 19:13:00,1,0,46,0.12,pin,kplus_app,0
TX_002413,ACC_0792,ACC_0474,122.4,2026-08-04 19:14:00,0,0,59,0.75,pin,kplus_app,0
TX_002083,ACC_1123,ACC_0898,475.91,2026-08-04 19:24:00,0,0,44,1.45,face_scan,kplus_app,0
TX_002936,ACC_0520,ACC_0217,66.36,2026-08-04 19:29:00,0,0,16,0.17,pin,kplus_app,0
TX_000122,ACC_0909,ACC_0773,626.06,2026-08-04 19:42:00,0,0,73,0.38,pin,kplus_app,0
TX_002042,ACC_0920,ACC_0645,50.91,2026-08-04 19:52:00,0,0,51,0.93,face_scan,kplus_app,0
TX_006184,ACC_0520,ACC_0013,233.0,2026-08-04 19:57:00,1,0,26,0.3,pin,kplus_app,1
TX_001578,ACC_0161,ACC_0974,102.64,2026-08-04 20:06:00,1,0,30,0.52,pin,kplus_app,0
TX_006185,ACC_0520,ACC_0013,31964.82,2026-08-04 20:08:00,0,0,350,17.78,pin,kplus_app,1
TX_003938,ACC_0355,ACC_1109,1789.67,2026-08-04 20:17:00,0,0,42,1.34,pin,kplus_app,0
TX_004828,ACC_0938,ACC_0624,1540.5,2026-08-04 20:19:00,1,0,39,1.22,pin,kplus_app,0
TX_002007,ACC_0551,ACC_0227,239.1,2026-08-04 20:20:00,1,0,57,0.54,pin,kplus_app,0
TX_003094,ACC_0185,ACC_0528,520.74,2026-08-04 20:36:00,0,0,24,1.0,pin,kplus_app,0
TX_000286,ACC_1098,ACC_0940,848.92,2026-08-04 21:04:00,0,0,45,1.41,pin,kplus_app,0
TX_005782,ACC_0711,ACC_1016,811.3,2026-08-04 21:09:00,0,0,61,0.78,pin,kplus_app,0
TX_004943,ACC_0497,ACC_0442,480.01,2026-08-04 21:11:00,1,0,58,1.29,pin,kplus_app,0
TX_006381,ACC_0052,ACC_0042,20218.25,2026-08-04 21:18:29,1,1,10,5.59,pin,promptpay,1
TX_000146,ACC_1083,ACC_0642,917.49,2026-08-04 21:23:00,0,0,41,0.61,pin,kplus_app,0
TX_004920,ACC_0697,ACC_0537,1137.63,2026-08-04 21:23:00,0,0,24,0.61,pin,kplus_app,0
TX_006104,ACC_0866,ACC_0014,244.62,2026-08-04 21:28:00,1,0,26,0.3,pin,kplus_app,1
TX_006105,ACC_0866,ACC_0014,53192.95,2026-08-04 21:42:00,0,0,12,18.64,pin,kplus_app,1
TX_001314,ACC_0164,ACC_1040,520.88,2026-08-04 21:51:00,0,0,41,0.95,pin,kplus_app,0
TX_000528,ACC_1071,ACC_0898,427.55,2026-08-04 22:07:00,0,0,24,1.38,pin,kplus_app,0
TX_000718,ACC_0894,ACC_0767,674.46,2026-08-04 22:11:00,0,0,47,0.81,pin,kplus_app,0
TX_006337,ACC_0020,ACC_0028,57740.8,2026-08-04 22:16:24,1,1,16,13.28,pin,promptpay,1
TX_005894,ACC_0553,ACC_0184,744.99,2026-08-04 22:17:00,0,0,32,0.77,pin,kplus_app,0
TX_000838,ACC_0225,ACC_0492,1977.55,2026-08-04 22:22:00,1,0,32,0.71,pin,kplus_app,0
TX_003561,ACC_0458,ACC_1000,635.37,2026-08-04 22:48:00,0,0,48,0.55,pin,kplus_app,0
TX_002971,ACC_0858,ACC_0256,957.82,2026-08-04 22:51:00,0,0,38,0.67,pin,kplus_app,0
TX_006118,ACC_1196,ACC_0049,104.36,2026-08-04 23:03:00,1,0,57,0.3,pin,kplus_app,1
TX_000423,ACC_1190,ACC_0646,890.82,2026-08-04 23:05:00,0,0,42,0.52,pin,kplus_app,0
TX_006119,ACC_1196,ACC_0049,20726.95,2026-08-04 23:16:00,0,0,12,18.53,pin,kplus_app,1
TX_003491,ACC_0168,ACC_0393,1130.83,2026-08-04 23:18:00,0,0,25,1.04,pin,kplus_app,0
TX_002979,ACC_0254,ACC_0612,188.28,2026-08-04 23:21:00,0,0,43,0.54,pin,kplus_app,0
TX_001899,ACC_0239,ACC_0595,988.88,2026-08-04 23:25:00,0,0,38,0.95,pin,kplus_app,0
TX_003787,ACC_0489,ACC_0723,267.6,2026-08-04 23:49:00,0,0,50,1.42,pin,kplus_app,0
TX_005608,ACC_0926,ACC_0393,529.9,2026-08-04 23:55:00,1,0,70,1.2,pin,kplus_app,0
TX_002906,ACC_0265,ACC_0907,1516.78,2026-08-05 00:04:00,0,0,52,0.38,pin,kplus_app,0
TX_001744,ACC_0083,ACC_0694,346.43,2026-08-05 00:09:00,0,0,63,0.98,pin,kplus_app,0
TX_002827,ACC_0445,ACC_0210,162.38,2026-08-05 00:14:00,1,0,15,1.23,pin,kplus_app,0
TX_002123,ACC_0594,ACC_1037,123.17,2026-08-05 00:16:00,0,0,43,0.99,pin,kplus_app,0
TX_003385,ACC_0507,ACC_0116,249.13,2026-08-05 00:19:00,1,0,34,0.25,pin,kplus_app,0
TX_002343,ACC_0062,ACC_0795,782.17,2026-08-05 00:19:00,1,0,14,0.2,pin,kplus_app,0
TX_000991,ACC_1159,ACC_0234,843.26,2026-08-05 00:20:00,1,0,40,0.36,pin,kplus_app,0
TX_002440,ACC_0428,ACC_0196,442.4,2026-08-05 00:23:00,0,0,41,0.85,pin,kplus_app,0
TX_005570,ACC_0742,ACC_0563,1245.44,2026-08-05 00:24:00,0,0,70,1.16,pin,kplus_app,0
TX_006264,ACC_0487,ACC_0033,328.79,2026-08-05 00:29:00,1,0,38,0.3,pin,kplus_app,1
TX_003374,ACC_0186,ACC_0428,225.28,2026-08-05 00:32:00,0,0,49,0.4,pin,kplus_app,0
TX_002313,ACC_1022,ACC_1196,533.76,2026-08-05 00:35:00,1,0,36,1.45,pin,kplus_app,0
TX_001910,ACC_0305,ACC_0837,2240.94,2026-08-05 00:36:00,0,0,61,0.31,pin,kplus_app,0
TX_006265,ACC_0487,ACC_0033,43126.14,2026-08-05 00:38:00,0,0,350,23.14,pin,kplus_app,1
TX_006367,ACC_0013,ACC_0016,29108.57,2026-08-05 00:50:25,1,1,14,9.13,pin,promptpay,1
TX_002661,ACC_0268,ACC_0961,588.68,2026-08-05 00:55:00,0,0,57,1.39,pin,kplus_app,0
TX_005168,ACC_1132,ACC_0206,468.55,2026-08-05 01:06:00,0,0,56,0.51,pin,kplus_app,0
TX_000481,ACC_1148,ACC_0506,64.2,2026-08-05 01:27:00,1,0,37,0.48,pin,kplus_app,0
TX_004658,ACC_0591,ACC_0884,4225.73,2026-08-05 01:29:00,0,0,40,0.76,pin,kplus_app,0
TX_004960,ACC_0240,ACC_1055,546.4,2026-08-05 01:31:00,0,0,35,0.42,pin,kplus_app,0
TX_005788,ACC_0697,ACC_0399,2715.06,2026-08-05 01:33:00,0,0,42,0.8,pin,kplus_app,0
TX_003880,ACC_0342,ACC_0154,675.25,2026-08-05 01:47:00,0,0,66,1.2,pin,kplus_app,0
TX_002466,ACC_0756,ACC_0394,150.86,2026-08-05 02:37:00,0,0,43,0.11,pin,kplus_app,0
TX_001740,ACC_0630,ACC_0588,473.39,2026-08-05 02:41:00,0,0,72,0.27,pin,kplus_app,0
TX_001059,ACC_0373,ACC_0649,538.87,2026-08-05 02:41:00,0,0,37,0.12,pin,kplus_app,0
TX_000176,ACC_0291,ACC_0146,392.36,2026-08-05 02:44:00,0,0,25,1.34,pin,kplus_app,0
TX_000406,ACC_0148,ACC_0463,274.02,2026-08-05 02:45:00,0,0,52,0.71,pin,kplus_app,0
TX_001053,ACC_0827,ACC_0066,1099.8,2026-08-05 02:50:00,0,0,48,1.41,pin,kplus_app,0
TX_001798,ACC_1039,ACC_0692,91.1,2026-08-05 02:52:00,1,0,56,0.22,pin,kplus_app,0
TX_005359,ACC_0199,ACC_0974,791.11,2026-08-05 02:53:00,0,0,35,1.11,pin,kplus_app,0
TX_003603,ACC_0225,ACC_0779,1271.03,2026-08-05 02:58:00,1,0,46,0.99,face_scan,kplus_app,0
TX_005369,ACC_0744,ACC_0298,710.53,2026-08-05 03:13:00,1,0,58,0.13,pin,kplus_app,0
TX_002953,ACC_0657,ACC_1115,963.11,2026-08-05 03:16:00,0,0,72,1.48,pin,kplus_app,0
TX_001894,ACC_0746,ACC_0212,403.97,2026-08-05 03:21:00,0,0,64,0.2,pin,kplus_app,0
TX_001269,ACC_0589,ACC_1173,322.4,2026-08-05 03:28:00,0,0,32,1.22,pin,kplus_app,0
TX_003256,ACC_0828,ACC_0972,2777.79,2026-08-05 03:29:00,0,1,29,0.41,pin,kplus_app,0
TX_003189,ACC_0955,ACC_0642,905.11,2026-08-05 03:41:00,1,1,24,0.63,pin,kplus_app,0
TX_002454,ACC_0384,ACC_1191,1013.27,2026-08-05 03:48:00,0,0,51,0.96,pin,kplus_app,0
TX_002114,ACC_0331,ACC_0715,1358.01,2026-08-05 03:50:00,0,0,55,1.23,pin,kplus_app,0
TX_003038,ACC_0417,ACC_0708,458.62,2026-08-05 04:09:00,0,0,53,1.17,face_scan,kplus_app,0
TX_001751,ACC_0730,ACC_0080,758.83,2026-08-05 04:18:00,0,0,29,1.45,pin,kplus_app,0
TX_006172,ACC_0640,ACC_0032,202.34,2026-08-05 04:24:00,1,0,50,0.3,pin,kplus_app,1
TX_004341,ACC_0800,ACC_1082,275.0,2026-08-05 04:31:00,0,0,39,0.67,face_scan,kplus_app,0
TX_006173,ACC_0640,ACC_0032,63916.81,2026-08-05 04:32:00,0,0,12,18.11,pin,kplus_app,1
TX_005235,ACC_0982,ACC_0202,278.87,2026-08-05 04:33:00,1,0,29,0.87,face_scan,kplus_app,0
TX_001008,ACC_0130,ACC_0073,125.94,2026-08-05 04:48:00,0,0,21,0.54,pin,kplus_app,0
TX_002711,ACC_0790,ACC_0489,1307.51,2026-08-05 05:02:00,1,0,40,1.27,pin,kplus_app,0
TX_003593,ACC_0339,ACC_0144,58.53,2026-08-05 05:11:00,0,0,33,1.47,pin,kplus_app,0
TX_001691,ACC_0369,ACC_1038,407.34,2026-08-05 05:17:00,0,0,39,1.2,face_scan,kplus_app,0
TX_005883,ACC_0149,ACC_0522,593.38,2026-08-05 05:37:00,0,0,33,0.54,pin,kplus_app,0
TX_004250,ACC_0101,ACC_1191,726.21,2026-08-05 05:52:00,1,0,46,0.98,pin,kplus_app,0
TX_005233,ACC_0348,ACC_1131,686.51,2026-08-05 05:53:00,1,0,42,1.26,pin,kplus_app,0
TX_000851,ACC_0961,ACC_1058,378.77,2026-08-05 05:54:00,0,0,48,0.48,face_scan,kplus_app,0
TX_002406,ACC_0582,ACC_0558,340.62,2026-08-05 06:09:00,1,0,46,1.3,pin,kplus_app,0
TX_004859,ACC_0175,ACC_0342,408.17,2026-08-05 06:10:00,0,0,61,1.38,pin,kplus_app,0
TX_003640,ACC_0623,ACC_0730,1036.51,2026-08-05 06:18:00,0,0,54,1.29,pin,kplus_app,0
TX_001891,ACC_0540,ACC_0091,941.31,2026-08-05 06:22:00,0,0,62,0.4,pin,kplus_app,0
TX_000576,ACC_0632,ACC_1050,317.55,2026-08-05 06:51:00,1,0,59,1.24,pin,kplus_app,0
TX_003750,ACC_0097,ACC_0923,177.59,2026-08-05 06:58:00,0,0,32,0.25,pin,kplus_app,0
TX_000069,ACC_0775,ACC_0590,751.56,2026-08-05 07:40:00,0,1,51,0.29,pin,kplus_app,0
TX_001057,ACC_0305,ACC_0891,412.95,2026-08-05 07:53:00,0,0,25,0.14,pin,kplus_app,0
TX_004261,ACC_0068,ACC_0118,141.09,2026-08-05 08:10:00,0,0,43,0.95,pin,kplus_app,0
TX_001542,ACC_0776,ACC_0574,1491.29,2026-08-05 08:12:00,0,1,40,1.15,pin,kplus_app,0
TX_000468,ACC_1005,ACC_0118,1076.38,2026-08-05 08:12:00,1,0,38,0.55,pin,kplus_app,0
TX_002170,ACC_0627,ACC_0700,995.28,2026-08-05 08:18:00,0,0,48,1.02,pin,kplus_app,0
TX_004086,ACC_0830,ACC_0445,2134.76,2026-08-05 08:20:00,1,0,55,0.34,face_scan,kplus_app,0
TX_004639,ACC_1058,ACC_0267,197.53,2026-08-05 08:24:00,0,0,34,1.37,pin,kplus_app,0
TX_004001,ACC_0979,ACC_0788,1096.0,2026-08-05 08:25:00,1,0,62,0.32,pin,kplus_app,0
TX_001648,ACC_0528,ACC_0660,474.89,2026-08-05 08:35:00,1,0,21,1.11,pin,kplus_app,0
TX_000668,ACC_0309,ACC_0935,557.17,2026-08-05 08:43:00,1,0,58,1.14,pin,kplus_app,0
TX_003553,ACC_0687,ACC_0833,170.0,2026-08-05 08:44:00,0,1,48,0.2,pin,kplus_app,0
TX_001042,ACC_0417,ACC_0083,1462.76,2026-08-05 08:48:00,0,0,54,1.15,pin,kplus_app,0
TX_001148,ACC_0948,ACC_0249,950.33,2026-08-05 08:56:00,0,0,29,1.17,pin,kplus_app,0
TX_003190,ACC_0161,ACC_0436,485.85,2026-08-05 08:58:00,0,0,37,0.31,face_scan,kplus_app,0
TX_003378,ACC_0205,ACC_1073,738.51,2026-08-05 09:05:00,1,0,44,1.08,pin,kplus_app,0
TX_002187,ACC_0926,ACC_0968,862.97,2026-08-05 09:05:00,0,0,63,1.08,pin,kplus_app,0
TX_001336,ACC_1129,ACC_1063,520.89,2026-08-05 09:06:00,1,0,31,1.17,face_scan,kplus_app,0
TX_000154,ACC_0889,ACC_0390,228.02,2026-08-05 09:08:00,0,0,33,1.16,pin,kplus_app,0
TX_003447,ACC_0818,ACC_0771,1215.66,2026-08-05 09:13:00,0,0,56,0.45,pin,kplus_app,0
TX_002132,ACC_1071,ACC_0322,814.9,2026-08-05 09:24:00,0,0,54,0.99,pin,kplus_app,0
TX_005699,ACC_0765,ACC_1111,174.46,2026-08-05 09:29:00,1,1,41,1.4,pin,kplus_app,0
TX_004804,ACC_0550,ACC_1019,206.76,2026-08-05 09:33:00,0,0,34,0.44,pin,kplus_app,0
TX_001516,ACC_0771,ACC_0480,1006.31,2026-08-05 09:37:00,1,0,7,0.54,pin,kplus_app,0
TX_004030,ACC_0577,ACC_0694,1716.52,2026-08-05 09:38:00,0,0,50,1.29,pin,kplus_app,0
TX_001362,ACC_0435,ACC_0331,2905.27,2026-08-05 09:45:00,1,0,41,0.92,pin,kplus_app,0
TX_004636,ACC_0385,ACC_0822,1066.19,2026-08-05 09:58:00,1,0,43,0.55,face_scan,kplus_app,0
TX_004685,ACC_0780,ACC_0583,2073.71,2026-08-05 10:15:00,0,0,18,1.04,pin,kplus_app,0
TX_003155,ACC_0214,ACC_1008,394.95,2026-08-05 10:16:00,0,0,38,0.25,pin,kplus_app,0
TX_001819,ACC_0483,ACC_0696,3662.72,2026-08-05 10:22:00,0,0,42,1.15,face_scan,kplus_app,0
TX_004731,ACC_0362,ACC_0272,714.22,2026-08-05 10:42:00,1,0,59,0.84,pin,kplus_app,0
TX_004217,ACC_0678,ACC_0852,794.07,2026-08-05 10:44:00,0,0,26,0.23,pin,kplus_app,0
TX_001432,ACC_0772,ACC_0896,381.08,2026-08-05 10:58:00,0,0,49,1.25,pin,kplus_app,0
TX_001986,ACC_0729,ACC_1115,206.29,2026-08-05 11:22:00,1,0,32,1.01,face_scan,kplus_app,0
TX_001555,ACC_0550,ACC_1114,1279.18,2026-08-05 11:43:00,1,0,36,0.29,pin,kplus_app,0
TX_001161,ACC_1177,ACC_1031,2676.32,2026-08-05 11:50:00,0,0,35,0.56,pin,kplus_app,0
TX_006048,ACC_1113,ACC_0005,259.44,2026-08-05 11:58:00,1,0,37,0.3,pin,kplus_app,1
TX_000460,ACC_1073,ACC_0750,63.28,2026-08-05 12:02:00,0,0,41,1.06,pin,kplus_app,0
TX_004991,ACC_0584,ACC_0538,122.22,2026-08-05 12:02:00,1,0,49,0.88,pin,kplus_app,0
TX_006049,ACC_1113,ACC_0005,60740.63,2026-08-05 12:07:00,0,0,12,23.0,pin,kplus_app,1
TX_001529,ACC_0973,ACC_0354,831.54,2026-08-05 12:08:00,0,0,39,0.25,pin,kplus_app,0
TX_001879,ACC_0931,ACC_0132,2834.11,2026-08-05 12:20:00,0,0,29,0.39,pin,kplus_app,0
TX_002250,ACC_0678,ACC_0113,115.29,2026-08-05 12:23:00,0,0,21,1.4,pin,kplus_app,0
TX_003154,ACC_0568,ACC_0319,2263.12,2026-08-05 12:27:00,0,0,40,0.88,pin,kplus_app,0
TX_001662,ACC_1087,ACC_0274,371.83,2026-08-05 12:29:00,1,0,46,1.13,face_scan,kplus_app,0
TX_004915,ACC_0131,ACC_0216,1830.14,2026-08-05 12:29:00,0,0,56,0.93,pin,kplus_app,0
TX_000048,ACC_0737,ACC_0110,153.67,2026-08-05 12:31:00,0,0,54,0.59,pin,kplus_app,0
TX_004569,ACC_0499,ACC_0624,1385.22,2026-08-05 12:51:00,0,0,29,1.14,pin,kplus_app,0
TX_000531,ACC_0156,ACC_0845,234.5,2026-08-05 12:53:00,0,0,38,0.17,pin,kplus_app,0
TX_001663,ACC_1186,ACC_0729,81.81,2026-08-05 12:59:00,0,0,52,1.05,face_scan,kplus_app,0
TX_006084,ACC_0713,ACC_0029,114.32,2026-08-05 13:10:00,1,0,42,0.3,pin,kplus_app,1
TX_006085,ACC_0713,ACC_0029,39362.91,2026-08-05 13:21:00,0,0,350,16.6,pin,kplus_app,1
TX_002249,ACC_0404,ACC_1117,280.33,2026-08-05 13:29:00,0,0,46,1.38,face_scan,kplus_app,0
TX_003632,ACC_1003,ACC_0325,1138.25,2026-08-05 13:30:00,0,0,36,0.36,face_scan,kplus_app,0
TX_000050,ACC_0570,ACC_0621,804.06,2026-08-05 13:33:00,1,0,53,0.47,pin,kplus_app,0
TX_003578,ACC_0423,ACC_0906,465.4,2026-08-05 13:34:00,0,0,46,1.32,pin,kplus_app,0
TX_002207,ACC_0593,ACC_0737,54.5,2026-08-05 13:35:00,0,1,38,0.88,pin,kplus_app,0
TX_000053,ACC_1197,ACC_1023,41.75,2026-08-05 13:43:00,0,0,44,0.45,pin,kplus_app,0
TX_001581,ACC_0167,ACC_0304,1772.77,2026-08-05 13:50:00,0,0,58,0.63,pin,kplus_app,0
TX_003052,ACC_0788,ACC_0919,161.54,2026-08-05 13:51:00,0,0,24,1.07,pin,kplus_app,0
TX_003059,ACC_0503,ACC_0306,665.86,2026-08-05 14:08:00,0,0,58,0.92,pin,kplus_app,0
TX_000407,ACC_0793,ACC_0839,356.03,2026-08-05 14:23:00,0,0,51,1.46,pin,kplus_app,0
TX_002703,ACC_0555,ACC_0621,453.86,2026-08-05 14:24:00,0,0,61,0.85,face_scan,kplus_app,0
TX_004784,ACC_0468,ACC_0880,558.35,2026-08-05 14:29:00,0,0,45,1.18,pin,kplus_app,0
TX_006373,ACC_0048,ACC_0038,41624.67,2026-08-05 14:33:27,1,1,14,11.19,pin,promptpay,1
TX_003203,ACC_0542,ACC_1114,100.08,2026-08-05 14:40:00,1,0,43,0.7,pin,kplus_app,0
TX_005897,ACC_0361,ACC_0476,495.88,2026-08-05 14:42:00,1,0,46,1.27,pin,kplus_app,0
TX_002921,ACC_0906,ACC_0830,758.48,2026-08-05 14:45:00,0,0,25,0.34,pin,kplus_app,0
TX_003762,ACC_0623,ACC_0654,56.87,2026-08-05 14:51:00,0,0,71,0.45,pin,kplus_app,0
TX_001397,ACC_0069,ACC_0518,217.49,2026-08-05 14:57:00,0,0,44,0.79,face_scan,kplus_app,0
TX_001158,ACC_1013,ACC_1118,467.7,2026-08-05 14:59:00,0,0,43,0.41,pin,kplus_app,0
TX_001968,ACC_0889,ACC_1186,915.25,2026-08-05 15:02:00,0,0,41,1.11,pin,kplus_app,0
TX_002330,ACC_0790,ACC_0223,1041.97,2026-08-05 15:07:00,0,0,28,1.35,pin,kplus_app,0
TX_001554,ACC_0515,ACC_0163,782.7,2026-08-05 15:08:00,1,0,43,1.14,pin,kplus_app,0
TX_006380,ACC_0036,ACC_0015,45646.47,2026-08-05 15:10:22,1,1,17,14.67,pin,promptpay,1
TX_004913,ACC_1179,ACC_0131,61.19,2026-08-05 15:19:00,1,0,56,0.76,pin,kplus_app,0
TX_002896,ACC_1098,ACC_0926,854.81,2026-08-05 15:22:00,1,0,50,0.67,pin,kplus_app,0
TX_004260,ACC_0835,ACC_0768,292.74,2026-08-05 15:25:00,1,0,41,0.93,face_scan,kplus_app,0
TX_000512,ACC_0577,ACC_0150,692.22,2026-08-05 15:26:00,1,0,47,1.36,pin,kplus_app,0
TX_002950,ACC_1016,ACC_0940,1608.01,2026-08-05 15:33:00,1,0,52,0.18,pin,kplus_app,0
TX_002646,ACC_0521,ACC_0490,889.91,2026-08-05 16:08:00,0,0,62,0.6,pin,kplus_app,0
TX_006114,ACC_0307,ACC_0043,344.07,2026-08-05 16:10:00,1,0,45,0.3,pin,kplus_app,1
TX_002676,ACC_0958,ACC_0844,386.74,2026-08-05 16:12:00,0,0,43,1.26,pin,kplus_app,0
TX_006115,ACC_0307,ACC_0043,36065.59,2026-08-05 16:20:00,0,0,12,24.59,pin,kplus_app,1
TX_005560,ACC_0614,ACC_0473,934.6,2026-08-05 16:25:00,0,0,47,1.28,face_scan,kplus_app,0
TX_005935,ACC_1088,ACC_0359,243.45,2026-08-05 16:38:00,0,0,59,0.84,pin,kplus_app,0
TX_005039,ACC_0183,ACC_0616,1422.5,2026-08-05 16:39:00,0,0,41,1.42,pin,kplus_app,0
TX_000436,ACC_0467,ACC_0687,496.21,2026-08-05 16:44:00,1,1,56,0.12,pin,kplus_app,0
TX_000616,ACC_0782,ACC_0762,112.22,2026-08-05 16:49:00,1,0,59,1.06,pin,kplus_app,0
TX_002575,ACC_0702,ACC_1065,282.52,2026-08-05 16:59:00,0,0,45,1.43,pin,kplus_app,0
TX_004817,ACC_0178,ACC_0787,1477.74,2026-08-05 17:14:00,0,0,64,1.16,pin,kplus_app,0
TX_001410,ACC_1100,ACC_0131,597.45,2026-08-05 17:21:00,0,0,42,0.76,pin,kplus_app,0
TX_006323,ACC_0057,ACC_0009,28035.86,2026-08-05 17:22:23,1,1,13,12.83,pin,promptpay,1
TX_002394,ACC_0791,ACC_0779,241.86,2026-08-05 17:28:00,1,0,47,0.36,pin,kplus_app,0
TX_004207,ACC_0323,ACC_0839,103.07,2026-08-05 17:29:00,1,0,44,1.22,pin,kplus_app,0
TX_004559,ACC_0098,ACC_0081,964.29,2026-08-05 17:31:00,1,0,20,0.81,face_scan,kplus_app,0
TX_001623,ACC_0114,ACC_1145,927.33,2026-08-05 17:39:00,0,0,35,0.73,pin,kplus_app,0
TX_004533,ACC_0159,ACC_0153,453.18,2026-08-05 17:49:00,0,0,48,0.12,pin,kplus_app,0
TX_000499,ACC_0619,ACC_0964,419.79,2026-08-05 18:05:00,1,0,61,0.12,pin,kplus_app,0
TX_002792,ACC_0920,ACC_0256,134.38,2026-08-05 18:10:00,0,0,34,0.14,pin,kplus_app,0
TX_002427,ACC_0987,ACC_1144,1296.34,2026-08-05 18:19:00,0,0,35,1.31,pin,kplus_app,0
TX_004461,ACC_0657,ACC_1018,86.53,2026-08-05 18:34:00,0,0,60,1.03,pin,kplus_app,0
TX_000254,ACC_0436,ACC_0109,90.95,2026-08-05 18:36:00,1,0,49,1.19,pin,kplus_app,0
TX_000758,ACC_0360,ACC_1045,474.39,2026-08-05 19:00:00,1,0,66,0.44,pin,kplus_app,0
TX_002284,ACC_0601,ACC_0985,851.06,2026-08-05 19:05:00,1,0,50,0.53,pin,kplus_app,0
TX_004705,ACC_0626,ACC_0768,1429.57,2026-08-05 19:23:00,0,0,18,1.2,pin,kplus_app,0
TX_000206,ACC_0965,ACC_0471,1677.55,2026-08-05 19:29:00,0,0,36,0.35,pin,kplus_app,0
TX_003588,ACC_0661,ACC_0394,124.76,2026-08-05 19:29:00,0,0,35,1.15,pin,kplus_app,0
TX_004956,ACC_1073,ACC_0298,1284.54,2026-08-05 19:38:00,0,0,53,1.39,pin,kplus_app,0
TX_002488,ACC_1185,ACC_1125,94.93,2026-08-05 19:44:00,0,0,60,0.25,face_scan,kplus_app,0
TX_000903,ACC_0470,ACC_0288,269.73,2026-08-05 20:03:00,0,0,64,1.22,face_scan,kplus_app,0
TX_003292,ACC_0406,ACC_0877,75.59,2026-08-05 20:05:00,0,0,44,0.4,pin,kplus_app,0
TX_001089,ACC_0428,ACC_0922,4103.73,2026-08-05 20:22:00,0,0,58,0.59,pin,kplus_app,0
TX_001382,ACC_1019,ACC_0484,1788.16,2026-08-05 20:24:00,0,0,61,1.03,pin,kplus_app,0
TX_002876,ACC_0934,ACC_0310,60.35,2026-08-05 20:28:00,0,0,27,0.45,pin,kplus_app,0
TX_002839,ACC_0653,ACC_0748,229.3,2026-08-05 20:34:00,1,0,42,0.47,pin,kplus_app,0
TX_000030,ACC_0346,ACC_0259,717.1,2026-08-05 20:37:00,0,0,55,1.08,pin,kplus_app,0
TX_002727,ACC_0678,ACC_1068,1892.79,2026-08-05 20:38:00,0,0,46,0.43,pin,kplus_app,0
TX_003980,ACC_1079,ACC_0901,179.26,2026-08-05 20:39:00,0,0,58,1.11,pin,kplus_app,0
TX_000988,ACC_0119,ACC_0510,321.81,2026-08-05 21:04:00,0,0,43,0.48,pin,kplus_app,0
TX_003354,ACC_0772,ACC_0413,422.4,2026-08-05 21:11:00,0,0,33,1.27,face_scan,kplus_app,0
TX_004688,ACC_0691,ACC_0389,2839.09,2026-08-05 21:11:00,1,0,52,1.46,pin,kplus_app,0
TX_001701,ACC_1012,ACC_0320,471.99,2026-08-05 21:20:00,0,0,45,1.13,pin,kplus_app,0
TX_002976,ACC_0083,ACC_0951,508.41,2026-08-05 21:26:00,0,0,32,1.45,pin,kplus_app,0
TX_001552,ACC_1002,ACC_1188,2055.48,2026-08-05 21:31:00,0,0,45,0.26,pin,kplus_app,0
TX_004655,ACC_0065,ACC_0140,245.92,2026-08-05 21:35:00,0,0,45,0.85,pin,kplus_app,0
TX_000475,ACC_0969,ACC_0463,58.14,2026-08-05 21:43:00,0,0,47,0.95,pin,kplus_app,0
TX_003003,ACC_0993,ACC_0568,1315.44,2026-08-05 22:30:00,0,0,59,0.93,pin,kplus_app,0
TX_004477,ACC_0088,ACC_1006,566.8,2026-08-05 22:43:00,0,0,38,1.46,pin,kplus_app,0
TX_002105,ACC_0570,ACC_0556,321.28,2026-08-05 22:46:00,0,0,23,1.35,pin,kplus_app,0
TX_000940,ACC_0472,ACC_1108,840.15,2026-08-05 22:48:00,1,0,37,1.31,pin,kplus_app,0
TX_004763,ACC_0258,ACC_0174,67.21,2026-08-05 22:54:00,0,0,35,0.59,pin,kplus_app,0
TX_006146,ACC_0835,ACC_0042,391.18,2026-08-05 23:04:00,1,0,17,0.3,pin,kplus_app,1
TX_000222,ACC_1110,ACC_0067,318.69,2026-08-05 23:07:00,0,0,63,1.23,face_scan,kplus_app,0
TX_006147,ACC_0835,ACC_0042,26715.21,2026-08-05 23:13:00,0,0,350,21.47,pin,kplus_app,1
TX_003087,ACC_0745,ACC_0549,482.34,2026-08-05 23:22:00,1,0,67,1.41,pin,kplus_app,0
TX_002416,ACC_1128,ACC_1016,3917.44,2026-08-05 23:30:00,1,0,50,1.4,pin,kplus_app,0
TX_004766,ACC_0285,ACC_0543,193.52,2026-08-05 23:32:00,0,0,37,1.46,pin,kplus_app,0
TX_004484,ACC_0985,ACC_0452,676.96,2026-08-05 23:50:00,0,0,34,1.06,face_scan,kplus_app,0
TX_006218,ACC_0326,ACC_0031,394.02,2026-08-06 00:02:00,1,0,42,0.3,pin,kplus_app,1
TX_005468,ACC_0720,ACC_0482,817.64,2026-08-06 00:02:00,0,0,59,0.9,pin,kplus_app,0
TX_003076,ACC_1059,ACC_0746,525.58,2026-08-06 00:03:00,1,0,28,1.26,pin,kplus_app,0
TX_003557,ACC_1065,ACC_0366,352.94,2026-08-06 00:06:00,0,0,50,0.7,pin,kplus_app,0
TX_001196,ACC_0083,ACC_0683,233.99,2026-08-06 00:08:00,0,0,40,1.03,face_scan,kplus_app,0
TX_002987,ACC_1069,ACC_1153,963.32,2026-08-06 00:14:00,0,0,71,0.34,pin,kplus_app,0
TX_006219,ACC_0326,ACC_0031,30883.19,2026-08-06 00:14:00,0,0,350,9.96,pin,kplus_app,1
TX_000226,ACC_0346,ACC_0843,1310.07,2026-08-06 00:16:00,1,0,43,1.15,pin,kplus_app,0
TX_002260,ACC_0651,ACC_0570,153.54,2026-08-06 00:20:00,0,0,35,0.96,pin,kplus_app,0
TX_002918,ACC_0078,ACC_0064,67.46,2026-08-06 00:27:00,1,0,31,0.93,pin,kplus_app,0
TX_001982,ACC_0356,ACC_0223,544.9,2026-08-06 00:31:00,0,0,46,0.4,pin,kplus_app,0
TX_006012,ACC_0315,ACC_0038,190.75,2026-08-06 00:37:00,1,0,38,0.3,pin,kplus_app,1
TX_000850,ACC_1192,ACC_0373,94.2,2026-08-06 00:38:00,0,0,35,1.32,pin,kplus_app,0
TX_002532,ACC_0258,ACC_0170,1063.85,2026-08-06 00:43:00,0,0,47,1.2,pin,kplus_app,0
TX_006013,ACC_0315,ACC_0038,60853.71,2026-08-06 00:47:00,0,0,12,21.04,pin,kplus_app,1
TX_001126,ACC_0209,ACC_1126,342.15,2026-08-06 00:55:00,0,0,54,0.2,face_scan,kplus_app,0
TX_003176,ACC_0368,ACC_0601,782.73,2026-08-06 00:55:00,1,0,35,0.39,pin,kplus_app,0
TX_001621,ACC_0177,ACC_0243,503.03,2026-08-06 00:58:00,1,0,41,1.22,face_scan,kplus_app,0
TX_003105,ACC_1056,ACC_0631,874.76,2026-08-06 00:58:00,1,0,44,1.17,face_scan,kplus_app,0
TX_003846,ACC_0588,ACC_1064,749.25,2026-08-06 01:03:00,0,0,46,1.37,pin,kplus_app,0
TX_004078,ACC_0942,ACC_0853,72.75,2026-08-06 01:04:00,0,0,51,1.46,pin,kplus_app,0
TX_003552,ACC_0969,ACC_0285,345.02,2026-08-06 01:05:00,1,0,25,0.42,pin,kplus_app,0
TX_004441,ACC_0983,ACC_1126,235.92,2026-08-06 01:05:00,1,0,55,1.44,face_scan,kplus_app,0
TX_004335,ACC_1139,ACC_0859,921.94,2026-08-06 01:05:00,1,0,51,1.5,pin,kplus_app,0
TX_000831,ACC_0330,ACC_0849,284.28,2026-08-06 01:18:00,0,0,63,0.1,pin,kplus_app,0
TX_001176,ACC_0562,ACC_1161,723.78,2026-08-06 01:18:00,0,0,60,0.78,pin,kplus_app,0
TX_002089,ACC_1069,ACC_0840,104.54,2026-08-06 01:21:00,0,0,31,0.82,face_scan,kplus_app,0
TX_004480,ACC_0538,ACC_0183,322.68,2026-08-06 01:21:00,0,0,66,0.83,pin,kplus_app,0
TX_001733,ACC_1154,ACC_0490,353.63,2026-08-06 01:25:00,0,0,34,0.84,pin,kplus_app,0
TX_000894,ACC_0768,ACC_0129,54.25,2026-08-06 01:33:00,0,0,23,0.73,pin,kplus_app,0
TX_000106,ACC_0196,ACC_1083,572.73,2026-08-06 01:35:00,0,0,58,1.15,pin,kplus_app,0
TX_001230,ACC_0673,ACC_1022,292.23,2026-08-06 01:45:00,1,0,45,0.69,pin,kplus_app,0
TX_003804,ACC_0653,ACC_0613,1158.29,2026-08-06 01:56:00,0,0,28,0.16,pin,kplus_app,0
TX_001439,ACC_0399,ACC_0459,579.49,2026-08-06 01:58:00,0,0,69,0.27,pin,kplus_app,0
TX_004019,ACC_0219,ACC_0441,1741.03,2026-08-06 02:01:00,0,0,47,0.77,pin,kplus_app,0
TX_001758,ACC_0248,ACC_0083,130.68,2026-08-06 02:05:00,1,0,36,1.26,face_scan,kplus_app,0
TX_001994,ACC_0775,ACC_0824,977.2,2026-08-06 02:20:00,0,0,42,1.23,pin,kplus_app,0
TX_004833,ACC_0972,ACC_0991,67.6,2026-08-06 02:25:00,1,0,44,1.37,pin,kplus_app,0
TX_001088,ACC_0975,ACC_0349,264.11,2026-08-06 02:43:00,0,0,70,0.21,pin,kplus_app,0
TX_002384,ACC_0230,ACC_0568,971.53,2026-08-06 02:44:00,0,0,35,0.81,pin,kplus_app,0
TX_000817,ACC_0774,ACC_0687,997.07,2026-08-06 02:45:00,0,0,40,1.05,pin,kplus_app,0
TX_004742,ACC_0895,ACC_0461,836.82,2026-08-06 02:46:00,0,0,37,1.17,pin,kplus_app,0
TX_001234,ACC_0237,ACC_0400,1053.68,2026-08-06 02:49:00,1,0,40,1.49,pin,kplus_app,0
TX_001144,ACC_0520,ACC_0920,1809.66,2026-08-06 02:55:00,0,0,50,1.01,face_scan,kplus_app,0
TX_001016,ACC_0536,ACC_0389,447.08,2026-08-06 03:02:00,1,0,39,0.86,face_scan,kplus_app,0
TX_006290,ACC_0557,ACC_0009,177.22,2026-08-06 03:06:00,1,0,31,0.3,pin,kplus_app,1
TX_004316,ACC_0638,ACC_0543,145.22,2026-08-06 03:11:00,1,0,32,0.72,pin,kplus_app,0
TX_003908,ACC_0108,ACC_0793,472.3,2026-08-06 03:14:00,0,0,52,1.06,pin,kplus_app,0
TX_006291,ACC_0557,ACC_0009,24581.83,2026-08-06 03:18:00,0,0,350,13.22,pin,kplus_app,1
TX_002748,ACC_0746,ACC_1158,1642.5,2026-08-06 03:29:00,0,0,43,0.83,face_scan,kplus_app,0
TX_006038,ACC_0453,ACC_0026,255.65,2026-08-06 03:44:00,1,0,26,0.3,pin,kplus_app,1
TX_000845,ACC_0410,ACC_0385,3230.79,2026-08-06 03:50:00,0,0,56,0.42,pin,kplus_app,0
TX_006039,ACC_0453,ACC_0026,37915.29,2026-08-06 03:53:00,0,0,12,20.46,pin,kplus_app,1
TX_000308,ACC_1196,ACC_0513,465.72,2026-08-06 04:01:00,0,0,29,1.42,pin,kplus_app,0
TX_000842,ACC_0925,ACC_1162,369.87,2026-08-06 04:02:00,0,0,53,0.27,pin,kplus_app,0
TX_002279,ACC_0521,ACC_1168,260.62,2026-08-06 04:03:00,0,0,72,0.64,pin,kplus_app,0
TX_003151,ACC_0312,ACC_0479,520.14,2026-08-06 04:18:00,1,0,39,1.24,pin,kplus_app,0
TX_002155,ACC_1175,ACC_0798,337.48,2026-08-06 04:19:00,0,0,38,0.17,pin,kplus_app,0
TX_003462,ACC_0616,ACC_0470,387.53,2026-08-06 04:20:00,0,0,55,0.5,pin,kplus_app,0
TX_001219,ACC_0311,ACC_0760,328.52,2026-08-06 04:50:00,0,0,59,0.63,pin,kplus_app,0
TX_004026,ACC_0064,ACC_0751,1246.81,2026-08-06 04:59:00,0,0,70,0.57,pin,kplus_app,0
TX_003340,ACC_0826,ACC_0289,559.27,2026-08-06 05:35:00,0,0,51,1.42,pin,kplus_app,0
TX_003382,ACC_0472,ACC_0883,389.89,2026-08-06 05:45:00,0,0,28,0.97,pin,kplus_app,0
TX_001822,ACC_0523,ACC_0506,2769.49,2026-08-06 05:57:00,1,0,41,0.23,pin,kplus_app,0
TX_001482,ACC_0182,ACC_0804,63.08,2026-08-06 05:58:00,1,0,37,1.18,pin,kplus_app,0
TX_005735,ACC_0361,ACC_1131,1668.23,2026-08-06 05:59:00,1,0,62,1.24,pin,kplus_app,0
TX_006142,ACC_0277,ACC_0027,162.61,2026-08-06 06:08:00,1,0,38,0.3,pin,kplus_app,1
TX_004744,ACC_0790,ACC_0558,737.01,2026-08-06 06:11:00,0,0,23,1.4,pin,kplus_app,0
TX_004844,ACC_0519,ACC_0487,1970.17,2026-08-06 06:17:00,0,0,37,0.64,pin,kplus_app,0
TX_004497,ACC_0671,ACC_0409,1389.29,2026-08-06 06:18:00,0,0,61,0.37,pin,kplus_app,0
TX_006143,ACC_0277,ACC_0027,59277.26,2026-08-06 06:22:00,0,0,12,20.18,pin,kplus_app,1
TX_000886,ACC_0168,ACC_0816,1767.6,2026-08-06 06:50:00,0,0,14,1.17,pin,kplus_app,0
TX_001246,ACC_1010,ACC_0421,2722.22,2026-08-06 06:59:00,1,0,27,0.93,pin,kplus_app,0
TX_001909,ACC_1051,ACC_0143,787.04,2026-08-06 06:59:00,0,0,33,1.33,pin,kplus_app,0
TX_002504,ACC_0189,ACC_1064,331.05,2026-08-06 07:10:00,1,0,38,0.5,pin,kplus_app,0
TX_003813,ACC_0139,ACC_1080,153.26,2026-08-06 07:11:00,1,0,41,0.93,face_scan,kplus_app,0
TX_003917,ACC_1119,ACC_0736,147.91,2026-08-06 07:23:00,0,0,66,0.31,pin,kplus_app,0
TX_001815,ACC_0659,ACC_0583,846.08,2026-08-06 07:26:00,0,0,41,0.55,pin,kplus_app,0
TX_003995,ACC_0681,ACC_0277,1050.39,2026-08-06 07:29:00,0,0,31,0.37,pin,kplus_app,0
TX_000880,ACC_0537,ACC_1025,830.88,2026-08-06 07:32:00,0,0,38,0.59,pin,kplus_app,0
TX_005632,ACC_1125,ACC_0491,309.41,2026-08-06 07:33:00,0,0,53,0.22,pin,kplus_app,0
TX_001110,ACC_0644,ACC_0327,890.27,2026-08-06 07:36:00,0,0,28,0.79,pin,kplus_app,0
TX_000578,ACC_0860,ACC_0774,662.11,2026-08-06 08:04:00,0,0,43,0.95,pin,kplus_app,0
TX_001293,ACC_0350,ACC_0887,166.12,2026-08-06 08:06:00,0,0,37,1.44,pin,kplus_app,0
TX_001160,ACC_0267,ACC_0494,281.19,2026-08-06 08:09:00,0,0,36,0.85,pin,kplus_app,0
TX_005731,ACC_0503,ACC_0872,610.32,2026-08-06 08:11:00,1,0,54,0.46,pin,kplus_app,0
TX_001085,ACC_0070,ACC_0193,689.23,2026-08-06 08:16:00,0,0,61,0.55,pin,kplus_app,0
TX_005415,ACC_0469,ACC_0894,363.11,2026-08-06 08:16:00,0,0,62,0.13,pin,kplus_app,0
TX_001736,ACC_1062,ACC_0981,1039.43,2026-08-06 08:31:00,0,0,40,0.7,pin,kplus_app,0
TX_006398,ACC_0036,ACC_0045,35167.11,2026-08-06 08:40:22,1,1,10,11.79,pin,promptpay,1
TX_001712,ACC_0467,ACC_0912,326.09,2026-08-06 08:41:00,0,1,41,1.46,pin,kplus_app,0
TX_003428,ACC_0784,ACC_0817,3014.61,2026-08-06 08:44:00,0,1,43,0.74,pin,kplus_app,0
TX_000927,ACC_0315,ACC_0907,379.63,2026-08-06 08:44:00,0,0,56,0.52,face_scan,kplus_app,0
TX_001468,ACC_1078,ACC_0103,78.98,2026-08-06 08:46:00,0,0,53,0.41,pin,kplus_app,0
TX_003613,ACC_1119,ACC_0585,1606.61,2026-08-06 08:51:00,0,0,49,1.15,none,kplus_app,0
TX_005891,ACC_0987,ACC_0348,343.75,2026-08-06 08:53:00,0,0,27,0.82,pin,kplus_app,0
TX_003645,ACC_0216,ACC_0481,859.43,2026-08-06 08:56:00,0,0,39,0.26,none,kplus_app,0
TX_001923,ACC_0114,ACC_0643,488.56,2026-08-06 09:05:00,1,1,43,0.88,pin,kplus_app,0
TX_000331,ACC_0839,ACC_0405,1267.33,2026-08-06 09:06:00,1,0,55,0.45,pin,kplus_app,0
TX_000217,ACC_0065,ACC_0620,2911.53,2026-08-06 09:06:00,0,0,53,0.87,pin,kplus_app,0
TX_002843,ACC_0666,ACC_0255,206.0,2026-08-06 09:08:00,0,0,34,1.06,pin,kplus_app,0
TX_005768,ACC_1197,ACC_0400,628.56,2026-08-06 09:15:00,0,0,42,1.17,pin,kplus_app,0
TX_003095,ACC_0370,ACC_0517,348.05,2026-08-06 09:21:00,0,0,48,0.26,pin,kplus_app,0
TX_002006,ACC_0117,ACC_0581,399.5,2026-08-06 09:28:00,0,0,33,1.02,face_scan,kplus_app,0
TX_003434,ACC_0865,ACC_0701,446.42,2026-08-06 09:29:00,0,0,37,0.67,face_scan,kplus_app,0
TX_001628,ACC_1052,ACC_1055,195.29,2026-08-06 09:29:00,0,0,37,1.28,pin,kplus_app,0
TX_003916,ACC_1136,ACC_0334,984.7,2026-08-06 09:32:00,0,1,29,0.52,pin,kplus_app,0
TX_005631,ACC_0576,ACC_0133,1445.61,2026-08-06 09:40:00,0,0,21,0.82,pin,kplus_app,0
TX_001290,ACC_0858,ACC_0570,187.68,2026-08-06 09:43:00,0,0,43,0.53,pin,kplus_app,0
TX_000603,ACC_0652,ACC_0309,1056.56,2026-08-06 09:44:00,1,0,48,0.32,pin,kplus_app,0
TX_002240,ACC_0464,ACC_0202,679.12,2026-08-06 09:47:00,0,0,48,0.86,pin,kplus_app,0
TX_001442,ACC_0857,ACC_0478,694.42,2026-08-06 09:48:00,0,0,57,0.78,pin,kplus_app,0
TX_001998,ACC_0124,ACC_0448,604.49,2026-08-06 10:34:00,0,0,80,0.86,pin,kplus_app,0
TX_000567,ACC_0566,ACC_0634,749.48,2026-08-06 10:37:00,0,0,59,0.83,pin,kplus_app,0
TX_005365,ACC_0730,ACC_0209,1576.92,2026-08-06 10:40:00,0,0,18,0.57,pin,kplus_app,0
TX_004625,ACC_1192,ACC_0323,607.61,2026-08-06 10:52:00,1,0,35,0.45,pin,kplus_app,0
TX_000043,ACC_0653,ACC_0759,45.97,2026-08-06 10:54:00,0,0,30,0.44,pin,kplus_app,0
TX_004414,ACC_0284,ACC_0730,544.56,2026-08-06 11:03:00,0,0,47,1.46,pin,kplus_app,0
TX_004977,ACC_0079,ACC_0951,621.78,2026-08-06 11:07:00,0,0,39,0.32,pin,kplus_app,0
TX_002116,ACC_0498,ACC_0814,483.07,2026-08-06 11:22:00,0,0,32,1.1,face_scan,kplus_app,0
TX_002836,ACC_0100,ACC_0517,502.22,2026-08-06 11:33:00,0,0,46,0.54,pin,kplus_app,0
TX_000975,ACC_0792,ACC_0362,528.51,2026-08-06 11:43:00,0,0,58,1.17,pin,kplus_app,0
TX_001363,ACC_0189,ACC_1056,169.22,2026-08-06 11:45:00,0,0,24,0.59,face_scan,kplus_app,0
TX_003396,ACC_0436,ACC_0475,286.35,2026-08-06 12:00:00,0,1,33,0.15,face_scan,kplus_app,0
TX_000429,ACC_0680,ACC_0300,221.86,2026-08-06 12:08:00,0,0,30,1.33,pin,kplus_app,0
TX_004592,ACC_0334,ACC_0889,790.34,2026-08-06 12:09:00,0,0,56,0.88,pin,kplus_app,0
TX_005271,ACC_0238,ACC_1120,1442.36,2026-08-06 12:18:00,0,0,53,0.26,pin,kplus_app,0
TX_004661,ACC_0795,ACC_0753,2875.72,2026-08-06 12:20:00,0,0,30,0.71,pin,kplus_app,0
TX_003732,ACC_0670,ACC_0654,308.89,2026-08-06 12:23:00,0,0,49,0.88,face_scan,kplus_app,0
TX_005268,ACC_0843,ACC_0180,818.55,2026-08-06 12:35:00,0,0,56,0.93,pin,kplus_app,0
TX_001546,ACC_0699,ACC_0581,453.51,2026-08-06 12:46:00,0,0,26,0.76,pin,kplus_app,0
TX_004797,ACC_1180,ACC_0925,365.98,2026-08-06 12:49:00,0,0,38,0.13,face_scan,kplus_app,0
TX_003643,ACC_0823,ACC_0730,418.45,2026-08-06 12:54:00,1,0,50,0.51,pin,kplus_app,0
TX_001166,ACC_0264,ACC_0196,581.37,2026-08-06 12:56:00,0,0,47,0.87,pin,kplus_app,0
TX_001477,ACC_0831,ACC_0251,738.68,2026-08-06 13:32:00,0,0,59,1.34,pin,kplus_app,0
TX_001320,ACC_1051,ACC_0900,1308.63,2026-08-06 13:43:00,1,0,75,0.9,pin,kplus_app,0
TX_001919,ACC_0243,ACC_0479,350.8,2026-08-06 13:53:00,0,0,46,0.83,pin,kplus_app,0
TX_002275,ACC_0192,ACC_1104,372.32,2026-08-06 14:00:00,1,0,44,0.27,pin,kplus_app,0
TX_005308,ACC_0197,ACC_0973,395.77,2026-08-06 14:01:00,0,0,34,1.14,pin,kplus_app,0
TX_005015,ACC_0723,ACC_0490,1214.45,2026-08-06 14:26:00,0,0,27,0.63,pin,kplus_app,0
TX_005340,ACC_1028,ACC_0978,321.93,2026-08-06 14:37:00,0,0,38,1.07,pin,kplus_app,0
TX_005345,ACC_0678,ACC_0306,1861.11,2026-08-06 14:42:00,0,0,43,1.2,face_scan,kplus_app,0
TX_001973,ACC_0660,ACC_0247,1949.14,2026-08-06 14:50:00,0,0,31,0.29,pin,kplus_app,0
TX_005315,ACC_0732,ACC_0178,262.87,2026-08-06 14:50:00,1,0,46,0.21,pin,kplus_app,0
TX_002861,ACC_1141,ACC_0979,77.55,2026-08-06 14:56:00,1,0,68,1.27,pin,kplus_app,0
TX_000027,ACC_0197,ACC_0830,385.29,2026-08-06 15:02:00,1,0,50,0.18,pin,kplus_app,0
TX_003956,ACC_0596,ACC_0847,489.07,2026-08-06 15:06:00,0,0,51,0.53,face_scan,kplus_app,0
TX_001522,ACC_0224,ACC_0420,1118.95,2026-08-06 15:10:00,0,0,33,0.1,pin,kplus_app,0
TX_004366,ACC_1164,ACC_0737,547.6,2026-08-06 15:26:00,0,0,50,0.4,pin,kplus_app,0
TX_006308,ACC_1075,ACC_0038,249.59,2026-08-06 15:33:00,1,0,37,0.3,pin,kplus_app,1
TX_002419,ACC_0921,ACC_0188,352.89,2026-08-06 15:34:00,0,0,51,0.67,pin,kplus_app,0
TX_006309,ACC_1075,ACC_0038,22273.18,2026-08-06 15:43:00,0,0,350,13.59,pin,kplus_app,1
TX_003689,ACC_0101,ACC_0259,2261.44,2026-08-06 15:52:00,0,0,85,1.37,face_scan,kplus_app,0
TX_005174,ACC_0934,ACC_0743,777.16,2026-08-06 15:59:00,0,1,34,0.65,pin,kplus_app,0
TX_000442,ACC_0316,ACC_0722,699.28,2026-08-06 16:17:00,0,0,45,0.53,pin,kplus_app,0
TX_005171,ACC_0814,ACC_0590,152.41,2026-08-06 16:17:00,0,0,39,0.72,pin,kplus_app,0
TX_001226,ACC_1131,ACC_0246,136.07,2026-08-06 16:33:00,0,0,48,0.79,pin,kplus_app,0
TX_001419,ACC_0992,ACC_0278,186.61,2026-08-06 16:36:00,1,0,41,1.01,pin,kplus_app,0
TX_002588,ACC_1060,ACC_1033,207.89,2026-08-06 16:46:00,0,0,38,1.22,pin,kplus_app,0
TX_004741,ACC_0157,ACC_0937,1054.89,2026-08-06 17:05:00,0,0,62,0.53,pin,kplus_app,0
TX_001682,ACC_1063,ACC_0466,335.46,2026-08-06 17:06:00,1,0,35,1.02,pin,kplus_app,0
TX_000970,ACC_0795,ACC_0976,108.38,2026-08-06 17:06:00,0,0,55,1.21,pin,kplus_app,0
TX_006010,ACC_0424,ACC_0059,219.17,2026-08-06 17:25:00,1,0,33,0.3,pin,kplus_app,1
TX_005603,ACC_1129,ACC_0740,42.11,2026-08-06 17:29:00,0,0,49,0.23,pin,kplus_app,0
TX_006011,ACC_0424,ACC_0059,22994.59,2026-08-06 17:36:00,0,0,12,18.62,pin,kplus_app,1
TX_003797,ACC_1014,ACC_0307,1746.44,2026-08-06 17:37:00,1,0,39,1.02,face_scan,kplus_app,0
TX_001571,ACC_1162,ACC_1137,81.9,2026-08-06 17:40:00,0,0,55,0.77,pin,kplus_app,0
TX_003823,ACC_0738,ACC_1195,1606.78,2026-08-06 17:40:00,0,0,25,0.98,face_scan,kplus_app,0
TX_000577,ACC_1076,ACC_0410,313.7,2026-08-06 17:41:00,0,0,42,0.89,pin,kplus_app,0
TX_004439,ACC_0728,ACC_1004,3192.65,2026-08-06 17:44:00,1,0,68,0.4,face_scan,kplus_app,0
TX_004147,ACC_0779,ACC_0670,172.03,2026-08-06 17:58:00,1,0,38,1.02,face_scan,kplus_app,0
TX_001453,ACC_0772,ACC_0254,1035.5,2026-08-06 18:04:00,0,1,39,0.65,pin,kplus_app,0
TX_000259,ACC_1069,ACC_0931,280.12,2026-08-06 18:26:00,1,0,13,1.27,pin,kplus_app,0
TX_006040,ACC_0537,ACC_0046,397.69,2026-08-06 18:38:00,1,0,39,0.3,pin,kplus_app,1
TX_006370,ACC_0056,ACC_0029,37899.61,2026-08-06 18:43:34,1,1,13,6.24,pin,promptpay,1
TX_003941,ACC_1045,ACC_0431,1312.96,2026-08-06 18:47:00,0,0,46,0.75,pin,kplus_app,0
TX_001611,ACC_0583,ACC_0591,404.07,2026-08-06 18:50:00,1,0,59,0.82,pin,kplus_app,0
TX_006041,ACC_0537,ACC_0046,53575.55,2026-08-06 18:52:00,0,0,12,8.08,pin,kplus_app,1
TX_005130,ACC_0292,ACC_0078,1774.69,2026-08-06 18:54:00,0,0,32,0.82,pin,kplus_app,0
TX_001403,ACC_0853,ACC_0339,363.4,2026-08-06 19:07:00,0,0,47,1.24,pin,kplus_app,0
TX_004298,ACC_0844,ACC_0119,213.21,2026-08-06 19:12:00,1,0,38,1.22,pin,kplus_app,0
TX_002422,ACC_0781,ACC_0466,221.62,2026-08-06 19:22:00,0,0,35,0.57,pin,kplus_app,0
TX_003604,ACC_0600,ACC_0922,566.61,2026-08-06 19:28:00,0,0,51,0.27,pin,kplus_app,0
TX_001233,ACC_0660,ACC_0683,142.33,2026-08-06 19:44:00,0,0,40,0.24,pin,kplus_app,0
TX_000076,ACC_0497,ACC_0927,307.66,2026-08-06 19:46:00,0,0,40,0.63,pin,kplus_app,0
TX_002360,ACC_0922,ACC_0454,1330.18,2026-08-06 19:54:00,0,0,31,0.35,pin,kplus_app,0
TX_001883,ACC_1107,ACC_1155,1384.0,2026-08-06 20:11:00,1,0,28,0.45,pin,kplus_app,0
TX_001746,ACC_0082,ACC_0723,662.6,2026-08-06 20:15:00,0,0,69,0.94,pin,kplus_app,0
TX_002922,ACC_0520,ACC_0658,230.45,2026-08-06 20:43:00,0,0,36,0.66,pin,kplus_app,0
TX_000170,ACC_0868,ACC_1027,2154.62,2026-08-06 20:56:00,0,0,59,0.51,pin,kplus_app,0
TX_005819,ACC_0094,ACC_0375,324.22,2026-08-06 21:06:00,1,0,30,0.61,face_scan,kplus_app,0
TX_005300,ACC_0462,ACC_0319,709.91,2026-08-06 21:08:00,0,0,51,1.47,pin,kplus_app,0
TX_004858,ACC_0630,ACC_0214,69.65,2026-08-06 21:16:00,0,0,32,0.54,pin,kplus_app,0
TX_004373,ACC_0765,ACC_1106,362.78,2026-08-06 21:26:00,1,0,53,0.78,pin,kplus_app,0
TX_005059,ACC_0489,ACC_1036,2060.99,2026-08-06 21:27:00,0,0,58,0.56,face_scan,kplus_app,0
TX_005431,ACC_0144,ACC_0108,225.49,2026-08-06 21:34:00,0,0,36,0.46,pin,kplus_app,0
TX_002599,ACC_0924,ACC_0417,588.73,2026-08-06 21:45:00,1,0,59,0.72,pin,kplus_app,0
TX_003466,ACC_0581,ACC_0105,64.41,2026-08-06 21:51:00,0,0,22,0.41,pin,kplus_app,0
TX_004020,ACC_0265,ACC_0191,323.89,2026-08-06 21:57:00,0,0,46,1.31,pin,kplus_app,0
TX_005938,ACC_0128,ACC_0226,407.77,2026-08-06 22:01:00,0,0,58,1.24,pin,kplus_app,0
TX_001409,ACC_0920,ACC_0602,493.84,2026-08-06 22:03:00,0,0,44,1.14,pin,kplus_app,0
TX_002919,ACC_0590,ACC_0161,323.51,2026-08-06 22:08:00,0,0,42,0.65,pin,kplus_app,0
TX_004553,ACC_1023,ACC_0237,903.99,2026-08-06 22:08:00,0,0,31,0.84,face_scan,kplus_app,0
TX_004040,ACC_0934,ACC_0301,569.43,2026-08-06 22:15:00,1,0,58,1.31,face_scan,kplus_app,0
TX_001422,ACC_0618,ACC_0792,974.71,2026-08-06 22:20:00,0,0,46,1.02,pin,kplus_app,0
TX_000726,ACC_0066,ACC_0357,131.52,2026-08-06 22:22:00,0,0,37,0.64,pin,kplus_app,0
TX_006365,ACC_0001,ACC_0023,23152.48,2026-08-06 22:24:27,1,1,10,8.78,pin,promptpay,1
TX_005170,ACC_0083,ACC_0576,1094.85,2026-08-06 22:27:00,1,0,48,1.27,pin,kplus_app,0
TX_001527,ACC_0084,ACC_0378,146.72,2026-08-06 22:27:00,0,0,48,0.39,pin,kplus_app,0
TX_005792,ACC_0765,ACC_0850,715.75,2026-08-06 22:30:00,1,0,45,0.92,face_scan,kplus_app,0
TX_005293,ACC_0782,ACC_0126,1319.14,2026-08-06 22:35:00,0,0,43,0.74,pin,kplus_app,0
TX_002550,ACC_0892,ACC_0302,683.47,2026-08-06 22:39:00,0,0,57,1.31,pin,kplus_app,0
TX_003255,ACC_0065,ACC_0726,63.71,2026-08-06 22:39:00,0,0,46,0.67,pin,kplus_app,0
TX_000596,ACC_1089,ACC_0477,643.67,2026-08-06 22:42:00,0,0,40,1.29,pin,kplus_app,0
TX_005511,ACC_0128,ACC_0099,119.84,2026-08-06 22:46:00,0,0,52,0.71,pin,kplus_app,0
TX_000832,ACC_1174,ACC_1024,1073.57,2026-08-06 23:11:00,0,0,59,1.04,pin,kplus_app,0
TX_003217,ACC_0664,ACC_0676,1225.49,2026-08-06 23:16:00,0,0,32,0.61,face_scan,kplus_app,0
TX_003288,ACC_0634,ACC_1154,165.8,2026-08-06 23:21:00,1,0,49,0.48,pin,kplus_app,0
TX_005043,ACC_1013,ACC_0258,1862.21,2026-08-06 23:23:00,0,0,36,1.4,pin,kplus_app,0
TX_006242,ACC_0566,ACC_0027,364.02,2026-08-06 23:29:00,1,0,40,0.3,pin,kplus_app,1
TX_001803,ACC_0390,ACC_0547,1120.31,2026-08-06 23:34:00,1,0,47,1.43,pin,kplus_app,0
TX_000696,ACC_0916,ACC_0719,162.31,2026-08-06 23:39:00,0,0,27,0.46,face_scan,kplus_app,0
TX_006243,ACC_0566,ACC_0027,48601.95,2026-08-06 23:40:00,0,0,350,8.25,pin,kplus_app,1
TX_004237,ACC_0998,ACC_0951,1755.43,2026-08-06 23:42:00,1,0,50,0.12,pin,kplus_app,0
TX_005536,ACC_1099,ACC_0186,1943.61,2026-08-06 23:44:00,1,0,51,1.45,face_scan,kplus_app,0
TX_000556,ACC_1129,ACC_0990,840.76,2026-08-06 23:46:00,1,0,36,0.79,pin,kplus_app,0
TX_005496,ACC_0177,ACC_1084,975.68,2026-08-07 00:06:00,0,0,39,0.57,pin,kplus_app,0
TX_003169,ACC_1123,ACC_0763,867.28,2026-08-07 00:07:00,0,0,75,1.11,face_scan,kplus_app,0
TX_003947,ACC_0574,ACC_1096,228.37,2026-08-07 00:10:00,0,0,22,0.18,face_scan,kplus_app,0
TX_004097,ACC_0213,ACC_0925,956.78,2026-08-07 00:21:00,1,0,42,0.58,face_scan,kplus_app,0
TX_005976,ACC_0170,ACC_0709,596.69,2026-08-07 00:24:00,0,0,56,0.44,pin,kplus_app,0
TX_005443,ACC_0775,ACC_1056,149.5,2026-08-07 00:26:00,0,0,15,1.33,pin,kplus_app,0
TX_005837,ACC_0715,ACC_1170,948.03,2026-08-07 00:40:00,0,0,62,1.03,pin,kplus_app,0
TX_005664,ACC_0587,ACC_0350,163.1,2026-08-07 00:46:00,0,0,46,1.47,pin,kplus_app,0
TX_001752,ACC_0447,ACC_0470,388.11,2026-08-07 00:50:00,0,0,49,0.98,pin,kplus_app,0
TX_000281,ACC_1136,ACC_0657,335.57,2026-08-07 00:53:00,0,0,36,1.4,pin,kplus_app,0
TX_000872,ACC_1138,ACC_0935,1806.51,2026-08-07 00:54:00,1,0,58,1.47,pin,kplus_app,0
TX_002335,ACC_0601,ACC_1171,227.74,2026-08-07 00:57:00,1,0,48,0.83,none,kplus_app,0
TX_005612,ACC_0463,ACC_0634,688.16,2026-08-07 01:04:00,0,0,52,1.06,pin,kplus_app,0
TX_002831,ACC_0485,ACC_1032,1816.45,2026-08-07 01:22:00,0,0,60,1.26,pin,kplus_app,0
TX_000882,ACC_0583,ACC_0760,121.48,2026-08-07 01:36:00,1,0,60,1.26,pin,kplus_app,0
TX_006351,ACC_0050,ACC_0039,57055.8,2026-08-07 01:52:01,1,1,15,11.42,pin,promptpay,1
TX_000336,ACC_1142,ACC_0843,1168.51,2026-08-07 01:58:00,1,0,53,0.77,pin,kplus_app,0
TX_002001,ACC_1009,ACC_1123,295.67,2026-08-07 02:02:00,0,0,50,1.12,pin,kplus_app,0
TX_002645,ACC_0653,ACC_0526,1909.28,2026-08-07 02:12:00,0,0,51,1.34,pin,kplus_app,0
TX_000753,ACC_0321,ACC_0451,421.22,2026-08-07 02:20:00,0,0,42,0.38,pin,kplus_app,0
TX_005105,ACC_0276,ACC_0121,236.46,2026-08-07 02:24:00,1,0,39,1.03,pin,kplus_app,0
TX_002940,ACC_0105,ACC_0879,120.61,2026-08-07 02:45:00,0,0,61,1.41,pin,kplus_app,0
TX_004162,ACC_0494,ACC_0629,462.36,2026-08-07 02:49:00,0,0,61,0.48,pin,kplus_app,0
TX_001880,ACC_0228,ACC_0180,652.15,2026-08-07 02:51:00,0,0,36,0.6,pin,kplus_app,0
TX_002367,ACC_0930,ACC_0688,214.15,2026-08-07 02:52:00,1,0,43,1.13,pin,kplus_app,0
TX_005031,ACC_1161,ACC_0892,515.84,2026-08-07 03:13:00,0,0,44,1.25,pin,kplus_app,0
TX_003633,ACC_0620,ACC_0292,1076.04,2026-08-07 03:16:00,0,0,47,1.45,pin,kplus_app,0
TX_002206,ACC_0493,ACC_0274,347.19,2026-08-07 03:22:00,1,0,41,1.29,pin,kplus_app,0
TX_000672,ACC_0152,ACC_1170,732.16,2026-08-07 03:39:00,0,0,67,1.29,pin,kplus_app,0
TX_005917,ACC_0927,ACC_0811,209.75,2026-08-07 03:44:00,1,0,56,0.92,pin,kplus_app,0
TX_005622,ACC_0606,ACC_0338,123.83,2026-08-07 03:47:00,1,0,58,0.24,pin,kplus_app,0
TX_003866,ACC_0393,ACC_0564,173.17,2026-08-07 03:52:00,1,0,43,0.45,pin,kplus_app,0
TX_004319,ACC_0983,ACC_1004,1686.04,2026-08-07 03:54:00,0,0,45,0.57,pin,kplus_app,0
TX_006022,ACC_0200,ACC_0047,316.18,2026-08-07 03:54:00,1,0,43,0.3,pin,kplus_app,1
TX_000986,ACC_0665,ACC_0848,127.17,2026-08-07 03:58:00,0,0,36,1.26,pin,kplus_app,0
TX_003704,ACC_1165,ACC_0205,261.73,2026-08-07 04:03:00,1,0,56,0.2,face_scan,kplus_app,0
TX_006023,ACC_0200,ACC_0047,39120.28,2026-08-07 04:06:00,0,0,350,15.29,pin,kplus_app,1
TX_000249,ACC_0625,ACC_0242,439.55,2026-08-07 04:06:00,0,0,47,0.95,pin,kplus_app,0
TX_000798,ACC_0436,ACC_0367,1674.95,2026-08-07 04:07:00,0,0,29,1.38,pin,kplus_app,0
TX_001786,ACC_0612,ACC_0504,1306.84,2026-08-07 04:10:00,0,0,43,1.46,pin,kplus_app,0
TX_006346,ACC_0024,ACC_0002,17082.49,2026-08-07 04:10:31,1,1,12,6.98,pin,promptpay,1
TX_000302,ACC_0420,ACC_1062,471.49,2026-08-07 04:40:00,0,1,53,0.23,pin,kplus_app,0
TX_001967,ACC_0388,ACC_1103,99.11,2026-08-07 04:46:00,0,0,51,0.87,pin,kplus_app,0
TX_004171,ACC_0996,ACC_0267,104.9,2026-08-07 04:56:00,0,0,34,1.02,pin,kplus_app,0
TX_000463,ACC_0674,ACC_0069,98.08,2026-08-07 04:59:00,0,0,32,0.11,pin,kplus_app,0
TX_000952,ACC_0437,ACC_0121,143.8,2026-08-07 05:04:00,0,0,58,0.57,pin,kplus_app,0
TX_001498,ACC_1074,ACC_0282,126.63,2026-08-07 05:19:00,0,0,39,1.31,pin,kplus_app,0
TX_001685,ACC_0359,ACC_0848,404.88,2026-08-07 05:28:00,0,0,40,1.09,pin,kplus_app,0
TX_001023,ACC_0682,ACC_0283,1011.62,2026-08-07 05:33:00,0,0,49,1.06,face_scan,kplus_app,0
TX_002821,ACC_0106,ACC_0648,554.45,2026-08-07 05:43:00,0,0,41,0.43,face_scan,kplus_app,0
TX_004583,ACC_0605,ACC_0396,1114.02,2026-08-07 05:48:00,0,0,34,0.86,pin,kplus_app,0
TX_001545,ACC_0450,ACC_1147,417.03,2026-08-07 05:53:00,0,0,37,0.96,pin,kplus_app,0
TX_002697,ACC_1173,ACC_0695,770.51,2026-08-07 05:53:00,0,0,71,0.31,pin,kplus_app,0
TX_005385,ACC_0361,ACC_0762,86.15,2026-08-07 06:01:00,0,0,34,0.58,pin,kplus_app,0
TX_004230,ACC_0479,ACC_1138,441.83,2026-08-07 06:05:00,0,0,43,0.64,pin,kplus_app,0
TX_004824,ACC_0486,ACC_0771,70.69,2026-08-07 06:10:00,0,0,49,1.3,pin,kplus_app,0
TX_003465,ACC_0619,ACC_0166,573.15,2026-08-07 06:24:00,0,0,37,0.62,pin,kplus_app,0
TX_001485,ACC_0830,ACC_0684,976.3,2026-08-07 06:26:00,0,0,37,0.59,pin,kplus_app,0
TX_002670,ACC_0274,ACC_0334,144.23,2026-08-07 06:29:00,0,0,47,1.45,pin,kplus_app,0
TX_000024,ACC_0153,ACC_0860,925.78,2026-08-07 06:41:00,0,0,50,1.1,pin,kplus_app,0
TX_001470,ACC_0403,ACC_1031,645.33,2026-08-07 06:45:00,1,0,50,0.78,pin,kplus_app,0
TX_001573,ACC_0418,ACC_0927,1478.46,2026-08-07 06:56:00,0,0,35,1.23,pin,kplus_app,0
TX_003181,ACC_0808,ACC_0141,211.34,2026-08-07 07:10:00,0,0,40,1.41,pin,kplus_app,0
TX_006348,ACC_0008,ACC_0017,16063.13,2026-08-07 07:22:15,1,1,16,13.06,pin,promptpay,1
TX_005466,ACC_0246,ACC_0550,54.74,2026-08-07 07:25:00,0,0,61,1.01,pin,kplus_app,0
TX_001025,ACC_0068,ACC_0280,262.41,2026-08-07 07:29:00,1,0,44,1.43,pin,kplus_app,0
TX_001870,ACC_1098,ACC_1132,1347.58,2026-08-07 07:32:00,1,0,47,0.13,pin,kplus_app,0
TX_004095,ACC_1105,ACC_0529,1003.23,2026-08-07 07:35:00,1,0,57,1.41,pin,kplus_app,0
TX_004780,ACC_0753,ACC_0897,1238.9,2026-08-07 07:38:00,0,0,47,0.76,pin,kplus_app,0
TX_002150,ACC_1179,ACC_0061,326.98,2026-08-07 07:40:00,0,0,65,0.48,pin,kplus_app,0
TX_005346,ACC_0863,ACC_0673,670.19,2026-08-07 07:43:00,0,0,27,0.59,pin,kplus_app,0
TX_005264,ACC_0569,ACC_0559,905.88,2026-08-07 07:48:00,0,0,47,1.24,pin,kplus_app,0
TX_005915,ACC_0832,ACC_0876,670.43,2026-08-07 08:05:00,0,0,47,1.2,pin,kplus_app,0
TX_000768,ACC_0961,ACC_0638,741.31,2026-08-07 08:06:00,0,0,48,0.54,pin,kplus_app,0
TX_000418,ACC_0219,ACC_0127,355.54,2026-08-07 08:11:00,0,0,38,1.1,pin,kplus_app,0
TX_004282,ACC_0562,ACC_0674,53.24,2026-08-07 08:15:00,0,0,47,1.34,face_scan,kplus_app,0
TX_000951,ACC_0351,ACC_0300,1103.17,2026-08-07 08:20:00,0,0,46,1.29,pin,kplus_app,0
TX_003717,ACC_1064,ACC_0911,255.31,2026-08-07 08:26:00,0,0,37,0.86,pin,kplus_app,0
TX_002934,ACC_0965,ACC_0172,272.42,2026-08-07 08:32:00,0,0,42,1.24,pin,kplus_app,0
TX_004652,ACC_1060,ACC_1000,154.85,2026-08-07 08:36:00,1,0,33,0.1,pin,kplus_app,0
TX_001964,ACC_0940,ACC_0616,513.16,2026-08-07 08:55:00,1,0,38,1.19,pin,kplus_app,0
TX_002446,ACC_0357,ACC_0824,434.07,2026-08-07 08:59:00,0,0,32,0.95,pin,kplus_app,0
TX_005142,ACC_0643,ACC_1051,628.5,2026-08-07 09:05:00,0,0,34,0.43,pin,kplus_app,0
TX_000684,ACC_0703,ACC_0950,487.59,2026-08-07 09:05:00,0,1,42,1.37,pin,kplus_app,0
TX_004200,ACC_0830,ACC_0894,406.86,2026-08-07 09:06:00,0,0,59,0.13,face_scan,kplus_app,0
TX_001346,ACC_0162,ACC_0158,831.17,2026-08-07 09:08:00,0,0,47,0.24,pin,kplus_app,0
TX_000689,ACC_0554,ACC_0086,852.5,2026-08-07 09:08:00,1,0,43,0.45,pin,kplus_app,0
TX_002191,ACC_0592,ACC_1029,329.96,2026-08-07 09:10:00,0,0,37,0.43,pin,kplus_app,0
TX_002893,ACC_0269,ACC_0582,458.87,2026-08-07 09:20:00,0,0,62,0.2,pin,kplus_app,0
TX_005028,ACC_0802,ACC_1058,372.33,2026-08-07 09:29:00,0,1,50,0.46,pin,kplus_app,0
TX_000478,ACC_0124,ACC_0422,827.7,2026-08-07 09:36:00,0,0,46,0.75,face_scan,kplus_app,0
TX_006376,ACC_0027,ACC_0021,46006.92,2026-08-07 09:57:42,1,1,10,5.91,pin,promptpay,1
TX_003897,ACC_0496,ACC_0216,639.22,2026-08-07 10:02:00,1,0,36,1.39,pin,kplus_app,0
TX_005850,ACC_1176,ACC_0411,1724.12,2026-08-07 10:09:00,0,0,45,0.76,pin,kplus_app,0
TX_000184,ACC_0955,ACC_1162,250.06,2026-08-07 10:10:00,0,0,43,0.9,pin,kplus_app,0
TX_004345,ACC_0507,ACC_0890,861.59,2026-08-07 10:10:00,0,0,34,1.33,pin,kplus_app,0
TX_006362,ACC_0026,ACC_0001,47744.07,2026-08-07 10:15:07,1,1,12,10.91,pin,promptpay,1
TX_002070,ACC_1153,ACC_0546,796.52,2026-08-07 10:31:00,0,1,46,1.01,pin,kplus_app,0
TX_001115,ACC_0163,ACC_0904,515.6,2026-08-07 10:35:00,1,0,45,0.92,pin,kplus_app,0
TX_000255,ACC_0661,ACC_0294,284.2,2026-08-07 10:45:00,1,0,56,0.35,pin,kplus_app,0
TX_006138,ACC_0484,ACC_0054,332.7,2026-08-07 10:47:00,1,0,46,0.3,pin,kplus_app,1
TX_001121,ACC_0711,ACC_1141,50.34,2026-08-07 10:50:00,0,0,37,1.21,pin,kplus_app,0
TX_000083,ACC_1013,ACC_0895,1207.25,2026-08-07 10:51:00,0,0,29,0.24,pin,kplus_app,0
TX_003695,ACC_1085,ACC_0452,379.4,2026-08-07 10:54:00,0,0,64,0.26,none,kplus_app,0
TX_001887,ACC_0566,ACC_0785,438.18,2026-08-07 10:54:00,0,0,43,1.12,pin,kplus_app,0
TX_000727,ACC_0374,ACC_0140,86.48,2026-08-07 10:58:00,0,0,39,0.4,pin,kplus_app,0
TX_006139,ACC_0484,ACC_0054,55988.78,2026-08-07 11:00:00,0,0,12,15.63,pin,kplus_app,1
TX_005733,ACC_0854,ACC_0117,138.13,2026-08-07 11:01:00,0,0,31,0.37,pin,kplus_app,0
TX_000329,ACC_0870,ACC_0489,317.58,2026-08-07 11:08:00,1,0,49,1.24,pin,kplus_app,0
TX_002722,ACC_0149,ACC_0955,672.74,2026-08-07 11:25:00,1,0,47,0.41,pin,kplus_app,0
TX_000610,ACC_0398,ACC_0690,3022.55,2026-08-07 11:35:00,1,0,57,0.15,face_scan,kplus_app,0
TX_006044,ACC_0178,ACC_0009,110.6,2026-08-07 11:39:00,1,0,28,0.3,pin,kplus_app,1
TX_006028,ACC_0334,ACC_0011,213.74,2026-08-07 11:42:00,1,0,35,0.3,pin,kplus_app,1
TX_004371,ACC_0987,ACC_0063,423.93,2026-08-07 11:47:00,1,0,41,0.39,pin,kplus_app,0
TX_006045,ACC_0178,ACC_0009,52813.22,2026-08-07 11:48:00,0,0,350,17.9,pin,kplus_app,1
TX_003895,ACC_0388,ACC_0336,137.61,2026-08-07 11:51:00,0,0,45,0.82,pin,kplus_app,0
TX_006029,ACC_0334,ACC_0011,23355.75,2026-08-07 11:51:00,0,0,350,16.4,pin,kplus_app,1
TX_003311,ACC_0465,ACC_0877,40.08,2026-08-07 11:57:00,0,0,27,0.24,pin,kplus_app,0
TX_002402,ACC_1146,ACC_0785,401.96,2026-08-07 12:00:00,1,0,46,0.63,pin,kplus_app,0
TX_001379,ACC_0772,ACC_0498,210.81,2026-08-07 12:10:00,0,0,33,0.95,pin,kplus_app,0
TX_006396,ACC_0027,ACC_0006,26180.67,2026-08-07 12:10:25,1,1,8,12.76,pin,promptpay,1
TX_003370,ACC_1036,ACC_0347,827.32,2026-08-07 12:26:00,1,0,37,1.37,pin,kplus_app,0
TX_004870,ACC_0780,ACC_0828,1000.81,2026-08-07 12:33:00,0,0,32,0.6,pin,kplus_app,0
TX_004703,ACC_0879,ACC_0528,293.63,2026-08-07 12:33:00,0,0,30,1.17,pin,kplus_app,0
TX_005179,ACC_0072,ACC_0125,950.77,2026-08-07 12:39:00,1,0,40,1.08,pin,kplus_app,0
TX_005084,ACC_0822,ACC_0644,807.07,2026-08-07 12:46:00,0,0,38,0.73,pin,kplus_app,0
TX_004587,ACC_0481,ACC_0850,380.86,2026-08-07 12:50:00,0,0,50,0.42,pin,kplus_app,0
TX_004778,ACC_0168,ACC_0191,515.07,2026-08-07 12:50:00,0,0,29,0.95,pin,kplus_app,0
TX_003270,ACC_0212,ACC_1096,344.62,2026-08-07 13:13:00,1,0,51,1.13,pin,kplus_app,0
TX_001220,ACC_0883,ACC_0416,972.54,2026-08-07 13:25:00,0,0,50,0.16,pin,kplus_app,0
TX_001131,ACC_0941,ACC_0258,874.2,2026-08-07 13:34:00,0,0,57,0.24,pin,kplus_app,0
TX_000905,ACC_1154,ACC_0675,308.06,2026-08-07 13:35:00,1,0,40,1.16,pin,kplus_app,0
TX_001347,ACC_0358,ACC_0786,2272.37,2026-08-07 13:38:00,0,0,39,0.98,pin,kplus_app,0
TX_004333,ACC_0223,ACC_0905,343.18,2026-08-07 13:46:00,0,0,47,1.38,pin,kplus_app,0
TX_002482,ACC_1005,ACC_0071,246.82,2026-08-07 13:49:00,0,0,45,1.21,face_scan,kplus_app,0
TX_005456,ACC_1008,ACC_1027,749.2,2026-08-07 13:55:00,1,0,47,1.49,pin,kplus_app,0
TX_001380,ACC_0634,ACC_0751,1863.26,2026-08-07 13:56:00,1,0,45,0.29,pin,kplus_app,0
TX_000916,ACC_1119,ACC_0634,343.75,2026-08-07 13:59:00,0,0,40,0.34,pin,kplus_app,0
TX_002910,ACC_0867,ACC_1164,555.13,2026-08-07 13:59:00,0,0,58,1.03,pin,kplus_app,0
TX_003884,ACC_0286,ACC_0699,1828.42,2026-08-07 14:02:00,1,0,43,1.43,pin,kplus_app,0
TX_005100,ACC_0714,ACC_0315,382.92,2026-08-07 14:11:00,0,0,62,0.85,pin,kplus_app,0
TX_001048,ACC_1128,ACC_0266,382.24,2026-08-07 14:13:00,1,0,41,0.14,pin,kplus_app,0
TX_002015,ACC_0902,ACC_0582,132.84,2026-08-07 14:57:00,0,0,49,1.01,pin,kplus_app,0
TX_001710,ACC_1074,ACC_0235,134.5,2026-08-07 14:58:00,0,0,53,0.14,pin,kplus_app,0
TX_004299,ACC_0264,ACC_0912,565.92,2026-08-07 15:04:00,1,0,45,0.5,pin,kplus_app,0
TX_004370,ACC_0492,ACC_0309,321.01,2026-08-07 15:06:00,1,0,53,0.55,pin,kplus_app,0
TX_004493,ACC_1147,ACC_0197,880.11,2026-08-07 15:09:00,0,0,76,0.5,pin,kplus_app,0
TX_004135,ACC_0688,ACC_0386,281.42,2026-08-07 15:18:00,0,0,47,0.34,pin,kplus_app,0
TX_003058,ACC_0553,ACC_0261,437.49,2026-08-07 15:24:00,0,0,25,1.36,pin,kplus_app,0
TX_003694,ACC_0644,ACC_1037,2146.8,2026-08-07 15:38:00,0,0,73,1.32,pin,kplus_app,0
TX_002948,ACC_0578,ACC_0252,849.67,2026-08-07 15:53:00,0,0,47,0.32,pin,kplus_app,0
TX_003251,ACC_1060,ACC_0743,1089.51,2026-08-07 15:55:00,1,0,60,1.45,pin,kplus_app,0
TX_003386,ACC_1120,ACC_0268,160.04,2026-08-07 15:56:00,1,0,48,1.18,pin,kplus_app,0
TX_004934,ACC_1037,ACC_0411,687.31,2026-08-07 16:10:00,0,0,35,0.97,pin,kplus_app,0
TX_003576,ACC_1000,ACC_0283,715.88,2026-08-07 16:13:00,0,0,49,0.79,face_scan,kplus_app,0
TX_002346,ACC_0861,ACC_1004,54.22,2026-08-07 16:26:00,0,0,56,0.69,pin,kplus_app,0
TX_002319,ACC_0516,ACC_0529,72.73,2026-08-07 16:32:00,0,0,28,0.96,pin,kplus_app,0
TX_005088,ACC_0861,ACC_1136,162.27,2026-08-07 16:41:00,0,0,32,1.4,pin,kplus_app,0
TX_005610,ACC_0428,ACC_0111,214.22,2026-08-07 16:46:00,0,0,43,0.38,pin,kplus_app,0
TX_000933,ACC_0363,ACC_0155,80.37,2026-08-07 16:48:00,1,0,52,0.54,pin,kplus_app,0
TX_001709,ACC_0549,ACC_1026,321.5,2026-08-07 16:56:00,1,0,46,1.18,pin,kplus_app,0
TX_003574,ACC_0717,ACC_0639,141.55,2026-08-07 17:02:00,0,0,37,0.77,pin,kplus_app,0
TX_003871,ACC_0831,ACC_0469,399.01,2026-08-07 17:09:00,1,0,45,0.95,face_scan,kplus_app,0
TX_003518,ACC_0168,ACC_0271,90.39,2026-08-07 17:17:00,0,0,23,0.53,pin,kplus_app,0
TX_004566,ACC_0270,ACC_0773,1212.45,2026-08-07 17:18:00,0,0,42,1.16,face_scan,kplus_app,0
TX_004374,ACC_1179,ACC_0315,511.45,2026-08-07 17:21:00,0,0,60,1.13,pin,kplus_app,0
TX_004255,ACC_0760,ACC_0123,578.6,2026-08-07 17:25:00,0,0,42,0.32,pin,kplus_app,0
TX_001082,ACC_0367,ACC_0330,102.36,2026-08-07 17:26:00,0,0,65,0.89,pin,kplus_app,0
TX_000656,ACC_0201,ACC_0432,560.68,2026-08-07 17:32:00,0,0,34,1.18,pin,kplus_app,0
TX_001490,ACC_0358,ACC_0666,601.06,2026-08-07 17:36:00,0,0,37,1.27,pin,kplus_app,0
TX_006008,ACC_0377,ACC_0018,102.64,2026-08-07 17:44:00,1,0,55,0.3,pin,kplus_app,1
TX_006329,ACC_0049,ACC_0043,29839.22,2026-08-07 17:44:28,1,1,18,13.58,pin,promptpay,1
TX_006009,ACC_0377,ACC_0018,29393.88,2026-08-07 17:56:00,0,0,12,19.2,pin,kplus_app,1
TX_002200,ACC_0823,ACC_0712,76.24,2026-08-07 17:58:00,1,0,56,0.23,pin,kplus_app,0
TX_002992,ACC_1012,ACC_0712,1505.56,2026-08-07 18:03:00,1,0,31,1.22,pin,kplus_app,0
TX_004402,ACC_0741,ACC_0889,843.41,2026-08-07 18:05:00,1,0,46,0.7,pin,kplus_app,0
TX_000090,ACC_1018,ACC_0668,945.37,2026-08-07 18:14:00,1,0,36,0.45,pin,kplus_app,0
TX_005024,ACC_0458,ACC_0618,1424.71,2026-08-07 18:16:00,0,0,53,0.66,pin,kplus_app,0
TX_000205,ACC_0711,ACC_0760,3046.32,2026-08-07 18:23:00,0,0,64,1.48,pin,kplus_app,0
TX_004438,ACC_0284,ACC_1038,243.32,2026-08-07 18:42:00,0,0,38,0.61,pin,kplus_app,0
TX_004110,ACC_0389,ACC_1011,957.02,2026-08-07 18:42:00,0,0,58,0.85,pin,kplus_app,0
TX_000292,ACC_1163,ACC_0773,1698.61,2026-08-07 18:51:00,0,0,32,1.15,pin,kplus_app,0
TX_003872,ACC_0861,ACC_0579,933.8,2026-08-07 18:57:00,1,0,51,0.93,pin,kplus_app,0
TX_006353,ACC_0037,ACC_0024,40798.48,2026-08-07 18:57:54,1,1,16,12.39,pin,promptpay,1
TX_001845,ACC_0774,ACC_1021,663.35,2026-08-07 19:06:00,0,0,30,0.4,pin,kplus_app,0
TX_005382,ACC_0916,ACC_1140,76.23,2026-08-07 19:16:00,0,0,31,1.3,pin,kplus_app,0
TX_002619,ACC_0623,ACC_0404,635.09,2026-08-07 19:18:00,0,0,46,0.77,face_scan,kplus_app,0
TX_004301,ACC_1033,ACC_0304,406.1,2026-08-07 19:29:00,0,0,46,0.17,pin,kplus_app,0
TX_000381,ACC_0123,ACC_0583,339.08,2026-08-07 19:30:00,0,0,73,0.45,pin,kplus_app,0
TX_000158,ACC_0677,ACC_0959,940.52,2026-08-07 19:37:00,0,0,42,1.45,pin,kplus_app,0
TX_004500,ACC_0998,ACC_0500,407.91,2026-08-07 19:39:00,1,0,29,1.31,pin,kplus_app,0
TX_000983,ACC_0823,ACC_1024,672.43,2026-08-07 19:44:00,0,0,44,1.19,pin,kplus_app,0
TX_003677,ACC_0742,ACC_0139,866.26,2026-08-07 19:55:00,0,0,44,0.16,pin,kplus_app,0
TX_006332,ACC_0044,ACC_0029,53573.59,2026-08-07 20:03:16,1,1,10,10.49,pin,promptpay,1
TX_005453,ACC_0264,ACC_1083,622.83,2026-08-07 20:06:00,0,0,48,0.86,face_scan,kplus_app,0
TX_003421,ACC_0071,ACC_1000,1579.8,2026-08-07 20:27:00,0,0,30,0.31,pin,kplus_app,0
TX_000941,ACC_0814,ACC_0120,1343.21,2026-08-07 20:28:00,1,0,55,1.33,none,kplus_app,0
TX_004241,ACC_0817,ACC_0520,134.56,2026-08-07 20:36:00,0,0,67,0.43,face_scan,kplus_app,0
TX_003368,ACC_0967,ACC_0571,392.79,2026-08-07 20:50:00,0,0,43,0.38,pin,kplus_app,0
TX_005374,ACC_0289,ACC_0386,692.6,2026-08-07 20:50:00,0,0,26,1.5,pin,kplus_app,0
TX_003537,ACC_0484,ACC_0780,86.25,2026-08-07 20:51:00,0,0,56,0.22,pin,kplus_app,0
TX_004454,ACC_1165,ACC_0099,372.05,2026-08-07 21:06:00,0,0,47,1.39,pin,kplus_app,0
TX_000581,ACC_0536,ACC_0747,232.96,2026-08-07 21:14:00,0,0,52,1.04,pin,kplus_app,0
TX_004707,ACC_0280,ACC_0081,170.14,2026-08-07 21:16:00,0,0,41,0.11,pin,kplus_app,0
TX_001254,ACC_0793,ACC_0128,329.22,2026-08-07 21:45:00,0,1,32,1.46,pin,kplus_app,0
TX_002148,ACC_0332,ACC_0253,160.92,2026-08-07 22:20:00,1,0,53,0.61,pin,kplus_app,0
TX_003687,ACC_0755,ACC_0952,569.98,2026-08-07 22:26:00,0,0,36,0.13,face_scan,kplus_app,0
TX_005984,ACC_0712,ACC_0484,628.7,2026-08-07 22:36:00,0,0,25,0.14,pin,kplus_app,0
TX_001294,ACC_0836,ACC_0751,79.85,2026-08-07 22:38:00,1,0,45,0.99,pin,kplus_app,0
TX_005491,ACC_0459,ACC_0824,2601.36,2026-08-07 22:40:00,1,0,45,0.57,pin,kplus_app,0
TX_005905,ACC_0498,ACC_1176,224.83,2026-08-07 22:45:00,0,1,44,1.09,pin,kplus_app,0
TX_004838,ACC_0715,ACC_0850,1142.2,2026-08-07 22:45:00,1,0,27,0.32,pin,kplus_app,0
TX_005259,ACC_0359,ACC_0184,186.93,2026-08-07 22:56:00,0,0,37,0.32,pin,kplus_app,0
TX_001433,ACC_0580,ACC_1068,2710.16,2026-08-07 23:03:00,0,0,61,0.73,pin,kplus_app,0
TX_001286,ACC_0435,ACC_0820,595.44,2026-08-07 23:11:00,0,0,45,1.26,pin,kplus_app,0
TX_003071,ACC_0075,ACC_1074,1956.29,2026-08-07 23:13:00,0,0,35,1.19,face_scan,kplus_app,0
TX_005718,ACC_0118,ACC_0501,390.76,2026-08-07 23:29:00,0,0,37,0.29,pin,kplus_app,0
TX_005591,ACC_0686,ACC_0361,696.73,2026-08-07 23:30:00,1,0,47,0.3,pin,kplus_app,0
TX_001820,ACC_0353,ACC_0673,812.0,2026-08-07 23:35:00,0,0,28,0.35,pin,kplus_app,0
TX_000409,ACC_0170,ACC_0069,45.86,2026-08-07 23:39:00,1,0,60,1.09,pin,kplus_app,0
TX_000202,ACC_0065,ACC_0477,41.74,2026-08-07 23:45:00,1,0,31,0.86,pin,kplus_app,0
TX_001933,ACC_0561,ACC_1049,206.01,2026-08-07 23:45:00,0,0,56,0.27,pin,kplus_app,0
TX_001462,ACC_1084,ACC_1075,573.58,2026-08-07 23:49:00,0,0,48,1.03,pin,kplus_app,0
TX_002436,ACC_0421,ACC_0985,726.23,2026-08-07 23:53:00,0,1,58,1.04,pin,kplus_app,0
TX_005252,ACC_0434,ACC_0341,506.26,2026-08-07 23:56:00,0,0,57,0.58,pin,kplus_app,0
TX_003376,ACC_0565,ACC_1057,438.31,2026-08-07 23:57:00,1,0,46,1.37,pin,kplus_app,0
TX_005503,ACC_0541,ACC_0415,236.8,2026-08-08 00:27:00,0,1,57,1.25,pin,kplus_app,0
TX_004802,ACC_0074,ACC_0341,103.45,2026-08-08 00:31:00,1,0,47,0.24,face_scan,kplus_app,0
TX_004632,ACC_0684,ACC_0871,1118.91,2026-08-08 00:33:00,1,0,53,0.13,pin,kplus_app,0
TX_000591,ACC_0154,ACC_0185,100.21,2026-08-08 00:44:00,0,0,33,0.32,pin,kplus_app,0
TX_005448,ACC_1067,ACC_0876,59.29,2026-08-08 00:45:00,0,0,62,0.9,pin,kplus_app,0
TX_002144,ACC_1020,ACC_0458,201.89,2026-08-08 00:48:00,1,0,39,0.36,pin,kplus_app,0
TX_005695,ACC_0155,ACC_0408,783.52,2026-08-08 00:48:00,0,0,31,0.17,pin,kplus_app,0
TX_001739,ACC_0945,ACC_0921,184.31,2026-08-08 00:50:00,0,0,53,0.56,pin,kplus_app,0
TX_004958,ACC_0273,ACC_0748,1186.91,2026-08-08 00:52:00,1,0,50,0.39,pin,kplus_app,0
TX_006358,ACC_0050,ACC_0046,48618.67,2026-08-08 01:12:37,1,1,17,11.77,pin,promptpay,1
TX_005873,ACC_0527,ACC_0612,74.95,2026-08-08 01:16:00,1,0,37,1.32,face_scan,kplus_app,0
TX_000332,ACC_0572,ACC_0198,539.95,2026-08-08 01:20:00,0,0,41,1.5,pin,kplus_app,0
TX_003472,ACC_1031,ACC_1129,2880.98,2026-08-08 01:20:00,0,0,40,0.58,pin,kplus_app,0
TX_005371,ACC_0435,ACC_0709,262.1,2026-08-08 01:28:00,1,0,47,1.03,pin,kplus_app,0
TX_002807,ACC_0670,ACC_1169,322.4,2026-08-08 01:32:00,0,0,40,0.55,pin,kplus_app,0
TX_004750,ACC_0710,ACC_1179,718.4,2026-08-08 01:32:00,0,0,31,0.98,pin,kplus_app,0
TX_005146,ACC_0203,ACC_0930,101.29,2026-08-08 01:41:00,0,0,75,1.31,pin,kplus_app,0
TX_003312,ACC_0850,ACC_1175,957.32,2026-08-08 01:42:00,0,0,47,0.64,pin,kplus_app,0
TX_003976,ACC_0340,ACC_0324,652.4,2026-08-08 01:46:00,0,0,40,0.9,pin,kplus_app,0
TX_001411,ACC_0139,ACC_0342,191.7,2026-08-08 01:51:00,1,0,31,0.67,pin,kplus_app,0
TX_003273,ACC_0946,ACC_1081,1687.93,2026-08-08 01:56:00,0,0,31,0.77,pin,kplus_app,0
TX_005666,ACC_0625,ACC_0228,716.86,2026-08-08 01:58:00,0,0,40,1.16,pin,kplus_app,0
TX_000928,ACC_1163,ACC_0867,1281.75,2026-08-08 02:00:00,0,0,43,1.31,face_scan,kplus_app,0
TX_003228,ACC_0755,ACC_1013,508.0,2026-08-08 02:06:00,0,0,30,0.77,pin,kplus_app,0
TX_000444,ACC_0954,ACC_0422,248.27,2026-08-08 02:06:00,0,0,42,0.92,pin,kplus_app,0
TX_002130,ACC_0731,ACC_0277,208.84,2026-08-08 02:08:00,0,0,65,0.37,pin,kplus_app,0
TX_003651,ACC_0074,ACC_1129,505.18,2026-08-08 02:14:00,0,0,21,0.84,face_scan,kplus_app,0
TX_001693,ACC_0322,ACC_1186,376.88,2026-08-08 02:19:00,1,0,50,0.96,face_scan,kplus_app,0
TX_005497,ACC_0899,ACC_1119,248.63,2026-08-08 02:19:00,0,0,37,0.92,pin,kplus_app,0
TX_001717,ACC_0273,ACC_0398,724.17,2026-08-08 02:36:00,0,0,29,0.7,face_scan,kplus_app,0
TX_003060,ACC_0173,ACC_0665,745.86,2026-08-08 02:45:00,0,0,30,0.11,pin,kplus_app,0
TX_001814,ACC_0758,ACC_1083,903.39,2026-08-08 02:49:00,0,0,31,0.18,pin,kplus_app,0
TX_002741,ACC_0403,ACC_0921,52.58,2026-08-08 02:50:00,1,0,40,1.5,face_scan,kplus_app,0
TX_003753,ACC_0771,ACC_0229,73.55,2026-08-08 02:50:00,0,0,56,0.4,pin,kplus_app,0
TX_004663,ACC_1067,ACC_0354,908.06,2026-08-08 02:57:00,1,0,42,1.22,pin,kplus_app,0
TX_000387,ACC_0536,ACC_0381,393.93,2026-08-08 03:00:00,0,0,53,0.99,pin,kplus_app,0
TX_005460,ACC_0646,ACC_0401,1458.71,2026-08-08 03:06:00,0,0,37,0.76,pin,kplus_app,0
TX_004772,ACC_0589,ACC_0184,334.85,2026-08-08 03:08:00,0,0,41,0.84,pin,kplus_app,0
TX_003987,ACC_1030,ACC_0665,286.12,2026-08-08 03:16:00,1,0,36,0.25,pin,kplus_app,0
TX_002883,ACC_0474,ACC_0659,635.48,2026-08-08 03:17:00,0,0,43,1.01,pin,kplus_app,0
TX_002184,ACC_0823,ACC_0259,1502.25,2026-08-08 03:26:00,0,0,23,1.31,pin,kplus_app,0
TX_000517,ACC_0788,ACC_0465,529.78,2026-08-08 03:27:00,1,0,31,0.58,pin,kplus_app,0
TX_003819,ACC_0380,ACC_0806,739.0,2026-08-08 03:34:00,1,0,54,0.14,pin,kplus_app,0
TX_002509,ACC_0703,ACC_0787,1551.51,2026-08-08 03:37:00,0,0,51,0.47,pin,kplus_app,0
TX_003600,ACC_1102,ACC_0116,869.05,2026-08-08 03:49:00,0,0,22,1.4,pin,kplus_app,0
TX_003599,ACC_0352,ACC_0510,193.95,2026-08-08 03:55:00,0,0,70,1.07,pin,kplus_app,0
TX_000592,ACC_0510,ACC_0681,804.77,2026-08-08 04:11:00,0,0,32,1.43,pin,kplus_app,0
TX_002777,ACC_0856,ACC_0772,248.48,2026-08-08 04:18:00,1,0,63,0.54,face_scan,kplus_app,0
TX_002477,ACC_0408,ACC_1076,891.62,2026-08-08 04:23:00,1,0,43,0.48,pin,kplus_app,0
TX_000001,ACC_0978,ACC_0816,116.19,2026-08-08 04:25:00,0,1,41,0.43,pin,kplus_app,0
TX_004855,ACC_1053,ACC_0950,729.21,2026-08-08 04:34:00,0,0,51,0.6,pin,kplus_app,0
TX_005602,ACC_0985,ACC_0169,926.74,2026-08-08 04:43:00,0,0,53,0.15,pin,kplus_app,0
TX_000765,ACC_0419,ACC_0795,1563.31,2026-08-08 04:44:00,0,0,24,0.51,pin,kplus_app,0
TX_004016,ACC_1138,ACC_0409,3019.73,2026-08-08 05:00:00,0,0,59,0.16,pin,kplus_app,0
TX_000534,ACC_0089,ACC_0367,61.55,2026-08-08 05:01:00,0,1,79,0.67,pin,kplus_app,0
TX_002652,ACC_0551,ACC_1102,237.93,2026-08-08 05:04:00,0,0,52,0.69,pin,kplus_app,0
TX_005514,ACC_0099,ACC_0511,1110.07,2026-08-08 05:04:00,1,0,45,0.42,pin,kplus_app,0
TX_000008,ACC_1094,ACC_0642,935.24,2026-08-08 05:06:00,0,0,47,0.25,pin,kplus_app,0
TX_002318,ACC_0913,ACC_1046,1622.11,2026-08-08 05:16:00,1,0,47,0.92,face_scan,kplus_app,0
TX_001365,ACC_0487,ACC_0706,978.85,2026-08-08 05:30:00,0,0,32,1.29,pin,kplus_app,0
TX_003111,ACC_0191,ACC_0938,353.63,2026-08-08 05:33:00,1,0,60,0.28,pin,kplus_app,0
TX_001905,ACC_1189,ACC_1013,438.16,2026-08-08 05:41:00,0,0,54,0.23,pin,kplus_app,0
TX_003816,ACC_1144,ACC_0088,611.86,2026-08-08 05:52:00,1,0,39,0.47,pin,kplus_app,0
TX_002916,ACC_0070,ACC_0860,1103.72,2026-08-08 05:53:00,0,0,59,1.03,pin,kplus_app,0
TX_002621,ACC_0307,ACC_0698,183.65,2026-08-08 05:58:00,0,0,41,1.08,pin,kplus_app,0
TX_001945,ACC_0986,ACC_0691,1219.81,2026-08-08 06:01:00,1,0,37,1.04,pin,kplus_app,0
TX_003579,ACC_0815,ACC_0521,596.7,2026-08-08 06:11:00,1,0,74,0.8,face_scan,kplus_app,0
TX_001189,ACC_0317,ACC_1007,2154.89,2026-08-08 06:11:00,0,0,67,0.21,pin,kplus_app,0
TX_005531,ACC_0721,ACC_0343,1064.66,2026-08-08 06:26:00,0,0,66,0.9,pin,kplus_app,0
TX_003174,ACC_1073,ACC_0483,1032.89,2026-08-08 06:32:00,0,0,40,0.55,pin,kplus_app,0
TX_001848,ACC_0757,ACC_0174,800.7,2026-08-08 06:52:00,0,0,58,0.44,pin,kplus_app,0
TX_002810,ACC_0384,ACC_0619,776.2,2026-08-08 06:57:00,0,0,32,0.65,pin,kplus_app,0
TX_004789,ACC_0932,ACC_0554,251.17,2026-08-08 06:57:00,0,0,44,0.45,pin,kplus_app,0
TX_001908,ACC_0838,ACC_1005,502.59,2026-08-08 06:57:00,0,0,46,0.22,pin,kplus_app,0
TX_003170,ACC_0601,ACC_0582,626.16,2026-08-08 07:08:00,0,0,28,1.36,pin,kplus_app,0
TX_005592,ACC_0683,ACC_0393,142.81,2026-08-08 07:11:00,1,0,41,1.37,pin,kplus_app,0
TX_001394,ACC_0167,ACC_0704,762.66,2026-08-08 07:15:00,0,0,44,0.79,pin,kplus_app,0
TX_005338,ACC_0107,ACC_0290,686.35,2026-08-08 07:16:00,1,0,49,1.46,pin,kplus_app,0
TX_002856,ACC_0800,ACC_0207,245.4,2026-08-08 07:20:00,0,0,63,0.24,face_scan,kplus_app,0
TX_002267,ACC_0654,ACC_0912,63.86,2026-08-08 07:33:00,0,0,47,1.16,face_scan,kplus_app,0
TX_004691,ACC_0150,ACC_0720,1174.01,2026-08-08 07:40:00,0,0,35,0.86,face_scan,kplus_app,0
TX_001962,ACC_0143,ACC_0877,3805.66,2026-08-08 07:42:00,0,0,35,0.58,pin,kplus_app,0
TX_004249,ACC_0747,ACC_0777,72.53,2026-08-08 07:45:00,1,0,45,0.13,pin,kplus_app,0
TX_001493,ACC_0540,ACC_0816,1444.09,2026-08-08 07:50:00,0,0,67,1.17,pin,kplus_app,0
TX_001224,ACC_0250,ACC_0317,317.71,2026-08-08 08:01:00,0,0,41,1.04,pin,kplus_app,0
TX_003768,ACC_0349,ACC_0272,515.66,2026-08-08 08:12:00,0,0,48,1.49,pin,kplus_app,0
TX_004993,ACC_0569,ACC_0962,2806.73,2026-08-08 08:18:00,0,0,51,1.0,pin,kplus_app,0
TX_003439,ACC_0818,ACC_0914,44.04,2026-08-08 08:21:00,0,0,45,1.03,pin,kplus_app,0
TX_004541,ACC_0128,ACC_0581,204.9,2026-08-08 08:22:00,0,0,42,0.25,pin,kplus_app,0
TX_001556,ACC_1064,ACC_1170,230.34,2026-08-08 08:24:00,1,1,37,0.43,pin,kplus_app,0
TX_001055,ACC_0579,ACC_0475,145.21,2026-08-08 08:29:00,1,0,39,0.13,face_scan,kplus_app,0
TX_001818,ACC_0436,ACC_0747,1968.94,2026-08-08 08:32:00,0,1,48,1.34,face_scan,kplus_app,0
TX_005578,ACC_1001,ACC_0168,1460.4,2026-08-08 08:40:00,0,0,43,0.99,face_scan,kplus_app,0
TX_004311,ACC_0376,ACC_0108,175.01,2026-08-08 08:43:00,0,0,41,0.56,pin,kplus_app,0
TX_001702,ACC_0710,ACC_0069,388.44,2026-08-08 08:49:00,0,0,29,0.52,face_scan,kplus_app,0
TX_002874,ACC_1034,ACC_0436,804.26,2026-08-08 08:57:00,0,1,36,1.2,pin,kplus_app,0
TX_000270,ACC_0217,ACC_0236,987.86,2026-08-08 08:59:00,0,0,43,1.4,pin,kplus_app,0
TX_005524,ACC_0272,ACC_1182,1301.76,2026-08-08 09:04:00,0,0,62,1.39,pin,kplus_app,0
TX_005691,ACC_0878,ACC_0550,71.16,2026-08-08 09:09:00,0,0,40,0.41,face_scan,kplus_app,0
TX_004450,ACC_0375,ACC_1026,836.8,2026-08-08 09:15:00,0,1,70,0.21,pin,kplus_app,0
TX_001225,ACC_0412,ACC_0696,336.02,2026-08-08 09:15:00,0,0,30,0.12,pin,kplus_app,0
TX_001083,ACC_0514,ACC_0509,406.29,2026-08-08 09:39:00,1,0,47,1.36,pin,kplus_app,0
TX_004575,ACC_0400,ACC_0202,2313.76,2026-08-08 09:41:00,0,0,41,1.13,pin,kplus_app,0
TX_005473,ACC_0377,ACC_0911,50.29,2026-08-08 09:54:00,0,0,47,0.37,pin,kplus_app,0
TX_003915,ACC_0365,ACC_1079,288.44,2026-08-08 10:06:00,1,0,56,0.9,none,kplus_app,0
TX_000881,ACC_1170,ACC_0752,255.41,2026-08-08 10:13:00,0,0,32,1.05,pin,kplus_app,0
TX_005032,ACC_0883,ACC_0561,160.71,2026-08-08 10:14:00,0,0,51,0.3,pin,kplus_app,0
TX_000324,ACC_0210,ACC_0285,582.95,2026-08-08 10:23:00,0,0,65,0.45,face_scan,kplus_app,0
TX_005013,ACC_0114,ACC_0128,74.95,2026-08-08 10:27:00,0,0,36,0.75,pin,kplus_app,0
TX_005339,ACC_0902,ACC_0703,701.52,2026-08-08 10:46:00,0,0,45,0.61,pin,kplus_app,0
TX_003287,ACC_0326,ACC_0179,352.92,2026-08-08 10:46:00,0,0,53,0.24,pin,kplus_app,0
TX_000570,ACC_0664,ACC_0652,162.55,2026-08-08 10:47:00,0,0,54,0.72,pin,kplus_app,0
TX_000501,ACC_0431,ACC_0655,1129.85,2026-08-08 11:02:00,0,0,49,0.85,pin,kplus_app,0
TX_004614,ACC_1008,ACC_0361,338.82,2026-08-08 11:13:00,0,0,60,0.16,pin,kplus_app,0
TX_000511,ACC_0189,ACC_0565,475.13,2026-08-08 11:13:00,1,0,51,1.31,face_scan,kplus_app,0
TX_000926,ACC_1017,ACC_1076,608.54,2026-08-08 11:14:00,0,0,35,0.52,pin,kplus_app,0
TX_004782,ACC_1058,ACC_0695,89.07,2026-08-08 12:09:00,1,0,38,0.45,pin,kplus_app,0
TX_001885,ACC_0969,ACC_0432,211.3,2026-08-08 12:23:00,0,0,26,0.44,pin,kplus_app,0
TX_001952,ACC_0388,ACC_0163,374.09,2026-08-08 12:27:00,1,0,54,1.35,pin,kplus_app,0
TX_005501,ACC_0171,ACC_0252,592.48,2026-08-08 12:44:00,0,0,42,1.44,pin,kplus_app,0
TX_000193,ACC_0766,ACC_0744,459.9,2026-08-08 13:03:00,1,0,30,1.47,pin,kplus_app,0
TX_005993,ACC_0994,ACC_0775,1714.08,2026-08-08 13:19:00,0,0,34,0.25,face_scan,kplus_app,0
TX_005808,ACC_0417,ACC_1108,909.77,2026-08-08 13:23:00,1,0,59,0.75,pin,kplus_app,0
TX_005568,ACC_0752,ACC_0542,55.47,2026-08-08 13:32:00,1,0,45,1.29,pin,kplus_app,0
TX_006050,ACC_0411,ACC_0020,333.57,2026-08-08 13:36:00,1,0,25,0.3,pin,kplus_app,1
TX_003802,ACC_0505,ACC_0824,439.7,2026-08-08 13:43:00,0,0,42,0.69,pin,kplus_app,0
TX_006051,ACC_0411,ACC_0020,18226.4,2026-08-08 13:44:00,0,0,12,20.46,pin,kplus_app,1
TX_005747,ACC_0408,ACC_1195,138.9,2026-08-08 13:44:00,1,0,24,0.94,pin,kplus_app,0
TX_005719,ACC_0322,ACC_1115,76.89,2026-08-08 13:48:00,0,0,37,0.17,none,kplus_app,0
TX_004300,ACC_1106,ACC_0231,146.07,2026-08-08 13:50:00,1,0,47,1.31,pin,kplus_app,0
TX_004656,ACC_0513,ACC_0909,1194.67,2026-08-08 13:51:00,1,1,27,0.71,pin,kplus_app,0
TX_004745,ACC_0917,ACC_0892,660.19,2026-08-08 14:03:00,0,0,22,0.51,pin,kplus_app,0
TX_005817,ACC_0522,ACC_0853,477.03,2026-08-08 14:09:00,0,0,40,1.13,pin,kplus_app,0
TX_002961,ACC_0346,ACC_0669,639.48,2026-08-08 14:18:00,0,0,28,0.44,face_scan,kplus_app,0
TX_004155,ACC_0744,ACC_0369,211.73,2026-08-08 14:21:00,0,0,37,0.88,face_scan,kplus_app,0
TX_002256,ACC_0768,ACC_0066,186.93,2026-08-08 14:25:00,1,0,54,1.36,pin,kplus_app,0
TX_001633,ACC_0390,ACC_0305,325.19,2026-08-08 14:30:00,0,0,73,1.13,none,kplus_app,0
TX_004775,ACC_0411,ACC_0270,125.23,2026-08-08 14:30:00,0,0,64,0.37,pin,kplus_app,0
TX_003568,ACC_0659,ACC_0314,379.27,2026-08-08 14:38:00,0,0,38,1.2,pin,kplus_app,0
TX_005018,ACC_0425,ACC_1177,849.85,2026-08-08 14:39:00,0,0,25,1.33,pin,kplus_app,0
TX_000706,ACC_0804,ACC_0204,822.06,2026-08-08 14:51:00,1,0,52,0.8,pin,kplus_app,0
TX_004615,ACC_1175,ACC_1092,2383.97,2026-08-08 15:09:00,1,0,56,1.5,face_scan,kplus_app,0
TX_001393,ACC_0482,ACC_0321,119.16,2026-08-08 15:18:00,0,0,34,0.4,pin,kplus_app,0
TX_004247,ACC_0305,ACC_0530,1529.9,2026-08-08 15:25:00,1,0,60,0.7,none,kplus_app,0
TX_005351,ACC_1164,ACC_1120,4266.66,2026-08-08 15:27:00,0,0,45,0.61,pin,kplus_app,0
TX_000132,ACC_0492,ACC_0463,544.69,2026-08-08 15:39:00,1,1,46,1.23,pin,kplus_app,0
TX_002444,ACC_1190,ACC_0703,66.93,2026-08-08 15:57:00,0,0,52,0.87,face_scan,kplus_app,0
TX_005864,ACC_0284,ACC_0887,101.98,2026-08-08 16:10:00,0,0,42,1.33,pin,kplus_app,0
TX_005275,ACC_0658,ACC_0278,219.89,2026-08-08 16:25:00,0,0,51,1.01,face_scan,kplus_app,0
TX_000555,ACC_0312,ACC_0317,81.71,2026-08-08 16:42:00,1,0,23,0.49,pin,kplus_app,0
TX_003767,ACC_0430,ACC_0208,133.28,2026-08-08 16:50:00,0,0,75,0.71,pin,kplus_app,0
TX_000679,ACC_0690,ACC_0486,2685.89,2026-08-08 16:57:00,0,0,55,0.13,face_scan,kplus_app,0
TX_000134,ACC_0289,ACC_0795,391.34,2026-08-08 17:04:00,0,0,30,0.56,pin,kplus_app,0
TX_004270,ACC_0437,ACC_0692,788.7,2026-08-08 17:05:00,0,0,22,0.29,pin,kplus_app,0
TX_000611,ACC_0101,ACC_0448,597.07,2026-08-08 17:12:00,0,0,37,0.29,pin,kplus_app,0
TX_002736,ACC_0423,ACC_0061,1270.89,2026-08-08 17:15:00,0,0,49,1.39,pin,kplus_app,0
TX_001895,ACC_0851,ACC_1075,790.56,2026-08-08 17:15:00,0,0,27,1.12,pin,kplus_app,0
TX_002378,ACC_0383,ACC_1019,111.75,2026-08-08 17:19:00,0,1,61,0.24,pin,kplus_app,0
TX_000118,ACC_0887,ACC_0849,116.47,2026-08-08 17:49:00,1,0,58,0.86,pin,kplus_app,0
TX_000010,ACC_0103,ACC_0977,304.39,2026-08-08 17:54:00,0,0,65,0.39,pin,kplus_app,0
TX_001060,ACC_0341,ACC_0618,326.0,2026-08-08 17:58:00,0,0,54,1.36,face_scan,kplus_app,0
TX_001687,ACC_0959,ACC_0468,1116.47,2026-08-08 17:59:00,0,0,57,1.09,pin,kplus_app,0
TX_000901,ACC_0653,ACC_0778,203.99,2026-08-08 18:01:00,0,0,56,1.34,pin,kplus_app,0
TX_001591,ACC_0203,ACC_0572,777.54,2026-08-08 18:21:00,0,0,43,1.2,pin,kplus_app,0
TX_005674,ACC_0125,ACC_0502,2491.29,2026-08-08 18:24:00,1,0,83,0.58,pin,kplus_app,0
TX_005049,ACC_0998,ACC_0086,50.69,2026-08-08 18:27:00,0,0,56,0.3,pin,kplus_app,0
TX_000955,ACC_0606,ACC_0499,522.55,2026-08-08 18:27:00,0,0,39,1.28,pin,kplus_app,0
TX_002938,ACC_0902,ACC_0771,121.97,2026-08-08 18:55:00,0,0,41,1.03,face_scan,kplus_app,0
TX_005548,ACC_0062,ACC_1126,658.36,2026-08-08 19:09:00,0,0,51,1.38,pin,kplus_app,0
TX_002634,ACC_0431,ACC_1136,276.73,2026-08-08 19:26:00,0,0,42,0.28,face_scan,kplus_app,0
TX_005832,ACC_0259,ACC_0146,415.34,2026-08-08 19:32:00,1,0,37,1.49,face_scan,kplus_app,0
TX_002518,ACC_0249,ACC_1142,964.98,2026-08-08 19:33:00,1,1,41,0.29,pin,kplus_app,0
TX_002154,ACC_0748,ACC_0526,620.69,2026-08-08 19:44:00,0,0,47,0.27,pin,kplus_app,0
TX_005643,ACC_0759,ACC_0499,1341.33,2026-08-08 19:45:00,0,0,44,0.36,pin,kplus_app,0
TX_003839,ACC_0333,ACC_0589,1332.85,2026-08-08 19:48:00,1,0,38,1.12,pin,kplus_app,0
TX_000640,ACC_0272,ACC_0889,433.64,2026-08-08 19:52:00,0,0,32,0.51,pin,kplus_app,0
TX_004308,ACC_0359,ACC_0999,1135.09,2026-08-08 20:23:00,0,0,45,0.26,pin,kplus_app,0
TX_001337,ACC_0137,ACC_0900,986.69,2026-08-08 20:32:00,1,1,12,0.71,pin,kplus_app,0
TX_005474,ACC_0884,ACC_1000,532.93,2026-08-08 20:32:00,1,0,51,0.81,pin,kplus_app,0
TX_001113,ACC_0410,ACC_0404,65.28,2026-08-08 20:33:00,0,0,43,1.16,pin,kplus_app,0
TX_001577,ACC_0881,ACC_0904,828.76,2026-08-08 20:35:00,0,0,36,0.78,pin,kplus_app,0
TX_005884,ACC_0624,ACC_0128,1895.36,2026-08-08 20:36:00,0,0,49,0.92,pin,kplus_app,0
TX_005684,ACC_1127,ACC_0554,704.19,2026-08-08 20:38:00,0,0,37,0.36,pin,kplus_app,0
TX_001585,ACC_1025,ACC_1138,564.37,2026-08-08 20:39:00,0,1,50,1.43,pin,kplus_app,0
TX_004651,ACC_0176,ACC_0897,233.18,2026-08-08 20:39:00,0,0,46,1.14,pin,kplus_app,0
TX_003803,ACC_0849,ACC_0222,65.93,2026-08-08 20:46:00,1,0,33,1.06,pin,kplus_app,0
TX_003227,ACC_0478,ACC_1045,246.98,2026-08-08 20:54:00,0,0,45,1.12,pin,kplus_app,0
TX_000186,ACC_0650,ACC_0177,236.08,2026-08-08 20:58:00,0,0,39,0.74,pin,kplus_app,0
TX_000089,ACC_0960,ACC_0068,743.03,2026-08-08 21:04:00,1,0,45,1.22,pin,kplus_app,0
TX_003969,ACC_0819,ACC_0369,127.82,2026-08-08 21:34:00,1,0,22,0.58,pin,kplus_app,0
TX_001716,ACC_1100,ACC_0537,235.28,2026-08-08 21:39:00,0,0,34,0.33,pin,kplus_app,0
TX_005769,ACC_1055,ACC_0386,148.1,2026-08-08 21:42:00,0,0,29,1.34,pin,kplus_app,0
TX_005957,ACC_0826,ACC_0265,1002.72,2026-08-08 21:45:00,0,1,38,0.78,pin,kplus_app,0
TX_005729,ACC_0295,ACC_0939,1680.12,2026-08-08 22:04:00,0,0,36,0.83,pin,kplus_app,0
TX_003833,ACC_0535,ACC_1097,1244.75,2026-08-08 22:08:00,0,0,48,0.33,pin,kplus_app,0
TX_000438,ACC_0846,ACC_0389,1011.52,2026-08-08 22:12:00,1,0,44,0.75,pin,kplus_app,0
TX_001871,ACC_0312,ACC_0891,2128.39,2026-08-08 22:14:00,0,0,37,1.12,face_scan,kplus_app,0
TX_005113,ACC_0610,ACC_1082,1389.42,2026-08-08 22:15:00,1,0,23,0.76,pin,kplus_app,0
TX_005697,ACC_1038,ACC_0153,469.91,2026-08-08 22:22:00,0,0,37,0.68,pin,kplus_app,0
TX_004233,ACC_0907,ACC_0499,2142.18,2026-08-08 22:32:00,0,0,39,0.36,pin,kplus_app,0
TX_003442,ACC_0237,ACC_0776,1115.97,2026-08-08 22:33:00,0,0,55,0.41,pin,kplus_app,0
TX_004372,ACC_0378,ACC_1062,207.97,2026-08-08 22:36:00,1,0,35,1.44,face_scan,kplus_app,0
TX_001756,ACC_1051,ACC_0693,2134.3,2026-08-08 22:43:00,1,0,22,1.36,pin,kplus_app,0
TX_003991,ACC_0854,ACC_0320,830.44,2026-08-08 22:51:00,0,0,50,1.23,pin,kplus_app,0
TX_002966,ACC_0388,ACC_0698,152.29,2026-08-08 22:55:00,0,0,54,0.13,face_scan,kplus_app,0
TX_005508,ACC_0245,ACC_0653,666.14,2026-08-08 23:18:00,1,0,45,0.58,pin,kplus_app,0
TX_000366,ACC_0512,ACC_0371,945.45,2026-08-08 23:26:00,1,0,47,0.33,face_scan,kplus_app,0
TX_003223,ACC_0211,ACC_0251,965.1,2026-08-08 23:27:00,1,0,50,0.58,pin,kplus_app,0
TX_000539,ACC_0340,ACC_0823,2969.25,2026-08-08 23:30:00,0,0,60,1.23,pin,kplus_app,0
TX_004957,ACC_0319,ACC_0134,1497.01,2026-08-08 23:31:00,1,0,59,0.27,pin,kplus_app,0
TX_005135,ACC_0756,ACC_0400,46.96,2026-08-08 23:39:00,1,0,42,0.35,face_scan,kplus_app,0
TX_005519,ACC_0367,ACC_0220,224.56,2026-08-08 23:39:00,1,0,35,1.05,pin,kplus_app,0
TX_004351,ACC_0943,ACC_0438,253.07,2026-08-08 23:41:00,0,0,45,0.85,pin,kplus_app,0
TX_001467,ACC_1126,ACC_0930,197.34,2026-08-08 23:54:00,0,0,58,0.41,pin,kplus_app,0
TX_002853,ACC_0609,ACC_0603,560.64,2026-08-08 23:58:00,0,0,46,1.29,pin,kplus_app,0
TX_005818,ACC_1185,ACC_0434,239.79,2026-08-09 00:04:00,0,0,45,1.45,pin,kplus_app,0
TX_002791,ACC_0775,ACC_0636,798.07,2026-08-09 00:15:00,0,0,39,0.32,pin,kplus_app,0
TX_000587,ACC_0129,ACC_0290,59.53,2026-08-09 00:17:00,0,0,46,0.8,face_scan,kplus_app,0
TX_004815,ACC_0178,ACC_1104,1771.41,2026-08-09 00:22:00,0,0,42,0.85,none,kplus_app,0
TX_005062,ACC_0261,ACC_0164,502.09,2026-08-09 00:25:00,1,0,45,0.27,pin,kplus_app,0
TX_000670,ACC_0251,ACC_0741,1097.47,2026-08-09 00:27:00,0,0,53,0.87,pin,kplus_app,0
TX_001669,ACC_1007,ACC_0697,435.93,2026-08-09 00:35:00,1,0,50,1.38,pin,kplus_app,0
TX_004231,ACC_1080,ACC_0175,1619.33,2026-08-09 00:40:00,0,0,43,1.22,pin,kplus_app,0
TX_001678,ACC_0359,ACC_1096,147.68,2026-08-09 00:57:00,0,0,50,0.15,pin,kplus_app,0
TX_001069,ACC_1010,ACC_0460,1785.77,2026-08-09 00:59:00,0,1,48,0.4,pin,kplus_app,0
TX_003806,ACC_0163,ACC_0082,329.01,2026-08-09 01:05:00,0,0,38,1.48,pin,kplus_app,0
TX_003405,ACC_0971,ACC_0208,466.95,2026-08-09 01:19:00,1,0,30,1.21,pin,kplus_app,0
TX_001817,ACC_0736,ACC_1089,106.12,2026-08-09 01:30:00,0,0,54,0.58,pin,kplus_app,0
TX_003347,ACC_1098,ACC_0344,397.75,2026-08-09 01:32:00,0,0,37,0.7,pin,kplus_app,0
TX_003596,ACC_0957,ACC_0890,1107.08,2026-08-09 01:36:00,0,0,41,1.45,pin,kplus_app,0
TX_003283,ACC_0415,ACC_0733,740.13,2026-08-09 01:41:00,1,0,37,1.38,pin,kplus_app,0
TX_005635,ACC_0845,ACC_1124,409.51,2026-08-09 01:46:00,1,0,49,0.46,pin,kplus_app,0
TX_000434,ACC_0281,ACC_0701,1932.16,2026-08-09 01:51:00,0,0,48,1.26,pin,kplus_app,0
TX_005478,ACC_0349,ACC_0268,712.14,2026-08-09 01:53:00,0,0,48,0.32,pin,kplus_app,0
TX_003989,ACC_0787,ACC_0449,677.71,2026-08-09 01:54:00,1,0,58,0.44,pin,kplus_app,0
TX_005689,ACC_0625,ACC_0713,709.41,2026-08-09 02:18:00,0,0,37,0.45,pin,kplus_app,0
TX_005934,ACC_0524,ACC_1010,75.32,2026-08-09 02:19:00,0,0,40,0.5,pin,kplus_app,0
TX_000947,ACC_0501,ACC_1120,1825.02,2026-08-09 02:25:00,0,0,38,0.79,pin,kplus_app,0
TX_005958,ACC_0207,ACC_0442,159.36,2026-08-09 02:28:00,0,0,48,0.21,pin,kplus_app,0
TX_006020,ACC_1073,ACC_0052,318.33,2026-08-09 02:33:00,1,0,40,0.3,pin,kplus_app,1
TX_004545,ACC_1048,ACC_0876,416.09,2026-08-09 02:40:00,1,0,54,0.65,pin,kplus_app,0
TX_006021,ACC_1073,ACC_0052,32278.69,2026-08-09 02:46:00,0,0,12,11.42,pin,kplus_app,1
TX_002352,ACC_0236,ACC_1024,1369.73,2026-08-09 02:49:00,1,0,53,0.67,pin,kplus_app,0
TX_004843,ACC_0273,ACC_0939,295.69,2026-08-09 02:51:00,0,0,56,1.35,pin,kplus_app,0
TX_001743,ACC_1144,ACC_0547,2358.01,2026-08-09 02:58:00,0,0,36,0.75,pin,kplus_app,0
TX_003503,ACC_0213,ACC_0872,383.24,2026-08-09 03:02:00,0,0,41,0.77,pin,kplus_app,0
TX_004232,ACC_1011,ACC_1122,41.26,2026-08-09 03:05:00,1,0,25,0.88,pin,kplus_app,0
TX_001164,ACC_0280,ACC_0151,68.98,2026-08-09 03:09:00,0,0,45,0.82,pin,kplus_app,0
TX_002974,ACC_0887,ACC_0237,262.23,2026-08-09 03:17:00,1,0,34,0.37,pin,kplus_app,0
TX_006094,ACC_0771,ACC_0000,281.01,2026-08-09 03:30:00,1,0,32,0.3,pin,kplus_app,1
TX_006095,ACC_0771,ACC_0000,19736.28,2026-08-09 03:40:00,0,0,350,18.37,pin,kplus_app,1
TX_000405,ACC_0731,ACC_1180,668.28,2026-08-09 03:45:00,0,0,29,0.85,pin,kplus_app,0
TX_000288,ACC_0249,ACC_0462,619.84,2026-08-09 03:51:00,0,0,68,1.45,pin,kplus_app,0
TX_000722,ACC_0298,ACC_0654,381.61,2026-08-09 03:57:00,0,0,65,0.64,pin,kplus_app,0
TX_003210,ACC_1068,ACC_0499,986.34,2026-08-09 04:14:00,1,0,30,1.27,pin,kplus_app,0
TX_000398,ACC_0345,ACC_0338,91.78,2026-08-09 04:17:00,1,0,46,0.3,pin,kplus_app,0
TX_001676,ACC_0146,ACC_0953,253.13,2026-08-09 04:30:00,0,0,56,1.05,pin,kplus_app,0
TX_001603,ACC_1079,ACC_0077,876.08,2026-08-09 04:41:00,0,0,50,0.42,pin,kplus_app,0
TX_005766,ACC_0375,ACC_1158,1063.03,2026-08-09 04:45:00,1,0,43,0.76,face_scan,kplus_app,0
TX_002616,ACC_0622,ACC_1117,110.47,2026-08-09 04:48:00,0,0,47,1.36,none,kplus_app,0
TX_000971,ACC_0704,ACC_0575,201.45,2026-08-09 04:55:00,0,0,52,0.88,pin,kplus_app,0
TX_003101,ACC_1039,ACC_0464,2024.77,2026-08-09 05:09:00,0,0,43,0.53,face_scan,kplus_app,0
TX_002894,ACC_0471,ACC_0407,120.04,2026-08-09 05:14:00,0,0,50,0.7,pin,kplus_app,0
TX_004865,ACC_0570,ACC_0416,467.33,2026-08-09 05:20:00,0,0,53,0.88,pin,kplus_app,0
TX_001983,ACC_0294,ACC_0820,942.57,2026-08-09 05:20:00,1,0,38,0.95,face_scan,kplus_app,0
TX_001282,ACC_1150,ACC_0144,247.96,2026-08-09 05:26:00,0,0,51,0.83,face_scan,kplus_app,0
TX_005452,ACC_0185,ACC_0908,1768.63,2026-08-09 05:28:00,1,0,42,0.55,face_scan,kplus_app,0
TX_001787,ACC_0423,ACC_0770,47.07,2026-08-09 05:30:00,1,0,23,0.42,pin,kplus_app,0
TX_001353,ACC_1145,ACC_0607,583.88,2026-08-09 05:39:00,0,0,39,0.94,pin,kplus_app,0
TX_002327,ACC_0470,ACC_0706,473.79,2026-08-09 05:41:00,0,0,76,0.61,pin,kplus_app,0
TX_001484,ACC_0387,ACC_0658,498.15,2026-08-09 05:49:00,1,0,30,1.32,pin,kplus_app,0
TX_005649,ACC_0580,ACC_1092,129.0,2026-08-09 05:53:00,1,0,55,0.29,pin,kplus_app,0
TX_000492,ACC_0948,ACC_0767,267.01,2026-08-09 06:00:00,1,0,38,0.88,pin,kplus_app,0
TX_000268,ACC_0088,ACC_1104,680.11,2026-08-09 06:02:00,0,0,29,1.45,face_scan,kplus_app,0
TX_002942,ACC_0135,ACC_0331,315.38,2026-08-09 06:08:00,0,0,34,1.3,pin,kplus_app,0
TX_000564,ACC_0477,ACC_0824,2332.61,2026-08-09 06:19:00,0,0,58,0.11,pin,kplus_app,0
TX_004278,ACC_1121,ACC_0084,101.95,2026-08-09 06:20:00,0,0,44,1.04,pin,kplus_app,0
TX_002288,ACC_0694,ACC_0408,476.82,2026-08-09 06:27:00,0,0,64,1.47,pin,kplus_app,0
TX_000060,ACC_0471,ACC_0219,424.98,2026-08-09 06:54:00,0,0,53,0.31,pin,kplus_app,0
TX_004594,ACC_0765,ACC_0665,1088.98,2026-08-09 06:55:00,0,0,41,0.89,pin,kplus_app,0
TX_004912,ACC_0710,ACC_0767,484.13,2026-08-09 07:00:00,0,0,50,1.19,pin,kplus_app,0
TX_005947,ACC_1039,ACC_0437,188.42,2026-08-09 07:14:00,0,0,45,0.15,pin,kplus_app,0
TX_004007,ACC_0164,ACC_0913,137.94,2026-08-09 07:23:00,0,0,18,1.47,pin,kplus_app,0
TX_002451,ACC_0245,ACC_0768,626.28,2026-08-09 07:27:00,0,0,40,0.98,pin,kplus_app,0
TX_001428,ACC_1128,ACC_0872,889.46,2026-08-09 07:28:00,0,0,24,0.34,pin,kplus_app,0
TX_002963,ACC_0922,ACC_0200,337.48,2026-08-09 07:31:00,1,0,32,0.42,pin,kplus_app,0
TX_005507,ACC_0271,ACC_1170,396.2,2026-08-09 07:46:00,0,0,44,0.33,pin,kplus_app,0
TX_003825,ACC_0455,ACC_0268,647.04,2026-08-09 07:57:00,0,0,66,0.47,pin,kplus_app,0
TX_002716,ACC_1165,ACC_0064,210.45,2026-08-09 08:02:00,0,0,57,0.95,pin,kplus_app,0
TX_005928,ACC_1164,ACC_1127,280.2,2026-08-09 08:05:00,0,0,50,0.72,pin,kplus_app,0
TX_004974,ACC_0941,ACC_0770,205.65,2026-08-09 08:21:00,1,0,43,0.78,pin,kplus_app,0
TX_003454,ACC_0825,ACC_0436,1106.19,2026-08-09 08:56:00,1,1,39,0.65,pin,kplus_app,0
TX_000728,ACC_0906,ACC_0163,2958.06,2026-08-09 09:13:00,0,0,53,0.24,pin,kplus_app,0
TX_004093,ACC_0527,ACC_0717,894.94,2026-08-09 09:25:00,1,0,41,0.89,pin,kplus_app,0
TX_006304,ACC_0645,ACC_0044,258.37,2026-08-09 09:29:00,1,0,25,0.3,pin,kplus_app,1
TX_001847,ACC_1076,ACC_0432,83.18,2026-08-09 09:31:00,1,0,69,1.13,pin,kplus_app,0
TX_000515,ACC_0405,ACC_0190,265.53,2026-08-09 09:31:00,1,0,23,1.47,pin,kplus_app,0
TX_006305,ACC_0645,ACC_0044,54513.79,2026-08-09 09:39:00,0,0,350,11.39,pin,kplus_app,1
TX_003529,ACC_0210,ACC_0401,2307.06,2026-08-09 09:45:00,1,0,37,0.3,pin,kplus_app,0
TX_000707,ACC_0789,ACC_0489,268.52,2026-08-09 09:45:00,0,0,40,0.15,face_scan,kplus_app,0
TX_002746,ACC_0415,ACC_0540,160.68,2026-08-09 09:50:00,0,0,45,0.67,pin,kplus_app,0
TX_002726,ACC_0754,ACC_1033,170.51,2026-08-09 09:51:00,0,0,58,0.94,pin,kplus_app,0
TX_001840,ACC_0735,ACC_0289,1036.06,2026-08-09 09:56:00,1,0,65,1.07,pin,kplus_app,0
TX_005685,ACC_0490,ACC_1100,1151.66,2026-08-09 09:57:00,1,0,44,0.11,pin,kplus_app,0
TX_000440,ACC_0777,ACC_0519,208.62,2026-08-09 10:04:00,1,0,38,1.02,pin,kplus_app,0
TX_006236,ACC_1150,ACC_0041,370.33,2026-08-09 10:16:00,1,0,38,0.3,pin,kplus_app,1
TX_004054,ACC_1095,ACC_0180,201.34,2026-08-09 10:19:00,1,0,46,1.18,face_scan,kplus_app,0
TX_006237,ACC_1150,ACC_0041,39009.11,2026-08-09 10:29:00,0,0,350,17.09,pin,kplus_app,1
TX_005969,ACC_0940,ACC_0532,510.35,2026-08-09 10:30:00,0,0,54,0.46,pin,kplus_app,0
TX_006228,ACC_0872,ACC_0014,388.14,2026-08-09 10:31:00,1,0,48,0.3,pin,kplus_app,1
TX_006229,ACC_0872,ACC_0014,32012.06,2026-08-09 10:42:00,0,0,12,9.36,pin,kplus_app,1
TX_004936,ACC_0602,ACC_1180,1320.73,2026-08-09 11:00:00,1,0,61,0.89,pin,kplus_app,0
TX_001163,ACC_1059,ACC_0814,78.59,2026-08-09 11:07:00,0,0,33,0.78,face_scan,kplus_app,0
TX_004814,ACC_0683,ACC_0173,856.06,2026-08-09 11:08:00,0,0,56,0.32,pin,kplus_app,0
TX_004524,ACC_0112,ACC_0816,801.85,2026-08-09 11:13:00,0,0,24,0.94,pin,kplus_app,0
TX_002227,ACC_0554,ACC_0278,1609.47,2026-08-09 11:19:00,0,0,64,0.67,pin,kplus_app,0
TX_005458,ACC_0762,ACC_0310,988.63,2026-08-09 11:34:00,0,0,57,1.13,pin,kplus_app,0
TX_000431,ACC_0621,ACC_0309,368.77,2026-08-09 11:36:00,0,0,35,0.61,pin,kplus_app,0
TX_001843,ACC_0994,ACC_0436,384.31,2026-08-09 11:48:00,1,0,55,0.2,pin,kplus_app,0
TX_001806,ACC_1172,ACC_0569,271.01,2026-08-09 11:50:00,1,0,26,0.37,pin,kplus_app,0
TX_001329,ACC_0447,ACC_1036,1669.12,2026-08-09 12:00:00,0,0,58,0.79,pin,kplus_app,0
TX_000825,ACC_0607,ACC_0844,344.96,2026-08-09 12:14:00,1,1,53,0.27,pin,kplus_app,0
TX_001414,ACC_0475,ACC_0221,145.09,2026-08-09 12:25:00,1,0,38,0.65,pin,kplus_app,0
TX_001272,ACC_0544,ACC_1165,153.27,2026-08-09 12:31:00,0,0,42,1.25,pin,kplus_app,0
TX_006244,ACC_0714,ACC_0040,157.14,2026-08-09 12:38:00,1,0,40,0.3,pin,kplus_app,1
TX_003410,ACC_0672,ACC_0772,409.1,2026-08-09 12:43:00,0,0,48,0.81,face_scan,kplus_app,0
TX_006245,ACC_0714,ACC_0040,43935.36,2026-08-09 12:46:00,0,0,12,11.09,pin,kplus_app,1
TX_004877,ACC_0485,ACC_0522,355.38,2026-08-09 12:48:00,0,0,22,0.95,pin,kplus_app,0
TX_000452,ACC_0220,ACC_0891,931.13,2026-08-09 12:53:00,0,0,49,1.49,pin,kplus_app,0
TX_005245,ACC_0631,ACC_1179,460.68,2026-08-09 12:53:00,1,1,43,0.8,pin,kplus_app,0
TX_002111,ACC_0303,ACC_0255,733.71,2026-08-09 13:00:00,1,0,34,0.46,pin,kplus_app,0
TX_006170,ACC_0714,ACC_0033,366.8,2026-08-09 13:06:00,1,0,29,0.3,pin,kplus_app,1
TX_002863,ACC_0987,ACC_0271,847.43,2026-08-09 13:08:00,1,0,52,1.24,pin,kplus_app,0
TX_002693,ACC_0642,ACC_0623,344.0,2026-08-09 13:12:00,0,0,39,0.59,pin,kplus_app,0
TX_002060,ACC_0705,ACC_0432,382.8,2026-08-09 13:17:00,0,0,54,0.73,pin,kplus_app,0
TX_006171,ACC_0714,ACC_0033,22559.43,2026-08-09 13:18:00,0,0,12,13.86,pin,kplus_app,1
TX_003881,ACC_0797,ACC_0610,1744.63,2026-08-09 13:33:00,0,0,35,1.07,pin,kplus_app,0
TX_004501,ACC_0805,ACC_0903,829.04,2026-08-09 13:33:00,1,0,22,1.42,pin,kplus_app,0
TX_002917,ACC_1182,ACC_0199,1153.33,2026-08-09 13:41:00,1,0,45,0.81,pin,kplus_app,0
TX_001333,ACC_0923,ACC_0746,393.75,2026-08-09 13:46:00,0,0,54,1.31,pin,kplus_app,0
TX_004671,ACC_0750,ACC_0405,660.13,2026-08-09 13:47:00,0,0,80,0.31,face_scan,kplus_app,0
TX_004017,ACC_0951,ACC_0104,2206.08,2026-08-09 13:53:00,0,0,55,0.9,face_scan,kplus_app,0
TX_005645,ACC_0950,ACC_0495,239.02,2026-08-09 13:59:00,1,0,54,0.66,face_scan,kplus_app,0
TX_000543,ACC_0533,ACC_0327,149.21,2026-08-09 14:03:00,0,0,29,1.26,pin,kplus_app,0
TX_006262,ACC_0843,ACC_0021,377.52,2026-08-09 14:10:00,1,0,45,0.3,pin,kplus_app,1
TX_000660,ACC_0598,ACC_0165,577.35,2026-08-09 14:12:00,0,0,45,1.42,pin,kplus_app,0
TX_006263,ACC_0843,ACC_0021,63910.74,2026-08-09 14:23:00,0,0,12,11.38,pin,kplus_app,1
TX_005750,ACC_0366,ACC_0270,397.71,2026-08-09 14:33:00,0,0,36,0.25,pin,kplus_app,0
TX_002008,ACC_0376,ACC_1024,605.42,2026-08-09 14:34:00,1,0,55,0.78,pin,kplus_app,0
TX_002519,ACC_1033,ACC_1030,364.57,2026-08-09 14:37:00,1,0,30,0.24,pin,kplus_app,0
TX_006070,ACC_0702,ACC_0000,302.36,2026-08-09 14:43:00,1,0,33,0.3,pin,kplus_app,1
TX_000131,ACC_0757,ACC_0248,528.52,2026-08-09 14:43:00,1,0,54,1.15,pin,kplus_app,0
TX_004469,ACC_0579,ACC_0663,178.12,2026-08-09 14:45:00,0,0,54,0.69,pin,kplus_app,0
TX_005030,ACC_0511,ACC_0065,360.1,2026-08-09 14:52:00,0,0,41,0.12,pin,kplus_app,0
TX_003320,ACC_0748,ACC_0523,3457.54,2026-08-09 14:52:00,0,0,41,0.2,pin,kplus_app,0
TX_003098,ACC_0291,ACC_0880,224.76,2026-08-09 14:53:00,1,1,55,0.29,pin,kplus_app,0
TX_006071,ACC_0702,ACC_0000,20863.67,2026-08-09 14:56:00,0,0,12,12.49,pin,kplus_app,1
TX_001704,ACC_0799,ACC_0719,3741.81,2026-08-09 14:58:00,0,0,42,1.5,pin,kplus_app,0
TX_004408,ACC_0303,ACC_0766,66.68,2026-08-09 15:00:00,0,0,54,0.28,pin,kplus_app,0
TX_002471,ACC_0769,ACC_0869,1549.62,2026-08-09 15:23:00,1,0,27,0.48,pin,kplus_app,0
TX_003892,ACC_0085,ACC_0422,95.99,2026-08-09 15:25:00,1,0,40,0.71,pin,kplus_app,0
TX_000257,ACC_0292,ACC_0486,300.93,2026-08-09 15:32:00,1,0,45,0.34,pin,kplus_app,0
TX_002246,ACC_0702,ACC_0403,585.52,2026-08-09 15:39:00,0,0,51,1.16,pin,kplus_app,0
TX_002017,ACC_0127,ACC_0300,41.58,2026-08-09 15:40:00,1,0,56,0.81,pin,kplus_app,0
TX_001193,ACC_0292,ACC_0573,3122.81,2026-08-09 15:43:00,0,1,42,0.7,pin,kplus_app,0
TX_002423,ACC_0589,ACC_1184,1039.85,2026-08-09 15:50:00,0,1,2,0.61,pin,kplus_app,0
TX_004092,ACC_0173,ACC_0646,532.13,2026-08-09 15:52:00,1,0,50,0.43,pin,kplus_app,0
TX_005840,ACC_0221,ACC_0081,1319.78,2026-08-09 15:53:00,0,0,54,0.82,pin,kplus_app,0
TX_002657,ACC_0377,ACC_0250,912.65,2026-08-09 16:03:00,0,0,41,0.87,pin,kplus_app,0
TX_003006,ACC_0525,ACC_0373,336.47,2026-08-09 16:09:00,0,0,43,1.35,pin,kplus_app,0
TX_005500,ACC_0633,ACC_0942,1126.87,2026-08-09 16:10:00,1,0,37,0.4,pin,kplus_app,0
TX_002003,ACC_0276,ACC_0458,757.91,2026-08-09 16:41:00,0,0,36,1.21,pin,kplus_app,0
TX_005752,ACC_0576,ACC_0662,537.93,2026-08-09 16:41:00,1,0,32,1.27,pin,kplus_app,0
TX_006388,ACC_0024,ACC_0011,59515.81,2026-08-09 16:44:20,1,1,12,8.24,pin,promptpay,1
TX_004995,ACC_1028,ACC_0695,392.39,2026-08-09 16:45:00,0,0,28,0.43,pin,kplus_app,0
TX_003739,ACC_0183,ACC_1049,176.51,2026-08-09 16:45:00,0,0,50,1.35,pin,kplus_app,0
TX_005644,ACC_0091,ACC_0666,716.13,2026-08-09 16:47:00,1,0,57,0.99,pin,kplus_app,0
TX_004060,ACC_1091,ACC_0769,168.67,2026-08-09 16:49:00,0,0,35,1.47,pin,kplus_app,0
TX_005493,ACC_0850,ACC_0146,478.25,2026-08-09 16:49:00,0,0,52,0.19,face_scan,kplus_app,0
TX_000038,ACC_0798,ACC_0812,208.14,2026-08-09 16:54:00,1,0,68,0.9,pin,kplus_app,0
TX_000552,ACC_0087,ACC_0999,147.15,2026-08-09 16:56:00,0,1,43,1.22,pin,kplus_app,0
TX_000767,ACC_1011,ACC_1098,1948.53,2026-08-09 16:59:00,0,0,47,1.16,pin,kplus_app,0
TX_005580,ACC_0860,ACC_1001,1677.15,2026-08-09 17:02:00,1,0,47,0.77,none,kplus_app,0
TX_005804,ACC_1016,ACC_0974,67.52,2026-08-09 17:15:00,0,0,14,0.52,pin,kplus_app,0
TX_002796,ACC_0527,ACC_0076,355.28,2026-08-09 17:29:00,0,0,53,0.38,none,kplus_app,0
TX_005880,ACC_0536,ACC_1012,342.7,2026-08-09 17:38:00,0,0,48,0.33,face_scan,kplus_app,0
TX_001458,ACC_0708,ACC_0473,177.01,2026-08-09 17:39:00,1,0,39,0.76,pin,kplus_app,0
TX_003757,ACC_0880,ACC_1101,275.15,2026-08-09 17:42:00,0,0,36,0.48,pin,kplus_app,0
TX_003538,ACC_0735,ACC_0545,1233.63,2026-08-09 17:50:00,1,0,55,0.47,pin,kplus_app,0
TX_005854,ACC_0778,ACC_0251,290.13,2026-08-09 17:52:00,0,0,33,1.23,pin,kplus_app,0
TX_003254,ACC_0327,ACC_0220,482.24,2026-08-09 17:54:00,0,0,49,0.63,pin,kplus_app,0
TX_005604,ACC_1066,ACC_0754,412.03,2026-08-09 17:56:00,0,0,74,0.2,pin,kplus_app,0
TX_004630,ACC_0873,ACC_0456,210.18,2026-08-09 17:57:00,1,0,60,0.23,pin,kplus_app,0
TX_004225,ACC_0283,ACC_0499,836.55,2026-08-09 18:12:00,0,0,42,0.77,pin,kplus_app,0
TX_001730,ACC_0730,ACC_0804,196.35,2026-08-09 18:13:00,0,0,51,1.45,pin,kplus_app,0
TX_002126,ACC_0283,ACC_0330,1146.67,2026-08-09 18:20:00,1,0,35,1.07,pin,kplus_app,0
TX_004227,ACC_0918,ACC_0240,1593.1,2026-08-09 18:31:00,0,0,31,1.03,pin,kplus_app,0
TX_000985,ACC_0727,ACC_0352,2157.88,2026-08-09 18:34:00,0,0,54,1.28,pin,kplus_app,0
TX_003877,ACC_0274,ACC_0767,239.16,2026-08-09 18:51:00,0,0,29,1.38,pin,kplus_app,0
TX_002808,ACC_1002,ACC_0841,751.62,2026-08-09 18:51:00,0,0,51,1.09,pin,kplus_app,0
TX_004355,ACC_0560,ACC_0939,863.88,2026-08-09 19:07:00,0,0,44,1.23,pin,kplus_app,0
TX_002395,ACC_0624,ACC_0627,362.64,2026-08-09 19:09:00,0,0,34,0.39,pin,kplus_app,0
TX_000209,ACC_0289,ACC_0373,1305.25,2026-08-09 19:13:00,0,0,41,1.4,pin,kplus_app,0
TX_001174,ACC_0309,ACC_0218,1580.48,2026-08-09 19:18:00,0,0,33,0.22,pin,kplus_app,0
TX_002991,ACC_0613,ACC_1008,252.82,2026-08-09 19:21:00,1,0,20,0.76,pin,kplus_app,0
TX_001851,ACC_1132,ACC_0925,694.61,2026-08-09 19:29:00,0,1,42,1.08,pin,kplus_app,0
TX_004347,ACC_0893,ACC_0121,788.54,2026-08-09 19:44:00,0,0,25,0.92,pin,kplus_app,0
TX_002410,ACC_0772,ACC_0749,202.91,2026-08-09 19:45:00,1,0,20,0.99,pin,kplus_app,0
TX_003867,ACC_0447,ACC_0345,207.8,2026-08-09 20:05:00,0,0,33,1.38,pin,kplus_app,0
TX_000780,ACC_0813,ACC_0763,1083.83,2026-08-09 20:07:00,0,0,38,1.24,pin,kplus_app,0
TX_001595,ACC_0542,ACC_0449,676.11,2026-08-09 20:14:00,0,0,44,1.24,face_scan,kplus_app,0
TX_006345,ACC_0045,ACC_0015,31653.68,2026-08-09 20:16:03,1,1,10,6.66,pin,promptpay,1
TX_004251,ACC_0087,ACC_0211,88.91,2026-08-09 20:20:00,0,0,30,0.9,pin,kplus_app,0
TX_002486,ACC_0776,ACC_1195,463.0,2026-08-09 20:22:00,1,0,48,0.48,face_scan,kplus_app,0
TX_004123,ACC_0707,ACC_0986,167.11,2026-08-09 20:29:00,0,0,60,0.58,pin,kplus_app,0
TX_003840,ACC_0130,ACC_0949,422.53,2026-08-09 20:37:00,0,0,63,0.78,pin,kplus_app,0
TX_004514,ACC_0588,ACC_0931,661.76,2026-08-09 20:54:00,1,0,44,0.74,pin,kplus_app,0
TX_005513,ACC_1117,ACC_0982,74.92,2026-08-09 20:54:00,0,0,43,1.11,pin,kplus_app,0
TX_005060,ACC_0973,ACC_0619,299.29,2026-08-09 20:55:00,0,0,38,1.17,pin,kplus_app,0
TX_005122,ACC_0914,ACC_0783,1304.38,2026-08-09 20:58:00,0,0,53,0.65,pin,kplus_app,0
TX_003858,ACC_0085,ACC_0942,352.92,2026-08-09 20:59:00,0,0,26,1.1,pin,kplus_app,0
TX_002262,ACC_0453,ACC_1174,2441.76,2026-08-09 21:16:00,0,0,60,0.24,pin,kplus_app,0
TX_002681,ACC_0310,ACC_0232,716.37,2026-08-09 21:19:00,1,0,39,0.49,pin,kplus_app,0
TX_003761,ACC_0246,ACC_0423,859.78,2026-08-09 21:21:00,1,0,29,1.11,pin,kplus_app,0
TX_003066,ACC_0495,ACC_0777,1272.52,2026-08-09 21:24:00,0,0,41,0.84,pin,kplus_app,0
TX_002431,ACC_1041,ACC_0906,482.11,2026-08-09 21:24:00,1,0,57,1.18,face_scan,kplus_app,0
TX_004944,ACC_0877,ACC_0711,1934.1,2026-08-09 21:25:00,0,0,46,0.76,pin,kplus_app,0
TX_004045,ACC_1166,ACC_0605,659.68,2026-08-09 21:31:00,0,0,57,1.5,pin,kplus_app,0
TX_003017,ACC_0551,ACC_0066,437.71,2026-08-09 21:45:00,0,0,57,1.03,pin,kplus_app,0
TX_001888,ACC_0386,ACC_0986,186.46,2026-08-09 21:48:00,0,0,40,0.87,pin,kplus_app,0
TX_000598,ACC_0322,ACC_0736,1530.5,2026-08-09 21:49:00,1,0,56,1.12,pin,kplus_app,0
TX_002306,ACC_0913,ACC_0841,255.69,2026-08-09 21:52:00,0,0,29,0.83,pin,kplus_app,0
TX_002251,ACC_0177,ACC_0943,402.31,2026-08-09 21:58:00,1,0,37,0.65,pin,kplus_app,0
TX_003047,ACC_0893,ACC_0744,61.29,2026-08-09 22:04:00,0,0,64,0.37,pin,kplus_app,0
TX_002689,ACC_0813,ACC_0153,611.51,2026-08-09 22:04:00,1,0,38,1.21,pin,kplus_app,0
TX_000108,ACC_1112,ACC_0555,67.47,2026-08-09 22:05:00,1,0,60,1.22,pin,kplus_app,0
TX_005436,ACC_0749,ACC_0343,269.61,2026-08-09 22:05:00,0,0,51,0.32,pin,kplus_app,0
TX_001454,ACC_0420,ACC_0825,365.0,2026-08-09 22:05:00,0,0,42,0.94,pin,kplus_app,0
TX_002579,ACC_0338,ACC_0066,48.24,2026-08-09 22:12:00,1,0,59,1.44,pin,kplus_app,0
TX_001032,ACC_1118,ACC_1056,402.52,2026-08-09 22:15:00,1,0,46,0.24,face_scan,kplus_app,0
TX_004276,ACC_0951,ACC_0157,187.76,2026-08-09 22:27:00,0,0,56,0.93,pin,kplus_app,0
TX_005022,ACC_0419,ACC_0200,720.56,2026-08-09 22:35:00,0,0,40,0.83,face_scan,kplus_app,0
TX_002490,ACC_0665,ACC_0904,130.73,2026-08-09 22:40:00,0,0,37,1.22,pin,kplus_app,0
TX_001214,ACC_0988,ACC_0130,100.23,2026-08-09 22:45:00,1,0,51,0.88,pin,kplus_app,0
TX_002099,ACC_0596,ACC_0737,2393.21,2026-08-09 22:49:00,1,0,39,1.21,pin,kplus_app,0
TX_002604,ACC_0353,ACC_0267,1390.17,2026-08-09 23:06:00,0,0,54,0.41,pin,kplus_app,0
TX_004315,ACC_0221,ACC_0723,938.0,2026-08-09 23:06:00,1,0,43,0.14,pin,kplus_app,0
TX_001128,ACC_0188,ACC_0073,959.66,2026-08-09 23:14:00,0,0,43,0.96,pin,kplus_app,0
TX_005979,ACC_0871,ACC_0158,1585.33,2026-08-09 23:18:00,0,0,46,0.73,face_scan,kplus_app,0
TX_004961,ACC_0675,ACC_0778,99.85,2026-08-10 00:02:00,0,0,68,0.94,pin,kplus_app,0
TX_001338,ACC_0708,ACC_0199,278.47,2026-08-10 00:05:00,0,0,41,0.13,pin,kplus_app,0
TX_000457,ACC_1132,ACC_0920,2738.04,2026-08-10 00:10:00,1,0,40,0.59,face_scan,kplus_app,0
TX_004148,ACC_0867,ACC_0511,424.59,2026-08-10 00:13:00,0,0,30,0.68,pin,kplus_app,0
TX_005237,ACC_0555,ACC_0244,217.77,2026-08-10 00:14:00,0,0,55,0.61,pin,kplus_app,0
TX_004604,ACC_0264,ACC_0171,486.55,2026-08-10 00:21:00,1,0,40,0.47,pin,kplus_app,0
TX_000194,ACC_0362,ACC_0406,1732.19,2026-08-10 00:21:00,1,0,42,0.43,pin,kplus_app,0
TX_004676,ACC_0914,ACC_0861,1422.13,2026-08-10 00:30:00,0,0,28,0.54,face_scan,kplus_app,0
TX_000691,ACC_0402,ACC_0260,302.74,2026-08-10 00:31:00,0,0,55,0.85,pin,kplus_app,0
TX_005198,ACC_0634,ACC_0721,267.72,2026-08-10 00:32:00,0,0,49,1.11,pin,kplus_app,0
TX_000946,ACC_0128,ACC_0963,822.17,2026-08-10 00:49:00,1,0,39,0.46,pin,kplus_app,0
TX_000849,ACC_0426,ACC_0570,580.91,2026-08-10 00:55:00,0,0,61,1.35,pin,kplus_app,0
TX_004412,ACC_0338,ACC_0246,471.17,2026-08-10 01:01:00,0,0,62,0.16,none,kplus_app,0
TX_000491,ACC_0214,ACC_0895,373.07,2026-08-10 01:04:00,0,0,46,0.37,pin,kplus_app,0
TX_002278,ACC_0404,ACC_0101,440.72,2026-08-10 01:08:00,0,0,56,0.28,face_scan,kplus_app,0
TX_000693,ACC_0745,ACC_0808,275.61,2026-08-10 01:09:00,1,0,18,1.04,pin,kplus_app,0
TX_002784,ACC_0140,ACC_1092,53.96,2026-08-10 01:09:00,0,0,38,1.02,pin,kplus_app,0
TX_002325,ACC_0729,ACC_1066,1025.11,2026-08-10 01:16:00,0,0,44,0.76,pin,kplus_app,0
TX_005529,ACC_0771,ACC_0225,71.99,2026-08-10 01:24:00,0,0,38,0.94,pin,kplus_app,0
TX_003484,ACC_0153,ACC_1140,172.38,2026-08-10 01:26:00,1,0,38,0.78,pin,kplus_app,0
TX_002253,ACC_0493,ACC_0412,94.86,2026-08-10 01:26:00,1,0,53,0.1,pin,kplus_app,0
TX_003811,ACC_0108,ACC_1080,583.36,2026-08-10 01:44:00,0,0,54,0.54,pin,kplus_app,0
TX_000708,ACC_0849,ACC_0383,405.59,2026-08-10 01:45:00,1,0,25,1.24,pin,kplus_app,0
TX_002699,ACC_0974,ACC_1124,568.62,2026-08-10 02:02:00,1,0,48,0.15,pin,kplus_app,0
TX_000601,ACC_0883,ACC_0238,335.42,2026-08-10 02:05:00,1,0,48,1.48,pin,kplus_app,0
TX_003436,ACC_1150,ACC_0604,3588.07,2026-08-10 02:06:00,0,0,43,1.41,pin,kplus_app,0
TX_001235,ACC_0398,ACC_0319,103.41,2026-08-10 02:26:00,0,0,40,1.29,face_scan,kplus_app,0
TX_000287,ACC_1128,ACC_0521,149.77,2026-08-10 02:32:00,0,0,38,0.93,pin,kplus_app,0
TX_003510,ACC_1121,ACC_0192,533.37,2026-08-10 02:42:00,0,0,72,0.88,pin,kplus_app,0
TX_004729,ACC_0160,ACC_0762,669.43,2026-08-10 02:43:00,0,1,34,0.52,pin,kplus_app,0
TX_002835,ACC_0486,ACC_0082,158.33,2026-08-10 02:48:00,0,0,40,0.63,pin,kplus_app,0
TX_001058,ACC_1122,ACC_0404,706.09,2026-08-10 02:51:00,1,0,51,1.36,face_scan,kplus_app,0
TX_003285,ACC_1106,ACC_0209,152.64,2026-08-10 03:00:00,1,0,35,0.54,pin,kplus_app,0
TX_000676,ACC_0118,ACC_0119,689.34,2026-08-10 03:03:00,1,0,69,1.19,pin,kplus_app,0
TX_005574,ACC_0513,ACC_0480,110.35,2026-08-10 03:12:00,1,0,24,0.85,pin,kplus_app,0
TX_004882,ACC_0264,ACC_0902,454.59,2026-08-10 03:25:00,1,0,51,0.14,none,kplus_app,0
TX_005392,ACC_0763,ACC_1195,618.89,2026-08-10 03:34:00,0,0,33,1.34,pin,kplus_app,0
TX_002978,ACC_0315,ACC_1074,202.85,2026-08-10 03:35:00,0,0,46,0.43,pin,kplus_app,0
TX_001674,ACC_0119,ACC_0555,108.39,2026-08-10 03:40:00,0,0,61,0.67,pin,kplus_app,0
TX_002582,ACC_0707,ACC_0254,980.41,2026-08-10 03:42:00,1,0,35,0.15,pin,kplus_app,0
TX_004978,ACC_1016,ACC_0445,1480.4,2026-08-10 03:57:00,0,0,26,0.38,none,kplus_app,0
TX_005542,ACC_0810,ACC_0647,726.19,2026-08-10 04:03:00,1,0,51,0.14,face_scan,kplus_app,0
TX_006144,ACC_1119,ACC_0052,242.2,2026-08-10 04:12:00,1,0,43,0.3,pin,kplus_app,1
TX_001209,ACC_0073,ACC_0445,536.91,2026-08-10 04:15:00,0,0,42,0.11,pin,kplus_app,0
TX_002212,ACC_0696,ACC_0111,419.81,2026-08-10 04:15:00,0,0,45,1.48,face_scan,kplus_app,0
TX_006145,ACC_1119,ACC_0052,19203.09,2026-08-10 04:25:00,0,0,350,14.86,pin,kplus_app,1
TX_001924,ACC_0873,ACC_0626,612.23,2026-08-10 04:26:00,0,0,58,1.19,face_scan,kplus_app,0
TX_000123,ACC_0289,ACC_0712,43.25,2026-08-10 04:30:00,1,0,33,1.03,pin,kplus_app,0
TX_002539,ACC_0491,ACC_1195,90.32,2026-08-10 04:43:00,0,0,20,0.48,pin,kplus_app,0
TX_001720,ACC_0766,ACC_0979,2282.03,2026-08-10 04:45:00,0,0,60,0.99,pin,kplus_app,0
TX_005165,ACC_0648,ACC_1027,734.14,2026-08-10 04:45:00,0,0,42,0.64,pin,kplus_app,0
TX_003879,ACC_0965,ACC_0687,65.04,2026-08-10 05:03:00,0,0,60,0.78,pin,kplus_app,0
TX_000921,ACC_0708,ACC_0602,396.13,2026-08-10 05:09:00,0,0,36,0.76,pin,kplus_app,0
TX_004820,ACC_0473,ACC_0064,93.25,2026-08-10 05:14:00,0,0,46,1.21,pin,kplus_app,0
TX_001360,ACC_0943,ACC_0819,1564.51,2026-08-10 05:19:00,0,0,39,0.94,pin,kplus_app,0
TX_004596,ACC_0641,ACC_0284,116.85,2026-08-10 05:23:00,0,0,39,0.38,pin,kplus_app,0
TX_005805,ACC_0095,ACC_0514,72.27,2026-08-10 05:42:00,0,0,41,1.23,face_scan,kplus_app,0
TX_004830,ACC_0088,ACC_0634,3717.6,2026-08-10 05:46:00,0,0,38,0.61,pin,kplus_app,0
TX_004822,ACC_0936,ACC_0283,400.42,2026-08-10 05:56:00,1,0,44,0.49,face_scan,kplus_app,0
TX_003372,ACC_1080,ACC_1101,357.13,2026-08-10 06:07:00,1,0,37,1.02,pin,kplus_app,0
TX_002627,ACC_0867,ACC_1025,1332.61,2026-08-10 06:10:00,0,0,50,0.28,face_scan,kplus_app,0
TX_001971,ACC_0110,ACC_0511,734.89,2026-08-10 06:10:00,0,0,40,0.7,pin,kplus_app,0
TX_005709,ACC_0921,ACC_1122,157.72,2026-08-10 06:45:00,1,0,45,1.39,pin,kplus_app,0
TX_006276,ACC_0260,ACC_0024,247.05,2026-08-10 06:48:00,1,0,39,0.3,pin,kplus_app,1
TX_006277,ACC_0260,ACC_0024,58080.64,2026-08-10 07:00:00,0,0,350,13.21,pin,kplus_app,1
TX_000681,ACC_0061,ACC_0873,1270.29,2026-08-10 07:04:00,0,0,44,0.66,pin,kplus_app,0
TX_003477,ACC_1103,ACC_0578,1499.64,2026-08-10 07:10:00,0,0,46,0.85,pin,kplus_app,0
TX_003985,ACC_0855,ACC_1035,70.92,2026-08-10 07:24:00,0,0,47,1.17,pin,kplus_app,0
TX_000341,ACC_0151,ACC_0918,1396.97,2026-08-10 08:05:00,0,0,75,0.36,pin,kplus_app,0
TX_002483,ACC_0150,ACC_0446,91.41,2026-08-10 08:06:00,0,0,20,1.07,pin,kplus_app,0
TX_004043,ACC_0328,ACC_0436,189.72,2026-08-10 08:27:00,0,1,54,0.29,pin,kplus_app,0
TX_001420,ACC_0499,ACC_0962,574.32,2026-08-10 08:30:00,1,0,49,0.16,pin,kplus_app,0
TX_002592,ACC_0817,ACC_0511,366.34,2026-08-10 08:53:00,0,0,46,0.12,pin,kplus_app,0
TX_000330,ACC_0514,ACC_0522,447.68,2026-08-10 09:07:00,0,0,77,0.9,pin,kplus_app,0
TX_002980,ACC_0628,ACC_0813,2820.05,2026-08-10 09:08:00,0,0,55,0.67,pin,kplus_app,0
TX_002075,ACC_0661,ACC_0634,277.56,2026-08-10 09:14:00,0,0,48,0.19,pin,kplus_app,0
TX_002049,ACC_1121,ACC_0853,1964.4,2026-08-10 09:40:00,1,0,54,0.76,pin,kplus_app,0
TX_002683,ACC_0668,ACC_0807,2538.83,2026-08-10 09:41:00,1,0,57,0.94,pin,kplus_app,0
TX_003544,ACC_0745,ACC_0784,347.18,2026-08-10 09:41:00,1,0,39,0.9,pin,kplus_app,0
TX_005352,ACC_0535,ACC_0379,1233.17,2026-08-10 09:43:00,0,1,42,0.16,pin,kplus_app,0
TX_000786,ACC_0173,ACC_0968,343.1,2026-08-10 09:43:00,0,0,43,0.21,pin,kplus_app,0
TX_002296,ACC_1020,ACC_0268,892.98,2026-08-10 09:59:00,0,0,49,1.39,pin,kplus_app,0
TX_003267,ACC_0063,ACC_0434,1181.99,2026-08-10 10:04:00,0,0,30,0.14,pin,kplus_app,0
TX_002429,ACC_1048,ACC_1125,392.81,2026-08-10 10:07:00,0,0,51,0.47,pin,kplus_app,0
TX_000472,ACC_0409,ACC_1194,66.94,2026-08-10 10:11:00,1,0,49,0.86,pin,kplus_app,0
TX_000039,ACC_0843,ACC_0739,823.17,2026-08-10 10:16:00,0,0,80,1.36,pin,kplus_app,0
TX_003546,ACC_0654,ACC_0066,226.85,2026-08-10 10:21:00,0,0,60,0.5,pin,kplus_app,0
TX_005244,ACC_0892,ACC_0342,81.78,2026-08-10 10:27:00,1,0,49,0.63,pin,kplus_app,0
TX_001030,ACC_1191,ACC_0086,785.14,2026-08-10 10:32:00,0,0,67,0.79,pin,kplus_app,0
TX_000096,ACC_0351,ACC_0992,310.74,2026-08-10 10:46:00,0,0,46,0.52,pin,kplus_app,0
TX_002177,ACC_0773,ACC_1173,377.47,2026-08-10 10:53:00,1,0,45,1.3,pin,kplus_app,0
TX_001939,ACC_1017,ACC_0881,106.35,2026-08-10 10:58:00,1,0,76,1.22,pin,kplus_app,0
TX_002453,ACC_0635,ACC_0578,76.92,2026-08-10 11:04:00,0,0,29,0.22,pin,kplus_app,0
TX_002039,ACC_0184,ACC_0396,347.64,2026-08-10 11:05:00,0,0,39,1.1,pin,kplus_app,0
TX_005090,ACC_0290,ACC_0655,393.24,2026-08-10 11:14:00,0,0,52,1.39,face_scan,kplus_app,0
TX_004896,ACC_0698,ACC_0341,1367.5,2026-08-10 11:23:00,0,0,38,0.83,pin,kplus_app,0
TX_001616,ACC_0476,ACC_0169,697.78,2026-08-10 11:34:00,0,0,55,0.14,pin,kplus_app,0
TX_000962,ACC_0364,ACC_0948,258.25,2026-08-10 11:35:00,0,0,63,0.32,pin,kplus_app,0
TX_003910,ACC_0963,ACC_0315,873.54,2026-08-10 12:02:00,1,0,36,1.05,pin,kplus_app,0
TX_003108,ACC_0319,ACC_0183,507.79,2026-08-10 12:16:00,1,0,63,0.96,pin,kplus_app,0
TX_000159,ACC_0688,ACC_0185,224.82,2026-08-10 12:20:00,1,0,50,1.36,face_scan,kplus_app,0
TX_003639,ACC_0970,ACC_0072,1495.2,2026-08-10 12:21:00,0,0,21,0.28,pin,kplus_app,0
TX_004286,ACC_0907,ACC_1196,3505.89,2026-08-10 12:30:00,1,0,39,1.12,face_scan,kplus_app,0
TX_001492,ACC_0716,ACC_0092,993.19,2026-08-10 12:33:00,1,0,48,1.23,pin,kplus_app,0
TX_005955,ACC_0559,ACC_0686,3759.7,2026-08-10 12:40:00,1,0,14,1.31,pin,kplus_app,0
TX_005693,ACC_0748,ACC_0816,1586.18,2026-08-10 12:41:00,0,0,43,0.89,pin,kplus_app,0
TX_005014,ACC_0116,ACC_0140,1098.42,2026-08-10 12:45:00,0,0,30,1.34,pin,kplus_app,0
TX_001748,ACC_0082,ACC_0228,269.92,2026-08-10 12:53:00,0,0,35,1.2,pin,kplus_app,0
TX_000214,ACC_0529,ACC_1189,372.76,2026-08-10 13:16:00,1,0,54,0.25,pin,kplus_app,0
TX_001378,ACC_1053,ACC_1181,1424.46,2026-08-10 13:16:00,1,0,40,1.15,pin,kplus_app,0
TX_002054,ACC_1040,ACC_0271,47.64,2026-08-10 13:21:00,0,0,23,0.46,pin,kplus_app,0
TX_003986,ACC_1001,ACC_0595,365.14,2026-08-10 13:27:00,0,0,37,0.93,face_scan,kplus_app,0
TX_004836,ACC_0720,ACC_0847,72.14,2026-08-10 13:33:00,0,0,24,1.26,pin,kplus_app,0
TX_005614,ACC_0713,ACC_0478,1295.35,2026-08-10 13:36:00,0,0,52,0.51,pin,kplus_app,0
TX_006136,ACC_0298,ACC_0040,285.04,2026-08-10 13:44:00,1,0,36,0.3,pin,kplus_app,1
TX_002234,ACC_0696,ACC_0968,189.5,2026-08-10 13:49:00,1,0,48,1.12,pin,kplus_app,0
TX_002382,ACC_0193,ACC_0905,872.53,2026-08-10 13:51:00,1,0,58,1.13,pin,kplus_app,0
TX_006137,ACC_0298,ACC_0040,60195.79,2026-08-10 13:57:00,0,0,12,11.24,pin,kplus_app,1
TX_002460,ACC_0339,ACC_0569,54.6,2026-08-10 14:10:00,0,0,49,0.81,pin,kplus_app,0
TX_001665,ACC_0350,ACC_1071,436.78,2026-08-10 14:19:00,1,0,79,0.21,pin,kplus_app,0
TX_005344,ACC_0728,ACC_0644,88.65,2026-08-10 14:29:00,1,0,48,0.19,pin,kplus_app,0
TX_002814,ACC_0703,ACC_0882,423.34,2026-08-10 14:33:00,0,0,50,0.69,pin,kplus_app,0
TX_001601,ACC_0073,ACC_0298,248.04,2026-08-10 14:48:00,1,0,24,1.25,pin,kplus_app,0
TX_001190,ACC_0810,ACC_0289,60.32,2026-08-10 14:58:00,0,0,45,0.58,face_scan,kplus_app,0
TX_000836,ACC_0113,ACC_1019,387.66,2026-08-10 15:02:00,1,0,56,0.43,pin,kplus_app,0
TX_003911,ACC_0061,ACC_1177,1116.68,2026-08-10 15:04:00,0,0,55,0.55,pin,kplus_app,0
TX_005499,ACC_1066,ACC_0204,92.47,2026-08-10 15:14:00,1,0,52,0.61,face_scan,kplus_app,0
TX_001935,ACC_0177,ACC_0108,298.64,2026-08-10 15:25:00,0,0,47,0.2,pin,kplus_app,0
TX_004083,ACC_0660,ACC_0667,156.01,2026-08-10 15:30:00,0,0,47,0.99,pin,kplus_app,0
TX_004959,ACC_1169,ACC_0476,904.84,2026-08-10 15:36:00,1,0,47,0.47,pin,kplus_app,0
TX_004724,ACC_1060,ACC_0146,336.97,2026-08-10 15:46:00,0,0,43,0.4,pin,kplus_app,0
TX_001167,ACC_0755,ACC_0855,803.24,2026-08-10 16:01:00,0,0,51,0.21,pin,kplus_app,0
TX_005943,ACC_0694,ACC_1052,306.56,2026-08-10 16:12:00,1,0,24,0.48,face_scan,kplus_app,0
TX_000788,ACC_0867,ACC_0345,749.92,2026-08-10 16:19:00,0,0,31,0.98,face_scan,kplus_app,0
TX_000737,ACC_0951,ACC_1192,199.4,2026-08-10 16:24:00,1,0,38,0.82,pin,kplus_app,0
TX_005909,ACC_0757,ACC_0684,289.81,2026-08-10 16:29:00,0,0,55,0.91,pin,kplus_app,0
TX_001728,ACC_0351,ACC_0906,959.33,2026-08-10 16:42:00,1,0,52,0.64,pin,kplus_app,0
TX_001941,ACC_0481,ACC_0062,401.26,2026-08-10 16:46:00,1,0,27,0.39,pin,kplus_app,0
TX_003323,ACC_1122,ACC_0095,326.98,2026-08-10 16:52:00,0,0,58,0.44,pin,kplus_app,0
TX_001772,ACC_0198,ACC_0922,335.78,2026-08-10 16:54:00,0,0,36,0.66,pin,kplus_app,0
TX_000063,ACC_0806,ACC_0269,106.47,2026-08-10 16:57:00,1,0,46,0.52,pin,kplus_app,0
TX_006164,ACC_0211,ACC_0030,255.68,2026-08-10 17:01:00,1,0,33,0.3,pin,kplus_app,1
TX_004433,ACC_0094,ACC_0080,2099.58,2026-08-10 17:08:00,1,1,56,1.14,pin,kplus_app,0
TX_006165,ACC_0211,ACC_0030,42110.57,2026-08-10 17:14:00,0,0,350,24.99,pin,kplus_app,1
TX_005658,ACC_0987,ACC_0822,988.11,2026-08-10 17:16:00,0,0,40,0.86,pin,kplus_app,0
TX_002100,ACC_0300,ACC_1173,624.8,2026-08-10 17:35:00,0,0,67,1.34,face_scan,kplus_app,0
TX_000545,ACC_1081,ACC_0063,1244.94,2026-08-10 17:39:00,1,0,52,1.11,pin,kplus_app,0
TX_003569,ACC_0359,ACC_0423,44.05,2026-08-10 17:41:00,0,0,54,0.26,pin,kplus_app,0
TX_003696,ACC_0823,ACC_1018,284.74,2026-08-10 17:48:00,0,0,48,1.11,pin,kplus_app,0
TX_005138,ACC_1141,ACC_0311,46.12,2026-08-10 17:50:00,1,0,20,1.46,pin,kplus_app,0
TX_005432,ACC_0936,ACC_0537,90.96,2026-08-10 17:51:00,0,0,62,1.38,pin,kplus_app,0
TX_005143,ACC_0354,ACC_0556,340.49,2026-08-10 17:57:00,1,0,45,1.1,pin,kplus_app,0
TX_000602,ACC_1064,ACC_0627,414.29,2026-08-10 17:58:00,0,0,53,0.61,pin,kplus_app,0
TX_004823,ACC_0106,ACC_0559,493.66,2026-08-10 18:09:00,0,0,64,0.24,pin,kplus_app,0
TX_005831,ACC_0574,ACC_0958,384.01,2026-08-10 18:10:00,0,0,24,1.47,pin,kplus_app,0
TX_001486,ACC_0158,ACC_0465,166.41,2026-08-10 18:14:00,0,0,34,0.13,pin,kplus_app,0
TX_005703,ACC_1063,ACC_1022,1498.13,2026-08-10 18:17:00,0,0,54,0.85,pin,kplus_app,0
TX_003310,ACC_0418,ACC_1107,305.39,2026-08-10 18:18:00,1,0,34,0.75,pin,kplus_app,0
TX_002211,ACC_0829,ACC_0552,573.7,2026-08-10 18:19:00,0,0,46,1.17,pin,kplus_app,0
TX_005922,ACC_0623,ACC_1149,2378.64,2026-08-10 18:20:00,0,0,26,0.11,pin,kplus_app,0
TX_005714,ACC_0203,ACC_0116,361.4,2026-08-10 18:26:00,1,0,37,0.15,none,kplus_app,0
TX_003212,ACC_0884,ACC_0342,736.0,2026-08-10 18:31:00,0,0,49,1.01,pin,kplus_app,0
TX_004713,ACC_0227,ACC_1018,377.0,2026-08-10 18:31:00,0,0,40,1.33,pin,kplus_app,0
TX_005481,ACC_0960,ACC_0759,414.97,2026-08-10 18:32:00,0,0,37,1.2,pin,kplus_app,0
TX_005254,ACC_1009,ACC_1077,252.99,2026-08-10 18:37:00,0,0,32,0.97,pin,kplus_app,0
TX_002321,ACC_0353,ACC_0487,674.24,2026-08-10 19:22:00,0,0,39,0.73,pin,kplus_app,0
TX_005825,ACC_0506,ACC_0682,346.85,2026-08-10 19:31:00,0,0,47,1.0,pin,kplus_app,0
TX_005847,ACC_0775,ACC_0639,73.36,2026-08-10 19:43:00,0,0,42,0.32,pin,kplus_app,0
TX_005306,ACC_0515,ACC_0981,209.93,2026-08-10 19:44:00,0,0,68,0.14,face_scan,kplus_app,0
TX_003020,ACC_0404,ACC_0207,1520.37,2026-08-10 19:45:00,0,0,37,1.42,pin,kplus_app,0
TX_004945,ACC_1048,ACC_0833,109.5,2026-08-10 20:16:00,0,0,51,0.74,pin,kplus_app,0
TX_004788,ACC_0979,ACC_0747,2117.7,2026-08-10 20:19:00,1,0,45,0.35,pin,kplus_app,0
TX_000328,ACC_0874,ACC_1034,259.45,2026-08-10 20:23:00,0,0,47,1.19,pin,kplus_app,0
TX_005255,ACC_0830,ACC_0886,454.03,2026-08-10 20:24:00,1,0,51,0.75,pin,kplus_app,0
TX_000697,ACC_0688,ACC_1179,705.91,2026-08-10 20:41:00,1,0,43,0.66,pin,kplus_app,0
TX_004653,ACC_0947,ACC_0573,427.31,2026-08-10 20:46:00,0,0,42,0.97,face_scan,kplus_app,0
TX_002270,ACC_0064,ACC_0677,650.55,2026-08-10 20:51:00,1,0,44,0.4,pin,kplus_app,0
TX_001881,ACC_1106,ACC_0958,55.58,2026-08-10 20:53:00,0,0,30,0.69,pin,kplus_app,0
TX_003637,ACC_0139,ACC_0357,332.59,2026-08-10 20:54:00,1,0,28,1.22,pin,kplus_app,0
TX_003103,ACC_0811,ACC_0653,905.84,2026-08-10 21:02:00,0,1,59,0.92,pin,kplus_app,0
TX_005360,ACC_0376,ACC_1005,1397.51,2026-08-10 21:08:00,0,0,35,1.15,pin,kplus_app,0
TX_004187,ACC_0668,ACC_0907,711.21,2026-08-10 21:10:00,0,0,87,0.92,pin,kplus_app,0
TX_005393,ACC_0375,ACC_0476,2273.69,2026-08-10 21:27:00,0,0,46,1.43,pin,kplus_app,0
TX_002157,ACC_0869,ACC_0519,1709.13,2026-08-10 21:27:00,0,0,58,0.84,pin,kplus_app,0
TX_000939,ACC_0213,ACC_0699,577.63,2026-08-10 21:33:00,0,0,43,1.26,pin,kplus_app,0
TX_001509,ACC_1066,ACC_0370,790.47,2026-08-10 21:38:00,1,0,30,0.82,pin,kplus_app,0
TX_004164,ACC_0122,ACC_1057,482.94,2026-08-10 21:42:00,0,0,38,1.25,pin,kplus_app,0
TX_004555,ACC_0977,ACC_0541,121.11,2026-08-10 21:43:00,1,0,51,1.36,pin,kplus_app,0
TX_005836,ACC_0736,ACC_0650,524.93,2026-08-10 21:44:00,1,0,58,0.57,pin,kplus_app,0
TX_000059,ACC_0338,ACC_0862,999.5,2026-08-10 21:55:00,0,0,27,1.46,pin,kplus_app,0
TX_004069,ACC_0150,ACC_0560,660.21,2026-08-10 21:57:00,0,0,55,0.64,pin,kplus_app,0
TX_001531,ACC_1062,ACC_1065,146.66,2026-08-10 22:21:00,1,0,43,1.26,face_scan,kplus_app,0
TX_002571,ACC_0643,ACC_0731,2270.17,2026-08-10 22:22:00,1,0,45,0.83,pin,kplus_app,0
TX_003463,ACC_1010,ACC_0578,977.52,2026-08-10 22:32:00,0,0,49,0.36,pin,kplus_app,0
TX_006357,ACC_0002,ACC_0005,36282.16,2026-08-10 22:32:59,1,1,11,14.15,pin,promptpay,1
TX_003097,ACC_0767,ACC_0790,1660.04,2026-08-10 22:36:00,1,0,41,0.22,pin,kplus_app,0
TX_001839,ACC_0079,ACC_0502,752.98,2026-08-10 22:49:00,0,0,51,0.88,pin,kplus_app,0
TX_000998,ACC_0659,ACC_0993,116.87,2026-08-10 23:01:00,0,0,54,0.44,face_scan,kplus_app,0
TX_005860,ACC_0840,ACC_0995,498.52,2026-08-10 23:03:00,0,0,36,0.15,pin,kplus_app,0
TX_001821,ACC_0128,ACC_1158,397.02,2026-08-10 23:07:00,0,0,45,1.23,pin,kplus_app,0
TX_000969,ACC_1003,ACC_0254,1719.21,2026-08-10 23:19:00,1,0,38,0.96,pin,kplus_app,0
TX_004626,ACC_0372,ACC_0616,1474.41,2026-08-10 23:20:00,0,0,45,0.58,pin,kplus_app,0
TX_005072,ACC_1054,ACC_0132,108.56,2026-08-10 23:23:00,1,0,51,1.05,pin,kplus_app,0
TX_003962,ACC_0550,ACC_0069,306.2,2026-08-10 23:25:00,1,0,34,0.96,pin,kplus_app,0
TX_001222,ACC_0759,ACC_0946,161.39,2026-08-10 23:28:00,0,0,54,1.25,face_scan,kplus_app,0
TX_005134,ACC_0442,ACC_1170,128.05,2026-08-10 23:44:00,1,0,42,0.18,pin,kplus_app,0
TX_001142,ACC_0966,ACC_1071,903.31,2026-08-10 23:46:00,0,0,55,0.66,pin,kplus_app,0
TX_004186,ACC_1168,ACC_1116,128.57,2026-08-11 00:02:00,0,1,18,1.03,pin,kplus_app,0
TX_005184,ACC_0761,ACC_0601,551.23,2026-08-11 00:05:00,0,0,20,0.44,pin,kplus_app,0
TX_006072,ACC_0307,ACC_0032,323.11,2026-08-11 00:11:00,1,0,35,0.3,pin,kplus_app,1
TX_004546,ACC_0219,ACC_1076,638.81,2026-08-11 00:12:00,0,0,51,0.29,pin,kplus_app,0
TX_001212,ACC_0235,ACC_0970,418.64,2026-08-11 00:19:00,1,0,65,0.8,face_scan,kplus_app,0
TX_006073,ACC_0307,ACC_0032,58454.51,2026-08-11 00:24:00,0,0,350,12.52,pin,kplus_app,1
TX_002728,ACC_0356,ACC_0490,3560.45,2026-08-11 00:27:00,1,0,34,0.88,face_scan,kplus_app,0
TX_004910,ACC_0859,ACC_0208,1094.28,2026-08-11 00:35:00,0,0,53,0.12,pin,kplus_app,0
TX_004543,ACC_1199,ACC_1005,98.13,2026-08-11 00:37:00,1,0,38,1.14,pin,kplus_app,0
TX_002106,ACC_0341,ACC_0603,325.9,2026-08-11 00:52:00,0,0,56,0.65,pin,kplus_app,0
TX_000783,ACC_0642,ACC_0532,1775.17,2026-08-11 01:02:00,0,0,30,0.99,pin,kplus_app,0
TX_002432,ACC_0875,ACC_0342,1824.17,2026-08-11 01:07:00,1,0,51,1.47,pin,kplus_app,0
TX_005061,ACC_0876,ACC_1036,88.06,2026-08-11 01:08:00,0,0,29,0.49,pin,kplus_app,0
TX_001777,ACC_1101,ACC_1023,172.9,2026-08-11 01:14:00,1,0,50,1.17,pin,kplus_app,0
TX_002967,ACC_0582,ACC_0844,105.49,2026-08-11 01:19:00,1,0,37,0.15,pin,kplus_app,0
TX_001760,ACC_0735,ACC_0095,160.71,2026-08-11 01:24:00,1,0,61,1.35,pin,kplus_app,0
TX_000892,ACC_0291,ACC_0752,341.04,2026-08-11 01:30:00,0,0,47,1.2,pin,kplus_app,0
TX_001849,ACC_1139,ACC_0873,530.7,2026-08-11 01:34:00,0,0,69,1.47,face_scan,kplus_app,0
TX_000665,ACC_1018,ACC_0954,77.46,2026-08-11 01:37:00,1,0,38,0.4,pin,kplus_app,0
TX_004221,ACC_0536,ACC_0434,385.42,2026-08-11 01:40:00,0,0,51,1.22,pin,kplus_app,0
TX_000599,ACC_1044,ACC_0316,201.52,2026-08-11 01:44:00,0,0,44,0.56,none,kplus_app,0
TX_001680,ACC_0731,ACC_0938,628.12,2026-08-11 02:08:00,0,0,41,0.88,pin,kplus_app,0
TX_005363,ACC_1058,ACC_0459,1389.83,2026-08-11 02:10:00,1,0,71,1.21,pin,kplus_app,0
TX_000266,ACC_0407,ACC_0432,583.59,2026-08-11 02:31:00,1,0,27,1.18,pin,kplus_app,0
TX_002162,ACC_0820,ACC_0123,577.78,2026-08-11 02:31:00,1,0,33,1.25,face_scan,kplus_app,0
TX_004442,ACC_0189,ACC_1023,241.56,2026-08-11 02:32:00,0,0,50,0.57,pin,kplus_app,0
TX_001567,ACC_0248,ACC_0333,184.21,2026-08-11 02:50:00,0,0,56,0.73,pin,kplus_app,0
TX_000082,ACC_0896,ACC_0512,377.84,2026-08-11 02:55:00,0,0,18,0.58,pin,kplus_app,0
TX_006366,ACC_0036,ACC_0002,34038.06,2026-08-11 03:01:10,1,1,19,14.21,pin,promptpay,1
TX_005589,ACC_0067,ACC_0528,729.43,2026-08-11 03:06:00,1,0,30,1.03,pin,kplus_app,0
TX_003794,ACC_0064,ACC_0303,633.18,2026-08-11 03:16:00,0,0,42,0.7,pin,kplus_app,0
TX_003351,ACC_0673,ACC_0539,462.7,2026-08-11 03:28:00,0,0,35,0.69,face_scan,kplus_app,0
TX_005992,ACC_0701,ACC_0763,3674.87,2026-08-11 03:40:00,0,0,33,1.42,face_scan,kplus_app,0
TX_002903,ACC_0399,ACC_0800,157.05,2026-08-11 03:53:00,1,0,32,1.34,pin,kplus_app,0
TX_001784,ACC_0541,ACC_0779,234.69,2026-08-11 04:17:00,0,0,54,0.77,face_scan,kplus_app,0
TX_000652,ACC_0696,ACC_0671,238.64,2026-08-11 04:19:00,0,1,36,1.32,pin,kplus_app,0
TX_000657,ACC_1186,ACC_0300,1462.04,2026-08-11 04:22:00,1,0,61,0.24,pin,kplus_app,0
TX_002752,ACC_1125,ACC_0839,2215.28,2026-08-11 04:23:00,0,0,41,0.22,pin,kplus_app,0
TX_002596,ACC_0845,ACC_0834,226.63,2026-08-11 04:36:00,0,0,27,0.25,pin,kplus_app,0
TX_005786,ACC_0603,ACC_0957,544.96,2026-08-11 04:40:00,0,0,39,1.14,pin,kplus_app,0
TX_003034,ACC_0579,ACC_0760,279.18,2026-08-11 04:46:00,0,0,49,1.31,pin,kplus_app,0
TX_002027,ACC_0818,ACC_0333,853.91,2026-08-11 04:54:00,0,0,48,0.72,pin,kplus_app,0
TX_004468,ACC_1054,ACC_1046,373.16,2026-08-11 04:55:00,1,0,23,1.26,pin,kplus_app,0
TX_001672,ACC_0949,ACC_0244,1300.64,2026-08-11 04:58:00,1,0,56,1.15,pin,kplus_app,0
TX_005945,ACC_0636,ACC_1171,559.48,2026-08-11 05:02:00,0,0,25,1.39,pin,kplus_app,0
TX_005223,ACC_0264,ACC_0206,89.8,2026-08-11 05:07:00,0,0,70,0.63,pin,kplus_app,0
TX_005600,ACC_0173,ACC_0349,1303.06,2026-08-11 05:20:00,0,0,36,0.2,pin,kplus_app,0
TX_001725,ACC_1112,ACC_0195,354.99,2026-08-11 05:23:00,0,0,34,0.63,pin,kplus_app,0
TX_005954,ACC_1100,ACC_1051,398.89,2026-08-11 05:31:00,0,0,50,0.17,pin,kplus_app,0
TX_004119,ACC_0429,ACC_1142,436.95,2026-08-11 05:38:00,1,0,21,1.09,pin,kplus_app,0
TX_005280,ACC_0714,ACC_0828,903.02,2026-08-11 05:44:00,0,0,17,0.28,face_scan,kplus_app,0
TX_005208,ACC_0942,ACC_0692,412.57,2026-08-11 05:51:00,1,0,40,1.38,pin,kplus_app,0
TX_001178,ACC_0850,ACC_0343,3084.67,2026-08-11 06:01:00,0,0,37,0.63,pin,kplus_app,0
TX_002478,ACC_0127,ACC_0133,642.27,2026-08-11 06:08:00,1,0,30,1.35,pin,kplus_app,0
TX_002316,ACC_0192,ACC_0137,235.89,2026-08-11 06:12:00,0,0,35,0.2,pin,kplus_app,0
TX_004505,ACC_1058,ACC_0436,262.82,2026-08-11 06:13:00,0,0,33,0.35,pin,kplus_app,0
TX_002590,ACC_0447,ACC_0338,837.72,2026-08-11 06:17:00,1,0,39,1.36,pin,kplus_app,0
TX_005470,ACC_0136,ACC_0727,369.24,2026-08-11 06:17:00,0,0,26,0.98,pin,kplus_app,0
TX_001054,ACC_0620,ACC_0078,588.94,2026-08-11 06:18:00,0,1,59,0.4,pin,kplus_app,0
TX_000088,ACC_0874,ACC_1098,4052.95,2026-08-11 06:43:00,0,0,65,0.97,pin,kplus_app,0
TX_005380,ACC_0890,ACC_0923,847.71,2026-08-11 06:44:00,0,0,33,0.43,face_scan,kplus_app,0
TX_002639,ACC_0575,ACC_0322,75.02,2026-08-11 06:54:00,0,0,43,1.41,pin,kplus_app,0
TX_006226,ACC_0360,ACC_0014,300.89,2026-08-11 07:00:00,1,0,40,0.3,pin,kplus_app,1
TX_002295,ACC_1100,ACC_0295,1502.32,2026-08-11 07:01:00,0,0,73,0.94,pin,kplus_app,0
TX_001686,ACC_1059,ACC_0414,106.43,2026-08-11 07:03:00,0,0,50,1.3,pin,kplus_app,0
TX_003919,ACC_0221,ACC_0340,546.52,2026-08-11 07:05:00,0,1,48,0.53,pin,kplus_app,0
TX_003834,ACC_0192,ACC_0770,54.4,2026-08-11 07:09:00,1,0,38,1.38,face_scan,kplus_app,0
TX_006227,ACC_0360,ACC_0014,33342.12,2026-08-11 07:13:00,0,0,350,15.09,pin,kplus_app,1
TX_004377,ACC_0809,ACC_0083,142.03,2026-08-11 07:18:00,0,0,54,0.72,pin,kplus_app,0
TX_002324,ACC_1076,ACC_0071,646.83,2026-08-11 07:24:00,0,0,41,1.3,pin,kplus_app,0
TX_000877,ACC_0170,ACC_1177,698.8,2026-08-11 07:30:00,0,0,59,1.18,pin,kplus_app,0
TX_005617,ACC_1065,ACC_0258,206.49,2026-08-11 07:44:00,0,0,38,0.17,pin,kplus_app,0
TX_003379,ACC_0407,ACC_0783,2190.36,2026-08-11 07:58:00,0,0,38,0.36,pin,kplus_app,0
TX_001399,ACC_0106,ACC_0072,162.36,2026-08-11 08:19:00,0,0,46,1.24,pin,kplus_app,0
TX_003935,ACC_0824,ACC_0126,42.36,2026-08-11 08:22:00,0,0,37,0.39,pin,kplus_app,0
TX_000638,ACC_0330,ACC_0802,245.88,2026-08-11 08:32:00,0,0,38,0.41,pin,kplus_app,0
TX_000667,ACC_0626,ACC_0559,2052.21,2026-08-11 08:33:00,0,0,49,0.77,face_scan,kplus_app,0
TX_006046,ACC_0750,ACC_0019,271.3,2026-08-11 08:35:00,1,0,27,0.3,pin,kplus_app,1
TX_003065,ACC_1154,ACC_0422,304.89,2026-08-11 08:37:00,0,0,35,1.14,pin,kplus_app,0
TX_002276,ACC_0129,ACC_0709,497.56,2026-08-11 08:38:00,1,0,44,0.59,pin,kplus_app,0
TX_000338,ACC_1065,ACC_0545,375.15,2026-08-11 08:40:00,0,0,37,0.66,pin,kplus_app,0
TX_006047,ACC_0750,ACC_0019,28167.97,2026-08-11 08:46:00,0,0,350,23.85,pin,kplus_app,1
TX_003156,ACC_0343,ACC_1024,366.99,2026-08-11 08:48:00,0,0,54,0.32,pin,kplus_app,0
TX_001392,ACC_0188,ACC_0821,62.78,2026-08-11 08:50:00,0,0,41,0.57,pin,kplus_app,0
TX_003029,ACC_0830,ACC_0221,922.28,2026-08-11 08:58:00,0,0,46,1.35,pin,kplus_app,0
TX_005758,ACC_1048,ACC_0389,204.73,2026-08-11 09:27:00,1,0,40,0.77,pin,kplus_app,0
TX_005813,ACC_0596,ACC_0282,758.8,2026-08-11 09:27:00,0,0,64,1.25,pin,kplus_app,0
TX_001637,ACC_0364,ACC_0088,605.18,2026-08-11 09:29:00,0,0,52,0.84,pin,kplus_app,0
TX_004431,ACC_0494,ACC_0657,1150.53,2026-08-11 09:34:00,0,0,39,0.49,pin,kplus_app,0
TX_005240,ACC_0999,ACC_0685,376.64,2026-08-11 09:38:00,0,0,63,1.16,pin,kplus_app,0
TX_004353,ACC_1078,ACC_0684,670.25,2026-08-11 09:38:00,1,0,63,0.96,pin,kplus_app,0
TX_003147,ACC_1176,ACC_0976,444.95,2026-08-11 09:55:00,0,0,59,0.64,pin,kplus_app,0
TX_001070,ACC_0569,ACC_1049,1568.34,2026-08-11 09:56:00,1,0,38,1.42,pin,kplus_app,0
TX_003948,ACC_0223,ACC_0362,1877.96,2026-08-11 10:33:00,0,0,65,1.03,pin,kplus_app,0
TX_004146,ACC_0604,ACC_1071,143.66,2026-08-11 10:58:00,1,0,38,1.0,pin,kplus_app,0
TX_003444,ACC_0192,ACC_0630,1053.35,2026-08-11 10:59:00,0,0,40,1.23,face_scan,kplus_app,0
TX_002218,ACC_1067,ACC_0932,1325.06,2026-08-11 11:07:00,0,0,46,0.86,pin,kplus_app,0
TX_003597,ACC_1058,ACC_0417,910.46,2026-08-11 11:08:00,0,0,35,0.9,face_scan,kplus_app,0
TX_002458,ACC_0778,ACC_1093,1082.92,2026-08-11 11:09:00,1,0,31,1.44,pin,kplus_app,0
TX_002110,ACC_0099,ACC_0599,92.74,2026-08-11 11:18:00,1,0,61,0.18,pin,kplus_app,0
TX_003084,ACC_0381,ACC_0406,502.39,2026-08-11 11:27:00,0,0,45,1.25,pin,kplus_app,0
TX_000847,ACC_0837,ACC_1070,607.42,2026-08-11 12:03:00,0,1,47,0.4,pin,kplus_app,0
TX_002837,ACC_0799,ACC_0638,595.1,2026-08-11 12:09:00,1,0,58,0.12,pin,kplus_app,0
TX_006361,ACC_0058,ACC_0037,48621.0,2026-08-11 12:18:30,1,1,12,6.38,pin,promptpay,1
TX_004324,ACC_0740,ACC_0364,2903.46,2026-08-11 12:26:00,0,0,44,0.51,pin,kplus_app,0
TX_001742,ACC_0606,ACC_0732,199.66,2026-08-11 12:31:00,1,0,60,0.58,pin,kplus_app,0
TX_005044,ACC_0454,ACC_0184,476.03,2026-08-11 12:36:00,0,0,43,1.22,pin,kplus_app,0
TX_000183,ACC_0823,ACC_0338,460.51,2026-08-11 12:46:00,0,0,39,0.64,pin,kplus_app,0
TX_001332,ACC_1167,ACC_0922,1996.53,2026-08-11 12:51:00,1,0,23,0.27,pin,kplus_app,0
TX_002545,ACC_0829,ACC_0373,1936.16,2026-08-11 12:53:00,0,0,54,1.42,pin,kplus_app,0
TX_001001,ACC_0556,ACC_0575,720.68,2026-08-11 12:57:00,1,0,50,0.12,pin,kplus_app,0
TX_004623,ACC_0316,ACC_1198,243.29,2026-08-11 13:04:00,1,0,41,1.15,pin,kplus_app,0
TX_000317,ACC_0162,ACC_0444,240.48,2026-08-11 13:07:00,0,0,43,0.46,pin,kplus_app,0
TX_006321,ACC_0032,ACC_0050,49485.32,2026-08-11 13:14:10,1,1,18,5.28,pin,promptpay,1
TX_004140,ACC_0756,ACC_1024,127.37,2026-08-11 13:16:00,1,0,70,0.7,pin,kplus_app,0
TX_000301,ACC_0873,ACC_0565,243.95,2026-08-11 13:36:00,1,0,53,1.22,pin,kplus_app,0
TX_000262,ACC_0762,ACC_0322,466.29,2026-08-11 13:45:00,0,0,26,1.4,pin,kplus_app,0
TX_005567,ACC_0161,ACC_0310,1693.32,2026-08-11 13:51:00,0,1,33,0.13,pin,kplus_app,0
TX_001557,ACC_0592,ACC_0576,209.43,2026-08-11 13:58:00,0,0,42,0.44,pin,kplus_app,0
TX_005704,ACC_0598,ACC_0454,969.59,2026-08-11 14:10:00,1,0,45,0.18,pin,kplus_app,0
TX_002706,ACC_0678,ACC_0932,470.94,2026-08-11 14:15:00,0,0,38,1.3,pin,kplus_app,0
TX_001931,ACC_0168,ACC_0991,637.12,2026-08-11 14:15:00,0,0,30,1.16,pin,kplus_app,0
TX_005829,ACC_1083,ACC_0656,341.39,2026-08-11 14:16:00,0,0,49,0.5,pin,kplus_app,0
TX_003565,ACC_0291,ACC_0960,1382.54,2026-08-11 14:27:00,0,0,20,1.43,pin,kplus_app,0
TX_003837,ACC_0449,ACC_1052,371.52,2026-08-11 14:29:00,0,0,57,0.12,pin,kplus_app,0
TX_001383,ACC_0841,ACC_0227,393.5,2026-08-11 14:33:00,1,0,61,0.42,pin,kplus_app,0
TX_002603,ACC_0419,ACC_0912,938.09,2026-08-11 14:45:00,1,0,30,0.48,pin,kplus_app,0
TX_004349,ACC_0284,ACC_0174,340.54,2026-08-11 14:52:00,0,0,36,1.41,pin,kplus_app,0
TX_004293,ACC_1184,ACC_0758,1160.84,2026-08-11 14:54:00,0,0,29,1.14,pin,kplus_app,0
TX_003498,ACC_1186,ACC_0941,1030.84,2026-08-11 14:56:00,0,0,49,0.24,pin,kplus_app,0
TX_004598,ACC_0114,ACC_0343,2218.36,2026-08-11 15:03:00,1,0,48,0.82,none,kplus_app,0
TX_003770,ACC_0413,ACC_1129,1063.88,2026-08-11 15:08:00,0,0,30,0.35,pin,kplus_app,0
TX_002220,ACC_0710,ACC_0300,266.29,2026-08-11 15:26:00,1,0,53,1.44,pin,kplus_app,0
TX_002182,ACC_1016,ACC_0468,85.28,2026-08-11 15:33:00,0,0,46,0.83,pin,kplus_app,0
TX_003215,ACC_0791,ACC_0179,300.93,2026-08-11 15:49:00,0,0,21,1.23,face_scan,kplus_app,0
TX_005304,ACC_0927,ACC_0328,893.52,2026-08-11 16:43:00,0,0,32,1.27,pin,kplus_app,0
TX_004289,ACC_0191,ACC_1021,1957.38,2026-08-11 16:43:00,0,0,32,0.14,pin,kplus_app,0
TX_003224,ACC_0800,ACC_0592,888.41,2026-08-11 17:01:00,0,0,52,0.71,pin,kplus_app,0
TX_004098,ACC_0580,ACC_0324,447.27,2026-08-11 17:05:00,0,0,59,1.34,pin,kplus_app,0
TX_001063,ACC_0161,ACC_0310,57.86,2026-08-11 17:14:00,0,0,31,1.3,pin,kplus_app,0
TX_000356,ACC_0446,ACC_0666,145.19,2026-08-11 17:17:00,0,0,54,0.69,pin,kplus_app,0
TX_004764,ACC_0276,ACC_0279,624.18,2026-08-11 17:17:00,0,0,39,1.28,pin,kplus_app,0
TX_001469,ACC_0793,ACC_0969,1631.87,2026-08-11 17:26:00,1,0,29,1.31,pin,kplus_app,0
TX_002414,ACC_0878,ACC_0413,1311.65,2026-08-11 17:47:00,0,0,33,1.45,pin,kplus_app,0
TX_000890,ACC_0495,ACC_0684,86.95,2026-08-11 17:48:00,1,0,61,0.45,pin,kplus_app,0
TX_001622,ACC_0143,ACC_0905,685.57,2026-08-11 17:50:00,0,0,42,0.75,pin,kplus_app,0
TX_001187,ACC_0348,ACC_0390,376.99,2026-08-11 17:53:00,0,0,47,1.06,face_scan,kplus_app,0
TX_004547,ACC_0151,ACC_0668,116.85,2026-08-11 18:11:00,0,0,62,1.0,pin,kplus_app,0
TX_005425,ACC_0067,ACC_1075,168.17,2026-08-11 18:13:00,0,0,52,0.95,pin,kplus_app,0
TX_001834,ACC_0663,ACC_1180,828.58,2026-08-11 18:31:00,0,0,64,0.2,pin,kplus_app,0
TX_005541,ACC_0758,ACC_0499,1489.16,2026-08-11 18:46:00,1,0,42,0.39,pin,kplus_app,0
TX_005324,ACC_0885,ACC_0890,310.45,2026-08-11 18:52:00,1,0,48,0.85,pin,kplus_app,0
TX_002677,ACC_0124,ACC_0871,2775.77,2026-08-11 18:54:00,0,0,46,1.43,pin,kplus_app,0
TX_002029,ACC_0364,ACC_0621,198.27,2026-08-11 18:59:00,0,0,39,0.99,pin,kplus_app,0
TX_003662,ACC_0281,ACC_1098,553.41,2026-08-11 19:13:00,0,0,46,1.33,pin,kplus_app,0
TX_000802,ACC_0082,ACC_0095,1776.48,2026-08-11 19:25:00,0,0,37,1.33,pin,kplus_app,0
TX_002238,ACC_0285,ACC_0579,1819.63,2026-08-11 19:35:00,0,0,15,0.21,pin,kplus_app,0
TX_004829,ACC_0258,ACC_0431,2846.3,2026-08-11 19:41:00,0,0,59,1.3,pin,kplus_app,0
TX_002904,ACC_0585,ACC_0123,1526.89,2026-08-11 19:42:00,0,1,18,0.41,pin,kplus_app,0
TX_002766,ACC_0187,ACC_0133,780.26,2026-08-11 19:51:00,0,0,41,0.46,pin,kplus_app,0
TX_004851,ACC_0754,ACC_0785,67.03,2026-08-11 19:52:00,0,0,30,0.59,pin,kplus_app,0
TX_001640,ACC_0851,ACC_0071,741.39,2026-08-11 20:09:00,0,0,44,0.52,pin,kplus_app,0
TX_005595,ACC_1048,ACC_1138,133.84,2026-08-11 20:11:00,0,0,48,0.93,pin,kplus_app,0
TX_004710,ACC_1146,ACC_0667,86.64,2026-08-11 20:16:00,1,0,42,0.42,face_scan,kplus_app,0
TX_003939,ACC_0900,ACC_0110,1875.32,2026-08-11 20:20:00,1,0,37,1.16,pin,kplus_app,0
TX_004940,ACC_1093,ACC_0772,146.52,2026-08-11 20:27:00,0,0,42,0.22,pin,kplus_app,0
TX_004919,ACC_0698,ACC_0662,868.9,2026-08-11 20:28:00,0,1,45,0.17,pin,kplus_app,0
TX_003828,ACC_0452,ACC_0548,565.13,2026-08-11 20:40:00,0,0,52,0.75,pin,kplus_app,0
TX_004310,ACC_0182,ACC_0856,315.05,2026-08-11 20:49:00,0,0,41,1.24,pin,kplus_app,0
TX_005222,ACC_0320,ACC_0876,141.9,2026-08-11 20:50:00,1,0,50,0.53,pin,kplus_app,0
TX_005267,ACC_0801,ACC_0877,304.86,2026-08-11 20:55:00,1,0,34,0.71,pin,kplus_app,0
TX_002946,ACC_0633,ACC_0771,1519.37,2026-08-11 20:56:00,0,0,31,0.95,face_scan,kplus_app,0
TX_003996,ACC_0261,ACC_0079,266.33,2026-08-11 20:58:00,0,0,26,0.66,pin,kplus_app,0
TX_000968,ACC_1156,ACC_0215,1050.16,2026-08-11 21:30:00,0,0,59,0.69,pin,kplus_app,0
TX_002620,ACC_0171,ACC_1092,528.95,2026-08-11 21:46:00,0,0,65,1.43,pin,kplus_app,0
TX_003525,ACC_0677,ACC_0826,1802.51,2026-08-11 21:58:00,0,0,54,1.18,pin,kplus_app,0
TX_006310,ACC_0850,ACC_0004,248.56,2026-08-11 22:00:00,1,0,33,0.3,pin,kplus_app,1
TX_001112,ACC_0799,ACC_0844,539.19,2026-08-11 22:09:00,0,0,38,0.61,pin,kplus_app,0
TX_006311,ACC_0850,ACC_0004,24746.32,2026-08-11 22:13:00,0,0,12,10.99,pin,kplus_app,1
TX_004902,ACC_0431,ACC_0312,968.5,2026-08-11 23:06:00,0,0,36,0.75,pin,kplus_app,0
TX_000861,ACC_0738,ACC_1087,272.23,2026-08-11 23:08:00,0,0,27,1.4,pin,kplus_app,0
TX_005091,ACC_1125,ACC_1185,201.88,2026-08-11 23:11:00,0,0,53,1.42,pin,kplus_app,0
TX_003513,ACC_0171,ACC_0735,849.13,2026-08-11 23:16:00,0,0,35,1.22,pin,kplus_app,0
TX_004776,ACC_0140,ACC_0534,331.59,2026-08-11 23:29:00,0,0,26,1.29,pin,kplus_app,0
TX_003628,ACC_1170,ACC_1018,131.88,2026-08-11 23:33:00,1,0,52,0.66,pin,kplus_app,0
TX_005572,ACC_0169,ACC_0345,847.76,2026-08-11 23:38:00,0,0,28,0.85,pin,kplus_app,0
TX_005206,ACC_0497,ACC_0144,1303.33,2026-08-11 23:42:00,0,0,42,0.99,pin,kplus_app,0
TX_002905,ACC_0695,ACC_0263,872.3,2026-08-11 23:58:00,0,0,55,0.84,pin,kplus_app,0
TX_003258,ACC_0694,ACC_0104,863.5,2026-08-12 00:08:00,1,0,38,0.59,pin,kplus_app,0
TX_004424,ACC_0905,ACC_0137,465.47,2026-08-12 00:12:00,0,0,63,0.5,pin,kplus_app,0
TX_000703,ACC_1148,ACC_0811,171.58,2026-08-12 00:36:00,1,0,51,0.21,pin,kplus_app,0
TX_001889,ACC_0533,ACC_0093,312.37,2026-08-12 00:39:00,1,0,48,0.75,none,kplus_app,0
TX_005314,ACC_0124,ACC_0554,221.57,2026-08-12 00:46:00,0,0,40,1.35,pin,kplus_app,0
TX_002349,ACC_1150,ACC_1149,1253.5,2026-08-12 00:47:00,0,0,45,0.1,face_scan,kplus_app,0
TX_000335,ACC_0796,ACC_0573,547.71,2026-08-12 00:50:00,0,0,62,1.14,face_scan,kplus_app,0
TX_000003,ACC_0120,ACC_0325,520.76,2026-08-12 00:50:00,0,0,60,0.52,pin,kplus_app,0
TX_005823,ACC_0105,ACC_0188,267.9,2026-08-12 00:53:00,0,0,51,0.69,pin,kplus_app,0
TX_006060,ACC_0534,ACC_0034,212.36,2026-08-12 01:12:00,1,0,37,0.3,pin,kplus_app,1
TX_002824,ACC_0677,ACC_0710,136.73,2026-08-12 01:14:00,1,0,18,1.12,pin,kplus_app,0
TX_006274,ACC_0379,ACC_0026,144.36,2026-08-12 01:20:00,1,0,37,0.3,pin,kplus_app,1
TX_006061,ACC_0534,ACC_0034,58723.42,2026-08-12 01:24:00,0,0,350,15.25,pin,kplus_app,1
TX_005518,ACC_0611,ACC_0133,1600.7,2026-08-12 01:25:00,0,0,34,1.5,pin,kplus_app,0
TX_002654,ACC_0952,ACC_0570,1079.36,2026-08-12 01:30:00,0,0,45,1.49,pin,kplus_app,0
TX_006275,ACC_0379,ACC_0026,31500.7,2026-08-12 01:30:00,0,0,12,15.38,pin,kplus_app,1
TX_003776,ACC_0677,ACC_0516,384.87,2026-08-12 01:35:00,0,0,45,0.43,pin,kplus_app,0
TX_000068,ACC_0372,ACC_0162,124.66,2026-08-12 01:45:00,0,0,43,1.35,pin,kplus_app,0
TX_000174,ACC_1104,ACC_0527,746.97,2026-08-12 01:53:00,0,0,50,0.24,pin,kplus_app,0
TX_002057,ACC_1166,ACC_0621,524.66,2026-08-12 02:03:00,1,0,35,0.73,pin,kplus_app,0
TX_000714,ACC_0130,ACC_1003,1112.25,2026-08-12 02:04:00,0,0,47,1.43,pin,kplus_app,0
TX_001377,ACC_0966,ACC_0534,1263.33,2026-08-12 02:07:00,0,0,37,1.19,pin,kplus_app,0
TX_003953,ACC_0924,ACC_1037,551.44,2026-08-12 02:11:00,0,0,69,0.38,pin,kplus_app,0
TX_005671,ACC_0725,ACC_1137,355.75,2026-08-12 02:14:00,1,0,47,0.82,face_scan,kplus_app,0
TX_002972,ACC_0350,ACC_0304,884.53,2026-08-12 02:16:00,0,0,43,1.14,pin,kplus_app,0
TX_005189,ACC_0759,ACC_1018,562.04,2026-08-12 02:26:00,0,0,49,0.84,pin,kplus_app,0
TX_002931,ACC_1106,ACC_1127,1055.99,2026-08-12 02:30:00,0,1,62,0.66,pin,kplus_app,0
TX_004786,ACC_0509,ACC_0903,2719.78,2026-08-12 02:39:00,0,0,31,0.67,pin,kplus_app,0
TX_000966,ACC_0431,ACC_1198,789.6,2026-08-12 02:43:00,1,0,42,0.58,pin,kplus_app,0
TX_002280,ACC_0933,ACC_0852,1194.79,2026-08-12 02:48:00,0,0,65,0.62,pin,kplus_app,0
TX_003186,ACC_0875,ACC_0643,317.51,2026-08-12 02:51:00,1,0,44,0.86,pin,kplus_app,0
TX_001134,ACC_0997,ACC_0148,294.54,2026-08-12 02:53:00,0,0,70,0.5,pin,kplus_app,0
TX_001086,ACC_0156,ACC_1060,493.05,2026-08-12 02:56:00,0,0,48,0.52,face_scan,kplus_app,0
TX_000056,ACC_1146,ACC_0970,101.33,2026-08-12 03:11:00,1,0,14,0.38,pin,kplus_app,0
TX_002914,ACC_0338,ACC_0081,809.57,2026-08-12 03:32:00,0,0,33,0.36,pin,kplus_app,0
TX_003657,ACC_0848,ACC_0503,401.37,2026-08-12 03:40:00,0,0,57,0.67,pin,kplus_app,0
TX_004429,ACC_0391,ACC_0911,982.24,2026-08-12 03:41:00,0,0,56,0.28,pin,kplus_app,0
TX_002311,ACC_0303,ACC_0457,49.37,2026-08-12 03:42:00,1,0,23,0.18,pin,kplus_app,0
TX_006238,ACC_0944,ACC_0001,225.28,2026-08-12 03:44:00,1,0,40,0.3,pin,kplus_app,1
TX_002138,ACC_1003,ACC_1023,551.25,2026-08-12 03:46:00,0,0,60,0.18,pin,kplus_app,0
TX_006239,ACC_0944,ACC_0001,54399.31,2026-08-12 03:52:00,0,0,12,9.49,pin,kplus_app,1
TX_002424,ACC_0160,ACC_0135,118.54,2026-08-12 03:55:00,0,0,45,0.98,none,kplus_app,0
TX_005903,ACC_0392,ACC_0725,388.48,2026-08-12 04:15:00,0,0,25,1.42,face_scan,kplus_app,0
TX_002108,ACC_0161,ACC_0807,110.82,2026-08-12 04:19:00,0,0,39,1.02,face_scan,kplus_app,0
TX_005101,ACC_0818,ACC_0490,99.24,2026-08-12 04:19:00,0,0,42,1.07,pin,kplus_app,0
TX_001076,ACC_0888,ACC_0509,308.72,2026-08-12 04:22:00,0,0,40,1.03,face_scan,kplus_app,0
TX_001284,ACC_0256,ACC_0804,361.52,2026-08-12 04:23:00,1,0,47,0.91,pin,kplus_app,0
TX_004599,ACC_0696,ACC_0803,2048.15,2026-08-12 04:28:00,0,0,67,0.7,pin,kplus_app,0
TX_003779,ACC_0755,ACC_0483,747.64,2026-08-12 04:30:00,0,0,42,0.87,face_scan,kplus_app,0
TX_000012,ACC_0114,ACC_1019,255.46,2026-08-12 04:39:00,1,0,52,1.35,pin,kplus_app,0
TX_003562,ACC_0591,ACC_0914,82.1,2026-08-12 04:44:00,1,0,47,0.57,pin,kplus_app,0
TX_000833,ACC_1024,ACC_0681,517.96,2026-08-12 04:51:00,0,0,73,0.22,pin,kplus_app,0
TX_002644,ACC_1059,ACC_0309,1447.73,2026-08-12 04:52:00,0,0,50,0.75,pin,kplus_app,0
TX_001695,ACC_0118,ACC_0871,97.44,2026-08-12 04:54:00,0,0,44,1.14,pin,kplus_app,0
TX_000451,ACC_0162,ACC_0725,434.36,2026-08-12 05:13:00,0,0,57,1.19,face_scan,kplus_app,0
TX_003244,ACC_0207,ACC_1094,902.07,2026-08-12 05:17:00,1,0,61,0.74,pin,kplus_app,0
TX_006216,ACC_0577,ACC_0018,337.1,2026-08-12 05:22:00,1,0,32,0.3,pin,kplus_app,1
TX_003536,ACC_0660,ACC_0575,138.01,2026-08-12 05:23:00,0,0,43,0.88,pin,kplus_app,0
TX_006217,ACC_0577,ACC_0018,64314.97,2026-08-12 05:30:00,0,0,350,14.77,pin,kplus_app,1
TX_004000,ACC_0353,ACC_1174,336.15,2026-08-12 05:33:00,0,1,33,0.21,pin,kplus_app,0
TX_004767,ACC_0948,ACC_0771,730.36,2026-08-12 05:35:00,1,0,47,1.12,pin,kplus_app,0
TX_005025,ACC_0289,ACC_0459,792.66,2026-08-12 05:41:00,1,0,43,1.45,pin,kplus_app,0
TX_003321,ACC_0292,ACC_0867,1759.74,2026-08-12 05:51:00,0,0,74,0.8,pin,kplus_app,0
TX_001087,ACC_0503,ACC_0204,321.98,2026-08-12 06:00:00,1,0,28,0.14,pin,kplus_app,0
TX_004975,ACC_0894,ACC_0222,187.04,2026-08-12 06:13:00,0,0,56,1.38,pin,kplus_app,0
TX_002960,ACC_0526,ACC_0143,43.93,2026-08-12 06:14:00,0,0,63,0.83,pin,kplus_app,0
TX_004269,ACC_0701,ACC_0537,986.1,2026-08-12 06:16:00,0,0,67,0.8,pin,kplus_app,0
TX_000813,ACC_1059,ACC_0359,45.71,2026-08-12 06:17:00,0,1,42,0.79,pin,kplus_app,0
TX_002573,ACC_0880,ACC_1145,968.19,2026-08-12 06:17:00,0,0,66,0.78,pin,kplus_app,0
TX_002855,ACC_0749,ACC_0954,89.16,2026-08-12 06:30:00,1,0,59,0.43,pin,kplus_app,0
TX_004770,ACC_0956,ACC_0863,104.65,2026-08-12 06:45:00,0,0,38,0.65,pin,kplus_app,0
TX_000256,ACC_0904,ACC_1180,209.56,2026-08-12 06:47:00,0,0,43,0.37,pin,kplus_app,0
TX_001906,ACC_0081,ACC_0179,56.79,2026-08-12 06:56:00,0,0,44,0.26,pin,kplus_app,0
TX_005812,ACC_0714,ACC_0311,737.61,2026-08-12 07:05:00,1,0,43,0.34,pin,kplus_app,0
TX_002320,ACC_0245,ACC_0307,83.26,2026-08-12 07:11:00,0,0,62,1.09,pin,kplus_app,0
TX_000546,ACC_0230,ACC_0484,134.91,2026-08-12 07:14:00,0,0,52,1.4,pin,kplus_app,0
TX_001614,ACC_0456,ACC_0692,330.44,2026-08-12 07:16:00,1,0,53,1.43,pin,kplus_app,0
TX_003882,ACC_0749,ACC_0733,81.25,2026-08-12 07:47:00,0,0,70,0.27,pin,kplus_app,0
TX_004387,ACC_0294,ACC_0455,442.87,2026-08-12 07:49:00,0,0,41,1.0,face_scan,kplus_app,0
TX_000374,ACC_0244,ACC_0822,228.47,2026-08-12 08:00:00,0,0,25,0.41,pin,kplus_app,0
TX_002066,ACC_0717,ACC_1021,651.58,2026-08-12 08:01:00,1,0,30,1.17,pin,kplus_app,0
TX_005708,ACC_0570,ACC_0159,1776.12,2026-08-12 08:04:00,0,0,35,1.27,pin,kplus_app,0
TX_005455,ACC_0280,ACC_0071,3820.05,2026-08-12 08:07:00,0,0,29,0.53,pin,kplus_app,0
TX_004642,ACC_0916,ACC_0127,236.02,2026-08-12 08:08:00,0,0,39,0.62,pin,kplus_app,0
TX_003936,ACC_1159,ACC_1163,301.27,2026-08-12 08:26:00,1,0,51,0.43,pin,kplus_app,0
TX_003847,ACC_1118,ACC_0949,595.55,2026-08-12 08:28:00,1,0,34,0.74,face_scan,kplus_app,0
TX_003983,ACC_1197,ACC_0268,339.61,2026-08-12 08:28:00,1,0,49,1.49,pin,kplus_app,0
TX_006270,ACC_0326,ACC_0048,313.6,2026-08-12 08:30:00,1,0,26,0.3,pin,kplus_app,1
TX_001858,ACC_0080,ACC_0729,180.21,2026-08-12 08:37:00,0,0,45,1.3,pin,kplus_app,0
TX_006271,ACC_0326,ACC_0048,28652.99,2026-08-12 08:42:00,0,0,350,14.91,pin,kplus_app,1
TX_004783,ACC_0650,ACC_0513,1149.17,2026-08-12 08:42:00,1,0,35,1.02,pin,kplus_app,0
TX_004100,ACC_0092,ACC_0439,125.42,2026-08-12 08:57:00,0,0,45,0.3,pin,kplus_app,0
TX_001450,ACC_0606,ACC_1030,256.88,2026-08-12 09:03:00,0,0,39,0.38,pin,kplus_app,0
TX_002765,ACC_0586,ACC_0199,885.29,2026-08-12 09:25:00,0,0,47,1.11,pin,kplus_app,0
TX_002983,ACC_0594,ACC_0178,53.07,2026-08-12 09:29:00,1,0,42,1.44,face_scan,kplus_app,0
TX_000636,ACC_0500,ACC_1010,858.49,2026-08-12 09:55:00,0,0,45,1.22,pin,kplus_app,0
TX_003764,ACC_0897,ACC_0427,50.63,2026-08-12 09:57:00,0,0,29,0.37,pin,kplus_app,0
TX_001768,ACC_0892,ACC_0955,337.38,2026-08-12 09:57:00,1,0,41,0.84,pin,kplus_app,0
TX_004613,ACC_0066,ACC_0925,893.96,2026-08-12 10:01:00,0,0,59,0.39,pin,kplus_app,0
TX_003276,ACC_1082,ACC_0369,80.5,2026-08-12 10:10:00,0,0,17,0.22,pin,kplus_app,0
TX_001697,ACC_1195,ACC_1001,86.53,2026-08-12 10:15:00,1,1,44,1.5,pin,kplus_app,0
TX_006282,ACC_0504,ACC_0012,125.83,2026-08-12 10:23:00,1,0,27,0.3,pin,kplus_app,1
TX_006283,ACC_0504,ACC_0012,21395.57,2026-08-12 10:32:00,0,0,12,18.12,pin,kplus_app,1
TX_002308,ACC_0148,ACC_1050,1177.21,2026-08-12 10:33:00,0,0,56,0.63,face_scan,kplus_app,0
TX_000362,ACC_0411,ACC_0850,823.76,2026-08-12 10:48:00,0,0,46,1.1,pin,kplus_app,0
TX_005775,ACC_0497,ACC_0152,60.31,2026-08-12 10:48:00,1,1,49,0.38,face_scan,kplus_app,0
TX_002403,ACC_1042,ACC_0585,460.2,2026-08-12 10:50:00,1,0,44,0.27,face_scan,kplus_app,0
TX_001602,ACC_0629,ACC_0356,1029.08,2026-08-12 10:54:00,1,0,36,0.8,pin,kplus_app,0
TX_004244,ACC_0278,ACC_0865,795.81,2026-08-12 11:08:00,0,0,35,0.61,pin,kplus_app,0
TX_000000,ACC_0307,ACC_0766,203.73,2026-08-12 11:08:00,0,0,31,0.34,pin,kplus_app,0
TX_002788,ACC_0241,ACC_1081,293.4,2026-08-12 11:14:00,1,0,34,1.12,pin,kplus_app,0
TX_005323,ACC_0749,ACC_0348,851.56,2026-08-12 11:21:00,0,0,59,0.25,face_scan,kplus_app,0
TX_003413,ACC_0452,ACC_1014,176.44,2026-08-12 11:42:00,0,0,56,1.29,pin,kplus_app,0
TX_004574,ACC_0640,ACC_0562,627.41,2026-08-12 11:47:00,1,0,41,0.12,pin,kplus_app,0
TX_003968,ACC_0090,ACC_0071,261.36,2026-08-12 11:51:00,0,0,30,0.67,pin,kplus_app,0
TX_003317,ACC_0560,ACC_1112,610.51,2026-08-12 11:51:00,1,0,48,1.16,pin,kplus_app,0
TX_003890,ACC_0959,ACC_0291,151.27,2026-08-12 11:53:00,0,0,41,0.91,pin,kplus_app,0
TX_003399,ACC_1152,ACC_1080,602.95,2026-08-12 11:53:00,0,0,28,0.32,pin,kplus_app,0
TX_002255,ACC_0297,ACC_0862,597.14,2026-08-12 12:03:00,0,0,31,0.73,pin,kplus_app,0
TX_006325,ACC_0009,ACC_0016,48806.59,2026-08-12 12:03:30,1,1,18,8.58,pin,promptpay,1
TX_000016,ACC_0461,ACC_0486,1094.74,2026-08-12 12:04:00,0,0,11,0.57,pin,kplus_app,0
TX_000749,ACC_1000,ACC_0099,1451.88,2026-08-12 12:31:00,0,0,72,0.82,pin,kplus_app,0
TX_001081,ACC_0460,ACC_0844,205.15,2026-08-12 12:32:00,0,0,45,1.17,pin,kplus_app,0
TX_002601,ACC_0967,ACC_0599,142.87,2026-08-12 12:34:00,0,0,54,0.72,pin,kplus_app,0
TX_000080,ACC_0347,ACC_0335,1709.51,2026-08-12 12:36:00,1,0,52,0.84,none,kplus_app,0
TX_005652,ACC_1109,ACC_0966,266.63,2026-08-12 12:38:00,1,0,56,1.31,pin,kplus_app,0
TX_005588,ACC_1184,ACC_0446,566.49,2026-08-12 12:44:00,0,0,12,1.26,pin,kplus_app,0
TX_004198,ACC_0343,ACC_0913,450.22,2026-08-12 12:44:00,0,0,49,1.25,pin,kplus_app,0
TX_004032,ACC_0985,ACC_0091,796.88,2026-08-12 12:45:00,1,0,21,0.38,pin,kplus_app,0
TX_005414,ACC_0661,ACC_0370,270.6,2026-08-12 12:47:00,0,0,52,0.95,pin,kplus_app,0
TX_005464,ACC_0879,ACC_0126,1394.69,2026-08-12 12:48:00,1,0,34,0.6,face_scan,kplus_app,0
TX_005914,ACC_0974,ACC_0720,1405.32,2026-08-12 13:05:00,0,0,54,1.17,pin,kplus_app,0
TX_003795,ACC_0778,ACC_0185,156.05,2026-08-12 13:32:00,0,0,29,0.91,pin,kplus_app,0
TX_001241,ACC_0550,ACC_0202,160.71,2026-08-12 13:40:00,1,0,62,0.57,pin,kplus_app,0
TX_004218,ACC_0480,ACC_0623,228.23,2026-08-12 13:45:00,0,0,21,0.27,pin,kplus_app,0
TX_005012,ACC_1099,ACC_0319,249.33,2026-08-12 13:46:00,0,0,63,0.2,pin,kplus_app,0
TX_002351,ACC_0594,ACC_0989,386.4,2026-08-12 13:51:00,0,0,58,0.29,pin,kplus_app,0
TX_005076,ACC_0957,ACC_0426,2598.48,2026-08-12 13:53:00,1,0,32,1.0,pin,kplus_app,0
TX_005438,ACC_0950,ACC_0647,440.77,2026-08-12 13:57:00,0,0,13,0.55,pin,kplus_app,0
TX_003590,ACC_0850,ACC_0848,588.56,2026-08-12 14:26:00,0,0,40,1.39,pin,kplus_app,0
TX_000314,ACC_0817,ACC_0971,593.68,2026-08-12 14:30:00,0,0,37,0.96,pin,kplus_app,0
TX_003555,ACC_0571,ACC_1177,297.31,2026-08-12 14:36:00,1,0,61,1.02,pin,kplus_app,0
TX_005606,ACC_1173,ACC_1138,78.2,2026-08-12 14:47:00,0,0,53,1.38,pin,kplus_app,0
TX_004062,ACC_0155,ACC_0269,383.54,2026-08-12 14:50:00,0,0,40,1.3,face_scan,kplus_app,0
TX_001327,ACC_0939,ACC_1169,414.15,2026-08-12 14:57:00,0,0,43,1.48,pin,kplus_app,0
TX_001804,ACC_0674,ACC_0652,245.16,2026-08-12 14:57:00,0,0,59,0.64,pin,kplus_app,0
TX_004777,ACC_1148,ACC_1084,1178.66,2026-08-12 15:10:00,0,0,19,1.21,pin,kplus_app,0
TX_000550,ACC_0472,ACC_0073,1653.81,2026-08-12 15:11:00,0,0,27,0.7,pin,kplus_app,0
TX_003408,ACC_1035,ACC_1149,144.47,2026-08-12 15:19:00,0,0,49,1.45,pin,kplus_app,0
TX_002233,ACC_0937,ACC_0106,506.15,2026-08-12 15:24:00,0,0,29,1.01,pin,kplus_app,0
TX_002244,ACC_1169,ACC_0935,435.76,2026-08-12 15:28:00,1,0,51,0.45,pin,kplus_app,0
TX_004125,ACC_0761,ACC_0439,371.11,2026-08-12 15:28:00,1,0,39,0.22,face_scan,kplus_app,0
TX_004120,ACC_0586,ACC_0112,239.97,2026-08-12 15:30:00,1,0,34,0.14,pin,kplus_app,0
TX_005577,ACC_0866,ACC_1128,220.83,2026-08-12 15:33:00,0,0,54,0.34,pin,kplus_app,0
TX_004320,ACC_0414,ACC_0746,692.85,2026-08-12 15:36:00,0,0,37,0.91,pin,kplus_app,0
TX_000357,ACC_1146,ACC_0331,578.39,2026-08-12 15:43:00,0,0,28,0.31,face_scan,kplus_app,0
TX_003751,ACC_0261,ACC_0275,345.97,2026-08-12 15:43:00,0,0,41,0.42,pin,kplus_app,0
TX_003106,ACC_1190,ACC_0195,1060.93,2026-08-12 15:46:00,0,0,53,0.57,pin,kplus_app,0
TX_002658,ACC_0524,ACC_0970,235.32,2026-08-12 15:57:00,0,0,51,1.22,pin,kplus_app,0
TX_006190,ACC_0319,ACC_0003,279.33,2026-08-12 15:58:00,1,0,28,0.3,pin,kplus_app,1
TX_006191,ACC_0319,ACC_0003,29331.46,2026-08-12 16:10:00,0,0,12,18.96,pin,kplus_app,1
TX_005912,ACC_1089,ACC_0818,1850.29,2026-08-12 16:17:00,0,0,59,0.39,pin,kplus_app,0
TX_000479,ACC_0796,ACC_0480,638.83,2026-08-12 16:24:00,0,0,48,0.39,pin,kplus_app,0
TX_002660,ACC_1006,ACC_1187,462.14,2026-08-12 16:26:00,0,0,59,1.42,pin,kplus_app,0
TX_000482,ACC_0624,ACC_0769,145.04,2026-08-12 16:30:00,0,0,37,0.17,pin,kplus_app,0
TX_005400,ACC_0370,ACC_0466,280.67,2026-08-12 16:49:00,1,0,28,0.34,pin,kplus_app,0
TX_005140,ACC_0077,ACC_0769,529.81,2026-08-12 16:51:00,0,0,37,0.63,pin,kplus_app,0
TX_005459,ACC_0274,ACC_0186,192.89,2026-08-12 16:54:00,0,0,33,1.23,pin,kplus_app,0
TX_003984,ACC_1166,ACC_0995,62.18,2026-08-12 17:00:00,0,0,49,1.19,pin,kplus_app,0
TX_005337,ACC_1157,ACC_0690,644.48,2026-08-12 17:21:00,1,0,41,0.67,none,kplus_app,0
TX_003426,ACC_0755,ACC_1191,109.05,2026-08-12 17:35:00,0,0,65,0.64,pin,kplus_app,0
TX_003607,ACC_0326,ACC_1014,57.23,2026-08-12 17:39:00,0,1,33,1.19,face_scan,kplus_app,0
TX_003293,ACC_1027,ACC_0411,1023.29,2026-08-12 17:42:00,0,0,39,0.13,face_scan,kplus_app,0
TX_006254,ACC_0880,ACC_0010,357.61,2026-08-12 17:48:00,1,0,37,0.3,pin,kplus_app,1
TX_001722,ACC_0205,ACC_0137,105.89,2026-08-12 17:52:00,0,0,38,0.87,pin,kplus_app,0
TX_003166,ACC_0971,ACC_0877,3469.51,2026-08-12 17:57:00,1,0,23,0.3,face_scan,kplus_app,0
TX_006255,ACC_0880,ACC_0010,49644.25,2026-08-12 18:00:00,0,0,12,13.74,pin,kplus_app,1
TX_001250,ACC_1073,ACC_1042,1521.43,2026-08-12 18:10:00,1,0,35,0.51,pin,kplus_app,0
TX_005871,ACC_1151,ACC_1188,348.95,2026-08-12 18:20:00,0,0,41,0.86,pin,kplus_app,0
TX_000062,ACC_0075,ACC_1008,1099.41,2026-08-12 18:28:00,0,0,40,0.72,face_scan,kplus_app,0
TX_006356,ACC_0037,ACC_0025,16267.72,2026-08-12 18:28:46,1,1,17,14.28,pin,promptpay,1
TX_005373,ACC_0733,ACC_0571,1325.43,2026-08-12 18:29:00,0,0,37,0.57,pin,kplus_app,0
TX_004917,ACC_0885,ACC_0956,1148.7,2026-08-12 18:30:00,0,0,48,0.45,pin,kplus_app,0
TX_000298,ACC_0861,ACC_0429,939.22,2026-08-12 18:31:00,0,0,23,1.37,pin,kplus_app,0
TX_004535,ACC_0160,ACC_1057,311.5,2026-08-12 18:32:00,1,0,37,0.46,pin,kplus_app,0
TX_001199,ACC_0754,ACC_0481,87.88,2026-08-12 18:40:00,0,0,58,0.38,pin,kplus_app,0
TX_000389,ACC_1026,ACC_0830,1374.31,2026-08-12 18:58:00,0,0,39,0.25,pin,kplus_app,0
TX_000801,ACC_0227,ACC_0430,252.39,2026-08-12 19:29:00,0,0,47,0.84,pin,kplus_app,0
TX_005124,ACC_0197,ACC_0632,1012.4,2026-08-12 19:44:00,1,1,43,1.07,pin,kplus_app,0
TX_002122,ACC_0284,ACC_0328,430.28,2026-08-12 19:48:00,1,0,47,0.9,pin,kplus_app,0
TX_005129,ACC_0757,ACC_0359,239.45,2026-08-12 19:48:00,0,0,14,0.27,pin,kplus_app,0
TX_001141,ACC_0194,ACC_0997,566.39,2026-08-12 20:08:00,0,0,51,0.51,pin,kplus_app,0
TX_004150,ACC_1103,ACC_0454,630.32,2026-08-12 20:13:00,0,0,32,1.38,face_scan,kplus_app,0
TX_002032,ACC_1166,ACC_0656,289.17,2026-08-12 20:24:00,1,0,36,0.37,pin,kplus_app,0
TX_004456,ACC_0542,ACC_1079,1298.6,2026-08-12 20:27:00,0,0,20,0.42,face_scan,kplus_app,0
TX_001136,ACC_0667,ACC_1149,40.12,2026-08-12 20:28:00,1,0,44,1.0,pin,kplus_app,0
TX_003652,ACC_0539,ACC_0311,645.0,2026-08-12 20:36:00,0,0,63,0.48,pin,kplus_app,0
TX_005682,ACC_0887,ACC_0572,719.7,2026-08-12 20:46:00,1,0,48,1.14,pin,kplus_app,0
TX_005016,ACC_0138,ACC_0541,958.57,2026-08-12 20:46:00,1,0,32,1.45,face_scan,kplus_app,0
TX_002845,ACC_0739,ACC_0565,380.65,2026-08-12 20:59:00,1,0,75,0.41,pin,kplus_app,0
TX_000978,ACC_0983,ACC_0124,1581.89,2026-08-12 21:01:00,0,0,44,1.33,pin,kplus_app,0
TX_003999,ACC_1081,ACC_0316,259.8,2026-08-12 21:07:00,0,0,29,0.88,pin,kplus_app,0
TX_002508,ACC_1146,ACC_0888,901.01,2026-08-12 21:08:00,0,0,6,1.31,pin,kplus_app,0
TX_004181,ACC_0493,ACC_0961,241.67,2026-08-12 21:14:00,0,0,53,0.76,pin,kplus_app,0
TX_003437,ACC_0131,ACC_0144,358.43,2026-08-12 21:16:00,0,0,42,1.05,pin,kplus_app,0
TX_001718,ACC_0826,ACC_0340,2050.56,2026-08-12 21:18:00,0,0,51,0.51,pin,kplus_app,0
TX_004170,ACC_0492,ACC_0549,130.01,2026-08-12 21:21:00,0,0,53,1.42,pin,kplus_app,0
TX_002828,ACC_0277,ACC_0940,1383.47,2026-08-12 21:21:00,1,0,35,0.17,pin,kplus_app,0
TX_004512,ACC_0408,ACC_1168,203.94,2026-08-12 21:27:00,0,0,47,1.1,pin,kplus_app,0
TX_002937,ACC_1032,ACC_1172,1161.81,2026-08-12 21:37:00,0,0,26,0.47,pin,kplus_app,0
TX_001956,ACC_1146,ACC_0609,469.27,2026-08-12 21:54:00,0,0,43,0.19,pin,kplus_app,0
TX_002858,ACC_0609,ACC_0333,430.86,2026-08-12 21:56:00,1,0,28,0.12,pin,kplus_app,0
TX_000141,ACC_0180,ACC_0717,766.75,2026-08-12 22:02:00,0,0,54,0.39,pin,kplus_app,0
TX_004452,ACC_0681,ACC_0137,601.29,2026-08-12 22:08:00,0,0,35,0.79,pin,kplus_app,0
TX_004635,ACC_0333,ACC_0308,1531.81,2026-08-12 22:09:00,0,0,44,1.35,pin,kplus_app,0
TX_003854,ACC_0709,ACC_1173,529.46,2026-08-12 22:14:00,0,0,56,0.86,pin,kplus_app,0
TX_000937,ACC_0657,ACC_0633,72.51,2026-08-12 22:15:00,0,0,46,1.31,pin,kplus_app,0
TX_003296,ACC_0983,ACC_0788,360.11,2026-08-12 22:25:00,0,0,42,0.15,pin,kplus_app,0
TX_001208,ACC_1064,ACC_0060,570.33,2026-08-12 22:27:00,1,0,75,1.23,pin,kplus_app,0
TX_002168,ACC_0732,ACC_0692,876.95,2026-08-12 22:29:00,1,0,40,0.65,face_scan,kplus_app,0
TX_005498,ACC_0870,ACC_0565,356.38,2026-08-12 22:42:00,0,0,55,0.97,pin,kplus_app,0
TX_005781,ACC_1076,ACC_0660,614.4,2026-08-12 22:49:00,0,0,40,0.47,pin,kplus_app,0
TX_006166,ACC_0448,ACC_0036,192.97,2026-08-12 22:50:00,1,0,38,0.3,pin,kplus_app,1
TX_006167,ACC_0448,ACC_0036,20677.47,2026-08-12 22:58:00,0,0,12,10.27,pin,kplus_app,1
TX_004874,ACC_0238,ACC_0557,615.6,2026-08-12 23:00:00,0,0,51,0.43,pin,kplus_app,0
TX_006369,ACC_0023,ACC_0008,44595.16,2026-08-12 23:04:03,1,1,12,12.05,pin,promptpay,1
TX_002955,ACC_0803,ACC_0507,69.23,2026-08-12 23:09:00,0,0,39,0.24,pin,kplus_app,0
TX_002214,ACC_0612,ACC_0185,1875.33,2026-08-12 23:10:00,0,0,27,0.83,pin,kplus_app,0
TX_002401,ACC_0364,ACC_0682,191.15,2026-08-12 23:13:00,0,1,40,1.05,pin,kplus_app,0
TX_003211,ACC_1138,ACC_0622,309.47,2026-08-12 23:21:00,0,0,63,0.77,pin,kplus_app,0
TX_002880,ACC_0150,ACC_0202,71.04,2026-08-12 23:26:00,1,0,37,0.4,pin,kplus_app,0
TX_001946,ACC_0996,ACC_0337,646.54,2026-08-12 23:28:00,0,0,34,0.96,pin,kplus_app,0
TX_000510,ACC_0481,ACC_0579,689.55,2026-08-12 23:30:00,0,0,55,0.85,pin,kplus_app,0
TX_001315,ACC_0994,ACC_0499,271.68,2026-08-12 23:36:00,0,0,45,0.44,pin,kplus_app,0
TX_005734,ACC_0761,ACC_1001,1516.14,2026-08-12 23:43:00,0,0,47,0.78,pin,kplus_app,0
TX_006256,ACC_0838,ACC_0046,202.14,2026-08-12 23:53:00,1,0,39,0.3,pin,kplus_app,1
TX_006257,ACC_0838,ACC_0046,44789.76,2026-08-13 00:02:00,0,0,350,16.6,pin,kplus_app,1
TX_004312,ACC_0260,ACC_1130,181.3,2026-08-13 00:06:00,0,0,37,0.19,pin,kplus_app,0
TX_003356,ACC_0555,ACC_1013,43.71,2026-08-13 00:17:00,0,0,25,1.01,pin,kplus_app,0
TX_003515,ACC_1187,ACC_0557,910.13,2026-08-13 00:44:00,1,0,36,0.85,pin,kplus_app,0
TX_005272,ACC_0156,ACC_0408,83.93,2026-08-13 00:57:00,0,1,44,1.39,pin,kplus_app,0
TX_001012,ACC_1191,ACC_0864,381.25,2026-08-13 01:00:00,1,0,45,0.63,pin,kplus_app,0
TX_004955,ACC_0205,ACC_1072,467.75,2026-08-13 01:07:00,0,0,39,0.79,pin,kplus_app,0
TX_001295,ACC_0200,ACC_0206,556.88,2026-08-13 01:48:00,1,0,52,0.74,pin,kplus_app,0
TX_005623,ACC_0984,ACC_0724,73.89,2026-08-13 01:58:00,0,0,23,0.95,face_scan,kplus_app,0
TX_004106,ACC_0441,ACC_0495,948.83,2026-08-13 02:01:00,0,0,68,0.66,pin,kplus_app,0
TX_001186,ACC_0598,ACC_0878,428.61,2026-08-13 02:02:00,0,0,47,0.71,pin,kplus_app,0
TX_003624,ACC_0306,ACC_0771,522.51,2026-08-13 02:10:00,0,0,57,0.66,pin,kplus_app,0
TX_000041,ACC_0398,ACC_0706,426.33,2026-08-13 02:22:00,1,0,29,1.26,pin,kplus_app,0
TX_003249,ACC_1032,ACC_0086,1028.06,2026-08-13 02:22:00,0,0,69,1.31,face_scan,kplus_app,0
TX_004179,ACC_0107,ACC_0836,291.24,2026-08-13 02:29:00,0,0,50,1.35,pin,kplus_app,0
TX_000772,ACC_0586,ACC_0895,2607.3,2026-08-13 02:41:00,0,0,52,0.12,pin,kplus_app,0
TX_004182,ACC_1015,ACC_0819,2512.01,2026-08-13 02:48:00,0,0,31,0.43,pin,kplus_app,0
TX_000907,ACC_0411,ACC_0677,1176.86,2026-08-13 02:59:00,1,0,49,1.29,pin,kplus_app,0
TX_005857,ACC_0412,ACC_0533,724.1,2026-08-13 03:01:00,1,0,56,0.19,pin,kplus_app,0
TX_003075,ACC_0410,ACC_0666,183.6,2026-08-13 03:02:00,1,0,59,0.47,pin,kplus_app,0
TX_003921,ACC_0286,ACC_0358,227.83,2026-08-13 03:03:00,1,0,39,0.27,pin,kplus_app,0
TX_001075,ACC_0571,ACC_0599,1141.29,2026-08-13 03:16:00,0,0,28,1.32,pin,kplus_app,0
TX_006030,ACC_0472,ACC_0005,198.48,2026-08-13 03:17:00,1,0,46,0.3,pin,kplus_app,1
TX_001449,ACC_0481,ACC_0862,2849.64,2026-08-13 03:27:00,1,0,51,1.42,pin,kplus_app,0
TX_005426,ACC_0287,ACC_0109,138.78,2026-08-13 03:27:00,0,1,29,0.98,pin,kplus_app,0
TX_006031,ACC_0472,ACC_0005,42227.18,2026-08-13 03:28:00,0,0,12,16.26,pin,kplus_app,1
TX_004050,ACC_1170,ACC_0912,500.1,2026-08-13 03:32:00,0,0,47,0.65,pin,kplus_app,0
TX_003046,ACC_1079,ACC_0997,3325.83,2026-08-13 03:37:00,0,0,52,0.89,face_scan,kplus_app,0
TX_000449,ACC_0367,ACC_0742,1130.96,2026-08-13 03:42:00,1,0,37,0.6,pin,kplus_app,0
TX_003965,ACC_0673,ACC_1016,1837.21,2026-08-13 03:52:00,0,0,38,0.59,face_scan,kplus_app,0
TX_003542,ACC_0539,ACC_1154,745.66,2026-08-13 03:52:00,0,0,52,0.41,pin,kplus_app,0
TX_001631,ACC_0644,ACC_0499,56.09,2026-08-13 04:01:00,0,0,50,0.81,pin,kplus_app,0
TX_003746,ACC_0565,ACC_0798,96.29,2026-08-13 04:12:00,0,0,49,1.0,pin,kplus_app,0
TX_003117,ACC_0168,ACC_0985,1030.08,2026-08-13 04:18:00,1,0,48,1.5,pin,kplus_app,0
TX_004071,ACC_0572,ACC_0464,905.71,2026-08-13 04:20:00,0,0,35,1.11,pin,kplus_app,0
TX_003931,ACC_0116,ACC_1130,70.98,2026-08-13 04:21:00,1,0,60,0.33,pin,kplus_app,0
TX_004079,ACC_1023,ACC_0645,458.21,2026-08-13 04:28:00,0,0,43,0.74,pin,kplus_app,0
TX_002196,ACC_1191,ACC_1049,853.18,2026-08-13 04:42:00,0,1,32,0.79,pin,kplus_app,0
TX_001344,ACC_0956,ACC_0773,1213.05,2026-08-13 04:48:00,0,0,55,0.3,pin,kplus_app,0
TX_000980,ACC_1170,ACC_0267,1000.06,2026-08-13 04:55:00,0,0,73,1.06,pin,kplus_app,0
TX_000650,ACC_0401,ACC_0420,610.08,2026-08-13 05:04:00,0,0,50,0.84,pin,kplus_app,0
TX_001240,ACC_0485,ACC_0158,495.16,2026-08-13 05:04:00,1,0,45,0.41,pin,kplus_app,0
TX_003863,ACC_0503,ACC_1086,651.13,2026-08-13 05:11:00,0,0,51,0.31,pin,kplus_app,0
TX_002166,ACC_0642,ACC_0139,936.13,2026-08-13 05:15:00,0,1,33,0.19,face_scan,kplus_app,0
TX_004201,ACC_1065,ACC_0918,1852.45,2026-08-13 05:17:00,1,0,54,1.16,pin,kplus_app,0
TX_000323,ACC_1144,ACC_1149,1470.78,2026-08-13 05:36:00,1,0,46,0.29,pin,kplus_app,0
TX_001213,ACC_0443,ACC_0645,376.8,2026-08-13 05:37:00,0,0,31,1.47,pin,kplus_app,0
TX_001898,ACC_0724,ACC_0168,102.1,2026-08-13 05:38:00,1,0,47,1.41,face_scan,kplus_app,0
TX_003427,ACC_0340,ACC_0207,165.86,2026-08-13 05:43:00,1,0,22,0.16,pin,kplus_app,0
TX_003300,ACC_0120,ACC_0152,760.21,2026-08-13 06:04:00,0,0,54,0.96,pin,kplus_app,0
TX_005890,ACC_0452,ACC_0176,1203.83,2026-08-13 06:16:00,0,0,19,1.49,pin,kplus_app,0
TX_000034,ACC_0157,ACC_0838,198.7,2026-08-13 06:16:00,1,0,42,1.39,pin,kplus_app,0
TX_000142,ACC_0557,ACC_0834,149.1,2026-08-13 06:22:00,0,0,35,1.14,pin,kplus_app,0
TX_005753,ACC_0769,ACC_0814,820.27,2026-08-13 06:35:00,1,0,56,1.21,pin,kplus_app,0
TX_001799,ACC_0278,ACC_0689,40.19,2026-08-13 06:39:00,1,0,52,1.06,pin,kplus_app,0
TX_002838,ACC_0098,ACC_0399,244.24,2026-08-13 07:06:00,0,0,40,0.76,pin,kplus_app,0
TX_002662,ACC_0807,ACC_0979,1055.87,2026-08-13 07:09:00,0,0,45,0.71,pin,kplus_app,0
TX_002034,ACC_1079,ACC_0336,549.12,2026-08-13 07:09:00,0,0,43,0.34,face_scan,kplus_app,0
TX_002501,ACC_0312,ACC_1130,1744.03,2026-08-13 07:11:00,0,0,29,0.44,pin,kplus_app,0
TX_005294,ACC_0943,ACC_1158,875.66,2026-08-13 07:19:00,0,0,50,0.26,pin,kplus_app,0
TX_002392,ACC_0735,ACC_0756,1258.36,2026-08-13 07:38:00,0,0,19,0.21,pin,kplus_app,0
TX_006341,ACC_0022,ACC_0017,27724.77,2026-08-13 07:45:47,1,1,15,14.14,pin,promptpay,1
TX_002930,ACC_0078,ACC_0239,940.58,2026-08-13 07:54:00,0,0,24,0.31,pin,kplus_app,0
TX_003971,ACC_0514,ACC_0279,1856.99,2026-08-13 07:56:00,0,0,53,0.79,pin,kplus_app,0
TX_004064,ACC_0226,ACC_0385,1217.79,2026-08-13 08:04:00,0,0,67,1.18,pin,kplus_app,0
TX_005989,ACC_0791,ACC_0090,1470.23,2026-08-13 08:06:00,1,0,57,0.61,pin,kplus_app,0
TX_002663,ACC_0881,ACC_0532,952.7,2026-08-13 08:06:00,0,0,63,1.26,pin,kplus_app,0
TX_002307,ACC_0799,ACC_0918,344.89,2026-08-13 08:16:00,0,0,43,0.4,pin,kplus_app,0
TX_002544,ACC_0351,ACC_1084,1224.08,2026-08-13 08:24:00,0,0,31,0.85,pin,kplus_app,0
TX_002778,ACC_0427,ACC_0834,489.71,2026-08-13 08:41:00,0,0,38,0.99,pin,kplus_app,0
TX_005740,ACC_0204,ACC_0954,837.17,2026-08-13 09:08:00,0,0,55,1.06,pin,kplus_app,0
TX_000147,ACC_0429,ACC_0278,1111.7,2026-08-13 09:18:00,0,0,33,1.42,pin,kplus_app,0
TX_001340,ACC_0359,ACC_0289,492.64,2026-08-13 09:22:00,0,0,46,1.11,pin,kplus_app,0
TX_000355,ACC_0914,ACC_0986,573.15,2026-08-13 09:27:00,0,0,55,0.86,pin,kplus_app,0
TX_000717,ACC_0100,ACC_0658,229.26,2026-08-13 09:32:00,1,0,30,0.53,pin,kplus_app,0
TX_004577,ACC_0917,ACC_0855,588.4,2026-08-13 09:58:00,0,0,50,1.12,pin,kplus_app,0
TX_001955,ACC_0894,ACC_0915,63.42,2026-08-13 10:25:00,0,0,52,0.58,pin,kplus_app,0
TX_003771,ACC_0184,ACC_0568,379.4,2026-08-13 10:26:00,0,0,56,0.47,pin,kplus_app,0
TX_001003,ACC_0639,ACC_0628,138.94,2026-08-13 10:37:00,1,0,60,0.91,pin,kplus_app,0
TX_003263,ACC_0276,ACC_0795,581.95,2026-08-13 11:05:00,0,0,53,0.74,pin,kplus_app,0
TX_004879,ACC_0812,ACC_0769,967.24,2026-08-13 11:10:00,0,0,54,1.09,pin,kplus_app,0
TX_002551,ACC_0488,ACC_0460,1027.99,2026-08-13 11:18:00,0,0,62,1.29,pin,kplus_app,0
TX_006384,ACC_0037,ACC_0039,46019.69,2026-08-13 11:18:58,1,1,9,14.4,pin,promptpay,1
TX_006200,ACC_0735,ACC_0057,308.41,2026-08-13 11:22:00,1,0,49,0.3,pin,kplus_app,1
TX_006201,ACC_0735,ACC_0057,60927.1,2026-08-13 11:30:00,0,0,350,18.13,pin,kplus_app,1
TX_003141,ACC_0190,ACC_0504,862.09,2026-08-13 11:45:00,1,0,30,1.16,pin,kplus_app,0
TX_005292,ACC_0596,ACC_0787,115.32,2026-08-13 11:59:00,1,0,36,0.94,face_scan,kplus_app,0
TX_006320,ACC_0011,ACC_0027,18674.56,2026-08-13 11:59:45,1,1,14,5.12,pin,promptpay,1
TX_002933,ACC_1100,ACC_0648,1543.5,2026-08-13 12:03:00,0,0,52,0.66,face_scan,kplus_app,0
TX_004295,ACC_0156,ACC_0903,1260.84,2026-08-13 12:06:00,0,0,47,0.23,pin,kplus_app,0
TX_003136,ACC_0427,ACC_0203,608.43,2026-08-13 12:10:00,1,0,53,0.62,pin,kplus_app,0
TX_005071,ACC_0886,ACC_0461,1708.09,2026-08-13 12:22:00,0,0,64,1.39,pin,kplus_app,0
TX_005997,ACC_0964,ACC_0445,149.24,2026-08-13 12:22:00,0,0,30,1.14,pin,kplus_app,0
TX_004570,ACC_0492,ACC_0087,288.29,2026-08-13 12:28:00,0,0,39,0.92,pin,kplus_app,0
TX_005482,ACC_0521,ACC_1055,528.65,2026-08-13 12:44:00,1,0,50,1.34,pin,kplus_app,0
TX_002287,ACC_1171,ACC_0770,349.83,2026-08-13 12:46:00,1,0,57,1.16,pin,kplus_app,0
TX_000920,ACC_0496,ACC_1036,213.1,2026-08-13 12:47:00,0,0,55,1.5,face_scan,kplus_app,0
TX_000583,ACC_0472,ACC_1106,2641.08,2026-08-13 12:52:00,0,0,49,1.05,face_scan,kplus_app,0
TX_002613,ACC_0167,ACC_0978,213.1,2026-08-13 12:58:00,0,0,31,1.33,face_scan,kplus_app,0
TX_004850,ACC_1092,ACC_0813,318.09,2026-08-13 13:06:00,0,0,43,0.93,pin,kplus_app,0
TX_004609,ACC_0900,ACC_0481,270.26,2026-08-13 13:10:00,1,0,57,0.36,pin,kplus_app,0
TX_002026,ACC_0527,ACC_0770,170.3,2026-08-13 13:22:00,0,0,44,0.75,face_scan,kplus_app,0
TX_004395,ACC_0846,ACC_0445,128.96,2026-08-13 13:30:00,0,0,44,1.24,pin,kplus_app,0
TX_001668,ACC_0997,ACC_0687,331.12,2026-08-13 13:32:00,0,0,42,1.26,pin,kplus_app,0
TX_000348,ACC_1035,ACC_1129,64.3,2026-08-13 13:37:00,0,0,32,0.69,pin,kplus_app,0
TX_006363,ACC_0036,ACC_0044,51252.01,2026-08-13 13:38:16,1,1,8,8.34,pin,promptpay,1
TX_004648,ACC_0519,ACC_0361,1267.25,2026-08-13 13:52:00,0,1,67,0.55,pin,kplus_app,0
TX_002433,ACC_0335,ACC_0717,593.38,2026-08-13 13:52:00,1,0,58,1.4,pin,kplus_app,0
TX_004219,ACC_0172,ACC_0926,712.27,2026-08-13 13:55:00,0,0,40,0.7,pin,kplus_app,0
TX_002339,ACC_0171,ACC_0998,713.14,2026-08-13 14:06:00,1,0,50,1.01,pin,kplus_app,0
TX_003240,ACC_0646,ACC_0713,440.61,2026-08-13 14:18:00,1,0,54,0.94,pin,kplus_app,0
TX_001548,ACC_0666,ACC_0583,323.13,2026-08-13 14:28:00,0,0,42,0.64,pin,kplus_app,0
TX_000854,ACC_0891,ACC_1120,75.17,2026-08-13 14:29:00,1,0,50,0.76,pin,kplus_app,0
TX_003125,ACC_0961,ACC_0726,290.96,2026-08-13 14:31:00,0,0,50,0.41,pin,kplus_app,0
TX_005937,ACC_0658,ACC_0379,916.76,2026-08-13 14:36:00,1,0,55,1.38,pin,kplus_app,0
TX_005778,ACC_0307,ACC_0692,44.66,2026-08-13 14:44:00,0,0,29,0.75,pin,kplus_app,0
TX_005640,ACC_0264,ACC_0118,108.27,2026-08-13 14:45:00,1,0,43,0.91,pin,kplus_app,0
TX_001281,ACC_1189,ACC_0512,491.46,2026-08-13 14:53:00,0,0,53,0.34,pin,kplus_app,0
TX_000111,ACC_0748,ACC_0451,1784.69,2026-08-13 15:06:00,0,0,44,0.43,pin,kplus_app,0
TX_006339,ACC_0040,ACC_0055,37295.14,2026-08-13 15:28:26,1,1,16,14.39,pin,promptpay,1
TX_000647,ACC_1058,ACC_0146,1593.15,2026-08-13 15:47:00,1,0,60,1.43,pin,kplus_app,0
TX_005164,ACC_0962,ACC_0662,343.87,2026-08-13 15:49:00,1,0,38,0.8,face_scan,kplus_app,0
TX_001708,ACC_0705,ACC_1181,1094.79,2026-08-13 15:57:00,1,0,39,0.64,pin,kplus_app,0
TX_003901,ACC_0244,ACC_0822,783.08,2026-08-13 16:03:00,0,0,40,1.03,face_scan,kplus_app,0
TX_005398,ACC_0898,ACC_0702,258.68,2026-08-13 16:09:00,0,0,52,1.42,pin,kplus_app,0
TX_000902,ACC_0594,ACC_0269,276.79,2026-08-13 16:17:00,0,0,61,0.12,pin,kplus_app,0
TX_004356,ACC_0287,ACC_0624,1305.7,2026-08-13 16:23:00,1,0,45,0.56,pin,kplus_app,0
TX_004410,ACC_0311,ACC_0628,1073.9,2026-08-13 16:35:00,0,0,60,0.86,pin,kplus_app,0
TX_004258,ACC_0836,ACC_0985,379.61,2026-08-13 16:40:00,1,0,23,0.45,pin,kplus_app,0
TX_002759,ACC_0873,ACC_0095,220.31,2026-08-13 16:55:00,1,0,47,0.3,pin,kplus_app,0
TX_001793,ACC_1182,ACC_1081,448.29,2026-08-13 17:00:00,0,0,35,1.14,pin,kplus_app,0
TX_002183,ACC_0720,ACC_0549,312.23,2026-08-13 17:07:00,0,0,57,0.82,pin,kplus_app,0
TX_002568,ACC_0944,ACC_0222,639.47,2026-08-13 17:07:00,0,0,60,1.12,pin,kplus_app,0
TX_003716,ACC_0326,ACC_0704,194.1,2026-08-13 17:27:00,0,0,59,0.39,face_scan,kplus_app,0
TX_000948,ACC_0918,ACC_0521,96.5,2026-08-13 17:46:00,1,0,27,0.87,pin,kplus_app,0
TX_002913,ACC_0176,ACC_1060,496.3,2026-08-13 17:47:00,1,0,61,0.33,pin,kplus_app,0
TX_000527,ACC_0821,ACC_0862,398.16,2026-08-13 17:51:00,1,0,53,0.66,pin,kplus_app,0
TX_005526,ACC_0640,ACC_1044,561.42,2026-08-13 17:53:00,1,0,57,0.66,none,kplus_app,0
TX_006204,ACC_0481,ACC_0053,393.51,2026-08-13 17:57:00,1,0,41,0.3,pin,kplus_app,1
TX_006205,ACC_0481,ACC_0053,34025.99,2026-08-13 18:09:00,0,0,350,23.25,pin,kplus_app,1
TX_002563,ACC_0349,ACC_0383,585.16,2026-08-13 18:14:00,1,0,53,0.53,pin,kplus_app,0
TX_001417,ACC_0244,ACC_1182,1001.03,2026-08-13 18:16:00,1,0,39,0.94,pin,kplus_app,0
TX_004483,ACC_0520,ACC_1059,1578.23,2026-08-13 18:25:00,0,0,56,1.16,pin,kplus_app,0
TX_000553,ACC_0666,ACC_0703,637.96,2026-08-13 18:30:00,1,0,55,0.81,pin,kplus_app,0
TX_005083,ACC_0921,ACC_0326,1624.29,2026-08-13 18:40:00,0,0,58,0.63,pin,kplus_app,0
TX_000738,ACC_1045,ACC_0115,65.3,2026-08-13 18:51:00,1,0,36,0.75,pin,kplus_app,0
TX_005229,ACC_1153,ACC_1113,417.67,2026-08-13 19:02:00,0,0,35,0.36,pin,kplus_app,0
TX_005865,ACC_0964,ACC_1112,125.19,2026-08-13 19:14:00,0,0,48,0.49,pin,kplus_app,0
TX_005628,ACC_1061,ACC_0299,59.55,2026-08-13 19:20:00,1,0,23,1.44,pin,kplus_app,0
TX_004925,ACC_0888,ACC_0400,530.99,2026-08-13 19:32:00,1,0,31,1.24,pin,kplus_app,0
TX_003110,ACC_0619,ACC_0291,1565.77,2026-08-13 19:37:00,0,0,45,0.59,face_scan,kplus_app,0
TX_001103,ACC_0303,ACC_0978,2110.69,2026-08-13 19:50:00,0,0,36,0.66,pin,kplus_app,0
TX_003722,ACC_0099,ACC_1172,773.67,2026-08-13 20:02:00,0,0,63,1.08,face_scan,kplus_app,0
TX_005020,ACC_0499,ACC_0743,820.57,2026-08-13 20:11:00,0,0,39,1.06,pin,kplus_app,0
TX_001605,ACC_0345,ACC_1144,1102.1,2026-08-13 20:12:00,0,0,35,0.43,pin,kplus_app,0
TX_000984,ACC_0625,ACC_1041,761.67,2026-08-13 20:14:00,0,0,68,1.43,pin,kplus_app,0
TX_002957,ACC_0903,ACC_1173,217.29,2026-08-13 20:16:00,1,0,33,0.79,face_scan,kplus_app,0
TX_006154,ACC_0741,ACC_0038,298.69,2026-08-13 20:19:00,1,0,28,0.3,pin,kplus_app,1
TX_006178,ACC_1035,ACC_0040,347.78,2026-08-13 20:23:00,1,0,24,0.3,pin,kplus_app,1
TX_005331,ACC_0729,ACC_1177,76.31,2026-08-13 20:31:00,0,0,52,0.53,pin,kplus_app,0
TX_002095,ACC_0933,ACC_0789,155.67,2026-08-13 20:33:00,1,0,41,1.22,pin,kplus_app,0
TX_006155,ACC_0741,ACC_0038,27916.95,2026-08-13 20:33:00,0,0,350,9.55,pin,kplus_app,1
TX_006179,ACC_1035,ACC_0040,39656.12,2026-08-13 20:37:00,0,0,12,24.07,pin,kplus_app,1
TX_004113,ACC_0264,ACC_1123,504.28,2026-08-13 20:38:00,1,1,57,0.15,pin,kplus_app,0
TX_001738,ACC_0488,ACC_0252,484.36,2026-08-13 20:39:00,0,0,60,0.62,face_scan,kplus_app,0
TX_005401,ACC_0177,ACC_0533,668.64,2026-08-13 20:40:00,0,1,38,1.23,pin,kplus_app,0
TX_005725,ACC_0665,ACC_0530,1018.56,2026-08-13 20:48:00,1,0,62,0.14,pin,kplus_app,0
TX_000844,ACC_0783,ACC_0109,555.3,2026-08-13 20:57:00,0,0,38,1.4,pin,kplus_app,0
TX_002680,ACC_0122,ACC_0347,145.3,2026-08-13 21:02:00,1,0,20,0.28,pin,kplus_app,0
TX_003685,ACC_0582,ACC_1038,343.38,2026-08-13 21:02:00,0,0,38,0.17,pin,kplus_app,0
TX_004760,ACC_0333,ACC_0749,336.57,2026-08-13 21:07:00,1,0,28,1.1,pin,kplus_app,0
TX_006393,ACC_0052,ACC_0017,48644.11,2026-08-13 21:16:10,1,1,17,14.97,pin,promptpay,1
TX_003752,ACC_0837,ACC_0534,41.1,2026-08-13 21:28:00,0,0,55,1.27,pin,kplus_app,0
TX_001157,ACC_1054,ACC_0499,195.14,2026-08-13 21:36:00,0,0,45,1.0,pin,kplus_app,0
TX_005310,ACC_1044,ACC_0242,124.97,2026-08-13 21:38:00,0,0,37,0.73,pin,kplus_app,0
TX_004014,ACC_0953,ACC_0097,517.41,2026-08-13 21:41:00,0,0,32,0.83,pin,kplus_app,0
TX_002274,ACC_0999,ACC_0272,83.12,2026-08-13 21:42:00,0,0,70,0.63,pin,kplus_app,0
TX_005366,ACC_1040,ACC_0181,500.19,2026-08-13 21:48:00,0,0,23,1.31,pin,kplus_app,0
TX_005367,ACC_0778,ACC_0158,120.31,2026-08-13 22:06:00,1,0,57,1.4,pin,kplus_app,0
TX_000663,ACC_0670,ACC_1163,1096.54,2026-08-13 22:13:00,0,0,31,0.12,pin,kplus_app,0
TX_003464,ACC_0323,ACC_0844,191.26,2026-08-13 22:34:00,0,0,55,0.22,pin,kplus_app,0
TX_002653,ACC_0599,ACC_0348,1256.07,2026-08-13 22:43:00,0,0,50,0.54,pin,kplus_app,0
TX_004522,ACC_0556,ACC_0271,333.07,2026-08-13 22:44:00,0,0,46,0.96,pin,kplus_app,0
TX_001271,ACC_0653,ACC_0619,304.2,2026-08-13 22:50:00,0,0,40,0.97,pin,kplus_app,0
TX_001838,ACC_1103,ACC_0857,384.96,2026-08-13 23:01:00,1,1,52,0.33,pin,kplus_app,0
TX_000029,ACC_0862,ACC_1003,996.8,2026-08-13 23:33:00,0,0,40,0.55,pin,kplus_app,0
TX_003050,ACC_0127,ACC_0591,1076.23,2026-08-13 23:37:00,1,0,52,0.27,pin,kplus_app,0
TX_000863,ACC_0729,ACC_0546,500.18,2026-08-13 23:40:00,0,0,33,0.82,pin,kplus_app,0
TX_000571,ACC_0076,ACC_1025,847.35,2026-08-13 23:48:00,0,1,53,1.2,face_scan,kplus_app,0
TX_004281,ACC_0472,ACC_0422,913.24,2026-08-13 23:55:00,0,0,43,0.96,pin,kplus_app,0
TX_000710,ACC_1037,ACC_0832,548.32,2026-08-14 00:01:00,0,0,39,1.47,face_scan,kplus_app,0
TX_001950,ACC_1100,ACC_0618,415.18,2026-08-14 00:05:00,1,0,39,1.32,pin,kplus_app,0
TX_003079,ACC_1112,ACC_0576,279.4,2026-08-14 00:06:00,0,0,41,1.06,pin,kplus_app,0
TX_001423,ACC_0464,ACC_0500,79.41,2026-08-14 00:07:00,1,0,29,1.35,pin,kplus_app,0
TX_003718,ACC_0898,ACC_0223,1838.4,2026-08-14 00:21:00,0,0,34,0.47,pin,kplus_app,0
TX_005967,ACC_0076,ACC_0512,629.3,2026-08-14 00:28:00,1,0,51,0.75,pin,kplus_app,0
TX_000061,ACC_0768,ACC_0609,300.97,2026-08-14 00:38:00,0,0,45,0.75,pin,kplus_app,0
TX_002675,ACC_0383,ACC_1176,346.16,2026-08-14 00:47:00,0,0,55,1.45,face_scan,kplus_app,0
TX_001298,ACC_1169,ACC_0682,141.89,2026-08-14 00:55:00,1,0,46,1.2,pin,kplus_app,0
TX_002714,ACC_1052,ACC_0227,379.5,2026-08-14 01:07:00,1,0,42,1.3,pin,kplus_app,0
TX_004396,ACC_0555,ACC_0985,827.14,2026-08-14 01:16:00,0,0,40,0.42,face_scan,kplus_app,0
TX_003131,ACC_0620,ACC_0754,342.34,2026-08-14 01:16:00,0,0,43,1.14,pin,kplus_app,0
TX_001095,ACC_0701,ACC_0486,2078.69,2026-08-14 01:16:00,0,0,50,1.3,pin,kplus_app,0
TX_000079,ACC_0427,ACC_1046,824.03,2026-08-14 01:23:00,0,0,50,0.4,pin,kplus_app,0
TX_001218,ACC_0323,ACC_0197,745.82,2026-08-14 01:37:00,0,0,25,1.32,pin,kplus_app,0
TX_001381,ACC_0771,ACC_0689,1778.13,2026-08-14 01:46:00,1,0,43,1.29,pin,kplus_app,0
TX_004905,ACC_0886,ACC_0959,792.66,2026-08-14 01:52:00,1,0,36,0.48,face_scan,kplus_app,0
TX_003326,ACC_0795,ACC_0509,1713.06,2026-08-14 02:04:00,1,0,60,1.25,face_scan,kplus_app,0
TX_001655,ACC_0069,ACC_0130,468.62,2026-08-14 02:07:00,1,0,26,1.08,pin,kplus_app,0
TX_005545,ACC_1158,ACC_0983,2190.09,2026-08-14 02:08:00,0,0,44,0.59,pin,kplus_app,0
TX_003958,ACC_0124,ACC_0173,880.18,2026-08-14 02:08:00,0,0,53,0.29,pin,kplus_app,0
TX_003817,ACC_0419,ACC_0323,542.99,2026-08-14 02:20:00,0,0,38,1.28,pin,kplus_app,0
TX_004149,ACC_0189,ACC_0479,581.11,2026-08-14 02:24:00,1,0,42,0.83,face_scan,kplus_app,0
TX_001594,ACC_1098,ACC_0822,601.63,2026-08-14 02:37:00,0,0,18,0.25,pin,kplus_app,0
TX_003572,ACC_0254,ACC_0408,1048.12,2026-08-14 03:04:00,1,0,41,0.17,pin,kplus_app,0
TX_000690,ACC_0110,ACC_0443,231.02,2026-08-14 03:13:00,0,0,47,0.98,pin,kplus_app,0
TX_005675,ACC_0723,ACC_0720,281.06,2026-08-14 03:26:00,0,0,49,1.49,pin,kplus_app,0
TX_003183,ACC_0960,ACC_0631,292.63,2026-08-14 03:34:00,0,0,46,0.24,pin,kplus_app,0
TX_004332,ACC_0121,ACC_0103,140.01,2026-08-14 03:35:00,1,0,60,1.18,pin,kplus_app,0
TX_006058,ACC_0060,ACC_0016,258.78,2026-08-14 04:05:00,1,0,32,0.3,pin,kplus_app,1
TX_000589,ACC_0215,ACC_0518,308.66,2026-08-14 04:07:00,0,0,27,1.17,pin,kplus_app,0
TX_006059,ACC_0060,ACC_0016,35204.35,2026-08-14 04:13:00,0,0,350,23.06,pin,kplus_app,1
TX_004024,ACC_0477,ACC_0244,829.47,2026-08-14 04:16:00,1,0,69,0.65,pin,kplus_app,0
TX_005982,ACC_0466,ACC_0879,186.42,2026-08-14 04:19:00,0,0,49,0.43,pin,kplus_app,0
TX_003294,ACC_0551,ACC_1027,89.77,2026-08-14 04:20:00,0,0,61,1.1,face_scan,kplus_app,0
TX_004004,ACC_0522,ACC_1028,266.7,2026-08-14 04:22:00,1,0,46,0.78,pin,kplus_app,0
TX_002104,ACC_0509,ACC_1052,58.45,2026-08-14 04:27:00,1,0,26,0.92,pin,kplus_app,0
TX_005594,ACC_1199,ACC_0451,484.57,2026-08-14 04:27:00,1,0,37,1.14,pin,kplus_app,0
TX_004292,ACC_0679,ACC_0247,1663.86,2026-08-14 04:40:00,1,0,55,0.41,face_scan,kplus_app,0
TX_005278,ACC_0443,ACC_0742,642.07,2026-08-14 04:43:00,0,0,55,0.29,pin,kplus_app,0
TX_001151,ACC_0752,ACC_0805,416.23,2026-08-14 04:56:00,0,0,57,1.16,pin,kplus_app,0
TX_001831,ACC_0897,ACC_0261,399.16,2026-08-14 04:56:00,0,0,30,0.62,pin,kplus_app,0
TX_002407,ACC_0644,ACC_1015,394.4,2026-08-14 04:59:00,1,0,54,0.59,pin,kplus_app,0
TX_004101,ACC_0953,ACC_0917,349.02,2026-08-14 05:08:00,0,0,52,0.54,pin,kplus_app,0
TX_000244,ACC_0261,ACC_0398,1260.22,2026-08-14 05:11:00,1,0,73,0.26,face_scan,kplus_app,0
TX_001263,ACC_0074,ACC_0372,143.04,2026-08-14 05:13:00,1,0,53,0.6,face_scan,kplus_app,0
TX_001524,ACC_0661,ACC_0508,267.01,2026-08-14 05:19:00,0,0,54,0.4,pin,kplus_app,0
TX_005220,ACC_0587,ACC_1129,463.41,2026-08-14 05:25:00,0,0,56,0.68,pin,kplus_app,0
TX_003193,ACC_0296,ACC_0220,298.75,2026-08-14 05:32:00,0,0,20,0.93,pin,kplus_app,0
TX_004491,ACC_0376,ACC_1034,49.2,2026-08-14 05:39:00,0,0,35,1.04,pin,kplus_app,0
TX_001944,ACC_0616,ACC_0894,929.1,2026-08-14 05:42:00,0,1,41,0.29,pin,kplus_app,0
TX_004272,ACC_0593,ACC_0339,87.54,2026-08-14 05:43:00,0,0,47,1.47,pin,kplus_app,0
TX_003148,ACC_0640,ACC_0589,717.28,2026-08-14 05:47:00,0,0,26,1.47,pin,kplus_app,0
TX_004279,ACC_0840,ACC_0238,1112.28,2026-08-14 06:03:00,0,0,39,0.81,pin,kplus_app,0
TX_006126,ACC_0585,ACC_0039,367.34,2026-08-14 06:11:00,1,0,25,0.3,pin,kplus_app,1
TX_004254,ACC_0202,ACC_1118,66.61,2026-08-14 06:13:00,0,0,67,1.3,face_scan,kplus_app,0
TX_000824,ACC_0860,ACC_0413,165.35,2026-08-14 06:21:00,0,0,33,1.3,pin,kplus_app,0
TX_006127,ACC_0585,ACC_0039,55630.66,2026-08-14 06:24:00,0,0,12,16.2,pin,kplus_app,1
TX_003452,ACC_0831,ACC_1075,174.01,2026-08-14 06:25:00,0,0,53,0.76,pin,kplus_app,0
TX_002578,ACC_1145,ACC_0997,310.73,2026-08-14 06:27:00,0,0,58,1.04,pin,kplus_app,0
TX_001475,ACC_0870,ACC_0828,1070.64,2026-08-14 06:30:00,1,0,49,0.46,pin,kplus_app,0
TX_002292,ACC_1078,ACC_1032,2683.31,2026-08-14 06:32:00,0,0,28,0.69,pin,kplus_app,0
TX_004409,ACC_0903,ACC_0921,572.04,2026-08-14 06:54:00,0,0,46,1.25,pin,kplus_app,0
TX_004268,ACC_0109,ACC_0250,696.73,2026-08-14 07:00:00,0,0,38,0.88,pin,kplus_app,0
TX_004314,ACC_0221,ACC_1196,290.68,2026-08-14 07:01:00,1,0,40,0.67,pin,kplus_app,0
TX_002692,ACC_0320,ACC_0107,346.48,2026-08-14 07:12:00,0,0,29,1.06,pin,kplus_app,0
TX_004839,ACC_1051,ACC_0615,185.17,2026-08-14 07:16:00,1,0,49,1.32,pin,kplus_app,0
TX_000182,ACC_0500,ACC_1146,329.17,2026-08-14 07:21:00,1,0,39,0.43,none,kplus_app,0
TX_002173,ACC_1174,ACC_0613,2337.61,2026-08-14 07:30:00,1,0,30,1.36,pin,kplus_app,0
TX_004143,ACC_0978,ACC_0283,128.64,2026-08-14 07:42:00,0,0,39,0.76,pin,kplus_app,0
TX_001644,ACC_0317,ACC_1114,1618.03,2026-08-14 07:53:00,1,0,13,0.22,pin,kplus_app,0
TX_005126,ACC_0996,ACC_0452,755.41,2026-08-14 07:54:00,1,0,38,0.82,pin,kplus_app,0
TX_000113,ACC_0770,ACC_0869,117.69,2026-08-14 07:55:00,1,0,32,0.31,pin,kplus_app,0
TX_003606,ACC_0663,ACC_1189,789.73,2026-08-14 08:07:00,0,0,34,0.81,pin,kplus_app,0
TX_000876,ACC_0809,ACC_1109,162.91,2026-08-14 08:07:00,1,0,29,0.17,pin,kplus_app,0
TX_004169,ACC_1159,ACC_0272,570.89,2026-08-14 08:14:00,0,0,28,1.11,face_scan,kplus_app,0
TX_002329,ACC_0660,ACC_0768,642.2,2026-08-14 08:20:00,1,0,44,0.6,pin,kplus_app,0
TX_002418,ACC_0831,ACC_0837,934.56,2026-08-14 08:22:00,1,0,32,1.49,pin,kplus_app,0
TX_005569,ACC_0305,ACC_0755,355.17,2026-08-14 08:26:00,1,0,35,0.77,pin,kplus_app,0
TX_002968,ACC_1126,ACC_0856,147.92,2026-08-14 08:29:00,0,0,42,0.85,pin,kplus_app,0
TX_005948,ACC_0680,ACC_0560,465.07,2026-08-14 08:30:00,0,0,30,1.48,pin,kplus_app,0
TX_002317,ACC_0605,ACC_1069,293.2,2026-08-14 08:33:00,0,0,53,1.19,pin,kplus_app,0
TX_002014,ACC_0170,ACC_0521,230.74,2026-08-14 08:39:00,0,0,34,1.28,pin,kplus_app,0
TX_004605,ACC_0452,ACC_0730,238.11,2026-08-14 08:47:00,0,0,39,0.21,face_scan,kplus_app,0
TX_002665,ACC_0129,ACC_1099,53.6,2026-08-14 09:04:00,0,0,39,1.19,pin,kplus_app,0
TX_003387,ACC_0361,ACC_0652,123.31,2026-08-14 09:11:00,0,0,49,0.24,pin,kplus_app,0
TX_005770,ACC_0860,ACC_0778,635.36,2026-08-14 09:12:00,0,0,36,0.81,face_scan,kplus_app,0
TX_004674,ACC_0340,ACC_0365,348.47,2026-08-14 09:16:00,0,0,41,0.69,pin,kplus_app,0
TX_003142,ACC_0183,ACC_0437,152.99,2026-08-14 09:18:00,0,0,66,0.16,pin,kplus_app,0
TX_001120,ACC_0655,ACC_0250,477.42,2026-08-14 09:25:00,0,0,62,1.3,pin,kplus_app,0
TX_003226,ACC_1198,ACC_0556,1357.4,2026-08-14 09:27:00,0,0,45,0.65,pin,kplus_app,0
TX_003381,ACC_0935,ACC_0979,239.54,2026-08-14 09:31:00,0,0,55,0.55,pin,kplus_app,0
TX_004389,ACC_0551,ACC_0751,392.31,2026-08-14 09:33:00,0,0,30,0.61,pin,kplus_app,0
TX_002300,ACC_0793,ACC_0674,1508.47,2026-08-14 09:40:00,0,0,37,0.71,pin,kplus_app,0
TX_002363,ACC_0777,ACC_0555,612.59,2026-08-14 09:43:00,0,0,66,0.97,pin,kplus_app,0
TX_000803,ACC_1066,ACC_0071,46.67,2026-08-14 09:48:00,0,0,45,0.87,pin,kplus_app,0
TX_000659,ACC_0809,ACC_0851,503.77,2026-08-14 09:56:00,0,0,61,0.5,pin,kplus_app,0
TX_001989,ACC_0940,ACC_0222,399.02,2026-08-14 10:00:00,0,0,35,1.3,pin,kplus_app,0
TX_003348,ACC_0406,ACC_1139,385.84,2026-08-14 10:07:00,1,0,40,1.38,pin,kplus_app,0
TX_005046,ACC_0339,ACC_0099,1477.06,2026-08-14 10:09:00,0,0,40,1.2,pin,kplus_app,0
TX_004892,ACC_0845,ACC_0692,838.95,2026-08-14 10:14:00,0,0,49,0.19,face_scan,kplus_app,0
TX_001143,ACC_0306,ACC_0730,2618.89,2026-08-14 10:17:00,0,0,50,0.74,pin,kplus_app,0
TX_004821,ACC_0514,ACC_0794,82.34,2026-08-14 10:37:00,1,0,62,1.04,pin,kplus_app,0
TX_003784,ACC_0256,ACC_0657,1278.7,2026-08-14 10:37:00,1,0,45,0.16,pin,kplus_app,0
TX_002131,ACC_0465,ACC_0889,92.44,2026-08-14 10:39:00,0,0,57,1.26,pin,kplus_app,0
TX_003550,ACC_0209,ACC_0741,1417.82,2026-08-14 10:40:00,1,0,42,0.48,pin,kplus_app,0
TX_002286,ACC_1125,ACC_0649,649.74,2026-08-14 10:47:00,0,0,50,0.3,pin,kplus_app,0
TX_000945,ACC_0781,ACC_0203,977.13,2026-08-14 11:04:00,0,0,34,0.27,pin,kplus_app,0
TX_001191,ACC_0084,ACC_0972,787.6,2026-08-14 11:18:00,0,0,42,1.48,pin,kplus_app,0
TX_006240,ACC_0956,ACC_0003,386.07,2026-08-14 11:21:00,1,0,24,0.3,pin,kplus_app,1
TX_006241,ACC_0956,ACC_0003,59803.6,2026-08-14 11:35:00,0,0,350,14.69,pin,kplus_app,1
TX_000931,ACC_0733,ACC_0154,478.87,2026-08-14 11:45:00,1,0,41,1.06,face_scan,kplus_app,0
TX_002236,ACC_1151,ACC_0844,58.92,2026-08-14 12:00:00,0,0,48,0.27,face_scan,kplus_app,0
TX_001004,ACC_0357,ACC_0115,445.74,2026-08-14 12:20:00,0,0,59,0.75,pin,kplus_app,0
TX_002667,ACC_0288,ACC_0122,907.17,2026-08-14 12:35:00,0,0,60,1.26,pin,kplus_app,0
TX_005279,ACC_0115,ACC_0199,1230.69,2026-08-14 12:36:00,0,0,54,0.5,pin,kplus_app,0
TX_005821,ACC_0675,ACC_0582,740.32,2026-08-14 12:41:00,0,0,41,1.41,pin,kplus_app,0
TX_000474,ACC_1122,ACC_0774,3348.41,2026-08-14 12:44:00,0,0,26,0.35,pin,kplus_app,0
TX_003820,ACC_0383,ACC_0438,966.29,2026-08-14 12:46:00,0,0,47,0.76,pin,kplus_app,0
TX_005936,ACC_0887,ACC_1041,1195.34,2026-08-14 12:56:00,1,0,51,0.72,pin,kplus_app,0
TX_004862,ACC_0239,ACC_0759,761.91,2026-08-14 12:58:00,0,0,47,0.76,pin,kplus_app,0
TX_005949,ACC_0807,ACC_0599,409.8,2026-08-14 13:09:00,0,0,7,0.14,pin,kplus_app,0
TX_003080,ACC_0517,ACC_0736,1128.83,2026-08-14 13:11:00,0,0,56,0.21,face_scan,kplus_app,0
TX_002171,ACC_1081,ACC_0464,795.05,2026-08-14 13:34:00,1,0,52,0.98,pin,kplus_app,0
TX_000066,ACC_0203,ACC_0740,651.36,2026-08-14 13:44:00,0,0,37,0.42,pin,kplus_app,0
TX_000384,ACC_0720,ACC_0374,745.17,2026-08-14 13:45:00,1,1,28,1.19,pin,kplus_app,0
TX_005287,ACC_0614,ACC_0915,1157.66,2026-08-14 13:47:00,1,0,31,0.86,pin,kplus_app,0
TX_005826,ACC_1099,ACC_0609,911.05,2026-08-14 13:55:00,1,0,45,1.46,none,kplus_app,0
TX_003409,ACC_0086,ACC_0482,863.36,2026-08-14 13:59:00,1,0,36,0.93,pin,kplus_app,0
TX_003253,ACC_0202,ACC_0608,1066.23,2026-08-14 14:17:00,1,0,25,0.66,pin,kplus_app,0
TX_004041,ACC_1004,ACC_0966,424.14,2026-08-14 14:27:00,0,0,56,0.78,pin,kplus_app,0
TX_004296,ACC_0566,ACC_0770,1443.77,2026-08-14 14:40:00,0,0,47,0.25,pin,kplus_app,0
TX_002738,ACC_0060,ACC_0077,2774.02,2026-08-14 14:45:00,0,0,65,1.38,pin,kplus_app,0
TX_000963,ACC_0135,ACC_1137,178.77,2026-08-14 14:51:00,1,0,43,0.62,pin,kplus_app,0
TX_002729,ACC_0603,ACC_0880,152.11,2026-08-14 14:56:00,0,0,27,0.32,pin,kplus_app,0
TX_000608,ACC_0590,ACC_0514,389.16,2026-08-14 14:57:00,0,0,49,0.43,face_scan,kplus_app,0
TX_005983,ACC_0937,ACC_0278,168.31,2026-08-14 14:57:00,0,0,27,1.06,face_scan,kplus_app,0
TX_000149,ACC_0328,ACC_0633,1262.3,2026-08-14 15:00:00,0,0,54,0.51,pin,kplus_app,0
TX_000669,ACC_0714,ACC_0499,293.87,2026-08-14 15:05:00,0,0,36,1.08,pin,kplus_app,0
TX_005021,ACC_1018,ACC_0874,92.05,2026-08-14 15:14:00,1,0,47,0.31,face_scan,kplus_app,0
TX_004457,ACC_0071,ACC_0063,294.46,2026-08-14 15:29:00,1,0,54,1.18,pin,kplus_app,0
TX_001356,ACC_1137,ACC_0863,141.04,2026-08-14 15:31:00,1,0,47,1.09,pin,kplus_app,0
TX_005413,ACC_1027,ACC_1136,775.83,2026-08-14 15:37:00,1,0,55,0.41,pin,kplus_app,0
TX_002907,ACC_0812,ACC_0714,1104.87,2026-08-14 15:40:00,0,0,54,0.36,pin,kplus_app,0
TX_000333,ACC_0082,ACC_0772,415.84,2026-08-14 15:43:00,0,0,45,1.12,pin,kplus_app,0
TX_003195,ACC_0398,ACC_0665,893.55,2026-08-14 15:52:00,0,0,47,0.27,pin,kplus_app,0
TX_000290,ACC_1093,ACC_0433,180.61,2026-08-14 15:54:00,0,0,29,1.01,pin,kplus_app,0
TX_002409,ACC_0256,ACC_0943,565.36,2026-08-14 16:11:00,0,0,62,0.28,face_scan,kplus_app,0
TX_002834,ACC_0564,ACC_0795,991.38,2026-08-14 16:13:00,0,0,65,0.35,pin,kplus_app,0
TX_004102,ACC_0386,ACC_1109,830.92,2026-08-14 16:18:00,0,0,38,1.3,pin,kplus_app,0
TX_002023,ACC_0438,ACC_0331,215.22,2026-08-14 16:29:00,0,0,38,1.25,pin,kplus_app,0
TX_004757,ACC_0566,ACC_0690,508.6,2026-08-14 16:35:00,1,0,31,0.37,pin,kplus_app,0
TX_005243,ACC_0896,ACC_1055,107.4,2026-08-14 16:49:00,0,0,30,0.12,face_scan,kplus_app,0
TX_003783,ACC_0258,ACC_0115,758.27,2026-08-14 16:53:00,0,0,36,1.26,pin,kplus_app,0
TX_002304,ACC_0902,ACC_1128,1070.27,2026-08-14 16:59:00,1,0,48,0.9,pin,kplus_app,0
TX_005109,ACC_0477,ACC_0430,605.23,2026-08-14 17:03:00,1,0,47,1.23,face_scan,kplus_app,0
TX_005868,ACC_0065,ACC_0697,150.04,2026-08-14 17:13:00,1,0,31,0.94,pin,kplus_app,0
TX_001195,ACC_0671,ACC_1146,456.7,2026-08-14 17:27:00,0,0,56,0.48,pin,kplus_app,0
TX_004616,ACC_0263,ACC_0606,643.9,2026-08-14 17:29:00,1,0,72,0.79,pin,kplus_app,0
TX_001124,ACC_0735,ACC_1184,1918.83,2026-08-14 17:43:00,0,0,50,1.42,pin,kplus_app,0
TX_003339,ACC_0698,ACC_0580,237.69,2026-08-14 17:46:00,0,0,39,0.39,pin,kplus_app,0
TX_001656,ACC_0499,ACC_0309,426.23,2026-08-14 17:54:00,1,0,51,0.88,pin,kplus_app,0
TX_001948,ACC_0997,ACC_0527,767.36,2026-08-14 17:58:00,1,0,41,1.49,pin,kplus_app,0
TX_000152,ACC_1012,ACC_1105,269.53,2026-08-14 18:00:00,0,0,37,0.92,face_scan,kplus_app,0
TX_005506,ACC_1169,ACC_0831,696.29,2026-08-14 18:21:00,0,0,47,1.27,pin,kplus_app,0
TX_000273,ACC_0230,ACC_0630,245.14,2026-08-14 18:25:00,1,0,28,0.15,face_scan,kplus_app,0
TX_004606,ACC_0780,ACC_0428,251.23,2026-08-14 18:30:00,0,0,46,1.49,pin,kplus_app,0
TX_000385,ACC_0478,ACC_0747,991.85,2026-08-14 18:37:00,0,0,47,0.16,pin,kplus_app,0
TX_003188,ACC_0792,ACC_0092,207.71,2026-08-14 18:44:00,0,0,31,0.91,face_scan,kplus_app,0
TX_000622,ACC_0908,ACC_0332,1582.32,2026-08-14 18:47:00,0,0,43,0.91,pin,kplus_app,0
TX_004697,ACC_0727,ACC_0153,375.06,2026-08-14 18:53:00,1,0,46,1.34,pin,kplus_app,0
TX_000427,ACC_0358,ACC_0293,563.43,2026-08-14 18:55:00,0,0,39,0.7,face_scan,kplus_app,0
TX_005777,ACC_0332,ACC_0671,75.07,2026-08-14 18:57:00,1,0,54,1.11,pin,kplus_app,0
TX_001981,ACC_0093,ACC_1036,188.17,2026-08-14 19:06:00,0,0,29,0.93,pin,kplus_app,0
TX_002067,ACC_0953,ACC_1163,645.63,2026-08-14 19:08:00,1,0,22,1.15,pin,kplus_app,0
TX_003940,ACC_0997,ACC_1029,1434.0,2026-08-14 19:10:00,1,0,37,1.24,pin,kplus_app,0
TX_001625,ACC_0720,ACC_0999,721.19,2026-08-14 19:17:00,0,0,60,0.47,pin,kplus_app,0
TX_000866,ACC_0159,ACC_1005,488.01,2026-08-14 19:29:00,1,0,44,0.86,pin,kplus_app,0
TX_002328,ACC_0139,ACC_1107,88.51,2026-08-14 19:29:00,0,0,62,0.13,face_scan,kplus_app,0
TX_001807,ACC_0216,ACC_0776,178.74,2026-08-14 19:34:00,0,0,38,1.3,pin,kplus_app,0
TX_004554,ACC_0141,ACC_0287,1100.57,2026-08-14 19:34:00,1,0,31,1.33,pin,kplus_app,0
TX_001348,ACC_0591,ACC_0665,428.14,2026-08-14 19:37:00,1,0,45,1.28,pin,kplus_app,0
TX_003726,ACC_0279,ACC_0789,214.74,2026-08-14 19:38:00,0,0,39,0.76,pin,kplus_app,0
TX_005593,ACC_0580,ACC_0773,994.22,2026-08-14 20:17:00,0,0,52,1.48,pin,kplus_app,0
TX_005285,ACC_0240,ACC_1108,500.58,2026-08-14 20:21:00,0,0,48,1.06,pin,kplus_app,0
TX_002404,ACC_0501,ACC_1147,273.1,2026-08-14 20:40:00,0,0,70,0.17,pin,kplus_app,0
TX_005312,ACC_1187,ACC_0709,1070.77,2026-08-14 20:43:00,0,0,38,0.41,pin,kplus_app,0
TX_005863,ACC_1143,ACC_0246,1732.19,2026-08-14 20:44:00,0,0,71,1.15,pin,kplus_app,0
TX_003730,ACC_0905,ACC_0971,158.22,2026-08-14 20:53:00,0,0,63,0.65,pin,kplus_app,0
TX_004470,ACC_1183,ACC_0877,1568.59,2026-08-14 20:56:00,0,0,36,0.15,pin,kplus_app,0
TX_005851,ACC_0389,ACC_0709,1198.28,2026-08-14 21:11:00,0,0,47,0.14,face_scan,kplus_app,0
TX_001558,ACC_0786,ACC_0573,856.25,2026-08-14 21:15:00,0,0,28,0.97,pin,kplus_app,0
TX_001942,ACC_0175,ACC_0236,443.11,2026-08-14 21:22:00,0,0,31,1.17,pin,kplus_app,0
TX_000450,ACC_0282,ACC_0501,315.57,2026-08-14 21:26:00,0,0,40,1.3,pin,kplus_app,0
TX_003648,ACC_0093,ACC_1109,279.8,2026-08-14 21:33:00,0,0,36,0.27,pin,kplus_app,0
TX_005133,ACC_0804,ACC_0671,141.88,2026-08-14 21:41:00,0,0,33,1.22,pin,kplus_app,0
TX_004388,ACC_0522,ACC_0939,539.21,2026-08-14 21:47:00,1,0,29,1.38,pin,kplus_app,0
TX_001354,ACC_0961,ACC_0160,582.2,2026-08-14 21:52:00,0,0,41,1.23,pin,kplus_app,0
TX_002959,ACC_0229,ACC_0787,646.88,2026-08-14 21:53:00,0,0,36,0.88,pin,kplus_app,0
TX_003681,ACC_1041,ACC_0393,435.12,2026-08-14 22:09:00,0,0,43,0.74,pin,kplus_app,0
TX_004294,ACC_1043,ACC_1088,394.46,2026-08-14 22:16:00,1,0,37,1.46,face_scan,kplus_app,0
TX_004721,ACC_0935,ACC_0549,1273.07,2026-08-14 22:37:00,0,0,65,1.49,pin,kplus_app,0
TX_004157,ACC_0693,ACC_0414,1370.08,2026-08-14 22:58:00,1,0,45,0.93,pin,kplus_app,0
TX_001005,ACC_0200,ACC_0212,1088.05,2026-08-14 22:58:00,0,0,49,0.65,face_scan,kplus_app,0
TX_000445,ACC_0977,ACC_0598,440.49,2026-08-14 23:20:00,0,0,66,1.11,pin,kplus_app,0
TX_002033,ACC_1018,ACC_0971,73.68,2026-08-14 23:32:00,0,0,56,0.93,none,kplus_app,0
TX_001559,ACC_0609,ACC_0275,372.92,2026-08-14 23:33:00,0,0,50,1.11,pin,kplus_app,0
TX_004759,ACC_0102,ACC_0761,268.45,2026-08-14 23:43:00,0,0,28,0.39,face_scan,kplus_app,0
TX_004593,ACC_0945,ACC_0728,654.46,2026-08-14 23:48:00,1,0,40,0.75,pin,kplus_app,0
TX_003674,ACC_0940,ACC_1079,560.87,2026-08-15 00:33:00,0,0,37,0.16,pin,kplus_app,0
TX_006314,ACC_1159,ACC_0054,218.15,2026-08-15 00:34:00,1,0,35,0.3,pin,kplus_app,1
TX_003853,ACC_0866,ACC_0711,937.8,2026-08-15 00:40:00,1,0,55,1.47,pin,kplus_app,0
TX_006315,ACC_1159,ACC_0054,44366.77,2026-08-15 00:48:00,0,0,12,21.43,pin,kplus_app,1
TX_004343,ACC_0769,ACC_0382,365.82,2026-08-15 00:53:00,0,0,55,1.03,none,kplus_app,0
TX_000533,ACC_0243,ACC_0524,2752.1,2026-08-15 00:54:00,0,0,47,0.11,pin,kplus_app,0
TX_001156,ACC_1029,ACC_0873,458.5,2026-08-15 00:55:00,1,0,36,0.83,pin,kplus_app,0
TX_004867,ACC_0743,ACC_1053,277.55,2026-08-15 01:09:00,0,0,49,1.29,pin,kplus_app,0
TX_001068,ACC_0704,ACC_1095,1524.22,2026-08-15 01:10:00,0,0,50,0.16,face_scan,kplus_app,0
TX_005637,ACC_0672,ACC_0856,257.48,2026-08-15 01:15:00,1,0,37,0.72,pin,kplus_app,0
TX_004381,ACC_0736,ACC_0876,724.89,2026-08-15 01:20:00,0,0,60,0.5,pin,kplus_app,0
TX_003479,ACC_0656,ACC_0694,376.37,2026-08-15 01:24:00,0,0,56,1.32,pin,kplus_app,0
TX_002846,ACC_1176,ACC_0216,65.93,2026-08-15 01:27:00,0,0,32,0.71,pin,kplus_app,0
TX_002510,ACC_0269,ACC_0075,1067.33,2026-08-15 01:30:00,0,0,41,0.63,pin,kplus_app,0
TX_000447,ACC_0575,ACC_0279,201.02,2026-08-15 01:40:00,1,0,30,0.2,pin,kplus_app,0
TX_000500,ACC_0764,ACC_0470,620.04,2026-08-15 01:40:00,0,0,41,1.15,pin,kplus_app,0
TX_006110,ACC_0137,ACC_0033,187.68,2026-08-15 01:54:00,1,0,39,0.3,pin,kplus_app,1
TX_006111,ACC_0137,ACC_0033,28204.05,2026-08-15 02:02:00,0,0,350,9.82,pin,kplus_app,1
TX_001064,ACC_0276,ACC_0589,1726.63,2026-08-15 02:12:00,0,0,44,1.07,pin,kplus_app,0
TX_000380,ACC_0120,ACC_0382,116.8,2026-08-15 02:16:00,0,0,39,0.78,pin,kplus_app,0
TX_001239,ACC_1119,ACC_0923,293.87,2026-08-15 02:29:00,0,0,42,1.24,pin,kplus_app,0
TX_005155,ACC_1168,ACC_0220,99.41,2026-08-15 02:50:00,0,0,53,0.61,pin,kplus_app,0
TX_001303,ACC_0490,ACC_0071,907.68,2026-08-15 02:51:00,1,0,47,1.36,pin,kplus_app,0
TX_000625,ACC_1051,ACC_0687,742.38,2026-08-15 02:56:00,0,0,45,0.95,pin,kplus_app,0
TX_001570,ACC_0653,ACC_0393,55.58,2026-08-15 03:02:00,0,0,62,0.36,pin,kplus_app,0
TX_005638,ACC_0596,ACC_0688,46.49,2026-08-15 03:09:00,0,0,51,0.57,pin,kplus_app,0
TX_005927,ACC_0712,ACC_0764,458.44,2026-08-15 03:14:00,0,0,59,0.65,pin,kplus_app,0
TX_003616,ACC_0128,ACC_0150,988.39,2026-08-15 03:20:00,1,0,44,1.26,pin,kplus_app,0
TX_003829,ACC_0094,ACC_0789,872.99,2026-08-15 03:20:00,0,0,39,0.53,pin,kplus_app,0
TX_002002,ACC_0605,ACC_0619,92.03,2026-08-15 03:23:00,0,0,46,1.44,pin,kplus_app,0
TX_001319,ACC_0449,ACC_0318,102.42,2026-08-15 03:26:00,0,0,42,1.47,pin,kplus_app,0
TX_004914,ACC_0083,ACC_0766,196.46,2026-08-15 03:35:00,0,0,45,0.59,pin,kplus_app,0
TX_000917,ACC_0698,ACC_0395,649.1,2026-08-15 03:42:00,1,0,50,0.4,face_scan,kplus_app,0
TX_001328,ACC_0081,ACC_0183,1513.41,2026-08-15 03:51:00,0,0,38,0.46,pin,kplus_app,0
TX_005950,ACC_0241,ACC_0091,790.71,2026-08-15 03:53:00,0,0,35,0.73,pin,kplus_app,0
TX_003149,ACC_0113,ACC_0443,321.75,2026-08-15 03:57:00,0,0,43,0.33,pin,kplus_app,0
TX_003015,ACC_0281,ACC_1028,738.39,2026-08-15 03:58:00,1,0,47,1.04,pin,kplus_app,0
TX_003127,ACC_0181,ACC_0228,139.89,2026-08-15 04:00:00,0,0,36,0.52,pin,kplus_app,0
TX_002926,ACC_1177,ACC_0802,234.53,2026-08-15 04:01:00,0,0,57,0.87,pin,kplus_app,0
TX_001413,ACC_0642,ACC_0151,406.58,2026-08-15 04:22:00,0,0,49,1.49,pin,kplus_app,0
TX_005447,ACC_0426,ACC_0953,387.65,2026-08-15 04:32:00,0,0,16,1.37,pin,kplus_app,0
TX_000078,ACC_0895,ACC_0114,48.78,2026-08-15 04:32:00,0,0,50,0.59,pin,kplus_app,0
TX_003891,ACC_1110,ACC_0323,645.45,2026-08-15 04:48:00,0,0,53,0.18,face_scan,kplus_app,0
TX_003308,ACC_0068,ACC_0903,1662.6,2026-08-15 04:59:00,0,0,30,0.46,none,kplus_app,0
TX_001503,ACC_0521,ACC_0375,466.72,2026-08-15 05:04:00,0,0,56,1.28,pin,kplus_app,0
TX_001265,ACC_0131,ACC_1152,766.52,2026-08-15 05:11:00,0,0,29,0.81,pin,kplus_app,0
TX_000867,ACC_0326,ACC_0806,821.18,2026-08-15 05:17:00,1,0,35,0.18,pin,kplus_app,0
TX_003772,ACC_0629,ACC_1144,131.67,2026-08-15 05:21:00,1,0,42,1.14,face_scan,kplus_app,0
TX_004911,ACC_0618,ACC_0628,748.81,2026-08-15 05:21:00,0,0,30,1.3,pin,kplus_app,0
TX_004037,ACC_0866,ACC_1059,1402.06,2026-08-15 05:30:00,0,1,42,1.34,face_scan,kplus_app,0
TX_001145,ACC_0456,ACC_1035,665.41,2026-08-15 05:40:00,0,0,50,1.0,pin,kplus_app,0
TX_001091,ACC_0168,ACC_1024,404.81,2026-08-15 05:40:00,0,0,45,1.08,pin,kplus_app,0
TX_004133,ACC_0270,ACC_1148,124.73,2026-08-15 05:41:00,1,0,27,0.4,face_scan,kplus_app,0
TX_004689,ACC_0843,ACC_0672,1177.0,2026-08-15 06:00:00,0,0,33,1.17,pin,kplus_app,0
TX_001044,ACC_0717,ACC_0807,1304.93,2026-08-15 06:07:00,0,0,30,0.75,pin,kplus_app,0
TX_003328,ACC_0375,ACC_0477,800.58,2026-08-15 06:20:00,0,0,40,0.66,pin,kplus_app,0
TX_002091,ACC_1144,ACC_0516,803.72,2026-08-15 06:25:00,0,0,57,0.9,face_scan,kplus_app,0
TX_002962,ACC_0151,ACC_0732,160.59,2026-08-15 06:29:00,0,0,55,1.34,pin,kplus_app,0
TX_003375,ACC_0635,ACC_0319,42.55,2026-08-15 06:33:00,0,0,37,1.11,pin,kplus_app,0
TX_004680,ACC_0736,ACC_0168,1851.42,2026-08-15 06:44:00,0,1,48,0.94,pin,kplus_app,0
TX_003083,ACC_0150,ACC_0937,810.44,2026-08-15 06:54:00,0,0,57,1.19,face_scan,kplus_app,0
TX_003431,ACC_0561,ACC_0982,792.11,2026-08-15 06:57:00,0,0,33,0.64,pin,kplus_app,0
TX_004033,ACC_0149,ACC_0966,432.8,2026-08-15 07:01:00,0,0,42,0.64,pin,kplus_app,0
TX_005262,ACC_0631,ACC_0581,1174.72,2026-08-15 07:09:00,0,0,37,1.31,pin,kplus_app,0
TX_003712,ACC_0511,ACC_0496,890.88,2026-08-15 07:17:00,0,0,48,0.99,pin,kplus_app,0
TX_001026,ACC_0555,ACC_0708,2388.2,2026-08-15 07:19:00,0,0,30,1.05,face_scan,kplus_app,0
TX_003014,ACC_0527,ACC_0254,96.99,2026-08-15 07:44:00,0,1,55,0.39,pin,kplus_app,0
TX_002064,ACC_0620,ACC_0691,346.57,2026-08-15 07:46:00,0,0,32,0.92,pin,kplus_app,0
TX_003683,ACC_0364,ACC_0551,212.56,2026-08-15 08:07:00,0,0,47,1.49,pin,kplus_app,0
TX_005035,ACC_0553,ACC_0165,1634.87,2026-08-15 08:07:00,1,0,54,1.25,face_scan,kplus_app,0
TX_000554,ACC_0300,ACC_0324,698.4,2026-08-15 08:11:00,1,0,50,0.82,pin,kplus_app,0
TX_001331,ACC_0875,ACC_0951,257.03,2026-08-15 08:12:00,0,0,29,0.97,pin,kplus_app,0
TX_002195,ACC_1007,ACC_0212,361.12,2026-08-15 08:22:00,0,0,55,1.41,pin,kplus_app,0
TX_000243,ACC_0686,ACC_0224,1003.05,2026-08-15 08:23:00,0,0,33,1.13,pin,kplus_app,0
TX_002939,ACC_0255,ACC_0420,1573.57,2026-08-15 08:28:00,0,0,58,0.87,face_scan,kplus_app,0
TX_001416,ACC_1176,ACC_0361,167.67,2026-08-15 08:34:00,0,0,19,0.63,pin,kplus_app,0
TX_004976,ACC_0504,ACC_0130,297.43,2026-08-15 08:45:00,0,0,63,1.33,face_scan,kplus_app,0
TX_005095,ACC_0066,ACC_0910,857.98,2026-08-15 08:49:00,1,0,36,1.5,pin,kplus_app,0
TX_001017,ACC_0337,ACC_0899,2892.19,2026-08-15 08:53:00,1,0,23,0.72,pin,kplus_app,0
TX_003133,ACC_0843,ACC_0878,801.22,2026-08-15 08:56:00,0,0,30,0.9,pin,kplus_app,0
TX_004985,ACC_1121,ACC_0427,396.6,2026-08-15 09:00:00,0,0,39,1.03,pin,kplus_app,0
TX_005298,ACC_0679,ACC_0984,5409.73,2026-08-15 09:35:00,0,0,49,1.47,pin,kplus_app,0
TX_001866,ACC_0928,ACC_0654,592.59,2026-08-15 09:39:00,1,0,60,1.18,pin,kplus_app,0
TX_001970,ACC_0190,ACC_0404,281.66,2026-08-15 09:40:00,0,0,47,1.17,pin,kplus_app,0
TX_002555,ACC_0401,ACC_0113,884.54,2026-08-15 09:42:00,0,0,43,1.39,face_scan,kplus_app,0
TX_005469,ACC_0726,ACC_0407,157.11,2026-08-15 09:50:00,0,0,58,0.48,face_scan,kplus_app,0
TX_004507,ACC_0940,ACC_0199,140.95,2026-08-15 09:56:00,0,0,28,0.28,pin,kplus_app,0
TX_001487,ACC_0983,ACC_0711,1500.16,2026-08-15 10:06:00,1,0,22,0.68,pin,kplus_app,0
TX_004471,ACC_0510,ACC_0423,1175.66,2026-08-15 10:07:00,1,1,39,1.33,pin,kplus_app,0
TX_004746,ACC_0311,ACC_0626,143.17,2026-08-15 10:11:00,0,1,58,0.99,pin,kplus_app,0
TX_004969,ACC_0488,ACC_0910,2710.28,2026-08-15 10:15:00,1,0,47,1.28,pin,kplus_app,0
TX_005357,ACC_0458,ACC_1138,2482.45,2026-08-15 10:20:00,0,0,44,1.37,pin,kplus_app,0
TX_000223,ACC_0791,ACC_0618,647.3,2026-08-15 10:23:00,0,0,32,0.57,pin,kplus_app,0
TX_002781,ACC_1108,ACC_0805,754.39,2026-08-15 10:26:00,1,0,56,0.58,pin,kplus_app,0
TX_000150,ACC_0517,ACC_0956,589.98,2026-08-15 10:33:00,0,0,47,1.2,pin,kplus_app,0
TX_003990,ACC_0764,ACC_0871,215.89,2026-08-15 10:41:00,0,0,42,0.76,pin,kplus_app,0
TX_001046,ACC_0883,ACC_0092,1052.49,2026-08-15 10:43:00,1,0,37,0.81,pin,kplus_app,0
TX_002030,ACC_0984,ACC_0695,1067.89,2026-08-15 10:47:00,0,0,62,0.2,pin,kplus_app,0
TX_000014,ACC_0478,ACC_0781,727.64,2026-08-15 10:49:00,0,0,41,0.84,pin,kplus_app,0
TX_003346,ACC_1168,ACC_0939,434.38,2026-08-15 10:53:00,1,0,38,1.2,pin,kplus_app,0
TX_005630,ACC_0958,ACC_0267,264.77,2026-08-15 10:54:00,1,0,44,1.19,pin,kplus_app,0
TX_001921,ACC_0354,ACC_0348,1186.32,2026-08-15 10:55:00,0,0,32,0.92,pin,kplus_app,0
TX_000413,ACC_0950,ACC_0244,206.23,2026-08-15 10:55:00,0,0,33,0.13,pin,kplus_app,0
TX_002733,ACC_1180,ACC_0617,203.66,2026-08-15 10:55:00,0,0,39,0.21,pin,kplus_app,0
TX_005239,ACC_0930,ACC_0405,97.43,2026-08-15 11:05:00,1,0,50,0.73,pin,kplus_app,0
TX_004418,ACC_0321,ACC_0068,730.16,2026-08-15 11:10:00,0,0,61,1.09,pin,kplus_app,0
TX_000441,ACC_0705,ACC_0060,104.98,2026-08-15 11:18:00,0,0,45,0.18,none,kplus_app,0
TX_001133,ACC_0251,ACC_0131,52.64,2026-08-15 11:23:00,0,0,37,0.14,pin,kplus_app,0
TX_000023,ACC_0213,ACC_0579,259.75,2026-08-15 11:25:00,0,0,44,1.25,pin,kplus_app,0
TX_005634,ACC_0861,ACC_0223,559.87,2026-08-15 11:46:00,1,0,66,1.15,pin,kplus_app,0
TX_006371,ACC_0004,ACC_0000,28359.95,2026-08-15 11:48:22,1,1,11,9.18,pin,promptpay,1
TX_006206,ACC_0117,ACC_0039,180.99,2026-08-15 11:55:00,1,0,40,0.3,pin,kplus_app,1
TX_004509,ACC_0353,ACC_0333,254.1,2026-08-15 12:00:00,0,0,41,1.48,pin,kplus_app,0
TX_006207,ACC_0117,ACC_0039,50777.33,2026-08-15 12:04:00,0,0,350,21.06,pin,kplus_app,1
TX_002873,ACC_0323,ACC_1121,406.84,2026-08-15 12:08:00,0,0,43,1.04,pin,kplus_app,0
TX_002664,ACC_0254,ACC_0935,2115.29,2026-08-15 12:18:00,0,1,38,0.68,pin,kplus_app,0
TX_004482,ACC_0858,ACC_0543,341.17,2026-08-15 12:25:00,0,0,31,0.42,pin,kplus_app,0
TX_005418,ACC_0254,ACC_1074,344.33,2026-08-15 12:30:00,0,0,42,0.21,face_scan,kplus_app,0
TX_003467,ACC_0736,ACC_0132,557.53,2026-08-15 13:04:00,0,0,54,1.48,pin,kplus_app,0
TX_004840,ACC_0844,ACC_0887,345.56,2026-08-15 13:22:00,1,0,67,0.9,face_scan,kplus_app,0
TX_002036,ACC_0259,ACC_0336,793.06,2026-08-15 13:24:00,0,0,65,0.94,pin,kplus_app,0
TX_000415,ACC_0497,ACC_0568,753.84,2026-08-15 13:33:00,0,0,19,1.18,face_scan,kplus_app,0
TX_001229,ACC_1176,ACC_1168,186.85,2026-08-15 13:35:00,0,0,49,0.24,face_scan,kplus_app,0
TX_003835,ACC_0542,ACC_0696,1059.05,2026-08-15 13:42:00,0,0,35,1.2,pin,kplus_app,0
TX_001884,ACC_0923,ACC_0795,606.09,2026-08-15 13:50:00,0,0,40,0.3,face_scan,kplus_app,0
TX_001802,ACC_0722,ACC_0872,597.52,2026-08-15 13:50:00,0,0,14,0.44,pin,kplus_app,0
TX_003357,ACC_0170,ACC_0112,722.29,2026-08-15 13:51:00,0,0,43,0.4,none,kplus_app,0
TX_005073,ACC_0622,ACC_0839,177.68,2026-08-15 13:56:00,0,0,49,1.01,pin,kplus_app,0
TX_004209,ACC_0998,ACC_0641,1224.94,2026-08-15 13:57:00,0,0,29,1.48,pin,kplus_app,0
TX_001168,ACC_0953,ACC_1184,694.7,2026-08-15 14:16:00,0,0,24,0.13,pin,kplus_app,0
TX_003508,ACC_0569,ACC_1046,526.1,2026-08-15 14:38:00,0,0,30,1.36,pin,kplus_app,0
TX_005196,ACC_0427,ACC_0368,132.17,2026-08-15 15:07:00,0,0,33,1.27,pin,kplus_app,0
TX_004205,ACC_0657,ACC_0787,125.99,2026-08-15 15:51:00,1,0,43,0.19,pin,kplus_app,0
TX_005202,ACC_0420,ACC_0128,701.41,2026-08-15 15:55:00,1,0,18,0.75,pin,kplus_app,0
TX_000157,ACC_0624,ACC_0064,574.65,2026-08-15 16:25:00,0,0,54,0.69,pin,kplus_app,0
TX_005465,ACC_0868,ACC_0675,696.79,2026-08-15 16:26:00,0,0,27,0.65,pin,kplus_app,0
TX_004246,ACC_0968,ACC_0536,402.16,2026-08-15 16:44:00,1,0,49,1.31,pin,kplus_app,0
TX_003012,ACC_0087,ACC_1168,246.11,2026-08-15 16:50:00,1,0,44,0.31,pin,kplus_app,0
TX_002952,ACC_0117,ACC_0656,724.3,2026-08-15 16:59:00,0,0,52,1.17,pin,kplus_app,0
TX_002243,ACC_0118,ACC_0077,133.83,2026-08-15 17:04:00,1,0,34,0.63,pin,kplus_app,0
TX_005160,ACC_0610,ACC_0542,717.91,2026-08-15 17:13:00,0,0,46,1.36,pin,kplus_app,0
TX_003993,ACC_0755,ACC_0649,269.71,2026-08-15 17:24:00,1,0,57,1.24,pin,kplus_app,0
TX_003591,ACC_0119,ACC_0539,603.95,2026-08-15 17:26:00,0,0,31,0.38,pin,kplus_app,0
TX_001287,ACC_0959,ACC_0612,233.05,2026-08-15 17:32:00,0,0,27,0.42,pin,kplus_app,0
TX_003088,ACC_1150,ACC_0555,368.0,2026-08-15 17:40:00,0,1,16,0.58,pin,kplus_app,0
TX_002347,ACC_0738,ACC_0194,413.26,2026-08-15 17:43:00,0,0,42,1.46,face_scan,kplus_app,0
TX_001824,ACC_0646,ACC_0694,54.88,2026-08-15 17:46:00,0,0,57,1.37,pin,kplus_app,0
TX_000129,ACC_0912,ACC_0666,1291.61,2026-08-15 17:50:00,0,0,17,0.16,pin,kplus_app,0
TX_003400,ACC_0726,ACC_1029,871.07,2026-08-15 17:54:00,1,0,47,1.35,pin,kplus_app,0
TX_000032,ACC_0192,ACC_0564,862.73,2026-08-15 18:01:00,1,0,43,1.37,pin,kplus_app,0
TX_003322,ACC_0082,ACC_0952,197.0,2026-08-15 18:04:00,0,0,61,0.59,pin,kplus_app,0
TX_004743,ACC_0902,ACC_0464,1856.34,2026-08-15 18:33:00,1,0,43,1.43,pin,kplus_app,0
TX_002399,ACC_1065,ACC_0939,1861.24,2026-08-15 18:38:00,0,0,22,0.97,pin,kplus_app,0
TX_000897,ACC_0589,ACC_0436,1912.22,2026-08-15 19:04:00,0,0,42,1.31,pin,kplus_app,0
TX_005153,ACC_0359,ACC_1043,1278.48,2026-08-15 19:20:00,0,0,19,0.21,pin,kplus_app,0
TX_000401,ACC_0639,ACC_0351,163.74,2026-08-15 19:22:00,0,1,36,0.64,pin,kplus_app,0
TX_000704,ACC_0700,ACC_0320,58.65,2026-08-15 19:36:00,0,0,62,1.15,pin,kplus_app,0
TX_000071,ACC_0114,ACC_1041,428.08,2026-08-15 19:42:00,0,0,35,0.77,pin,kplus_app,0
TX_001096,ACC_0728,ACC_0490,308.38,2026-08-15 19:45:00,0,0,44,0.96,pin,kplus_app,0
TX_005626,ACC_0855,ACC_0169,240.55,2026-08-15 19:48:00,1,0,50,1.25,pin,kplus_app,0
TX_001599,ACC_1058,ACC_0800,139.08,2026-08-15 20:08:00,0,0,40,0.38,pin,kplus_app,0
TX_004042,ACC_1068,ACC_0088,189.08,2026-08-15 20:16:00,1,1,43,0.71,pin,kplus_app,0
TX_001501,ACC_0324,ACC_0984,550.14,2026-08-15 20:27:00,0,0,37,0.32,face_scan,kplus_app,0
TX_003013,ACC_0406,ACC_0382,738.0,2026-08-15 20:35:00,0,0,43,1.2,face_scan,kplus_app,0
TX_006266,ACC_0953,ACC_0011,274.08,2026-08-15 20:47:00,1,0,40,0.3,pin,kplus_app,1
TX_000476,ACC_0193,ACC_0833,2374.68,2026-08-15 20:57:00,0,0,51,0.45,pin,kplus_app,0
TX_006267,ACC_0953,ACC_0011,44613.09,2026-08-15 20:58:00,0,0,350,23.52,pin,kplus_app,1
TX_005327,ACC_1012,ACC_1125,761.89,2026-08-15 21:04:00,1,0,57,0.24,face_scan,kplus_app,0
TX_000763,ACC_0964,ACC_0500,1734.09,2026-08-15 21:08:00,0,0,14,0.58,pin,kplus_app,0
TX_005053,ACC_0720,ACC_0219,142.9,2026-08-15 21:49:00,0,0,35,1.36,pin,kplus_app,0
TX_001321,ACC_0693,ACC_0950,172.43,2026-08-15 22:00:00,0,0,56,0.88,pin,kplus_app,0
TX_000572,ACC_0725,ACC_0990,275.48,2026-08-15 22:06:00,0,0,41,1.27,pin,kplus_app,0
TX_001301,ACC_0346,ACC_1051,2744.01,2026-08-15 22:11:00,0,0,47,0.85,pin,kplus_app,0
TX_003081,ACC_1049,ACC_0208,790.24,2026-08-15 22:31:00,1,0,39,0.44,pin,kplus_app,0
TX_000627,ACC_1095,ACC_0636,782.14,2026-08-15 22:40:00,1,0,50,0.6,pin,kplus_app,0
TX_002823,ACC_0752,ACC_1057,220.01,2026-08-15 22:42:00,0,0,40,0.62,pin,kplus_app,0
TX_004151,ACC_0962,ACC_1003,302.87,2026-08-15 22:49:00,0,0,76,1.08,pin,kplus_app,0
TX_002056,ACC_0142,ACC_0963,283.2,2026-08-15 22:49:00,1,0,57,0.45,pin,kplus_app,0
TX_005362,ACC_0278,ACC_0286,221.14,2026-08-15 22:51:00,1,0,35,0.86,pin,kplus_app,0
TX_005939,ACC_0448,ACC_0130,504.3,2026-08-15 22:52:00,0,0,28,0.74,pin,kplus_app,0
TX_001766,ACC_0226,ACC_1028,261.09,2026-08-15 22:55:00,0,0,41,1.11,pin,kplus_app,0
TX_001876,ACC_0497,ACC_1031,1084.91,2026-08-15 22:56:00,0,0,51,1.46,pin,kplus_app,0
TX_000819,ACC_0437,ACC_0804,457.9,2026-08-15 22:59:00,1,0,38,1.19,none,kplus_app,0
TX_005301,ACC_0848,ACC_0485,80.23,2026-08-15 23:02:00,0,0,48,1.43,pin,kplus_app,0
TX_002721,ACC_0108,ACC_0192,1600.98,2026-08-15 23:05:00,0,0,31,0.73,pin,kplus_app,0
TX_003336,ACC_0800,ACC_1116,427.16,2026-08-15 23:21:00,0,0,73,0.12,pin,kplus_app,0
TX_002691,ACC_0515,ACC_0849,262.01,2026-08-15 23:21:00,0,0,42,0.13,pin,kplus_app,0
TX_000770,ACC_0439,ACC_0354,183.55,2026-08-15 23:22:00,0,0,42,0.31,pin,kplus_app,0
TX_001098,ACC_1110,ACC_0291,1086.89,2026-08-15 23:25:00,0,0,43,0.45,pin,kplus_app,0
TX_002679,ACC_0062,ACC_0105,2789.62,2026-08-15 23:26:00,0,0,61,0.56,pin,kplus_app,0
TX_005762,ACC_0625,ACC_0794,193.45,2026-08-15 23:30:00,0,0,52,1.3,face_scan,kplus_app,0
TX_001586,ACC_0631,ACC_0629,832.76,2026-08-15 23:30:00,1,0,62,0.32,pin,kplus_app,0
TX_003274,ACC_0279,ACC_0900,2854.8,2026-08-15 23:32:00,0,0,18,1.04,pin,kplus_app,0
TX_004145,ACC_0707,ACC_0484,260.82,2026-08-15 23:43:00,0,0,49,1.01,pin,kplus_app,0
TX_002241,ACC_0654,ACC_0949,566.2,2026-08-15 23:49:00,0,0,45,1.1,face_scan,kplus_app,0
TX_001066,ACC_1174,ACC_0446,525.62,2026-08-15 23:50:00,0,0,57,0.35,pin,kplus_app,0
TX_005121,ACC_0671,ACC_0388,2041.91,2026-08-15 23:51:00,1,0,46,1.14,pin,kplus_app,0
TX_003337,ACC_0928,ACC_0546,785.18,2026-08-16 00:07:00,0,0,56,0.84,pin,kplus_app,0
TX_002046,ACC_0513,ACC_0774,1281.18,2026-08-16 00:08:00,0,0,22,0.27,pin,kplus_app,0
TX_003883,ACC_0462,ACC_0110,301.5,2026-08-16 00:08:00,0,0,52,0.9,pin,kplus_app,0
TX_002656,ACC_0310,ACC_0531,605.34,2026-08-16 00:09:00,0,0,32,0.82,face_scan,kplus_app,0
TX_001771,ACC_0418,ACC_0473,97.47,2026-08-16 00:12:00,1,0,23,0.57,pin,kplus_app,0
TX_000996,ACC_0141,ACC_0917,70.79,2026-08-16 00:18:00,0,0,44,0.35,pin,kplus_app,0
TX_001719,ACC_0418,ACC_0168,1419.19,2026-08-16 00:19:00,1,0,77,0.5,pin,kplus_app,0
TX_002004,ACC_1034,ACC_0582,1118.52,2026-08-16 00:23:00,0,0,62,0.74,pin,kplus_app,0
TX_000698,ACC_0845,ACC_0811,631.51,2026-08-16 00:27:00,0,0,44,0.48,pin,kplus_app,0
TX_003759,ACC_0951,ACC_0231,457.63,2026-08-16 00:33:00,0,0,23,0.52,pin,kplus_app,0
TX_002507,ACC_0346,ACC_0723,925.99,2026-08-16 00:37:00,1,0,24,0.41,pin,kplus_app,0
TX_001653,ACC_0534,ACC_0638,214.41,2026-08-16 00:39:00,0,0,44,1.37,pin,kplus_app,0
TX_005066,ACC_1196,ACC_1109,197.8,2026-08-16 00:49:00,0,0,38,0.52,pin,kplus_app,0
TX_000228,ACC_0304,ACC_0284,355.03,2026-08-16 00:55:00,0,0,21,1.06,pin,kplus_app,0
TX_001911,ACC_0393,ACC_0546,844.02,2026-08-16 00:59:00,0,0,49,0.99,pin,kplus_app,0
TX_000887,ACC_0291,ACC_1001,505.4,2026-08-16 01:01:00,0,0,38,1.2,pin,kplus_app,0
TX_005641,ACC_0307,ACC_1147,2386.36,2026-08-16 01:06:00,1,0,28,1.1,face_scan,kplus_app,0
TX_002881,ACC_0711,ACC_1024,1256.9,2026-08-16 01:09:00,0,0,49,0.58,face_scan,kplus_app,0
TX_006078,ACC_1083,ACC_0045,321.49,2026-08-16 01:10:00,1,0,43,0.3,pin,kplus_app,1
TX_002383,ACC_0963,ACC_0616,1303.79,2026-08-16 01:15:00,0,0,33,1.3,face_scan,kplus_app,0
TX_003595,ACC_0939,ACC_1119,1217.81,2026-08-16 01:18:00,0,0,12,1.01,pin,kplus_app,0
TX_006079,ACC_1083,ACC_0045,61930.41,2026-08-16 01:19:00,0,0,350,22.13,pin,kplus_app,1
TX_002638,ACC_1132,ACC_0280,334.33,2026-08-16 01:25:00,1,0,61,0.44,pin,kplus_app,0
TX_000181,ACC_0247,ACC_0254,45.24,2026-08-16 01:25:00,1,0,51,0.6,pin,kplus_app,0
TX_005629,ACC_0409,ACC_0420,564.59,2026-08-16 01:26:00,0,0,28,0.53,pin,kplus_app,0
TX_002801,ACC_0515,ACC_0081,531.51,2026-08-16 01:32:00,0,0,63,1.5,pin,kplus_app,0
TX_004168,ACC_0560,ACC_0113,85.9,2026-08-16 01:36:00,0,0,30,1.18,pin,kplus_app,0
TX_000004,ACC_1168,ACC_0588,968.47,2026-08-16 01:42:00,0,0,41,0.25,pin,kplus_app,0
TX_000725,ACC_1060,ACC_0187,3401.21,2026-08-16 01:42:00,1,0,49,1.45,pin,kplus_app,0
TX_004067,ACC_0597,ACC_0199,1633.07,2026-08-16 01:44:00,1,0,56,0.6,pin,kplus_app,0
TX_000074,ACC_0285,ACC_0908,262.09,2026-08-16 01:47:00,1,0,70,0.37,pin,kplus_app,0
TX_003196,ACC_1175,ACC_0432,1165.66,2026-08-16 01:51:00,0,0,36,0.6,pin,kplus_app,0
TX_003721,ACC_0425,ACC_0162,380.75,2026-08-16 01:53:00,0,0,42,0.15,pin,kplus_app,0
TX_001926,ACC_0806,ACC_1096,264.7,2026-08-16 02:02:00,0,0,34,0.46,pin,kplus_app,0
TX_000769,ACC_0983,ACC_0126,615.82,2026-08-16 02:13:00,0,0,58,0.72,pin,kplus_app,0
TX_004739,ACC_0889,ACC_1135,220.48,2026-08-16 02:13:00,0,0,72,0.74,pin,kplus_app,0
TX_004134,ACC_0169,ACC_0419,106.73,2026-08-16 02:14:00,0,0,48,0.73,pin,kplus_app,0
TX_006054,ACC_0994,ACC_0022,393.99,2026-08-16 02:19:00,1,0,33,0.3,pin,kplus_app,1
TX_004192,ACC_0155,ACC_0510,540.71,2026-08-16 02:22:00,0,0,57,0.66,face_scan,kplus_app,0
TX_005297,ACC_0609,ACC_0781,107.2,2026-08-16 02:24:00,0,0,43,0.73,pin,kplus_app,0
TX_006055,ACC_0994,ACC_0022,23259.31,2026-08-16 02:33:00,0,0,12,20.56,pin,kplus_app,1
TX_002345,ACC_0472,ACC_0249,624.46,2026-08-16 02:34:00,0,0,50,1.33,pin,kplus_app,0
TX_001855,ACC_0606,ACC_0558,129.92,2026-08-16 02:38:00,1,0,37,1.2,pin,kplus_app,0
TX_000011,ACC_0333,ACC_0842,118.38,2026-08-16 02:40:00,1,0,65,0.99,pin,kplus_app,0
TX_002581,ACC_0945,ACC_1137,719.51,2026-08-16 02:43:00,1,0,42,0.17,pin,kplus_app,0
TX_000477,ACC_0846,ACC_1101,159.05,2026-08-16 03:08:00,0,0,38,0.57,pin,kplus_app,0
TX_003691,ACC_0451,ACC_0721,897.99,2026-08-16 03:10:00,1,0,68,1.14,pin,kplus_app,0
TX_002725,ACC_0953,ACC_0132,787.33,2026-08-16 03:19:00,1,0,26,0.77,pin,kplus_app,0
TX_004963,ACC_0145,ACC_0783,50.11,2026-08-16 03:22:00,0,0,12,1.22,pin,kplus_app,0
TX_003031,ACC_0511,ACC_0324,141.45,2026-08-16 03:33:00,0,0,39,1.38,face_scan,kplus_app,0
TX_003414,ACC_0647,ACC_0314,288.82,2026-08-16 03:46:00,0,0,36,0.3,pin,kplus_app,0
TX_004243,ACC_0236,ACC_0520,53.87,2026-08-16 03:47:00,1,0,59,1.48,pin,kplus_app,0
TX_003977,ACC_0635,ACC_0457,745.52,2026-08-16 04:05:00,0,0,39,1.27,pin,kplus_app,0
TX_004224,ACC_0777,ACC_0073,55.58,2026-08-16 04:11:00,0,0,49,0.8,pin,kplus_app,0
TX_002303,ACC_0815,ACC_1058,175.24,2026-08-16 04:13:00,0,0,65,0.47,pin,kplus_app,0
TX_005657,ACC_0623,ACC_0463,628.71,2026-08-16 04:18:00,1,0,26,0.81,face_scan,kplus_app,0
TX_003743,ACC_0216,ACC_1160,1397.5,2026-08-16 04:41:00,1,0,55,1.09,pin,kplus_app,0
TX_005408,ACC_0605,ACC_0784,1214.63,2026-08-16 04:45:00,0,0,35,0.35,pin,kplus_app,0
TX_001521,ACC_0853,ACC_0601,47.21,2026-08-16 04:49:00,0,0,44,1.16,pin,kplus_app,0
TX_002943,ACC_1056,ACC_1195,1089.23,2026-08-16 04:50:00,1,0,45,1.33,pin,kplus_app,0
TX_004154,ACC_1135,ACC_0920,200.98,2026-08-16 04:52:00,0,0,41,0.14,pin,kplus_app,0
TX_005872,ACC_0557,ACC_1138,2380.16,2026-08-16 04:56:00,1,0,48,0.46,pin,kplus_app,0
TX_005286,ACC_0345,ACC_0929,936.1,2026-08-16 05:07:00,0,0,41,0.82,pin,kplus_app,0
TX_004158,ACC_0122,ACC_0800,160.34,2026-08-16 05:22:00,1,0,35,0.99,face_scan,kplus_app,0
TX_002289,ACC_1042,ACC_0503,793.15,2026-08-16 05:22:00,0,0,37,0.13,pin,kplus_app,0
TX_002136,ACC_1095,ACC_0181,55.79,2026-08-16 05:24:00,0,0,47,1.49,pin,kplus_app,0
TX_003885,ACC_0136,ACC_0512,82.36,2026-08-16 05:28:00,1,0,39,0.89,face_scan,kplus_app,0
TX_006375,ACC_0036,ACC_0040,49911.6,2026-08-16 05:30:32,1,1,19,5.74,pin,promptpay,1
TX_004692,ACC_0561,ACC_0062,947.95,2026-08-16 05:34:00,0,0,37,1.05,pin,kplus_app,0
TX_003849,ACC_0697,ACC_1008,252.03,2026-08-16 05:39:00,0,0,55,0.14,pin,kplus_app,0
TX_004900,ACC_0248,ACC_0926,210.45,2026-08-16 05:44:00,0,0,66,0.49,pin,kplus_app,0
TX_004350,ACC_0588,ACC_0828,458.15,2026-08-16 05:55:00,1,0,46,0.67,pin,kplus_app,0
TX_000015,ACC_0769,ACC_1139,1481.36,2026-08-16 05:59:00,0,0,48,0.94,pin,kplus_app,0
TX_005582,ACC_0637,ACC_0215,393.67,2026-08-16 06:11:00,1,0,53,0.48,pin,kplus_app,0
TX_000103,ACC_1172,ACC_0172,211.03,2026-08-16 06:18:00,0,0,55,0.57,pin,kplus_app,0
TX_003545,ACC_0086,ACC_0919,1632.78,2026-08-16 06:20:00,0,0,32,0.95,face_scan,kplus_app,0
TX_003140,ACC_1107,ACC_0626,2450.79,2026-08-16 06:34:00,0,0,38,0.62,face_scan,kplus_app,0
TX_002025,ACC_0768,ACC_0611,334.52,2026-08-16 06:38:00,0,0,39,1.15,pin,kplus_app,0
TX_002767,ACC_0761,ACC_1133,89.65,2026-08-16 06:40:00,0,0,52,0.37,pin,kplus_app,0
TX_005281,ACC_0665,ACC_0727,191.93,2026-08-16 06:47:00,0,1,45,0.75,face_scan,kplus_app,0
TX_003585,ACC_0292,ACC_0188,77.03,2026-08-16 07:10:00,0,0,40,0.39,pin,kplus_app,0
TX_002239,ACC_0970,ACC_0967,1796.95,2026-08-16 07:13:00,1,0,39,0.63,pin,kplus_app,0
TX_000291,ACC_0650,ACC_1101,649.05,2026-08-16 07:15:00,1,0,31,1.23,pin,kplus_app,0
TX_000353,ACC_0617,ACC_0530,130.3,2026-08-16 07:18:00,1,0,30,1.41,face_scan,kplus_app,0
TX_006385,ACC_0019,ACC_0022,30869.21,2026-08-16 07:20:01,1,1,11,13.07,pin,promptpay,1
TX_005214,ACC_1003,ACC_0636,843.32,2026-08-16 07:22:00,0,0,40,0.82,face_scan,kplus_app,0
TX_005701,ACC_0805,ACC_0280,112.88,2026-08-16 07:39:00,0,0,64,1.3,pin,kplus_app,0
TX_005412,ACC_0690,ACC_0868,1049.06,2026-08-16 07:51:00,1,0,39,0.99,pin,kplus_app,0
TX_000575,ACC_0866,ACC_0196,401.78,2026-08-16 08:00:00,0,0,57,1.35,pin,kplus_app,0
TX_002698,ACC_0509,ACC_0100,183.01,2026-08-16 08:00:00,0,0,32,0.96,pin,kplus_app,0
TX_004881,ACC_0784,ACC_1064,320.04,2026-08-16 08:11:00,0,0,46,1.43,pin,kplus_app,0
TX_000368,ACC_0360,ACC_0399,2263.19,2026-08-16 08:19:00,0,0,48,0.5,pin,kplus_app,0
TX_004216,ACC_0406,ACC_0141,786.75,2026-08-16 08:29:00,0,0,57,0.45,pin,kplus_app,0
TX_001714,ACC_0582,ACC_0925,2734.49,2026-08-16 08:33:00,0,0,49,0.39,pin,kplus_app,0
TX_002929,ACC_0068,ACC_1188,462.17,2026-08-16 08:37:00,1,0,55,0.95,pin,kplus_app,0
TX_002487,ACC_0820,ACC_0806,2929.22,2026-08-16 08:42:00,0,0,46,0.43,pin,kplus_app,0
TX_001543,ACC_0062,ACC_1040,427.28,2026-08-16 08:46:00,0,0,52,1.2,pin,kplus_app,0
TX_006180,ACC_0571,ACC_0013,292.8,2026-08-16 08:48:00,1,0,18,0.3,pin,kplus_app,1
TX_005108,ACC_0942,ACC_0495,2704.73,2026-08-16 08:58:00,1,0,43,0.98,face_scan,kplus_app,0
TX_006181,ACC_0571,ACC_0013,20247.43,2026-08-16 08:59:00,0,0,12,14.28,pin,kplus_app,1
TX_000912,ACC_0749,ACC_0190,1302.48,2026-08-16 09:00:00,1,0,33,0.87,pin,kplus_app,0
TX_001443,ACC_0839,ACC_0926,1941.04,2026-08-16 09:00:00,0,0,51,0.41,pin,kplus_app,0
TX_004449,ACC_0237,ACC_0340,490.58,2026-08-16 09:01:00,0,0,46,1.16,pin,kplus_app,0
TX_004445,ACC_0464,ACC_0446,214.04,2026-08-16 09:04:00,1,0,32,0.35,pin,kplus_app,0
TX_002528,ACC_0092,ACC_0230,1287.68,2026-08-16 09:18:00,0,0,35,0.42,pin,kplus_app,0
TX_004005,ACC_0269,ACC_1038,105.46,2026-08-16 09:22:00,0,0,45,0.51,face_scan,kplus_app,0
TX_003900,ACC_1120,ACC_1164,501.26,2026-08-16 09:28:00,1,0,58,0.33,pin,kplus_app,0
TX_002920,ACC_1049,ACC_0967,509.66,2026-08-16 09:32:00,0,0,34,0.46,pin,kplus_app,0
TX_000399,ACC_0928,ACC_0299,1415.77,2026-08-16 10:00:00,0,0,47,0.87,pin,kplus_app,0
TX_000072,ACC_0456,ACC_0509,310.64,2026-08-16 10:03:00,0,0,43,0.95,pin,kplus_app,0
TX_001755,ACC_0593,ACC_0160,388.03,2026-08-16 10:18:00,1,0,47,1.01,pin,kplus_app,0
TX_001850,ACC_0632,ACC_0735,155.35,2026-08-16 10:19:00,1,0,40,1.07,pin,kplus_app,0
TX_004504,ACC_1094,ACC_0288,1203.78,2026-08-16 10:21:00,0,0,67,0.55,pin,kplus_app,0
TX_005428,ACC_0546,ACC_0875,421.29,2026-08-16 10:26:00,1,0,29,1.43,pin,kplus_app,0
TX_000761,ACC_0551,ACC_0337,128.42,2026-08-16 10:27:00,0,0,41,1.43,pin,kplus_app,0
TX_001565,ACC_0818,ACC_0604,804.4,2026-08-16 10:33:00,0,0,69,1.36,pin,kplus_app,0
TX_004302,ACC_0330,ACC_0532,888.56,2026-08-16 10:36:00,0,0,41,0.28,pin,kplus_app,0
TX_004273,ACC_0900,ACC_0994,81.91,2026-08-16 10:55:00,0,0,46,0.25,pin,kplus_app,0
TX_001489,ACC_0458,ACC_0247,936.96,2026-08-16 10:57:00,0,0,39,0.62,pin,kplus_app,0
TX_005194,ACC_0384,ACC_0311,43.52,2026-08-16 11:07:00,0,0,57,0.26,pin,kplus_app,0
TX_000862,ACC_0118,ACC_1087,1955.23,2026-08-16 11:08:00,1,0,58,0.89,pin,kplus_app,0
TX_003671,ACC_0328,ACC_0135,2035.3,2026-08-16 11:20:00,1,0,55,0.7,pin,kplus_app,0
TX_004949,ACC_0996,ACC_0767,1004.16,2026-08-16 11:47:00,0,0,57,1.18,pin,kplus_app,0
TX_001915,ACC_0641,ACC_0607,673.86,2026-08-16 11:47:00,0,0,37,0.34,face_scan,kplus_app,0
TX_001205,ACC_1074,ACC_0227,1163.76,2026-08-16 11:58:00,1,0,51,0.97,pin,kplus_app,0
TX_002215,ACC_0656,ACC_0363,193.74,2026-08-16 12:11:00,0,0,38,1.14,pin,kplus_app,0
TX_002112,ACC_0286,ACC_0107,1418.12,2026-08-16 12:18:00,0,0,38,1.16,pin,kplus_app,0
TX_003074,ACC_0271,ACC_0680,711.87,2026-08-16 12:18:00,0,0,36,1.19,pin,kplus_app,0
TX_001431,ACC_0144,ACC_0993,427.27,2026-08-16 12:23:00,0,0,53,0.28,pin,kplus_app,0
TX_003814,ACC_0978,ACC_0352,324.71,2026-08-16 12:26:00,0,0,17,1.24,pin,kplus_app,0
TX_000549,ACC_0721,ACC_0435,991.29,2026-08-16 12:40:00,1,0,69,1.08,pin,kplus_app,0
TX_004667,ACC_0732,ACC_0414,85.28,2026-08-16 12:40:00,1,0,68,1.39,pin,kplus_app,0
TX_004806,ACC_0790,ACC_1021,1638.46,2026-08-16 12:53:00,1,0,45,0.26,pin,kplus_app,0
TX_001638,ACC_0813,ACC_0836,145.51,2026-08-16 12:58:00,1,0,63,0.24,pin,kplus_app,0
TX_001928,ACC_0628,ACC_0878,191.18,2026-08-16 12:59:00,0,0,64,0.4,pin,kplus_app,0
TX_001043,ACC_0293,ACC_0928,295.52,2026-08-16 13:14:00,1,0,47,0.71,pin,kplus_app,0
TX_004878,ACC_0889,ACC_0348,224.61,2026-08-16 13:15:00,1,0,49,1.04,pin,kplus_app,0
TX_005417,ACC_0300,ACC_0293,274.25,2026-08-16 13:29:00,0,0,65,1.44,pin,kplus_app,0
TX_004306,ACC_0804,ACC_1106,1675.8,2026-08-16 13:49:00,0,0,47,1.31,pin,kplus_app,0
TX_002305,ACC_0382,ACC_0748,568.59,2026-08-16 14:07:00,1,0,47,1.36,pin,kplus_app,0
TX_003295,ACC_0317,ACC_0862,2092.36,2026-08-16 14:19:00,0,0,58,1.41,pin,kplus_app,0
TX_004190,ACC_0455,ACC_0299,1741.33,2026-08-16 14:28:00,0,0,59,0.78,pin,kplus_app,0
TX_006288,ACC_0718,ACC_0008,134.01,2026-08-16 14:31:00,1,0,19,0.3,pin,kplus_app,1
TX_001650,ACC_0954,ACC_1079,855.17,2026-08-16 14:38:00,0,0,60,0.27,pin,kplus_app,0
TX_006289,ACC_0718,ACC_0008,51984.2,2026-08-16 14:43:00,0,0,350,14.13,pin,kplus_app,1
TX_002965,ACC_0737,ACC_0298,1383.89,2026-08-16 14:44:00,1,0,50,0.89,pin,kplus_app,0
TX_005386,ACC_0076,ACC_0589,3063.72,2026-08-16 14:45:00,0,0,61,1.07,none,kplus_app,0
TX_004987,ACC_0926,ACC_0837,1268.19,2026-08-16 14:57:00,0,0,66,1.48,pin,kplus_app,0
TX_003821,ACC_0583,ACC_1082,594.25,2026-08-16 15:05:00,1,0,42,0.76,pin,kplus_app,0
TX_004678,ACC_0228,ACC_0713,1139.87,2026-08-16 15:08:00,1,0,51,0.98,pin,kplus_app,0
TX_003042,ACC_0383,ACC_1147,1561.02,2026-08-16 15:09:00,1,0,20,1.11,pin,kplus_app,0
TX_003844,ACC_0153,ACC_1181,726.86,2026-08-16 15:20:00,0,0,44,1.22,pin,kplus_app,0
TX_003082,ACC_0096,ACC_0702,66.62,2026-08-16 15:37:00,0,0,43,1.32,pin,kplus_app,0
TX_004650,ACC_0700,ACC_0827,1878.44,2026-08-16 15:37:00,0,0,28,1.32,pin,kplus_app,0
TX_001574,ACC_0943,ACC_0192,594.87,2026-08-16 15:44:00,0,0,54,0.39,pin,kplus_app,0
TX_003737,ACC_0631,ACC_0448,249.74,2026-08-16 15:52:00,0,0,27,0.92,face_scan,kplus_app,0
TX_005434,ACC_0206,ACC_1131,817.06,2026-08-16 15:57:00,0,0,50,0.58,face_scan,kplus_app,0
TX_001689,ACC_0105,ACC_0504,428.47,2026-08-16 15:58:00,0,0,35,0.11,pin,kplus_app,0
TX_001135,ACC_0427,ACC_0843,817.03,2026-08-16 16:03:00,1,0,83,0.88,pin,kplus_app,0
TX_004939,ACC_0321,ACC_0791,648.07,2026-08-16 16:05:00,0,0,21,0.22,pin,kplus_app,0
TX_003575,ACC_0521,ACC_1157,96.94,2026-08-16 16:05:00,1,0,44,0.83,face_scan,kplus_app,0
TX_004046,ACC_0120,ACC_0333,733.73,2026-08-16 16:05:00,1,0,42,1.32,pin,kplus_app,0
TX_002530,ACC_0911,ACC_0091,463.93,2026-08-16 16:23:00,0,0,43,1.43,pin,kplus_app,0
TX_002812,ACC_1100,ACC_0366,328.05,2026-08-16 16:24:00,0,0,46,0.5,face_scan,kplus_app,0
TX_005904,ACC_0783,ACC_0486,112.26,2026-08-16 16:34:00,0,0,39,1.24,pin,kplus_app,0
TX_003262,ACC_0306,ACC_0691,863.67,2026-08-16 16:50:00,0,0,37,1.05,pin,kplus_app,0
TX_000138,ACC_0331,ACC_0247,861.42,2026-08-16 17:12:00,1,0,36,0.68,pin,kplus_app,0
TX_005919,ACC_0919,ACC_0721,147.61,2026-08-16 17:12:00,0,0,29,1.4,pin,kplus_app,0
TX_001596,ACC_0345,ACC_0485,965.49,2026-08-16 17:16:00,0,0,40,0.96,pin,kplus_app,0
TX_000305,ACC_0774,ACC_1122,84.83,2026-08-16 17:25:00,0,0,39,0.28,face_scan,kplus_app,0
TX_000959,ACC_0356,ACC_0407,779.35,2026-08-16 17:25:00,1,0,43,0.63,pin,kplus_app,0
TX_000309,ACC_0989,ACC_0853,371.01,2026-08-16 17:35:00,1,0,17,0.94,pin,kplus_app,0
TX_003470,ACC_0849,ACC_0332,173.55,2026-08-16 17:37:00,0,0,41,0.79,pin,kplus_app,0
TX_006026,ACC_0843,ACC_0038,246.4,2026-08-16 17:41:00,1,0,33,0.3,pin,kplus_app,1
TX_001041,ACC_0128,ACC_0353,725.59,2026-08-16 17:51:00,1,0,66,1.36,pin,kplus_app,0
TX_006027,ACC_0843,ACC_0038,54196.61,2026-08-16 17:54:00,0,0,350,11.49,pin,kplus_app,1
TX_003126,ACC_0354,ACC_0103,719.72,2026-08-16 18:19:00,0,0,34,0.17,pin,kplus_app,0
TX_004740,ACC_0183,ACC_1129,329.16,2026-08-16 18:31:00,0,0,54,0.53,pin,kplus_app,0
TX_004240,ACC_0983,ACC_0152,178.88,2026-08-16 18:34:00,1,0,54,0.46,pin,kplus_app,0
TX_003665,ACC_0502,ACC_0093,67.02,2026-08-16 18:41:00,1,0,46,1.44,pin,kplus_app,0
TX_000944,ACC_1085,ACC_0238,728.87,2026-08-16 18:46:00,0,0,54,1.11,pin,kplus_app,0
TX_005898,ACC_0363,ACC_0244,67.03,2026-08-16 18:46:00,0,0,25,0.74,pin,kplus_app,0
TX_004403,ACC_0481,ACC_1054,661.8,2026-08-16 18:51:00,0,0,25,1.02,pin,kplus_app,0
TX_000471,ACC_0066,ACC_0126,124.14,2026-08-16 19:03:00,0,0,46,0.89,pin,kplus_app,0
TX_002221,ACC_0512,ACC_0498,365.36,2026-08-16 19:24:00,0,0,59,0.45,pin,kplus_app,0
TX_004400,ACC_0721,ACC_0571,236.74,2026-08-16 19:26:00,0,0,42,0.15,pin,kplus_app,0
TX_003860,ACC_0901,ACC_0076,271.39,2026-08-16 19:28:00,0,0,56,1.35,pin,kplus_app,0
TX_005274,ACC_0917,ACC_0302,555.01,2026-08-16 19:31:00,1,0,34,1.47,pin,kplus_app,0
TX_002052,ACC_0546,ACC_0696,2410.32,2026-08-16 19:39:00,0,0,56,1.43,none,kplus_app,0
TX_005756,ACC_0500,ACC_0729,1350.55,2026-08-16 19:41:00,0,0,44,0.56,pin,kplus_app,0
TX_003402,ACC_0813,ACC_0762,905.23,2026-08-16 19:44:00,0,0,35,0.23,pin,kplus_app,0
TX_005707,ACC_0272,ACC_0258,872.78,2026-08-16 19:59:00,1,0,52,0.15,pin,kplus_app,0
TX_005960,ACC_0419,ACC_1001,1903.65,2026-08-16 20:00:00,0,0,47,0.9,pin,kplus_app,0
TX_002577,ACC_0550,ACC_0743,54.53,2026-08-16 20:17:00,0,0,47,1.19,face_scan,kplus_app,0
TX_003998,ACC_0956,ACC_0821,2644.29,2026-08-16 20:20:00,1,0,35,0.82,pin,kplus_app,0
TX_001479,ACC_0655,ACC_0511,1612.08,2026-08-16 20:23:00,0,0,48,1.41,pin,kplus_app,0
TX_001236,ACC_0268,ACC_0343,2320.91,2026-08-16 20:43:00,0,0,49,0.75,pin,kplus_app,0
TX_000641,ACC_1006,ACC_0800,228.08,2026-08-16 20:48:00,0,0,49,0.33,pin,kplus_app,0
TX_000932,ACC_0353,ACC_0538,502.22,2026-08-16 20:56:00,0,0,39,0.26,pin,kplus_app,0
TX_003138,ACC_1096,ACC_0515,985.97,2026-08-16 20:57:00,0,0,25,0.44,pin,kplus_app,0
TX_005779,ACC_0494,ACC_1083,1083.26,2026-08-16 20:59:00,0,0,56,0.22,face_scan,kplus_app,0
TX_002426,ACC_1119,ACC_0631,1421.05,2026-08-16 21:20:00,1,0,50,1.19,pin,kplus_app,0
TX_001958,ACC_0761,ACC_0084,249.78,2026-08-16 21:25:00,0,0,36,0.97,pin,kplus_app,0
TX_005573,ACC_0184,ACC_0487,410.63,2026-08-16 21:31:00,0,1,42,0.41,pin,kplus_app,0
TX_005437,ACC_0370,ACC_1122,2094.82,2026-08-16 21:35:00,0,0,23,0.75,face_scan,kplus_app,0
TX_000231,ACC_1109,ACC_0581,386.8,2026-08-16 21:38:00,0,0,22,1.24,pin,kplus_app,0
TX_004837,ACC_1000,ACC_0909,359.85,2026-08-16 21:40:00,1,0,21,0.84,pin,kplus_app,0
TX_004317,ACC_1037,ACC_1103,133.42,2026-08-16 21:48:00,1,0,55,0.78,pin,kplus_app,0
TX_005342,ACC_0436,ACC_1024,206.74,2026-08-16 21:49:00,0,0,59,1.04,pin,kplus_app,0
TX_004511,ACC_0324,ACC_0854,150.26,2026-08-16 21:50:00,1,0,46,0.52,pin,kplus_app,0
TX_003859,ACC_0114,ACC_1138,1534.08,2026-08-16 21:50:00,0,0,39,1.4,pin,kplus_app,0
TX_002687,ACC_0906,ACC_0353,730.0,2026-08-16 22:05:00,0,0,62,0.92,pin,kplus_app,0
TX_006354,ACC_0052,ACC_0030,40170.1,2026-08-16 22:10:18,1,1,19,5.82,pin,promptpay,1
TX_003963,ACC_0202,ACC_0142,894.38,2026-08-16 22:13:00,0,0,56,0.38,pin,kplus_app,0
TX_005092,ACC_0921,ACC_1087,571.09,2026-08-16 22:15:00,0,0,59,1.18,pin,kplus_app,0
TX_004880,ACC_1163,ACC_0087,172.08,2026-08-16 22:21:00,1,0,23,0.2,face_scan,kplus_app,0
TX_001774,ACC_0521,ACC_0259,2044.91,2026-08-16 22:36:00,0,0,50,1.37,pin,kplus_app,0
TX_000044,ACC_0437,ACC_0760,199.59,2026-08-16 22:38:00,1,0,28,1.13,face_scan,kplus_app,0
TX_002820,ACC_0397,ACC_0554,853.64,2026-08-16 22:41:00,1,0,51,0.66,pin,kplus_app,0
TX_004173,ACC_0797,ACC_0779,2033.6,2026-08-16 22:48:00,0,0,27,0.86,face_scan,kplus_app,0
TX_001657,ACC_0417,ACC_0567,739.68,2026-08-16 22:52:00,0,0,56,0.44,face_scan,kplus_app,0
TX_006392,ACC_0054,ACC_0055,44475.56,2026-08-16 22:53:30,1,1,12,7.22,pin,promptpay,1
TX_000822,ACC_0808,ACC_0285,723.19,2026-08-16 22:57:00,0,0,36,0.69,pin,kplus_app,0
TX_002298,ACC_0454,ACC_1152,211.28,2026-08-16 22:58:00,0,0,37,0.73,pin,kplus_app,0
TX_000264,ACC_0307,ACC_0839,385.67,2026-08-16 23:01:00,0,0,45,1.44,pin,kplus_app,0
TX_000919,ACC_1137,ACC_0702,644.01,2026-08-16 23:03:00,0,0,45,0.28,pin,kplus_app,0
TX_003401,ACC_0700,ACC_1180,659.71,2026-08-16 23:23:00,0,0,36,1.18,face_scan,kplus_app,0
TX_003061,ACC_0076,ACC_0239,707.61,2026-08-16 23:28:00,0,0,37,1.38,pin,kplus_app,0
TX_003745,ACC_0607,ACC_0537,83.63,2026-08-16 23:32:00,0,0,44,1.22,pin,kplus_app,0
TX_002739,ACC_1181,ACC_0457,910.23,2026-08-16 23:33:00,0,0,51,0.54,pin,kplus_app,0
TX_005961,ACC_0483,ACC_1033,487.46,2026-08-16 23:40:00,0,0,51,0.5,pin,kplus_app,0
TX_005533,ACC_0240,ACC_0693,50.17,2026-08-16 23:43:00,0,0,30,1.23,pin,kplus_app,0
TX_004214,ACC_0337,ACC_0923,697.89,2026-08-16 23:49:00,0,0,34,1.29,pin,kplus_app,0
TX_001600,ACC_1172,ACC_0737,1202.14,2026-08-16 23:56:00,0,0,51,1.14,face_scan,kplus_app,0
TX_000087,ACC_0600,ACC_0746,59.84,2026-08-17 00:03:00,0,0,48,0.31,pin,kplus_app,0
TX_003706,ACC_0152,ACC_0696,344.73,2026-08-17 00:04:00,0,0,35,0.4,pin,kplus_app,0
TX_002624,ACC_0184,ACC_1067,1516.1,2026-08-17 00:08:00,0,0,44,0.43,pin,kplus_app,0
TX_000979,ACC_0284,ACC_0994,762.89,2026-08-17 00:10:00,1,0,58,0.24,pin,kplus_app,0
TX_005835,ACC_0697,ACC_0166,1553.01,2026-08-17 00:13:00,0,0,42,1.02,face_scan,kplus_app,0
TX_004544,ACC_0164,ACC_0290,400.68,2026-08-17 00:27:00,1,0,52,0.75,pin,kplus_app,0
TX_000229,ACC_1020,ACC_0859,731.92,2026-08-17 00:31:00,0,0,46,0.32,pin,kplus_app,0
TX_001117,ACC_0683,ACC_0516,98.2,2026-08-17 00:31:00,0,0,61,0.64,pin,kplus_app,0
TX_003022,ACC_0297,ACC_0630,347.86,2026-08-17 01:30:00,1,0,45,1.42,pin,kplus_app,0
TX_003239,ACC_0350,ACC_0557,182.21,2026-08-17 01:32:00,0,0,48,0.89,pin,kplus_app,0
TX_002990,ACC_0197,ACC_0903,974.9,2026-08-17 01:33:00,0,0,51,0.21,pin,kplus_app,0
TX_001154,ACC_0820,ACC_0972,134.87,2026-08-17 01:33:00,1,0,37,1.19,pin,kplus_app,0
TX_003672,ACC_0138,ACC_0204,704.08,2026-08-17 01:35:00,1,0,56,1.34,pin,kplus_app,0
TX_003641,ACC_0817,ACC_0831,473.97,2026-08-17 01:36:00,0,0,40,0.39,pin,kplus_app,0
TX_005378,ACC_0629,ACC_1156,187.47,2026-08-17 01:53:00,0,0,55,0.96,pin,kplus_app,0
TX_003481,ACC_0538,ACC_1036,58.66,2026-08-17 01:54:00,0,0,59,0.87,pin,kplus_app,0
TX_000339,ACC_0259,ACC_1111,1698.41,2026-08-17 01:56:00,0,0,42,1.12,pin,kplus_app,0
TX_005225,ACC_0981,ACC_0342,703.58,2026-08-17 01:59:00,0,0,51,0.87,pin,kplus_app,0
TX_005749,ACC_0517,ACC_0490,1117.34,2026-08-17 02:02:00,0,0,55,0.37,pin,kplus_app,0
TX_000789,ACC_0505,ACC_0475,120.19,2026-08-17 02:13:00,1,0,49,0.16,pin,kplus_app,0
TX_005457,ACC_0065,ACC_1055,653.26,2026-08-17 02:21:00,0,0,55,1.09,pin,kplus_app,0
TX_000566,ACC_0667,ACC_0107,257.52,2026-08-17 02:28:00,1,0,40,0.96,pin,kplus_app,0
TX_002595,ACC_0115,ACC_0435,715.07,2026-08-17 02:30:00,0,0,71,1.36,pin,kplus_app,0
TX_005158,ACC_0510,ACC_0549,1845.15,2026-08-17 02:32:00,0,0,47,1.46,pin,kplus_app,0
TX_006032,ACC_0748,ACC_0011,394.79,2026-08-17 02:36:00,1,0,34,0.3,pin,kplus_app,1
TX_006033,ACC_0748,ACC_0011,20098.26,2026-08-17 02:46:00,0,0,12,10.47,pin,kplus_app,1
TX_000271,ACC_0945,ACC_0433,328.08,2026-08-17 02:48:00,0,0,40,0.84,face_scan,kplus_app,0
TX_001019,ACC_0872,ACC_0582,258.48,2026-08-17 02:49:00,0,0,46,1.24,pin,kplus_app,0
TX_001775,ACC_1163,ACC_0736,456.77,2026-08-17 02:52:00,1,0,32,0.24,pin,kplus_app,0
TX_004998,ACC_0546,ACC_0656,617.59,2026-08-17 02:53:00,0,0,55,0.4,pin,kplus_app,0
TX_006300,ACC_0801,ACC_0056,302.65,2026-08-17 02:56:00,1,0,37,0.3,pin,kplus_app,1
TX_004107,ACC_0642,ACC_0537,172.86,2026-08-17 02:56:00,0,0,45,1.48,pin,kplus_app,0
TX_004634,ACC_0412,ACC_0595,178.24,2026-08-17 03:01:00,1,0,49,0.65,pin,kplus_app,0
TX_006301,ACC_0801,ACC_0056,36097.19,2026-08-17 03:05:00,0,0,12,9.78,pin,kplus_app,1
TX_001323,ACC_0631,ACC_0769,417.11,2026-08-17 03:06:00,0,0,33,0.35,pin,kplus_app,0
TX_005613,ACC_0487,ACC_0826,698.57,2026-08-17 03:18:00,0,0,39,0.51,pin,kplus_app,0
TX_003760,ACC_0819,ACC_0902,1115.81,2026-08-17 03:22:00,0,0,38,0.59,face_scan,kplus_app,0
TX_005296,ACC_0689,ACC_0421,264.3,2026-08-17 03:24:00,0,0,43,1.36,pin,kplus_app,0
TX_005433,ACC_0090,ACC_0695,272.62,2026-08-17 03:28:00,1,0,48,0.53,face_scan,kplus_app,0
TX_002158,ACC_0532,ACC_0150,1414.06,2026-08-17 03:40:00,1,0,38,1.18,face_scan,kplus_app,0
TX_001791,ACC_0938,ACC_0524,80.49,2026-08-17 03:42:00,0,0,38,0.58,pin,kplus_app,0
TX_004735,ACC_0902,ACC_0577,221.89,2026-08-17 03:46:00,0,0,38,0.33,pin,kplus_app,0
TX_002631,ACC_0674,ACC_0086,746.64,2026-08-17 03:47:00,0,0,31,0.51,pin,kplus_app,0
TX_000054,ACC_0459,ACC_0987,230.32,2026-08-17 04:07:00,0,0,43,1.23,pin,kplus_app,0
TX_003316,ACC_0270,ACC_0744,4023.94,2026-08-17 04:14:00,1,0,55,1.44,pin,kplus_app,0
TX_001560,ACC_0927,ACC_0926,273.18,2026-08-17 04:16:00,0,0,47,1.08,pin,kplus_app,0
TX_001984,ACC_0626,ACC_0561,747.87,2026-08-17 04:23:00,1,0,26,0.8,face_scan,kplus_app,0
TX_000661,ACC_0253,ACC_0381,1019.52,2026-08-17 04:31:00,0,0,45,0.65,pin,kplus_app,0
TX_006080,ACC_0843,ACC_0007,180.28,2026-08-17 04:35:00,1,0,40,0.3,pin,kplus_app,1
TX_001253,ACC_0590,ACC_1028,53.26,2026-08-17 04:40:00,1,0,54,0.5,pin,kplus_app,0
TX_002476,ACC_1113,ACC_0941,770.98,2026-08-17 04:41:00,0,0,49,0.54,pin,kplus_app,0
TX_006081,ACC_0843,ACC_0007,25672.01,2026-08-17 04:46:00,0,0,350,16.78,pin,kplus_app,1
TX_004846,ACC_0920,ACC_0813,541.82,2026-08-17 04:47:00,0,0,34,1.49,pin,kplus_app,0
TX_001613,ACC_1007,ACC_1135,578.03,2026-08-17 04:53:00,1,0,46,0.89,pin,kplus_app,0
TX_000490,ACC_0835,ACC_0143,200.99,2026-08-17 05:07:00,0,0,39,0.92,pin,kplus_app,0
TX_000579,ACC_0498,ACC_1016,3986.56,2026-08-17 05:13:00,0,0,45,0.99,pin,kplus_app,0
TX_002291,ACC_0329,ACC_0813,614.48,2026-08-17 05:17:00,0,0,59,0.43,pin,kplus_app,0
TX_003539,ACC_0247,ACC_0183,656.52,2026-08-17 05:20:00,0,0,41,1.31,pin,kplus_app,0
TX_001020,ACC_1127,ACC_0170,1083.18,2026-08-17 05:23:00,0,0,42,0.1,pin,kplus_app,0
TX_004013,ACC_0461,ACC_0174,1305.81,2026-08-17 05:35:00,0,0,49,1.15,pin,kplus_app,0
TX_000811,ACC_0129,ACC_0362,495.38,2026-08-17 05:38:00,0,0,56,0.4,pin,kplus_app,0
TX_004856,ACC_0816,ACC_0543,2696.92,2026-08-17 05:40:00,0,0,61,0.2,pin,kplus_app,0
TX_002649,ACC_1131,ACC_0874,1475.68,2026-08-17 05:46:00,0,0,41,1.11,pin,kplus_app,0
TX_004631,ACC_0583,ACC_0460,292.43,2026-08-17 05:59:00,0,0,71,0.41,pin,kplus_app,0
TX_002785,ACC_0958,ACC_0685,465.2,2026-08-17 05:59:00,1,0,34,0.23,pin,kplus_app,0
TX_002152,ACC_0360,ACC_0994,172.55,2026-08-17 06:26:00,1,0,61,1.32,face_scan,kplus_app,0
TX_000776,ACC_0471,ACC_0973,339.09,2026-08-17 06:33:00,0,0,56,1.39,pin,kplus_app,0
TX_005906,ACC_0922,ACC_0602,651.5,2026-08-17 06:36:00,0,0,38,0.14,pin,kplus_app,0
TX_006168,ACC_0863,ACC_0013,329.78,2026-08-17 06:49:00,1,0,40,0.3,pin,kplus_app,1
TX_003654,ACC_0337,ACC_1140,662.3,2026-08-17 06:55:00,0,0,30,1.46,pin,kplus_app,0
TX_003018,ACC_0192,ACC_0591,950.68,2026-08-17 06:56:00,1,0,33,0.45,none,kplus_app,0
TX_006169,ACC_0863,ACC_0013,53294.71,2026-08-17 06:57:00,0,0,12,9.96,pin,kplus_app,1
TX_003291,ACC_0713,ACC_0561,1043.87,2026-08-17 07:06:00,0,0,61,0.93,pin,kplus_app,0
TX_005551,ACC_0699,ACC_0733,2570.35,2026-08-17 07:36:00,0,0,68,0.26,pin,kplus_app,0
TX_001731,ACC_0992,ACC_1185,683.79,2026-08-17 07:38:00,1,0,68,0.8,pin,kplus_app,0
TX_000485,ACC_0542,ACC_0731,862.64,2026-08-17 07:56:00,1,0,24,0.75,pin,kplus_app,0
TX_004931,ACC_0732,ACC_0409,335.34,2026-08-17 08:16:00,0,0,51,1.29,pin,kplus_app,0
TX_003933,ACC_1185,ACC_1086,2031.61,2026-08-17 08:23:00,1,0,41,1.04,pin,kplus_app,0
TX_001801,ACC_0404,ACC_0101,401.19,2026-08-17 08:31:00,0,0,43,0.86,face_scan,kplus_app,0
TX_005037,ACC_0197,ACC_0869,3087.67,2026-08-17 08:32:00,0,0,62,0.62,pin,kplus_app,0
TX_004696,ACC_0381,ACC_0405,334.78,2026-08-17 08:38:00,0,0,66,1.12,pin,kplus_app,0
TX_002425,ACC_1000,ACC_0479,2343.94,2026-08-17 08:42:00,0,0,38,1.46,face_scan,kplus_app,0
TX_000101,ACC_0620,ACC_1184,362.53,2026-08-17 08:42:00,0,0,41,1.38,pin,kplus_app,0
TX_002927,ACC_0700,ACC_0870,206.68,2026-08-17 08:44:00,1,0,29,0.72,pin,kplus_app,0
TX_006112,ACC_0313,ACC_0052,245.43,2026-08-17 08:44:00,1,0,35,0.3,pin,kplus_app,1
TX_003289,ACC_0794,ACC_0831,114.98,2026-08-17 08:45:00,1,0,34,0.74,pin,kplus_app,0
TX_006113,ACC_0313,ACC_0052,18552.55,2026-08-17 08:55:00,0,0,350,23.55,pin,kplus_app,1
TX_001108,ACC_0751,ACC_0559,2721.5,2026-08-17 08:55:00,1,0,39,0.15,pin,kplus_app,0
TX_002618,ACC_0494,ACC_0234,401.26,2026-08-17 09:18:00,0,0,41,0.27,pin,kplus_app,0
TX_005127,ACC_0428,ACC_0169,304.71,2026-08-17 09:20:00,0,0,44,0.14,face_scan,kplus_app,0
TX_000126,ACC_0082,ACC_0347,594.36,2026-08-17 09:20:00,0,0,46,1.35,pin,kplus_app,0
TX_003234,ACC_1044,ACC_0856,567.51,2026-08-17 09:26:00,0,0,67,0.76,face_scan,kplus_app,0
TX_005696,ACC_1177,ACC_1169,144.71,2026-08-17 09:27:00,0,0,39,0.89,pin,kplus_app,0
TX_002479,ACC_0083,ACC_0980,126.52,2026-08-17 09:28:00,0,0,50,1.1,pin,kplus_app,0
TX_000372,ACC_0322,ACC_0099,278.59,2026-08-17 09:31:00,0,0,42,1.31,pin,kplus_app,0
TX_002009,ACC_0624,ACC_0197,236.56,2026-08-17 09:36:00,1,0,61,0.68,pin,kplus_app,0
TX_002375,ACC_0392,ACC_0913,331.86,2026-08-17 09:37:00,0,0,56,0.83,pin,kplus_app,0
TX_000200,ACC_0376,ACC_0196,371.68,2026-08-17 09:43:00,0,0,56,1.05,pin,kplus_app,0
TX_001878,ACC_0374,ACC_0598,1272.52,2026-08-17 09:51:00,0,0,55,0.16,pin,kplus_app,0
TX_002248,ACC_1088,ACC_0268,136.1,2026-08-17 10:06:00,1,0,56,1.01,pin,kplus_app,0
TX_002499,ACC_0793,ACC_0840,744.61,2026-08-17 10:20:00,0,0,49,0.8,pin,kplus_app,0
TX_004627,ACC_0862,ACC_0707,947.77,2026-08-17 10:35:00,1,0,36,1.48,pin,kplus_app,0
TX_001589,ACC_0512,ACC_0406,113.32,2026-08-17 11:10:00,0,1,47,0.81,pin,kplus_app,0
TX_005843,ACC_0938,ACC_0768,574.08,2026-08-17 11:11:00,1,0,25,1.23,pin,kplus_app,0
TX_004677,ACC_0800,ACC_0931,388.3,2026-08-17 11:13:00,0,0,29,0.31,pin,kplus_app,0
TX_003748,ACC_1068,ACC_0747,925.55,2026-08-17 11:43:00,1,0,60,0.16,face_scan,kplus_app,0
TX_004047,ACC_0416,ACC_0464,86.05,2026-08-17 12:25:00,1,0,28,0.48,pin,kplus_app,0
TX_005224,ACC_0908,ACC_1063,153.32,2026-08-17 12:25:00,0,0,34,1.1,pin,kplus_app,0
TX_000213,ACC_0437,ACC_0582,1364.79,2026-08-17 12:26:00,0,0,56,0.63,pin,kplus_app,0
TX_005246,ACC_0947,ACC_0381,1315.02,2026-08-17 12:29:00,0,0,46,0.7,face_scan,kplus_app,0
TX_005471,ACC_0710,ACC_0549,939.5,2026-08-17 12:42:00,0,0,52,0.54,pin,kplus_app,0
TX_004889,ACC_0613,ACC_0334,749.12,2026-08-17 12:47:00,0,0,37,0.69,pin,kplus_app,0
TX_005241,ACC_0372,ACC_0271,1937.49,2026-08-17 13:30:00,1,0,49,1.29,pin,kplus_app,0
TX_003981,ACC_0656,ACC_0172,1661.89,2026-08-17 13:39:00,0,0,31,0.58,face_scan,kplus_app,0
TX_005148,ACC_0773,ACC_1082,46.35,2026-08-17 13:43:00,0,0,57,0.18,pin,kplus_app,0
TX_001345,ACC_0153,ACC_0525,107.19,2026-08-17 13:54:00,0,0,39,0.99,pin,kplus_app,0
TX_003010,ACC_0239,ACC_0161,903.32,2026-08-17 14:23:00,1,1,59,0.9,pin,kplus_app,0
TX_002011,ACC_0196,ACC_0214,737.71,2026-08-17 14:26:00,1,0,56,0.67,pin,kplus_app,0
TX_003453,ACC_0780,ACC_0134,939.35,2026-08-17 14:34:00,0,0,42,1.1,pin,kplus_app,0
TX_000569,ACC_0064,ACC_0149,1621.65,2026-08-17 14:50:00,0,0,62,0.35,pin,kplus_app,0
TX_004105,ACC_1083,ACC_0245,117.17,2026-08-17 14:54:00,1,0,33,0.5,pin,kplus_app,0
TX_005103,ACC_0156,ACC_0914,357.13,2026-08-17 15:04:00,0,0,46,1.1,pin,kplus_app,0
TX_003425,ACC_0385,ACC_0399,942.24,2026-08-17 15:04:00,0,0,50,0.55,pin,kplus_app,0
TX_005125,ACC_0082,ACC_0263,101.06,2026-08-17 15:07:00,1,0,44,0.14,pin,kplus_app,0
TX_001770,ACC_0790,ACC_0182,877.1,2026-08-17 15:13:00,0,0,53,0.39,pin,kplus_app,0
TX_001127,ACC_0375,ACC_1127,95.55,2026-08-17 15:35:00,1,0,59,0.47,pin,kplus_app,0
TX_000454,ACC_0142,ACC_0744,1972.23,2026-08-17 15:40:00,0,0,48,0.48,pin,kplus_app,0
TX_003164,ACC_1110,ACC_0144,594.65,2026-08-17 15:40:00,1,0,66,1.2,pin,kplus_app,0
TX_000775,ACC_0382,ACC_0140,453.61,2026-08-17 15:42:00,0,0,57,1.29,pin,kplus_app,0
TX_001533,ACC_0132,ACC_0064,1101.71,2026-08-17 15:46:00,0,0,40,0.37,face_scan,kplus_app,0
TX_003305,ACC_1150,ACC_0138,138.98,2026-08-17 15:53:00,0,0,19,0.11,pin,kplus_app,0
TX_006379,ACC_0021,ACC_0050,19978.95,2026-08-17 16:00:20,1,1,9,6.0,pin,promptpay,1
TX_002745,ACC_1033,ACC_0867,1135.62,2026-08-17 16:01:00,0,0,43,0.8,pin,kplus_app,0
TX_000678,ACC_0408,ACC_0087,313.36,2026-08-17 16:04:00,0,0,60,0.37,face_scan,kplus_app,0
TX_004618,ACC_0704,ACC_0667,690.91,2026-08-17 16:13:00,0,0,50,0.76,pin,kplus_app,0
TX_004153,ACC_0959,ACC_0785,154.6,2026-08-17 16:25:00,0,0,68,1.4,pin,kplus_app,0
TX_001634,ACC_0346,ACC_0253,549.36,2026-08-17 16:31:00,0,0,42,0.75,pin,kplus_app,0
TX_001859,ACC_0631,ACC_0628,57.18,2026-08-17 16:31:00,0,0,36,0.44,pin,kplus_app,0
TX_006355,ACC_0030,ACC_0012,52141.34,2026-08-17 16:51:06,1,1,17,10.56,pin,promptpay,1
TX_002336,ACC_0615,ACC_0102,56.98,2026-08-17 17:00:00,0,0,67,1.49,face_scan,kplus_app,0
TX_003623,ACC_0073,ACC_0805,233.61,2026-08-17 17:09:00,0,0,61,1.43,pin,kplus_app,0
TX_003636,ACC_0133,ACC_0963,344.39,2026-08-17 17:17:00,1,0,43,0.66,face_scan,kplus_app,0
TX_006326,ACC_0011,ACC_0018,21409.93,2026-08-17 17:32:44,1,1,9,9.3,pin,promptpay,1
TX_003163,ACC_0269,ACC_0545,100.61,2026-08-17 17:38:00,0,0,47,0.17,pin,kplus_app,0
TX_003069,ACC_0456,ACC_0902,2758.53,2026-08-17 17:45:00,1,0,53,0.44,pin,kplus_app,0
TX_001198,ACC_1003,ACC_0511,120.68,2026-08-17 17:58:00,0,0,16,1.22,pin,kplus_app,0
TX_001006,ACC_0959,ACC_0798,192.29,2026-08-17 18:01:00,0,0,41,1.24,pin,kplus_app,0
TX_004189,ACC_0412,ACC_1191,428.24,2026-08-17 18:08:00,0,0,58,0.17,face_scan,kplus_app,0
TX_002484,ACC_1025,ACC_0590,924.55,2026-08-17 18:21:00,0,0,31,0.93,face_scan,kplus_app,0
TX_005411,ACC_0361,ACC_0652,298.16,2026-08-17 18:37:00,0,0,40,0.3,pin,kplus_app,0
TX_004675,ACC_0643,ACC_1048,841.74,2026-08-17 18:39:00,0,0,65,1.15,pin,kplus_app,0
TX_006335,ACC_0059,ACC_0009,37988.79,2026-08-17 18:40:28,1,1,13,14.8,pin,promptpay,1
TX_002889,ACC_1110,ACC_0839,941.57,2026-08-17 18:49:00,0,0,48,0.71,pin,kplus_app,0
TX_001732,ACC_0628,ACC_1068,840.88,2026-08-17 18:52:00,0,0,34,1.21,pin,kplus_app,0
TX_002389,ACC_0613,ACC_1005,595.12,2026-08-17 18:56:00,1,0,59,1.1,pin,kplus_app,0
TX_002285,ACC_0860,ACC_0592,625.7,2026-08-17 18:58:00,0,0,52,0.87,pin,kplus_app,0
TX_000913,ACC_1160,ACC_0562,193.43,2026-08-17 18:59:00,0,0,8,0.94,pin,kplus_app,0
TX_005167,ACC_0081,ACC_0799,1250.06,2026-08-17 19:06:00,0,0,45,0.42,pin,kplus_app,0
TX_002877,ACC_1018,ACC_0765,648.95,2026-08-17 19:09:00,0,0,40,0.52,pin,kplus_app,0
TX_005144,ACC_0382,ACC_0896,100.63,2026-08-17 19:12:00,1,0,54,1.22,pin,kplus_app,0
TX_001940,ACC_0229,ACC_0593,310.56,2026-08-17 19:23:00,0,0,46,1.37,pin,kplus_app,0
TX_006106,ACC_0153,ACC_0011,288.04,2026-08-17 19:29:00,1,0,25,0.3,pin,kplus_app,1
TX_000953,ACC_0475,ACC_0092,130.24,2026-08-17 19:34:00,0,0,41,0.54,pin,kplus_app,0
TX_003793,ACC_0322,ACC_1078,110.22,2026-08-17 19:38:00,1,0,64,1.39,pin,kplus_app,0
TX_006107,ACC_0153,ACC_0011,61810.6,2026-08-17 19:40:00,0,0,350,24.8,pin,kplus_app,1
TX_005811,ACC_0078,ACC_0642,125.34,2026-08-17 19:41:00,0,0,49,0.3,pin,kplus_app,0
TX_002491,ACC_0432,ACC_1100,650.41,2026-08-17 19:48:00,0,0,45,1.23,pin,kplus_app,0
TX_002878,ACC_0548,ACC_0395,534.87,2026-08-17 19:51:00,1,0,35,1.19,pin,kplus_app,0
TX_000376,ACC_0981,ACC_0919,589.85,2026-08-17 20:06:00,0,0,41,0.35,pin,kplus_app,0
TX_006002,ACC_0177,ACC_0037,107.37,2026-08-17 20:13:00,1,0,27,0.3,pin,kplus_app,1
TX_005896,ACC_1019,ACC_0319,136.06,2026-08-17 20:15:00,1,0,52,0.46,pin,kplus_app,0
TX_002398,ACC_0241,ACC_0240,155.6,2026-08-17 20:18:00,1,0,33,1.45,pin,kplus_app,0
TX_006003,ACC_0177,ACC_0037,49648.25,2026-08-17 20:27:00,0,0,350,24.15,pin,kplus_app,1
TX_003271,ACC_0695,ACC_0470,1216.38,2026-08-17 20:37:00,1,0,30,1.37,pin,kplus_app,0
TX_003272,ACC_0543,ACC_0310,317.99,2026-08-17 20:43:00,1,0,31,1.43,face_scan,kplus_app,0
TX_000443,ACC_0986,ACC_0161,218.21,2026-08-17 21:07:00,1,0,34,1.31,pin,kplus_app,0
TX_002647,ACC_0521,ACC_0958,143.28,2026-08-17 21:16:00,0,0,49,0.72,pin,kplus_app,0
TX_000221,ACC_0312,ACC_0625,407.16,2026-08-17 21:32:00,0,0,62,0.3,pin,kplus_app,0
TX_005303,ACC_0840,ACC_0148,356.99,2026-08-17 21:57:00,0,0,27,0.38,pin,kplus_app,0
TX_004872,ACC_0942,ACC_0566,639.68,2026-08-17 21:59:00,0,0,41,1.41,pin,kplus_app,0
TX_000175,ACC_0896,ACC_0179,72.93,2026-08-17 22:01:00,1,0,51,0.79,pin,kplus_app,0
TX_000163,ACC_0124,ACC_0319,678.75,2026-08-17 22:03:00,0,0,34,0.34,pin,kplus_app,0
TX_003064,ACC_0235,ACC_0806,464.33,2026-08-17 22:03:00,0,0,61,1.26,pin,kplus_app,0
TX_005219,ACC_0220,ACC_0676,913.44,2026-08-17 22:10:00,0,0,58,0.99,pin,kplus_app,0
TX_004359,ACC_0699,ACC_0610,213.12,2026-08-17 22:14:00,0,0,39,1.34,pin,kplus_app,0
TX_003035,ACC_0728,ACC_0719,80.36,2026-08-17 22:17:00,1,0,46,0.95,pin,kplus_app,0
TX_000351,ACC_1015,ACC_0503,450.68,2026-08-17 22:24:00,0,0,60,0.19,pin,kplus_app,0
TX_005877,ACC_0668,ACC_0386,131.47,2026-08-17 22:30:00,0,0,37,0.49,pin,kplus_app,0
TX_002742,ACC_0991,ACC_0831,201.62,2026-08-17 22:30:00,0,0,35,0.28,pin,kplus_app,0
TX_002405,ACC_0120,ACC_0087,1481.53,2026-08-17 22:37:00,1,0,39,0.52,pin,kplus_app,0
TX_000250,ACC_0406,ACC_0885,627.09,2026-08-17 22:41:00,0,0,39,0.99,pin,kplus_app,0
TX_001010,ACC_1104,ACC_0912,568.54,2026-08-17 22:45:00,0,0,22,1.08,face_scan,kplus_app,0
TX_005801,ACC_0461,ACC_1038,102.69,2026-08-17 22:50:00,1,0,43,1.43,pin,kplus_app,0
TX_004015,ACC_0128,ACC_1095,503.99,2026-08-17 23:00:00,0,0,40,0.7,pin,kplus_app,0
TX_000990,ACC_1112,ACC_0626,581.63,2026-08-17 23:01:00,0,0,42,0.41,pin,kplus_app,0
TX_000519,ACC_0284,ACC_0095,401.29,2026-08-17 23:06:00,1,0,23,1.43,pin,kplus_app,0
TX_002085,ACC_1099,ACC_0172,634.57,2026-08-17 23:07:00,1,0,17,0.84,face_scan,kplus_app,0
TX_002232,ACC_0242,ACC_0653,136.39,2026-08-17 23:29:00,0,0,46,0.76,pin,kplus_app,0
TX_006140,ACC_0865,ACC_0045,327.58,2026-08-17 23:42:00,1,0,45,0.3,pin,kplus_app,1
TX_002783,ACC_1194,ACC_1181,533.07,2026-08-17 23:48:00,1,0,47,0.27,pin,kplus_app,0
TX_006141,ACC_0865,ACC_0045,53631.56,2026-08-17 23:50:00,0,0,12,21.12,pin,kplus_app,1
TX_000868,ACC_0226,ACC_0447,1403.72,2026-08-18 00:00:00,0,0,31,1.11,none,kplus_app,0
TX_003729,ACC_0913,ACC_0211,2033.55,2026-08-18 00:26:00,0,0,39,0.79,pin,kplus_app,0
TX_001985,ACC_0395,ACC_0120,239.68,2026-08-18 00:40:00,1,0,50,0.5,pin,kplus_app,0
TX_004796,ACC_1123,ACC_0690,602.14,2026-08-18 00:45:00,0,0,31,1.11,face_scan,kplus_app,0
TX_003701,ACC_1060,ACC_0917,272.64,2026-08-18 00:47:00,1,0,51,0.95,face_scan,kplus_app,0
TX_002447,ACC_1113,ACC_1126,454.02,2026-08-18 00:47:00,0,0,48,0.98,pin,kplus_app,0
TX_004591,ACC_0169,ACC_0413,1231.59,2026-08-18 00:57:00,0,0,57,1.36,pin,kplus_app,0
TX_003601,ACC_0348,ACC_0669,1226.14,2026-08-18 01:11:00,0,0,58,1.44,pin,kplus_app,0
TX_001444,ACC_0925,ACC_0510,335.96,2026-08-18 01:15:00,0,0,43,0.45,pin,kplus_app,0
TX_000731,ACC_0266,ACC_0883,345.59,2026-08-18 01:22:00,1,0,18,0.41,pin,kplus_app,0
TX_003865,ACC_1186,ACC_0404,1470.59,2026-08-18 01:24:00,0,0,52,0.84,pin,kplus_app,0
TX_000363,ACC_0168,ACC_0989,171.04,2026-08-18 01:30:00,1,0,55,0.36,pin,kplus_app,0
TX_003659,ACC_0172,ACC_0549,1937.38,2026-08-18 02:05:00,1,1,65,1.05,pin,kplus_app,0
TX_001398,ACC_0508,ACC_1195,329.9,2026-08-18 02:08:00,0,0,32,0.78,face_scan,kplus_app,0
TX_001421,ACC_1030,ACC_0442,360.22,2026-08-18 02:11:00,0,0,58,1.37,pin,kplus_app,0
TX_005794,ACC_0776,ACC_0564,667.55,2026-08-18 02:22:00,1,0,54,1.46,face_scan,kplus_app,0
TX_002268,ACC_0812,ACC_0242,187.01,2026-08-18 02:27:00,0,0,48,1.3,pin,kplus_app,0
TX_004597,ACC_0732,ACC_0358,232.31,2026-08-18 02:35:00,0,0,46,1.07,pin,kplus_app,0
TX_003845,ACC_0313,ACC_0849,150.99,2026-08-18 02:42:00,0,0,50,1.41,pin,kplus_app,0
TX_000143,ACC_0620,ACC_0069,266.91,2026-08-18 02:42:00,0,0,45,0.81,pin,kplus_app,0
TX_005052,ACC_0569,ACC_1167,176.8,2026-08-18 02:47:00,0,0,44,0.53,pin,kplus_app,0
TX_005023,ACC_0234,ACC_0287,672.1,2026-08-18 02:48:00,0,0,45,1.38,pin,kplus_app,0
TX_004736,ACC_0896,ACC_0198,964.46,2026-08-18 02:54:00,0,0,60,0.38,pin,kplus_app,0
TX_002474,ACC_0918,ACC_0734,106.0,2026-08-18 02:58:00,0,0,51,1.05,pin,kplus_app,0
TX_001002,ACC_1014,ACC_0424,874.07,2026-08-18 03:06:00,0,0,70,0.73,pin,kplus_app,0
TX_004288,ACC_0075,ACC_0797,1093.17,2026-08-18 03:10:00,0,0,33,0.54,face_scan,kplus_app,0
TX_003128,ACC_0210,ACC_1123,53.77,2026-08-18 03:10:00,0,0,32,1.3,pin,kplus_app,0
TX_003887,ACC_1039,ACC_0728,3781.18,2026-08-18 03:11:00,0,0,69,0.43,pin,kplus_app,0
TX_001355,ACC_0333,ACC_0183,293.19,2026-08-18 03:14:00,1,0,45,0.11,pin,kplus_app,0
TX_004808,ACC_0801,ACC_0185,234.23,2026-08-18 03:31:00,0,0,37,0.91,pin,kplus_app,0
TX_003143,ACC_0771,ACC_0246,352.64,2026-08-18 03:44:00,0,0,60,1.37,pin,kplus_app,0
TX_004406,ACC_0526,ACC_0167,1306.42,2026-08-18 03:44:00,0,0,63,0.34,pin,kplus_app,0
TX_003832,ACC_0992,ACC_0973,272.44,2026-08-18 03:44:00,0,0,38,1.07,pin,kplus_app,0
TX_005461,ACC_0856,ACC_0216,648.65,2026-08-18 03:51:00,0,0,43,0.35,pin,kplus_app,0
TX_001307,ACC_1149,ACC_0579,359.06,2026-08-18 03:55:00,0,0,55,1.27,pin,kplus_app,0
TX_002985,ACC_1087,ACC_0334,809.31,2026-08-18 04:01:00,1,0,38,0.2,pin,kplus_app,0
TX_003864,ACC_0736,ACC_0355,2591.5,2026-08-18 04:02:00,1,0,48,1.35,face_scan,kplus_app,0
TX_000745,ACC_1152,ACC_0518,1363.89,2026-08-18 04:15:00,1,0,62,0.39,pin,kplus_app,0
TX_005006,ACC_0416,ACC_0512,451.81,2026-08-18 04:18:00,0,0,53,0.51,pin,kplus_app,0
TX_002441,ACC_0759,ACC_0814,1089.47,2026-08-18 04:35:00,1,0,55,0.99,pin,kplus_app,0
TX_005985,ACC_0322,ACC_1053,129.13,2026-08-18 04:37:00,0,0,62,0.71,pin,kplus_app,0
TX_002935,ACC_0780,ACC_0848,72.06,2026-08-18 04:43:00,0,0,53,1.32,pin,kplus_app,0
TX_002442,ACC_0985,ACC_0780,796.41,2026-08-18 04:52:00,0,0,32,0.34,pin,kplus_app,0
TX_000507,ACC_0294,ACC_0465,821.6,2026-08-18 05:13:00,1,0,50,0.63,pin,kplus_app,0
TX_003257,ACC_0378,ACC_0635,225.9,2026-08-18 05:18:00,0,0,49,0.44,pin,kplus_app,0
TX_001525,ACC_0207,ACC_0331,1646.4,2026-08-18 05:21:00,0,0,63,0.45,pin,kplus_app,0
TX_000204,ACC_1058,ACC_0785,385.06,2026-08-18 05:28:00,1,0,32,0.1,pin,kplus_app,0
TX_001705,ACC_1032,ACC_0202,104.67,2026-08-18 05:35:00,0,0,53,0.76,pin,kplus_app,0
TX_001537,ACC_0922,ACC_0797,198.55,2026-08-18 05:51:00,0,0,46,0.92,face_scan,kplus_app,0
TX_006248,ACC_0460,ACC_0012,131.5,2026-08-18 06:27:00,1,0,36,0.3,pin,kplus_app,1
TX_006249,ACC_0460,ACC_0012,60301.39,2026-08-18 06:36:00,0,0,12,14.14,pin,kplus_app,1
TX_005422,ACC_1116,ACC_0841,313.89,2026-08-18 06:45:00,1,0,31,1.43,face_scan,kplus_app,0
TX_002028,ACC_0664,ACC_0311,1139.82,2026-08-18 06:45:00,1,0,34,0.73,pin,kplus_app,0
TX_005615,ACC_0504,ACC_0183,369.32,2026-08-18 06:55:00,0,0,38,1.26,pin,kplus_app,0
TX_005842,ACC_0337,ACC_0471,891.97,2026-08-18 07:08:00,0,0,48,0.7,pin,kplus_app,0
TX_005118,ACC_0095,ACC_0740,730.43,2026-08-18 07:09:00,0,0,37,0.34,pin,kplus_app,0
TX_003173,ACC_0966,ACC_0266,590.9,2026-08-18 07:11:00,0,0,78,0.77,pin,kplus_app,0
TX_000967,ACC_1036,ACC_1076,132.74,2026-08-18 07:15:00,0,0,46,0.62,pin,kplus_app,0
TX_002949,ACC_0265,ACC_0559,286.57,2026-08-18 07:20:00,1,0,31,1.18,pin,kplus_app,0
TX_005085,ACC_0410,ACC_0120,331.46,2026-08-18 07:31:00,0,0,32,0.89,pin,kplus_app,0
TX_006306,ACC_0334,ACC_0047,292.15,2026-08-18 07:52:00,1,0,23,0.3,pin,kplus_app,1
TX_006307,ACC_0334,ACC_0047,64003.15,2026-08-18 08:05:00,0,0,350,17.03,pin,kplus_app,1
TX_001829,ACC_1165,ACC_0102,177.73,2026-08-18 08:09:00,1,0,26,1.04,pin,kplus_app,0
TX_003237,ACC_1005,ACC_0098,1100.14,2026-08-18 08:10:00,1,0,59,1.22,face_scan,kplus_app,0
TX_004762,ACC_0443,ACC_0153,249.43,2026-08-18 08:15:00,0,0,20,0.51,pin,kplus_app,0
TX_006234,ACC_0308,ACC_0014,165.71,2026-08-18 08:20:00,1,0,35,0.3,pin,kplus_app,1
TX_006235,ACC_0308,ACC_0014,47915.16,2026-08-18 08:31:00,0,0,350,8.93,pin,kplus_app,1
TX_005900,ACC_0816,ACC_1088,500.9,2026-08-18 08:32:00,0,0,54,0.59,pin,kplus_app,0
TX_005584,ACC_0181,ACC_0843,155.31,2026-08-18 08:47:00,0,0,43,1.29,pin,kplus_app,0
TX_002538,ACC_1000,ACC_0787,710.03,2026-08-18 09:00:00,0,0,27,0.47,face_scan,kplus_app,0
TX_001499,ACC_0729,ACC_0400,891.54,2026-08-18 09:13:00,1,0,37,0.2,pin,kplus_app,0
TX_002669,ACC_0459,ACC_1025,64.32,2026-08-18 09:15:00,0,0,28,1.13,face_scan,kplus_app,0
TX_002564,ACC_0244,ACC_0707,474.1,2026-08-18 09:29:00,0,0,37,0.27,pin,kplus_app,0
TX_005442,ACC_0162,ACC_1119,259.58,2026-08-18 09:48:00,0,0,57,0.43,pin,kplus_app,0
TX_000403,ACC_1008,ACC_0471,1060.43,2026-08-18 10:18:00,1,0,57,1.23,pin,kplus_app,0
TX_004738,ACC_0479,ACC_0395,495.18,2026-08-18 10:44:00,0,0,55,1.22,pin,kplus_app,0
TX_003264,ACC_0727,ACC_0744,136.93,2026-08-18 10:46:00,1,0,48,0.49,pin,kplus_app,0
TX_006286,ACC_0805,ACC_0040,298.93,2026-08-18 10:48:00,1,0,28,0.3,pin,kplus_app,1
TX_006287,ACC_0805,ACC_0040,58678.13,2026-08-18 11:01:00,0,0,12,10.35,pin,kplus_app,1
TX_004602,ACC_0905,ACC_0212,843.42,2026-08-18 11:02:00,0,0,31,0.86,pin,kplus_app,0
TX_000067,ACC_0702,ACC_0075,2026.71,2026-08-18 11:03:00,0,0,32,0.72,pin,kplus_app,0
TX_002456,ACC_0087,ACC_1183,459.32,2026-08-18 11:04:00,1,0,46,0.91,pin,kplus_app,0
TX_000720,ACC_0856,ACC_0685,680.49,2026-08-18 11:07:00,1,1,41,0.99,face_scan,kplus_app,0
TX_003200,ACC_1027,ACC_0573,368.69,2026-08-18 11:14:00,1,0,48,1.2,pin,kplus_app,0
TX_005395,ACC_0535,ACC_0715,3149.03,2026-08-18 11:32:00,1,0,45,0.79,pin,kplus_app,0
TX_001583,ACC_1133,ACC_0588,140.59,2026-08-18 11:51:00,1,0,36,1.37,pin,kplus_app,0
TX_005238,ACC_0113,ACC_1029,151.82,2026-08-18 11:55:00,0,0,49,0.8,pin,kplus_app,0
TX_002622,ACC_0259,ACC_0925,151.81,2026-08-18 11:57:00,0,0,39,1.27,pin,kplus_app,0
TX_003664,ACC_0577,ACC_0097,662.32,2026-08-18 11:57:00,0,0,42,0.87,face_scan,kplus_app,0
TX_001996,ACC_0406,ACC_0770,390.05,2026-08-18 12:02:00,1,0,54,1.42,face_scan,kplus_app,0
TX_004055,ACC_0180,ACC_0260,1266.83,2026-08-18 12:07:00,0,0,73,1.09,pin,kplus_app,0
TX_001260,ACC_0460,ACC_1069,331.26,2026-08-18 12:14:00,1,1,35,1.2,face_scan,kplus_app,0
TX_003530,ACC_0319,ACC_0491,991.52,2026-08-18 12:18:00,0,0,69,0.48,pin,kplus_app,0
TX_001267,ACC_0197,ACC_0204,137.54,2026-08-18 12:20:00,1,0,58,0.39,pin,kplus_app,0
TX_003926,ACC_0203,ACC_1024,256.19,2026-08-18 12:21:00,1,1,58,1.45,pin,kplus_app,0
TX_005180,ACC_1184,ACC_0380,537.15,2026-08-18 12:43:00,0,0,66,1.16,pin,kplus_app,0
TX_002124,ACC_0965,ACC_0926,1132.08,2026-08-18 12:47:00,0,0,43,0.26,pin,kplus_app,0
TX_005173,ACC_0384,ACC_0536,110.97,2026-08-18 12:48:00,0,0,34,0.89,pin,kplus_app,0
TX_002094,ACC_0372,ACC_0137,682.3,2026-08-18 12:50:00,1,0,58,0.8,pin,kplus_app,0
TX_005800,ACC_1119,ACC_0882,1296.86,2026-08-18 12:53:00,0,0,58,0.81,pin,kplus_app,0
TX_004420,ACC_0495,ACC_1105,335.87,2026-08-18 12:53:00,0,0,46,0.96,face_scan,kplus_app,0
TX_002755,ACC_0730,ACC_0940,456.23,2026-08-18 13:08:00,0,1,41,0.94,pin,kplus_app,0
TX_005722,ACC_1115,ACC_0426,1986.17,2026-08-18 13:19:00,0,0,59,1.21,pin,kplus_app,0
TX_003658,ACC_0064,ACC_0163,151.18,2026-08-18 13:22:00,1,0,43,1.24,face_scan,kplus_app,0
TX_005853,ACC_0356,ACC_0645,708.13,2026-08-18 13:30:00,0,0,47,1.03,pin,kplus_app,0
TX_005760,ACC_0557,ACC_0715,345.01,2026-08-18 13:36:00,1,0,35,0.36,face_scan,kplus_app,0
TX_000352,ACC_0511,ACC_1105,1555.58,2026-08-18 13:44:00,1,0,54,0.91,pin,kplus_app,0
TX_004629,ACC_0766,ACC_1011,181.05,2026-08-18 13:46:00,1,0,39,0.77,pin,kplus_app,0
TX_005370,ACC_0405,ACC_1036,434.85,2026-08-18 13:56:00,0,0,66,0.11,pin,kplus_app,0
TX_003930,ACC_0831,ACC_1135,1647.42,2026-08-18 14:10:00,0,0,34,0.57,pin,kplus_app,0
TX_001671,ACC_1113,ACC_0328,1862.54,2026-08-18 14:14:00,0,0,49,0.69,pin,kplus_app,0
TX_003842,ACC_0790,ACC_0323,45.32,2026-08-18 14:23:00,0,0,57,1.2,pin,kplus_app,0
TX_005830,ACC_1132,ACC_0253,641.93,2026-08-18 14:26:00,1,0,35,1.28,pin,kplus_app,0
TX_003032,ACC_0403,ACC_0303,749.95,2026-08-18 14:27:00,1,0,41,0.62,face_scan,kplus_app,0
TX_001854,ACC_0772,ACC_1118,171.35,2026-08-18 14:39:00,0,0,52,0.98,pin,kplus_app,0
TX_004531,ACC_0155,ACC_1107,1362.79,2026-08-18 14:46:00,0,0,32,1.24,pin,kplus_app,0
TX_002005,ACC_0797,ACC_0386,274.78,2026-08-18 14:48:00,1,0,26,0.52,face_scan,kplus_app,0
TX_005563,ACC_0979,ACC_0510,1251.27,2026-08-18 14:59:00,0,0,35,1.38,pin,kplus_app,0
TX_004488,ACC_1150,ACC_0761,1463.03,2026-08-18 15:04:00,1,0,21,0.55,pin,kplus_app,0
TX_005845,ACC_0281,ACC_0293,441.68,2026-08-18 15:06:00,0,0,43,1.45,pin,kplus_app,0
TX_004646,ACC_1176,ACC_0363,1418.06,2026-08-18 15:18:00,0,0,68,1.36,pin,kplus_app,0
TX_004291,ACC_0917,ACC_0943,965.45,2026-08-18 15:18:00,1,1,28,0.1,face_scan,kplus_app,0
TX_004706,ACC_0495,ACC_0133,1131.53,2026-08-18 15:26:00,0,0,26,0.52,pin,kplus_app,0
TX_000732,ACC_0317,ACC_0715,959.98,2026-08-18 15:28:00,0,0,24,0.8,face_scan,kplus_app,0
TX_002696,ACC_0282,ACC_1097,828.34,2026-08-18 15:34:00,0,0,34,0.2,pin,kplus_app,0
TX_003612,ACC_0516,ACC_1006,339.7,2026-08-18 15:35:00,0,0,53,0.8,pin,kplus_app,0
TX_000757,ACC_0512,ACC_0955,43.54,2026-08-18 15:35:00,0,0,27,0.24,pin,kplus_app,0
TX_003417,ACC_0267,ACC_1132,448.4,2026-08-18 15:44:00,0,0,60,0.42,none,kplus_app,0
TX_001424,ACC_0273,ACC_0126,616.36,2026-08-18 16:16:00,0,0,33,0.3,face_scan,kplus_app,0
TX_005397,ACC_1058,ACC_0440,43.38,2026-08-18 16:17:00,0,0,28,1.3,face_scan,kplus_app,0
TX_000771,ACC_0386,ACC_0899,1013.14,2026-08-18 16:20:00,0,0,56,0.41,pin,kplus_app,0
TX_003756,ACC_0106,ACC_0264,330.61,2026-08-18 16:31:00,0,0,47,1.07,pin,kplus_app,0
TX_005187,ACC_0410,ACC_0654,42.57,2026-08-18 16:31:00,1,0,61,1.28,pin,kplus_app,0
TX_001932,ACC_1141,ACC_1054,679.53,2026-08-18 16:33:00,0,0,55,0.47,pin,kplus_app,0
TX_001767,ACC_0411,ACC_1184,1253.14,2026-08-18 16:57:00,0,0,40,0.72,pin,kplus_app,0
TX_000224,ACC_0100,ACC_0521,1070.04,2026-08-18 16:59:00,0,0,33,0.39,face_scan,kplus_app,0
TX_002695,ACC_0926,ACC_0272,773.34,2026-08-18 17:04:00,0,0,30,0.58,pin,kplus_app,0
TX_001869,ACC_0224,ACC_1107,1170.21,2026-08-18 17:04:00,0,0,44,0.4,pin,kplus_app,0
TX_000238,ACC_0487,ACC_0126,1546.51,2026-08-18 17:10:00,1,0,20,0.57,pin,kplus_app,0
TX_000624,ACC_0740,ACC_0995,495.97,2026-08-18 17:28:00,0,0,35,0.68,pin,kplus_app,0
TX_001400,ACC_0650,ACC_1097,609.15,2026-08-18 17:30:00,0,0,39,1.28,pin,kplus_app,0
TX_006268,ACC_0348,ACC_0024,301.34,2026-08-18 17:30:00,1,0,39,0.3,pin,kplus_app,1
TX_006068,ACC_0984,ACC_0041,253.28,2026-08-18 17:37:00,1,0,33,0.3,pin,kplus_app,1
TX_006269,ACC_0348,ACC_0024,50197.94,2026-08-18 17:38:00,0,0,350,12.1,pin,kplus_app,1
TX_006069,ACC_0984,ACC_0041,43445.82,2026-08-18 17:51:00,0,0,12,10.87,pin,kplus_app,1
TX_005523,ACC_0237,ACC_0474,287.16,2026-08-18 18:03:00,0,0,38,1.3,pin,kplus_app,0
TX_000773,ACC_0141,ACC_1106,700.22,2026-08-18 18:31:00,0,0,48,0.31,pin,kplus_app,0
TX_002897,ACC_0579,ACC_0817,56.72,2026-08-18 18:34:00,0,0,56,1.3,pin,kplus_app,0
TX_000120,ACC_0587,ACC_0828,479.06,2026-08-18 18:36:00,1,0,60,0.4,pin,kplus_app,0
TX_002059,ACC_0079,ACC_0886,431.09,2026-08-18 18:49:00,0,0,72,0.63,pin,kplus_app,0
TX_002283,ACC_0212,ACC_0153,817.31,2026-08-18 18:54:00,1,0,32,0.9,pin,kplus_app,0
TX_001342,ACC_0104,ACC_0628,510.06,2026-08-18 19:35:00,0,0,31,1.32,pin,kplus_app,0
TX_005870,ACC_0736,ACC_0898,1968.71,2026-08-18 19:36:00,1,0,41,0.26,pin,kplus_app,0
TX_002219,ACC_0673,ACC_0398,1854.85,2026-08-18 19:38:00,1,0,41,0.85,pin,kplus_app,0
TX_000133,ACC_1124,ACC_0709,127.01,2026-08-18 19:39:00,0,0,58,0.37,pin,kplus_app,0
TX_003700,ACC_0988,ACC_0556,438.9,2026-08-18 20:01:00,0,0,60,1.06,pin,kplus_app,0
TX_001051,ACC_0124,ACC_0978,350.23,2026-08-18 20:05:00,0,0,68,1.08,face_scan,kplus_app,0
TX_004733,ACC_1054,ACC_0111,344.31,2026-08-18 20:11:00,1,0,47,1.36,pin,kplus_app,0
TX_004805,ACC_0933,ACC_0354,697.55,2026-08-18 20:19:00,0,0,32,1.13,face_scan,kplus_app,0
TX_006352,ACC_0039,ACC_0004,37602.46,2026-08-18 20:32:28,1,1,18,12.1,pin,promptpay,1
TX_003541,ACC_0704,ACC_0088,67.61,2026-08-18 20:41:00,0,0,43,1.28,pin,kplus_app,0
TX_003327,ACC_0766,ACC_0290,40.52,2026-08-18 20:43:00,0,0,55,0.98,pin,kplus_app,0
TX_000049,ACC_0175,ACC_0557,554.35,2026-08-18 20:52:00,0,0,42,0.88,pin,kplus_app,0
TX_003446,ACC_0143,ACC_0650,1873.77,2026-08-18 20:56:00,0,0,27,0.73,pin,kplus_app,0
TX_005483,ACC_0148,ACC_0847,1120.88,2026-08-18 21:08:00,0,0,51,0.29,pin,kplus_app,0
TX_004117,ACC_1166,ACC_1089,572.36,2026-08-18 21:11:00,0,0,47,0.18,pin,kplus_app,0
TX_004866,ACC_0394,ACC_0862,549.3,2026-08-18 21:17:00,0,0,43,0.83,pin,kplus_app,0
TX_001015,ACC_0535,ACC_0937,1729.16,2026-08-18 21:18:00,1,0,20,1.29,pin,kplus_app,0
TX_003306,ACC_0186,ACC_0319,3602.18,2026-08-18 21:18:00,1,0,50,1.28,pin,kplus_app,0
TX_005070,ACC_0295,ACC_0961,686.52,2026-08-18 21:25:00,1,0,56,0.53,pin,kplus_app,0
TX_001828,ACC_0255,ACC_0079,85.54,2026-08-18 21:31:00,0,0,42,0.32,pin,kplus_app,0
TX_000097,ACC_0235,ACC_0980,613.13,2026-08-18 21:36:00,0,1,50,1.31,pin,kplus_app,0
TX_000128,ACC_0544,ACC_0974,56.0,2026-08-18 21:43:00,1,0,59,1.27,pin,kplus_app,0
TX_004212,ACC_1092,ACC_0612,64.3,2026-08-18 21:46:00,0,0,35,0.9,pin,kplus_app,0
TX_004222,ACC_0687,ACC_1162,3864.57,2026-08-18 21:48:00,0,0,42,0.51,pin,kplus_app,0
TX_002079,ACC_0126,ACC_0995,68.97,2026-08-18 21:49:00,0,0,32,0.57,pin,kplus_app,0
TX_001912,ACC_0691,ACC_0511,229.3,2026-08-18 22:14:00,1,0,39,0.9,pin,kplus_app,0
TX_002520,ACC_0873,ACC_0079,522.24,2026-08-18 22:37:00,0,0,43,0.33,pin,kplus_app,0
TX_000548,ACC_1160,ACC_0605,749.51,2026-08-18 22:43:00,0,0,57,1.34,pin,kplus_app,0
TX_005998,ACC_0846,ACC_1056,603.43,2026-08-18 22:52:00,0,0,46,0.57,pin,kplus_app,0
TX_004378,ACC_0512,ACC_0995,1951.14,2026-08-18 23:15:00,1,0,45,1.11,pin,kplus_app,0
TX_001561,ACC_0091,ACC_0750,439.62,2026-08-18 23:23:00,1,0,53,0.6,pin,kplus_app,0
TX_006318,ACC_1107,ACC_0034,231.03,2026-08-18 23:44:00,1,0,35,0.3,pin,kplus_app,1
TX_000929,ACC_0310,ACC_0612,1100.69,2026-08-18 23:45:00,0,0,45,0.33,pin,kplus_app,0
TX_006319,ACC_1107,ACC_0034,64897.79,2026-08-18 23:55:00,0,0,12,22.59,pin,kplus_app,1
TX_000360,ACC_0357,ACC_0169,205.47,2026-08-18 23:58:00,0,1,71,1.22,pin,kplus_app,0
TX_000914,ACC_1074,ACC_1199,2101.33,2026-08-19 00:03:00,0,0,37,0.54,face_scan,kplus_app,0
TX_000404,ACC_0789,ACC_0829,824.8,2026-08-19 00:05:00,0,0,43,1.38,pin,kplus_app,0
TX_001386,ACC_0199,ACC_0648,227.54,2026-08-19 00:12:00,0,1,37,0.37,pin,kplus_app,0
TX_004852,ACC_0817,ACC_0297,116.61,2026-08-19 00:51:00,0,0,25,0.56,pin,kplus_app,0
TX_004193,ACC_0724,ACC_0634,2001.66,2026-08-19 00:51:00,0,0,50,1.49,pin,kplus_app,0
TX_005430,ACC_0449,ACC_0662,1040.64,2026-08-19 00:58:00,0,0,42,0.11,pin,kplus_app,0
TX_002702,ACC_0093,ACC_0906,102.9,2026-08-19 01:10:00,1,0,71,0.18,pin,kplus_app,0
TX_002226,ACC_0153,ACC_0303,1334.68,2026-08-19 01:11:00,0,0,35,0.66,face_scan,kplus_app,0
TX_002175,ACC_1013,ACC_0407,1281.11,2026-08-19 01:38:00,0,0,18,0.74,pin,kplus_app,0
TX_006342,ACC_0043,ACC_0047,39513.39,2026-08-19 01:39:26,1,1,18,12.66,pin,promptpay,1
TX_002909,ACC_0214,ACC_0848,440.48,2026-08-19 01:41:00,1,0,63,0.12,face_scan,kplus_app,0
TX_004586,ACC_0810,ACC_1170,78.71,2026-08-19 01:44:00,0,0,49,0.45,pin,kplus_app,0
TX_002773,ACC_1199,ACC_0702,128.84,2026-08-19 01:46:00,0,0,60,0.38,pin,kplus_app,0
TX_001999,ACC_0663,ACC_0509,855.37,2026-08-19 01:53:00,0,0,52,1.43,pin,kplus_app,0
TX_005759,ACC_0168,ACC_0477,820.18,2026-08-19 02:08:00,1,0,39,0.63,face_scan,kplus_app,0
TX_000597,ACC_0549,ACC_1142,424.01,2026-08-19 02:13:00,1,0,29,0.39,face_scan,kplus_app,0
TX_000064,ACC_0980,ACC_0297,1203.66,2026-08-19 02:31:00,1,0,34,0.43,face_scan,kplus_app,0
TX_006378,ACC_0051,ACC_0010,16839.78,2026-08-19 02:32:02,1,1,19,12.49,pin,promptpay,1
TX_001102,ACC_0275,ACC_0175,141.78,2026-08-19 02:33:00,0,0,57,0.69,pin,kplus_app,0
TX_001901,ACC_0370,ACC_0678,1097.79,2026-08-19 02:53:00,0,0,59,0.61,pin,kplus_app,0
TX_006064,ACC_0419,ACC_0022,110.82,2026-08-19 02:56:00,1,0,35,0.3,pin,kplus_app,1
TX_000762,ACC_0822,ACC_0338,224.25,2026-08-19 02:59:00,0,0,44,1.23,pin,kplus_app,0
TX_003330,ACC_0091,ACC_0650,722.28,2026-08-19 02:59:00,0,0,66,1.43,face_scan,kplus_app,0
TX_000911,ACC_0780,ACC_0744,226.83,2026-08-19 03:01:00,1,0,61,0.17,face_scan,kplus_app,0
TX_001698,ACC_0671,ACC_0749,278.55,2026-08-19 03:03:00,0,0,39,0.81,pin,kplus_app,0
TX_006065,ACC_0419,ACC_0022,33335.36,2026-08-19 03:08:00,0,0,12,24.52,pin,kplus_app,1
TX_001896,ACC_0636,ACC_0577,2532.29,2026-08-19 03:12:00,0,0,43,0.98,pin,kplus_app,0
TX_000469,ACC_0663,ACC_0770,188.39,2026-08-19 03:37:00,1,0,41,0.97,face_scan,kplus_app,0
TX_001769,ACC_1029,ACC_0249,2018.73,2026-08-19 03:40:00,0,0,35,0.88,pin,kplus_app,0
TX_001388,ACC_0608,ACC_0649,1825.26,2026-08-19 03:40:00,1,0,45,1.35,pin,kplus_app,0
TX_005655,ACC_0778,ACC_0361,518.44,2026-08-19 03:42:00,1,0,38,1.03,pin,kplus_app,0
TX_001635,ACC_1050,ACC_0986,1462.47,2026-08-19 03:44:00,0,1,32,0.93,pin,kplus_app,0
TX_004063,ACC_1064,ACC_1052,137.17,2026-08-19 03:45:00,0,0,43,1.43,pin,kplus_app,0
TX_001715,ACC_0728,ACC_0308,301.56,2026-08-19 03:56:00,0,0,47,0.53,pin,kplus_app,0
TX_003468,ACC_0464,ACC_0384,926.38,2026-08-19 04:03:00,1,0,43,0.52,face_scan,kplus_app,0
TX_004090,ACC_0071,ACC_0524,812.8,2026-08-19 04:07:00,0,0,49,0.78,pin,kplus_app,0
TX_004791,ACC_0901,ACC_0798,1522.95,2026-08-19 04:10:00,0,0,16,1.4,face_scan,kplus_app,0
TX_000629,ACC_1192,ACC_0113,111.66,2026-08-19 04:17:00,0,1,48,1.39,pin,kplus_app,0
TX_001415,ACC_0203,ACC_0928,671.39,2026-08-19 04:17:00,1,0,24,0.22,face_scan,kplus_app,0
TX_002857,ACC_1007,ACC_0351,694.31,2026-08-19 04:18:00,0,0,42,0.3,pin,kplus_app,0
TX_005157,ACC_0388,ACC_0304,193.75,2026-08-19 04:39:00,0,0,31,1.32,pin,kplus_app,0
TX_001322,ACC_0641,ACC_0545,56.12,2026-08-19 04:44:00,1,0,38,1.44,pin,kplus_app,0
TX_003791,ACC_0430,ACC_0526,59.27,2026-08-19 04:44:00,1,0,38,0.84,pin,kplus_app,0
TX_000743,ACC_0538,ACC_0534,1107.56,2026-08-19 04:48:00,0,0,42,0.9,pin,kplus_app,0
TX_002127,ACC_0443,ACC_0066,895.0,2026-08-19 04:56:00,0,0,32,1.03,pin,kplus_app,0
TX_006322,ACC_0005,ACC_0053,17661.11,2026-08-19 05:10:28,1,1,15,11.48,pin,promptpay,1
TX_006092,ACC_1088,ACC_0039,330.95,2026-08-19 05:15:00,1,0,29,0.3,pin,kplus_app,1
TX_003836,ACC_0601,ACC_1005,1092.77,2026-08-19 05:20:00,1,0,45,0.92,pin,kplus_app,0
TX_004620,ACC_0276,ACC_0867,120.95,2026-08-19 05:21:00,0,0,26,1.35,pin,kplus_app,0
TX_002862,ACC_0980,ACC_0862,114.78,2026-08-19 05:22:00,0,0,41,0.44,pin,kplus_app,0
TX_004391,ACC_0978,ACC_0068,119.8,2026-08-19 05:24:00,0,0,38,0.34,pin,kplus_app,0
TX_006093,ACC_1088,ACC_0039,24675.5,2026-08-19 05:25:00,0,0,350,14.31,pin,kplus_app,1
TX_001975,ACC_1094,ACC_1147,514.41,2026-08-19 05:31:00,0,0,29,0.38,pin,kplus_app,0
TX_000102,ACC_0561,ACC_0489,119.09,2026-08-19 05:36:00,0,0,49,0.79,pin,kplus_app,0
TX_004916,ACC_1020,ACC_0492,398.91,2026-08-19 05:43:00,1,0,54,0.68,pin,kplus_app,0
TX_000344,ACC_0177,ACC_0332,232.36,2026-08-19 05:45:00,0,0,29,0.97,pin,kplus_app,0
TX_003160,ACC_0498,ACC_0337,1097.5,2026-08-19 05:57:00,0,0,42,0.5,pin,kplus_app,0
TX_002902,ACC_0312,ACC_0503,148.57,2026-08-19 06:06:00,0,0,43,1.14,pin,kplus_app,0
TX_000045,ACC_1156,ACC_0551,104.88,2026-08-19 06:09:00,0,0,28,1.27,face_scan,kplus_app,0
TX_001130,ACC_0525,ACC_0211,641.76,2026-08-19 06:13:00,0,0,45,0.58,pin,kplus_app,0
TX_005284,ACC_0732,ACC_1176,1556.87,2026-08-19 06:17:00,0,0,20,0.59,pin,kplus_app,0
TX_002174,ACC_0951,ACC_1008,425.03,2026-08-19 06:19:00,0,0,40,1.07,face_scan,kplus_app,0
TX_000421,ACC_0719,ACC_0428,64.09,2026-08-19 06:20:00,0,0,12,0.39,face_scan,kplus_app,0
TX_004479,ACC_0463,ACC_0856,475.5,2026-08-19 06:28:00,0,0,52,1.03,pin,kplus_app,0
TX_004981,ACC_0918,ACC_0964,538.89,2026-08-19 06:29:00,0,0,46,1.17,pin,kplus_app,0
TX_005440,ACC_0943,ACC_0792,311.66,2026-08-19 06:31:00,1,0,51,1.35,pin,kplus_app,0
TX_003622,ACC_0150,ACC_0828,1450.2,2026-08-19 06:46:00,0,0,41,1.45,pin,kplus_app,0
TX_003943,ACC_0993,ACC_0086,775.59,2026-08-19 06:57:00,0,0,39,0.64,face_scan,kplus_app,0
TX_003922,ACC_0970,ACC_0106,975.24,2026-08-19 06:58:00,1,0,50,0.69,face_scan,kplus_app,0
TX_002521,ACC_1101,ACC_0467,705.39,2026-08-19 07:00:00,0,0,40,0.19,pin,kplus_app,0
TX_001153,ACC_0676,ACC_0386,837.97,2026-08-19 07:08:00,0,0,48,0.19,pin,kplus_app,0
TX_003180,ACC_0507,ACC_0502,111.46,2026-08-19 07:10:00,0,0,48,1.46,face_scan,kplus_app,0
TX_005041,ACC_0190,ACC_0075,1491.49,2026-08-19 07:11:00,1,1,40,1.26,pin,kplus_app,0
TX_005681,ACC_0111,ACC_0958,1946.76,2026-08-19 07:15:00,0,0,51,0.9,pin,kplus_app,0
TX_002602,ACC_0276,ACC_0257,1304.94,2026-08-19 07:17:00,0,0,52,0.48,pin,kplus_app,0
TX_002103,ACC_0823,ACC_0127,1115.37,2026-08-19 07:23:00,1,0,29,0.52,face_scan,kplus_app,0
TX_002879,ACC_0094,ACC_1060,162.76,2026-08-19 07:25:00,0,0,60,1.0,pin,kplus_app,0
TX_005824,ACC_0194,ACC_0550,573.83,2026-08-19 07:38:00,0,0,46,0.76,pin,kplus_app,0
TX_001842,ACC_0812,ACC_0247,831.4,2026-08-19 07:43:00,0,0,62,1.2,pin,kplus_app,0
TX_000375,ACC_0510,ACC_0108,3703.63,2026-08-19 07:53:00,0,0,59,0.53,pin,kplus_app,0
TX_001502,ACC_1035,ACC_1170,386.3,2026-08-19 08:00:00,1,0,63,0.45,pin,kplus_app,0
TX_000735,ACC_0875,ACC_0062,860.99,2026-08-19 08:04:00,0,0,30,0.91,pin,kplus_app,0
TX_003960,ACC_0780,ACC_0543,676.33,2026-08-19 08:04:00,0,0,47,0.71,face_scan,kplus_app,0
TX_003352,ACC_0174,ACC_0891,3638.59,2026-08-19 08:06:00,0,0,15,1.39,pin,kplus_app,0
TX_001065,ACC_0078,ACC_0696,657.82,2026-08-19 08:06:00,0,0,51,0.68,pin,kplus_app,0
TX_000391,ACC_1189,ACC_0226,700.45,2026-08-19 08:11:00,0,0,35,1.16,pin,kplus_app,0
TX_005653,ACC_1015,ACC_0930,876.5,2026-08-19 08:17:00,0,0,38,0.14,pin,kplus_app,0
TX_005169,ACC_0642,ACC_0306,224.61,2026-08-19 08:30:00,1,0,40,0.16,pin,kplus_app,0
TX_003928,ACC_1162,ACC_0722,663.23,2026-08-19 08:34:00,0,0,50,1.02,pin,kplus_app,0
TX_005040,ACC_0517,ACC_0613,227.43,2026-08-19 08:35:00,1,0,32,1.34,pin,kplus_app,0
TX_002671,ACC_1194,ACC_0555,907.78,2026-08-19 09:04:00,0,0,42,0.43,pin,kplus_app,0
TX_003676,ACC_0321,ACC_0591,53.94,2026-08-19 09:17:00,1,0,60,0.93,pin,kplus_app,0
TX_003371,ACC_1172,ACC_0328,1575.88,2026-08-19 09:41:00,0,0,59,1.28,pin,kplus_app,0
TX_000857,ACC_1137,ACC_0187,55.03,2026-08-19 09:52:00,0,0,39,0.73,pin,kplus_app,0
TX_000823,ACC_0794,ACC_0766,886.9,2026-08-19 10:01:00,1,0,52,1.27,pin,kplus_app,0
TX_000470,ACC_0146,ACC_0091,208.87,2026-08-19 10:01:00,0,0,32,1.1,pin,kplus_app,0
TX_000166,ACC_1004,ACC_0881,241.65,2026-08-19 10:25:00,1,0,26,1.1,pin,kplus_app,0
TX_005944,ACC_0726,ACC_1136,878.56,2026-08-19 10:31:00,0,0,56,0.72,pin,kplus_app,0
TX_005216,ACC_1051,ACC_0433,311.49,2026-08-19 10:52:00,1,0,58,0.49,pin,kplus_app,0
TX_001700,ACC_0593,ACC_0804,1866.98,2026-08-19 11:07:00,0,1,27,0.72,pin,kplus_app,0
TX_005535,ACC_1129,ACC_0488,138.9,2026-08-19 11:34:00,0,0,50,0.86,face_scan,kplus_app,0
TX_002340,ACC_0935,ACC_0742,49.89,2026-08-19 11:35:00,1,0,45,1.3,face_scan,kplus_app,0
TX_002589,ACC_0622,ACC_0259,1588.64,2026-08-19 11:41:00,0,0,57,1.09,pin,kplus_app,0
TX_000562,ACC_0097,ACC_0595,105.18,2026-08-19 11:52:00,0,0,25,0.59,pin,kplus_app,0
TX_003824,ACC_0709,ACC_0605,1746.62,2026-08-19 11:56:00,0,0,47,1.01,pin,kplus_app,0
TX_001519,ACC_0392,ACC_0889,270.93,2026-08-19 12:14:00,1,0,48,0.69,face_scan,kplus_app,0
TX_005712,ACC_0898,ACC_0443,44.04,2026-08-19 12:40:00,0,0,59,1.42,face_scan,kplus_app,0
TX_004065,ACC_1011,ACC_0599,1412.72,2026-08-19 12:47:00,0,0,43,0.91,pin,kplus_app,0
TX_005553,ACC_0168,ACC_0479,1102.58,2026-08-19 12:48:00,0,0,28,0.88,pin,kplus_app,0
TX_002770,ACC_0506,ACC_0656,663.15,2026-08-19 12:55:00,1,0,31,0.73,pin,kplus_app,0
TX_002470,ACC_0397,ACC_1061,67.4,2026-08-19 13:03:00,1,1,50,1.39,pin,kplus_app,0
TX_003521,ACC_0741,ACC_0339,696.82,2026-08-19 13:11:00,0,0,54,0.54,pin,kplus_app,0
TX_000563,ACC_0484,ACC_0962,723.48,2026-08-19 13:13:00,1,0,66,0.57,pin,kplus_app,0
TX_002666,ACC_0357,ACC_1024,277.18,2026-08-19 13:14:00,1,0,38,0.92,pin,kplus_app,0
TX_004368,ACC_0560,ACC_0866,471.43,2026-08-19 13:15:00,0,0,23,0.88,pin,kplus_app,0
TX_005727,ACC_0126,ACC_0715,1113.59,2026-08-19 13:15:00,0,0,41,0.85,pin,kplus_app,0
TX_002541,ACC_0297,ACC_0877,1541.84,2026-08-19 13:19:00,0,1,34,1.36,pin,kplus_app,0
TX_004708,ACC_0097,ACC_0418,1905.6,2026-08-19 13:31:00,1,0,36,0.48,pin,kplus_app,0
TX_003723,ACC_0726,ACC_0546,1619.57,2026-08-19 13:36:00,0,0,44,0.72,pin,kplus_app,0
TX_001395,ACC_1159,ACC_0342,868.56,2026-08-19 14:06:00,0,0,66,0.49,pin,kplus_app,0
TX_000699,ACC_0985,ACC_0107,160.57,2026-08-19 14:07:00,0,0,24,0.33,pin,kplus_app,0
TX_002524,ACC_0625,ACC_0283,267.73,2026-08-19 14:11:00,1,0,44,0.56,pin,kplus_app,0
TX_005182,ACC_0701,ACC_0234,350.03,2026-08-19 14:14:00,1,0,38,0.39,pin,kplus_app,0
TX_002092,ACC_1111,ACC_0661,1769.12,2026-08-19 14:14:00,1,0,40,1.37,pin,kplus_app,0
TX_002542,ACC_0125,ACC_0309,734.42,2026-08-19 14:14:00,0,0,46,1.35,pin,kplus_app,0
TX_006390,ACC_0030,ACC_0002,46633.52,2026-08-19 14:17:54,1,1,19,10.77,pin,promptpay,1
TX_004979,ACC_1078,ACC_0970,341.04,2026-08-19 14:29:00,0,0,37,0.75,pin,kplus_app,0
TX_001238,ACC_0853,ACC_0228,209.41,2026-08-19 14:31:00,1,0,47,0.75,pin,kplus_app,0
TX_005078,ACC_0071,ACC_0662,973.54,2026-08-19 14:36:00,0,0,65,0.83,pin,kplus_app,0
TX_003456,ACC_0848,ACC_0761,1549.12,2026-08-19 14:36:00,0,0,46,0.19,pin,kplus_app,0
TX_003611,ACC_0488,ACC_0865,149.91,2026-08-19 14:51:00,1,0,51,0.22,face_scan,kplus_app,0
TX_003934,ACC_0646,ACC_0302,683.56,2026-08-19 14:53:00,1,0,54,0.26,pin,kplus_app,0
TX_000724,ACC_0448,ACC_0879,285.69,2026-08-19 14:56:00,0,0,30,0.93,pin,kplus_app,0
TX_005601,ACC_1192,ACC_0577,240.04,2026-08-19 14:58:00,1,0,57,0.58,pin,kplus_app,0
TX_002019,ACC_0430,ACC_1194,519.24,2026-08-19 15:09:00,0,0,50,0.81,pin,kplus_app,0
TX_005921,ACC_0948,ACC_1101,249.98,2026-08-19 15:20:00,0,0,43,0.53,pin,kplus_app,0
TX_002464,ACC_0090,ACC_0706,501.32,2026-08-19 15:27:00,1,0,38,1.04,pin,kplus_app,0
TX_001792,ACC_1001,ACC_1080,1758.87,2026-08-19 15:43:00,1,0,64,0.38,pin,kplus_app,0
TX_000216,ACC_0844,ACC_0484,160.04,2026-08-19 15:59:00,0,0,50,0.52,pin,kplus_app,0
TX_001090,ACC_0547,ACC_0518,2020.91,2026-08-19 16:07:00,1,0,28,0.58,pin,kplus_app,0
TX_004600,ACC_0206,ACC_1185,506.6,2026-08-19 16:11:00,0,0,34,1.22,pin,kplus_app,0
TX_001050,ACC_0101,ACC_0119,1773.81,2026-08-19 16:13:00,0,0,43,1.12,pin,kplus_app,0
TX_001929,ACC_0525,ACC_1057,643.99,2026-08-19 16:17:00,1,0,46,1.2,pin,kplus_app,0
TX_000594,ACC_0531,ACC_0742,203.45,2026-08-19 16:25:00,0,0,47,0.65,pin,kplus_app,0
TX_001007,ACC_0323,ACC_0814,492.42,2026-08-19 16:26:00,0,0,46,0.96,pin,kplus_app,0
TX_003754,ACC_0524,ACC_0533,66.58,2026-08-19 16:39:00,0,0,63,0.19,face_scan,kplus_app,0
TX_003120,ACC_0464,ACC_0335,281.82,2026-08-19 16:53:00,0,0,49,0.12,pin,kplus_app,0
TX_001387,ACC_1050,ACC_1114,850.15,2026-08-19 17:21:00,1,0,29,1.22,pin,kplus_app,0
TX_002998,ACC_1076,ACC_1082,220.05,2026-08-19 17:23:00,1,0,55,0.48,pin,kplus_app,0
TX_006186,ACC_0249,ACC_0020,108.05,2026-08-19 17:46:00,1,0,25,0.3,pin,kplus_app,1
TX_000190,ACC_1166,ACC_0715,220.14,2026-08-19 17:49:00,1,0,45,0.56,face_scan,kplus_app,0
TX_006187,ACC_0249,ACC_0020,38190.56,2026-08-19 18:00:00,0,0,350,11.38,pin,kplus_app,1
TX_002782,ACC_0330,ACC_0363,621.11,2026-08-19 18:29:00,0,0,25,0.51,pin,kplus_app,0
TX_006391,ACC_0048,ACC_0034,24936.42,2026-08-19 18:34:24,1,1,15,14.76,pin,promptpay,1
TX_003192,ACC_0861,ACC_0753,408.18,2026-08-19 18:52:00,0,0,38,0.59,pin,kplus_app,0
TX_001679,ACC_0977,ACC_0728,214.94,2026-08-19 19:03:00,0,0,56,0.94,pin,kplus_app,0
TX_003392,ACC_0670,ACC_0345,639.9,2026-08-19 19:04:00,0,0,36,0.26,pin,kplus_app,0
TX_004426,ACC_1068,ACC_0328,275.75,2026-08-19 19:28:00,1,0,56,0.94,face_scan,kplus_app,0
TX_005521,ACC_0200,ACC_1108,1167.51,2026-08-19 19:40:00,0,0,16,0.96,pin,kplus_app,0
TX_003848,ACC_0209,ACC_0431,1082.44,2026-08-19 19:44:00,1,0,45,0.49,face_scan,kplus_app,0
TX_001684,ACC_0995,ACC_1121,524.35,2026-08-19 19:47:00,0,0,61,0.81,pin,kplus_app,0
TX_003621,ACC_1081,ACC_0976,309.35,2026-08-19 19:49:00,0,0,51,1.06,pin,kplus_app,0
TX_000211,ACC_0359,ACC_0663,209.2,2026-08-19 19:53:00,0,1,30,1.11,pin,kplus_app,0
TX_005204,ACC_0483,ACC_0716,70.32,2026-08-19 20:07:00,0,0,52,1.33,pin,kplus_app,0
TX_002151,ACC_0935,ACC_0807,68.06,2026-08-19 20:37:00,0,0,34,1.39,pin,kplus_app,0
TX_001550,ACC_1040,ACC_0756,433.26,2026-08-19 20:53:00,0,0,38,0.17,face_scan,kplus_app,0
TX_002776,ACC_0860,ACC_0638,265.9,2026-08-19 20:59:00,0,0,58,1.14,pin,kplus_app,0
TX_006349,ACC_0005,ACC_0022,40002.19,2026-08-19 21:00:01,1,1,15,7.1,pin,promptpay,1
TX_002655,ACC_0067,ACC_0191,283.19,2026-08-19 21:04:00,0,0,62,0.83,pin,kplus_app,0
TX_004303,ACC_0602,ACC_0428,1302.95,2026-08-19 21:13:00,0,0,55,0.65,pin,kplus_app,0
TX_003946,ACC_0616,ACC_1009,1298.98,2026-08-19 21:19:00,0,0,32,0.98,pin,kplus_app,0
TX_002704,ACC_1117,ACC_1063,836.07,2026-08-19 21:19:00,0,0,60,0.35,pin,kplus_app,0
TX_003531,ACC_0299,ACC_0914,516.4,2026-08-19 21:24:00,1,1,55,0.69,pin,kplus_app,0
TX_001597,ACC_0595,ACC_0507,569.94,2026-08-19 21:29:00,1,0,17,1.37,pin,kplus_app,0
TX_005067,ACC_0818,ACC_0624,277.99,2026-08-19 21:56:00,0,0,66,1.06,pin,kplus_app,0
TX_005005,ACC_0426,ACC_0793,118.24,2026-08-19 21:57:00,1,0,45,0.33,pin,kplus_app,0
TX_004737,ACC_0383,ACC_1009,131.09,2026-08-19 22:07:00,0,0,52,0.77,pin,kplus_app,0
TX_000364,ACC_0768,ACC_1026,750.7,2026-08-19 22:10:00,0,0,31,1.05,face_scan,kplus_app,0
TX_000695,ACC_0527,ACC_1001,115.96,2026-08-19 22:15:00,1,0,54,0.3,pin,kplus_app,0
TX_000075,ACC_0323,ACC_0658,392.28,2026-08-19 22:16:00,0,0,74,1.27,pin,kplus_app,0
TX_005867,ACC_0210,ACC_0856,288.9,2026-08-19 22:22:00,0,0,44,0.52,pin,kplus_app,0
TX_000210,ACC_0606,ACC_1163,1090.58,2026-08-19 22:25:00,0,0,63,1.36,pin,kplus_app,0
TX_002213,ACC_0984,ACC_0321,166.26,2026-08-19 22:26:00,1,0,57,1.1,pin,kplus_app,0
TX_004633,ACC_0070,ACC_0315,1977.22,2026-08-19 22:26:00,0,0,28,0.56,pin,kplus_app,0
TX_004582,ACC_0093,ACC_1085,57.05,2026-08-19 22:31:00,0,0,43,0.5,pin,kplus_app,0
TX_003909,ACC_0143,ACC_1193,563.05,2026-08-19 22:51:00,1,0,23,0.92,pin,kplus_app,0
TX_003663,ACC_0882,ACC_0640,983.24,2026-08-19 22:53:00,0,0,56,1.36,pin,kplus_app,0
TX_005068,ACC_0124,ACC_0415,1260.92,2026-08-19 22:56:00,0,0,56,0.91,face_scan,kplus_app,0
TX_001974,ACC_0738,ACC_0732,858.43,2026-08-19 23:14:00,0,0,53,1.46,pin,kplus_app,0
TX_000495,ACC_0386,ACC_0819,1019.13,2026-08-19 23:14:00,0,0,46,1.0,pin,kplus_app,0
TX_004115,ACC_0557,ACC_0522,416.82,2026-08-19 23:15:00,0,0,51,0.91,pin,kplus_app,0
TX_003008,ACC_0865,ACC_0176,150.73,2026-08-19 23:17:00,1,0,51,1.4,pin,kplus_app,0
TX_001119,ACC_0667,ACC_0698,728.85,2026-08-19 23:24:00,1,0,39,0.76,pin,kplus_app,0
TX_005063,ACC_1003,ACC_0835,103.06,2026-08-19 23:48:00,1,0,28,1.13,pin,kplus_app,0
TX_003699,ACC_0796,ACC_0442,775.81,2026-08-19 23:53:00,1,0,50,1.28,pin,kplus_app,0
TX_000412,ACC_0194,ACC_0123,574.31,2026-08-19 23:55:00,0,0,49,1.5,pin,kplus_app,0
TX_003972,ACC_0282,ACC_0939,158.29,2026-08-20 00:06:00,0,0,48,0.59,pin,kplus_app,0
TX_003002,ACC_1026,ACC_0791,193.15,2026-08-20 00:15:00,1,0,53,0.15,pin,kplus_app,0
TX_000635,ACC_0587,ACC_0396,425.56,2026-08-20 00:25:00,0,0,48,0.97,pin,kplus_app,0
TX_003314,ACC_1098,ACC_0853,64.14,2026-08-20 00:31:00,0,0,28,0.13,face_scan,kplus_app,0
TX_005336,ACC_0469,ACC_0203,479.05,2026-08-20 00:35:00,0,0,61,1.37,pin,kplus_app,0
TX_002977,ACC_0737,ACC_0547,292.43,2026-08-20 00:40:00,0,1,36,0.48,pin,kplus_app,0
TX_002969,ACC_0490,ACC_0170,601.07,2026-08-20 00:44:00,0,0,45,1.18,pin,kplus_app,0
TX_002682,ACC_0501,ACC_0409,626.96,2026-08-20 00:46:00,0,0,54,0.84,pin,kplus_app,0
TX_000806,ACC_0748,ACC_0068,148.75,2026-08-20 01:01:00,1,0,56,1.01,pin,kplus_app,0
TX_003548,ACC_0876,ACC_0479,90.11,2026-08-20 01:12:00,0,0,35,0.99,pin,kplus_app,0
TX_005057,ACC_0928,ACC_0610,200.55,2026-08-20 01:33:00,0,0,48,1.44,pin,kplus_app,0
TX_000306,ACC_0570,ACC_0473,1354.43,2026-08-20 01:40:00,0,0,36,1.47,pin,kplus_app,0
TX_002181,ACC_1179,ACC_1029,51.7,2026-08-20 01:40:00,0,0,42,0.33,pin,kplus_app,0
TX_002257,ACC_0485,ACC_0061,359.46,2026-08-20 01:45:00,0,0,52,1.3,face_scan,kplus_app,0
TX_004176,ACC_0806,ACC_0440,287.63,2026-08-20 01:55:00,1,0,33,1.08,face_scan,kplus_app,0
TX_002271,ACC_0331,ACC_0874,412.72,2026-08-20 02:14:00,0,0,38,0.6,face_scan,kplus_app,0
TX_004923,ACC_0680,ACC_0332,143.64,2026-08-20 02:20:00,0,0,45,1.2,pin,kplus_app,0
TX_005019,ACC_0689,ACC_0419,919.91,2026-08-20 02:27:00,1,0,47,0.92,face_scan,kplus_app,0
TX_001139,ACC_1030,ACC_0317,700.46,2026-08-20 02:39:00,1,0,53,0.99,pin,kplus_app,0
TX_005064,ACC_1193,ACC_1198,681.7,2026-08-20 03:01:00,0,0,47,0.61,pin,kplus_app,0
TX_004367,ACC_0617,ACC_0152,107.37,2026-08-20 03:18:00,0,0,57,0.52,pin,kplus_app,0
TX_005185,ACC_0613,ACC_0290,206.73,2026-08-20 03:20:00,0,0,45,0.47,face_scan,kplus_app,0
TX_002540,ACC_0417,ACC_0373,487.47,2026-08-20 03:22:00,1,0,44,0.53,pin,kplus_app,0
TX_004585,ACC_0526,ACC_0659,662.65,2026-08-20 03:24:00,0,0,29,0.66,pin,kplus_app,0
TX_004694,ACC_1047,ACC_0483,103.68,2026-08-20 03:26:00,1,0,24,0.23,pin,kplus_app,0
TX_001846,ACC_0439,ACC_0433,1528.17,2026-08-20 03:27:00,0,0,55,0.44,face_scan,kplus_app,0
TX_005755,ACC_0869,ACC_0098,1678.86,2026-08-20 03:32:00,1,0,41,1.33,pin,kplus_app,0
TX_003078,ACC_0171,ACC_1089,377.8,2026-08-20 03:33:00,0,0,37,1.07,pin,kplus_app,0
TX_003775,ACC_0902,ACC_0518,687.33,2026-08-20 03:43:00,1,0,40,1.02,pin,kplus_app,0
TX_004728,ACC_0865,ACC_0416,103.66,2026-08-20 03:44:00,0,0,67,0.8,pin,kplus_app,0
TX_002043,ACC_0361,ACC_0569,232.35,2026-08-20 03:55:00,0,0,50,1.01,pin,kplus_app,0
TX_002572,ACC_0973,ACC_0687,2444.64,2026-08-20 03:56:00,0,0,43,0.18,pin,kplus_app,0
TX_003812,ACC_0610,ACC_0573,925.2,2026-08-20 04:02:00,0,0,49,0.12,pin,kplus_app,0
TX_005820,ACC_1086,ACC_0403,720.17,2026-08-20 04:12:00,0,0,57,1.37,pin,kplus_app,0
TX_006018,ACC_0370,ACC_0034,390.52,2026-08-20 04:19:00,1,0,21,0.3,pin,kplus_app,1
TX_003707,ACC_0186,ACC_1081,425.42,2026-08-20 04:29:00,0,0,44,1.22,pin,kplus_app,0
TX_006019,ACC_0370,ACC_0034,24791.27,2026-08-20 04:31:00,0,0,350,24.01,pin,kplus_app,1
TX_005368,ACC_0864,ACC_0124,1020.87,2026-08-20 04:35:00,0,0,56,1.41,pin,kplus_app,0
TX_005212,ACC_0421,ACC_0410,657.2,2026-08-20 04:37:00,1,0,57,0.2,face_scan,kplus_app,0
TX_000051,ACC_0441,ACC_0656,2165.13,2026-08-20 04:40:00,0,0,23,0.6,pin,kplus_app,0
TX_003932,ACC_0257,ACC_1178,123.77,2026-08-20 04:59:00,0,0,73,0.54,pin,kplus_app,0
TX_003184,ACC_0881,ACC_0903,350.7,2026-08-20 04:59:00,0,0,39,1.15,pin,kplus_app,0
TX_004845,ACC_0447,ACC_0190,1136.23,2026-08-20 05:02:00,0,0,62,0.98,pin,kplus_app,0
TX_001460,ACC_0294,ACC_0115,1814.43,2026-08-20 05:09:00,1,0,41,1.41,pin,kplus_app,0
TX_003441,ACC_0483,ACC_0907,143.7,2026-08-20 05:18:00,1,0,41,0.5,pin,kplus_app,0
TX_004094,ACC_0294,ACC_0566,1214.8,2026-08-20 05:25:00,1,0,63,0.86,pin,kplus_app,0
TX_000161,ACC_0588,ACC_1116,190.01,2026-08-20 05:30:00,0,0,34,0.15,face_scan,kplus_app,0
TX_002465,ACC_0147,ACC_1147,1382.67,2026-08-20 05:37:00,1,0,61,0.17,pin,kplus_app,0
TX_005730,ACC_0728,ACC_1039,918.05,2026-08-20 05:57:00,0,0,57,1.27,pin,kplus_app,0
TX_001464,ACC_0345,ACC_0986,110.27,2026-08-20 06:08:00,0,0,37,0.47,pin,kplus_app,0
TX_000957,ACC_0320,ACC_0898,428.01,2026-08-20 06:14:00,0,0,27,0.12,pin,kplus_app,0
TX_005058,ACC_0803,ACC_1159,255.72,2026-08-20 06:29:00,0,0,75,0.61,pin,kplus_app,0
TX_004513,ACC_0348,ACC_0949,2159.44,2026-08-20 06:29:00,0,1,35,1.44,pin,kplus_app,0
TX_004486,ACC_0265,ACC_0840,405.71,2026-08-20 06:37:00,0,0,53,0.24,pin,kplus_app,0
TX_002167,ACC_0211,ACC_0852,113.96,2026-08-20 06:49:00,0,0,47,1.37,pin,kplus_app,0
TX_005299,ACC_0399,ACC_0935,1280.46,2026-08-20 06:50:00,0,0,34,1.0,pin,kplus_app,0
TX_000733,ACC_0911,ACC_0721,751.69,2026-08-20 06:57:00,0,0,34,0.22,pin,kplus_app,0
TX_005988,ACC_0796,ACC_0747,893.8,2026-08-20 06:58:00,0,0,56,0.34,pin,kplus_app,0
TX_002118,ACC_0773,ACC_0751,2483.74,2026-08-20 07:03:00,0,0,35,1.28,pin,kplus_app,0
TX_002908,ACC_0121,ACC_1091,280.19,2026-08-20 07:08:00,0,0,39,0.32,pin,kplus_app,0
TX_003889,ACC_0291,ACC_1023,219.57,2026-08-20 07:09:00,0,0,37,1.05,pin,kplus_app,0
TX_005486,ACC_0715,ACC_0654,275.16,2026-08-20 07:11:00,0,0,61,0.93,pin,kplus_app,0
TX_002840,ACC_0603,ACC_0841,73.14,2026-08-20 07:17:00,1,0,52,0.17,pin,kplus_app,0
TX_004132,ACC_0577,ACC_0304,183.64,2026-08-20 07:23:00,1,0,50,1.42,pin,kplus_app,0
TX_001721,ACC_1111,ACC_0149,64.63,2026-08-20 07:33:00,0,0,42,1.28,face_scan,kplus_app,0
TX_005544,ACC_0919,ACC_0205,1032.65,2026-08-20 07:35:00,1,0,54,1.38,pin,kplus_app,0
TX_005404,ACC_1011,ACC_0788,709.3,2026-08-20 07:52:00,1,0,44,1.11,pin,kplus_app,0
TX_005576,ACC_0535,ACC_0837,133.14,2026-08-20 07:58:00,1,0,61,0.3,pin,kplus_app,0
TX_003067,ACC_1159,ACC_0949,188.96,2026-08-20 08:02:00,0,0,25,0.64,pin,kplus_app,0
TX_006208,ACC_1183,ACC_0001,374.28,2026-08-20 08:03:00,1,0,55,0.3,pin,kplus_app,1
TX_001916,ACC_0948,ACC_0861,1051.73,2026-08-20 08:03:00,0,0,31,1.43,pin,kplus_app,0
TX_005328,ACC_0396,ACC_1195,341.1,2026-08-20 08:06:00,0,0,46,1.26,pin,kplus_app,0
TX_006209,ACC_1183,ACC_0001,56242.69,2026-08-20 08:11:00,0,0,12,12.71,pin,kplus_app,1
TX_001364,ACC_0264,ACC_0243,705.07,2026-08-20 08:14:00,0,0,39,1.14,pin,kplus_app,0
TX_000742,ACC_0492,ACC_0473,372.49,2026-08-20 08:17:00,0,0,61,0.29,face_scan,kplus_app,0
TX_003360,ACC_0609,ACC_0361,819.35,2026-08-20 08:23:00,0,0,51,0.28,pin,kplus_app,0
TX_004228,ACC_0559,ACC_0062,181.22,2026-08-20 08:26:00,1,0,50,0.65,pin,kplus_app,0
TX_001297,ACC_0579,ACC_0192,266.04,2026-08-20 08:27:00,1,0,43,1.4,pin,kplus_app,0
TX_004340,ACC_1058,ACC_1149,393.12,2026-08-20 08:40:00,0,0,39,0.16,pin,kplus_app,0
TX_001830,ACC_0673,ACC_0754,259.17,2026-08-20 08:44:00,1,0,16,0.46,pin,kplus_app,0
TX_001258,ACC_0699,ACC_0727,329.8,2026-08-20 08:48:00,0,0,45,0.56,pin,kplus_app,0
TX_002082,ACC_0949,ACC_0497,694.43,2026-08-20 08:57:00,0,0,32,0.3,pin,kplus_app,0
TX_003488,ACC_0623,ACC_0922,191.91,2026-08-20 09:00:00,0,0,41,1.25,pin,kplus_app,0
TX_003942,ACC_0334,ACC_1117,1163.23,2026-08-20 09:00:00,1,0,42,1.15,pin,kplus_app,0
TX_000815,ACC_0701,ACC_0282,459.25,2026-08-20 09:03:00,0,0,41,0.86,pin,kplus_app,0
TX_000645,ACC_0785,ACC_0772,453.27,2026-08-20 09:04:00,0,0,37,0.51,face_scan,kplus_app,0
TX_002709,ACC_0901,ACC_0650,108.92,2026-08-20 09:17:00,0,0,57,0.4,pin,kplus_app,0
TX_002956,ACC_1123,ACC_0434,1053.99,2026-08-20 09:22:00,0,0,44,0.11,pin,kplus_app,0
TX_003451,ACC_0901,ACC_0220,103.83,2026-08-20 09:27:00,0,0,59,1.25,pin,kplus_app,0
TX_004643,ACC_1059,ACC_0899,400.42,2026-08-20 09:30:00,0,0,47,0.88,pin,kplus_app,0
TX_003785,ACC_0477,ACC_1045,205.04,2026-08-20 09:33:00,0,0,53,0.87,pin,kplus_app,0
TX_002805,ACC_0392,ACC_1153,315.31,2026-08-20 09:36:00,0,0,67,0.74,pin,kplus_app,0
TX_005966,ACC_1113,ACC_0188,908.18,2026-08-20 09:50:00,1,0,52,1.13,pin,kplus_app,0
TX_001200,ACC_0810,ACC_0603,2289.99,2026-08-20 09:51:00,0,0,21,0.95,pin,kplus_app,0
TX_006292,ACC_0113,ACC_0024,232.03,2026-08-20 09:53:00,1,0,36,0.3,pin,kplus_app,1
TX_000804,ACC_0194,ACC_1170,292.85,2026-08-20 09:54:00,1,0,56,1.49,pin,kplus_app,0
TX_006293,ACC_0113,ACC_0024,23148.03,2026-08-20 10:07:00,0,0,12,23.38,pin,kplus_app,1
TX_006364,ACC_0013,ACC_0006,44968.44,2026-08-20 10:08:54,1,1,17,12.35,pin,promptpay,1
TX_005581,ACC_0735,ACC_0082,370.36,2026-08-20 10:11:00,1,0,33,1.14,pin,kplus_app,0
TX_000171,ACC_1035,ACC_1150,167.98,2026-08-20 10:14:00,0,0,44,0.11,pin,kplus_app,0
TX_006278,ACC_0424,ACC_0047,132.43,2026-08-20 10:15:00,1,0,41,0.3,pin,kplus_app,1
TX_005419,ACC_0626,ACC_0204,1047.75,2026-08-20 10:15:00,0,0,32,0.3,pin,kplus_app,0
TX_000860,ACC_0139,ACC_1192,2085.25,2026-08-20 10:18:00,0,0,50,0.95,pin,kplus_app,0
TX_004953,ACC_0176,ACC_0911,1278.77,2026-08-20 10:21:00,0,0,37,0.49,pin,kplus_app,0
TX_006279,ACC_0424,ACC_0047,46856.36,2026-08-20 10:27:00,0,0,12,23.01,pin,kplus_app,1
TX_004556,ACC_0459,ACC_0550,448.56,2026-08-20 10:35:00,0,0,31,0.14,pin,kplus_app,0
TX_006383,ACC_0004,ACC_0032,52181.66,2026-08-20 10:36:03,1,1,11,6.62,pin,promptpay,1
TX_002438,ACC_0960,ACC_0494,212.4,2026-08-20 10:39:00,0,0,24,1.18,pin,kplus_app,0
TX_005480,ACC_1021,ACC_0219,699.71,2026-08-20 10:44:00,1,0,43,0.46,face_scan,kplus_app,0
TX_001031,ACC_0338,ACC_0643,725.38,2026-08-20 10:44:00,0,0,50,1.01,pin,kplus_app,0
TX_003805,ACC_0681,ACC_0731,100.52,2026-08-20 10:47:00,0,0,34,0.38,pin,kplus_app,0
TX_002062,ACC_0891,ACC_0411,451.64,2026-08-20 10:50:00,0,0,65,0.93,face_scan,kplus_app,0
TX_000392,ACC_0559,ACC_0903,237.41,2026-08-20 11:06:00,0,0,41,1.03,pin,kplus_app,0
TX_002630,ACC_0090,ACC_1056,1489.96,2026-08-20 11:10:00,1,0,43,0.63,pin,kplus_app,0
TX_005399,ACC_0873,ACC_0749,1743.72,2026-08-20 11:17:00,0,0,58,0.65,pin,kplus_app,0
TX_000658,ACC_0206,ACC_0092,368.41,2026-08-20 11:21:00,0,0,48,1.45,pin,kplus_app,0
TX_001401,ACC_0516,ACC_0968,78.89,2026-08-20 11:22:00,0,0,48,0.94,pin,kplus_app,0
TX_002140,ACC_0783,ACC_0096,303.43,2026-08-20 11:29:00,0,0,59,0.79,pin,kplus_app,0
TX_002205,ACC_0645,ACC_0929,245.7,2026-08-20 11:41:00,0,0,37,0.43,pin,kplus_app,0
TX_000448,ACC_0424,ACC_1118,307.92,2026-08-20 11:44:00,0,1,38,1.42,pin,kplus_app,0
TX_003118,ACC_0188,ACC_0223,580.2,2026-08-20 11:55:00,0,0,48,1.36,pin,kplus_app,0
TX_006194,ACC_0334,ACC_0023,176.07,2026-08-20 11:55:00,1,0,39,0.3,pin,kplus_app,1
TX_001979,ACC_0581,ACC_1190,2284.11,2026-08-20 11:59:00,0,0,65,1.08,pin,kplus_app,0
TX_002888,ACC_0410,ACC_0654,365.36,2026-08-20 12:03:00,0,0,27,0.49,pin,kplus_app,0
TX_006195,ACC_0334,ACC_0023,35467.75,2026-08-20 12:04:00,0,0,350,19.46,pin,kplus_app,1
TX_000081,ACC_1103,ACC_0112,297.33,2026-08-20 12:04:00,0,0,35,1.34,pin,kplus_app,0
TX_002096,ACC_0428,ACC_1111,282.76,2026-08-20 12:07:00,1,0,58,1.03,pin,kplus_app,0
TX_005007,ACC_0430,ACC_0776,1103.44,2026-08-20 12:11:00,0,0,56,1.01,pin,kplus_app,0
TX_004413,ACC_0437,ACC_1172,163.19,2026-08-20 12:16:00,0,0,39,0.13,pin,kplus_app,0
TX_003132,ACC_0362,ACC_0537,213.08,2026-08-20 12:21:00,0,0,51,0.4,pin,kplus_app,0
TX_003896,ACC_0309,ACC_0639,2905.95,2026-08-20 12:26:00,0,0,33,0.42,pin,kplus_app,0
TX_001451,ACC_0734,ACC_1052,470.12,2026-08-20 12:29:00,0,0,50,0.48,pin,kplus_app,0
TX_002925,ACC_0462,ACC_0664,1568.72,2026-08-20 12:32:00,0,0,50,0.48,pin,kplus_app,0
TX_001523,ACC_0725,ACC_0381,227.98,2026-08-20 12:36:00,0,0,46,0.53,pin,kplus_app,0
TX_003920,ACC_0606,ACC_0324,120.79,2026-08-20 13:02:00,0,0,34,1.13,pin,kplus_app,0
TX_001900,ACC_1192,ACC_1035,1285.04,2026-08-20 13:04:00,1,0,59,1.48,pin,kplus_app,0
TX_004502,ACC_0471,ACC_0642,107.63,2026-08-20 13:18:00,1,0,42,1.15,pin,kplus_app,0
TX_002924,ACC_0315,ACC_0773,321.3,2026-08-20 13:20:00,0,0,28,1.39,pin,kplus_app,0
TX_004967,ACC_0214,ACC_0756,68.29,2026-08-20 13:54:00,0,0,73,1.11,pin,kplus_app,0
TX_002323,ACC_0375,ACC_0625,403.17,2026-08-20 13:54:00,0,0,47,0.63,pin,kplus_app,0
TX_003473,ACC_0519,ACC_0543,1325.65,2026-08-20 13:57:00,0,0,70,1.49,face_scan,kplus_app,0
TX_000632,ACC_0819,ACC_0913,185.53,2026-08-20 14:05:00,0,0,49,1.35,pin,kplus_app,0
TX_005420,ACC_0574,ACC_1099,1023.08,2026-08-20 14:15:00,0,0,39,0.61,pin,kplus_app,0
TX_002194,ACC_0535,ACC_1106,71.24,2026-08-20 14:15:00,1,0,34,0.29,face_scan,kplus_app,0
TX_005799,ACC_0243,ACC_0992,923.0,2026-08-20 14:17:00,1,0,33,0.58,pin,kplus_app,0
TX_005789,ACC_0832,ACC_0305,186.8,2026-08-20 14:22:00,0,0,40,0.64,pin,kplus_app,0
TX_005737,ACC_0134,ACC_0315,2567.78,2026-08-20 14:30:00,1,0,71,0.23,pin,kplus_app,0
TX_003906,ACC_0504,ACC_0092,941.51,2026-08-20 14:31:00,0,0,37,0.68,pin,kplus_app,0
TX_004942,ACC_0753,ACC_0446,1544.68,2026-08-20 14:34:00,1,0,61,0.85,pin,kplus_app,0
TX_006250,ACC_0892,ACC_0052,168.66,2026-08-20 14:51:00,1,0,45,0.3,pin,kplus_app,1
TX_006251,ACC_0892,ACC_0052,18083.19,2026-08-20 14:59:00,0,0,350,8.29,pin,kplus_app,1
TX_000396,ACC_0311,ACC_0603,1961.98,2026-08-20 15:00:00,0,0,44,0.48,pin,kplus_app,0
TX_001588,ACC_0440,ACC_0716,1000.54,2026-08-20 15:01:00,1,0,38,0.59,pin,kplus_app,0
TX_005839,ACC_1033,ACC_0109,1159.54,2026-08-20 15:15:00,1,0,32,0.28,pin,kplus_app,0
TX_004253,ACC_0944,ACC_0739,533.07,2026-08-20 15:41:00,1,0,66,1.34,pin,kplus_app,0
TX_005925,ACC_0193,ACC_0997,944.8,2026-08-20 15:54:00,1,0,39,0.59,pin,kplus_app,0
TX_000428,ACC_0745,ACC_1183,909.15,2026-08-20 15:58:00,1,0,59,0.12,pin,kplus_app,0
TX_001429,ACC_0633,ACC_1188,345.64,2026-08-20 15:59:00,0,0,9,1.1,pin,kplus_app,0
TX_006284,ACC_0098,ACC_0050,336.21,2026-08-20 16:03:00,1,0,38,0.3,pin,kplus_app,1
TX_002063,ACC_0518,ACC_0191,444.85,2026-08-20 16:13:00,1,0,45,0.3,pin,kplus_app,0
TX_006285,ACC_0098,ACC_0050,58546.41,2026-08-20 16:14:00,0,0,350,10.13,pin,kplus_app,1
TX_001934,ACC_1144,ACC_1137,264.99,2026-08-20 16:29:00,1,0,35,0.96,pin,kplus_app,0
TX_003822,ACC_1000,ACC_0245,261.71,2026-08-20 16:33:00,0,0,34,0.61,pin,kplus_app,0
TX_004210,ACC_0859,ACC_0850,353.61,2026-08-20 16:44:00,0,0,33,1.09,face_scan,kplus_app,0
TX_005145,ACC_0661,ACC_1110,2083.8,2026-08-20 16:59:00,0,0,73,0.62,pin,kplus_app,0
TX_000841,ACC_0187,ACC_0896,825.64,2026-08-20 17:00:00,1,1,41,0.61,pin,kplus_app,0
TX_002549,ACC_0702,ACC_0112,595.25,2026-08-20 17:04:00,1,0,40,0.76,pin,kplus_app,0
TX_000618,ACC_0266,ACC_0932,122.46,2026-08-20 17:05:00,1,0,51,0.65,pin,kplus_app,0
TX_005672,ACC_0849,ACC_1098,179.84,2026-08-20 17:11:00,0,0,49,0.45,pin,kplus_app,0
TX_004749,ACC_0356,ACC_0812,264.95,2026-08-20 17:22:00,1,0,44,1.05,pin,kplus_app,0
TX_002825,ACC_0308,ACC_0203,92.38,2026-08-20 17:30:00,0,0,49,1.19,pin,kplus_app,0
TX_004754,ACC_0505,ACC_0395,104.08,2026-08-20 17:30:00,0,0,44,1.33,pin,kplus_app,0
TX_000778,ACC_0245,ACC_0403,1432.29,2026-08-20 17:36:00,1,0,72,0.3,pin,kplus_app,0
TX_006042,ACC_0187,ACC_0056,369.52,2026-08-20 17:45:00,1,0,39,0.3,pin,kplus_app,1
TX_006043,ACC_0187,ACC_0056,59072.69,2026-08-20 17:58:00,0,0,350,21.82,pin,kplus_app,1
TX_003808,ACC_0093,ACC_0722,1878.63,2026-08-20 18:02:00,0,0,34,0.49,pin,kplus_app,0
TX_002557,ACC_0653,ACC_1131,1636.51,2026-08-20 18:04:00,0,0,33,1.18,pin,kplus_app,0
TX_001385,ACC_0438,ACC_0514,144.31,2026-08-20 18:05:00,0,0,41,0.93,pin,kplus_app,0
TX_000904,ACC_1046,ACC_0972,48.08,2026-08-20 18:12:00,0,0,49,0.28,pin,kplus_app,0
TX_004768,ACC_1047,ACC_1165,866.88,2026-08-20 18:13:00,0,1,39,0.29,face_scan,kplus_app,0
TX_002188,ACC_0883,ACC_0540,570.13,2026-08-20 18:18:00,1,0,46,1.43,pin,kplus_app,0
TX_005463,ACC_0637,ACC_0935,627.9,2026-08-20 18:27:00,0,0,74,1.0,pin,kplus_app,0
TX_005780,ACC_0405,ACC_0317,435.67,2026-08-20 18:47:00,0,0,52,0.62,pin,kplus_app,0
TX_000977,ACC_0069,ACC_0456,1056.82,2026-08-20 19:04:00,0,0,40,0.21,pin,kplus_app,0
TX_000037,ACC_0431,ACC_1188,683.01,2026-08-20 19:07:00,0,0,48,1.44,pin,kplus_app,0
TX_005911,ACC_0642,ACC_0240,242.12,2026-08-20 19:11:00,1,0,41,0.42,pin,kplus_app,0
TX_002428,ACC_0608,ACC_1124,700.96,2026-08-20 19:14:00,0,0,21,0.58,pin,kplus_app,0
TX_000651,ACC_0377,ACC_0398,341.2,2026-08-20 19:17:00,0,0,50,0.6,pin,kplus_app,0
TX_003100,ACC_1135,ACC_0854,333.05,2026-08-20 19:20:00,1,0,52,0.95,pin,kplus_app,0
TX_004807,ACC_0445,ACC_0236,875.49,2026-08-20 19:31:00,1,0,43,0.3,pin,kplus_app,0
TX_001965,ACC_0489,ACC_0069,177.47,2026-08-20 19:32:00,0,0,44,0.53,face_scan,kplus_app,0
TX_002098,ACC_0184,ACC_0301,1035.16,2026-08-20 19:38:00,0,0,63,0.2,pin,kplus_app,0
TX_004973,ACC_0211,ACC_0602,1281.83,2026-08-20 19:38:00,0,0,29,0.78,pin,kplus_app,0
TX_002503,ACC_1053,ACC_0200,711.44,2026-08-20 19:45:00,0,0,43,1.4,pin,kplus_app,0
TX_005621,ACC_0605,ACC_0347,563.57,2026-08-20 19:47:00,0,0,36,0.92,pin,kplus_app,0
TX_002997,ACC_0435,ACC_0635,368.42,2026-08-20 19:49:00,0,0,55,1.22,pin,kplus_app,0
TX_004473,ACC_0891,ACC_0833,230.46,2026-08-20 19:56:00,1,0,54,1.45,pin,kplus_app,0
TX_002230,ACC_0699,ACC_0642,1492.7,2026-08-20 20:01:00,0,0,42,0.77,pin,kplus_app,0
TX_002713,ACC_0916,ACC_0702,1294.3,2026-08-20 20:04:00,0,0,24,0.19,pin,kplus_app,0
TX_003362,ACC_1129,ACC_0202,2109.75,2026-08-20 20:10:00,0,0,46,0.37,face_scan,kplus_app,0
TX_003341,ACC_0181,ACC_0926,455.19,2026-08-20 20:12:00,1,0,49,1.02,pin,kplus_app,0
TX_004267,ACC_0203,ACC_0287,603.03,2026-08-20 20:12:00,0,0,41,0.44,pin,kplus_app,0
TX_005565,ACC_0256,ACC_0908,980.45,2026-08-20 20:17:00,0,0,28,1.16,pin,kplus_app,0
TX_005011,ACC_0556,ACC_0666,186.68,2026-08-20 20:18:00,0,0,39,0.56,pin,kplus_app,0
TX_006389,ACC_0039,ACC_0041,56235.14,2026-08-20 20:18:28,1,1,8,6.93,pin,promptpay,1
TX_002245,ACC_0677,ACC_0770,512.36,2026-08-20 20:20:00,0,1,68,1.09,pin,kplus_app,0
TX_005269,ACC_0383,ACC_0421,1358.84,2026-08-20 20:21:00,0,0,55,0.58,pin,kplus_app,0
TX_001825,ACC_0696,ACC_0377,787.43,2026-08-20 20:29:00,0,0,33,1.46,pin,kplus_app,0
TX_006120,ACC_0570,ACC_0041,125.43,2026-08-20 20:31:00,1,0,31,0.3,pin,kplus_app,1
TX_006121,ACC_0570,ACC_0041,30017.45,2026-08-20 20:40:00,0,0,350,20.19,pin,kplus_app,1
TX_005137,ACC_0552,ACC_0702,277.46,2026-08-20 20:56:00,0,0,54,0.34,pin,kplus_app,0
TX_000810,ACC_0382,ACC_0066,75.13,2026-08-20 21:05:00,1,0,50,1.1,pin,kplus_app,0
TX_002890,ACC_0744,ACC_1192,232.47,2026-08-20 21:06:00,0,0,39,0.48,pin,kplus_app,0
TX_003307,ACC_0627,ACC_0443,2484.21,2026-08-20 21:08:00,0,0,49,0.45,pin,kplus_app,0
TX_003072,ACC_0612,ACC_0347,506.39,2026-08-20 21:13:00,0,0,56,0.36,pin,kplus_app,0
TX_002058,ACC_1168,ACC_0638,710.89,2026-08-20 21:36:00,0,0,33,0.48,pin,kplus_app,0
TX_004352,ACC_0197,ACC_0748,139.9,2026-08-20 21:38:00,1,0,58,1.22,pin,kplus_app,0
TX_002772,ACC_1114,ACC_0577,399.35,2026-08-20 21:58:00,1,0,56,1.46,pin,kplus_app,0
TX_003755,ACC_0494,ACC_0947,1690.81,2026-08-20 21:59:00,0,0,30,0.49,pin,kplus_app,0
TX_003007,ACC_0396,ACC_0414,356.17,2026-08-20 21:59:00,0,0,37,0.68,pin,kplus_app,0
TX_000518,ACC_1139,ACC_0793,453.76,2026-08-20 22:06:00,1,0,52,1.5,pin,kplus_app,0
TX_000906,ACC_0152,ACC_0895,84.05,2026-08-20 22:30:00,0,0,44,0.41,pin,kplus_app,0
TX_002035,ACC_0320,ACC_0311,1490.78,2026-08-20 22:31:00,0,0,36,0.61,pin,kplus_app,0
TX_004891,ACC_0073,ACC_0256,726.38,2026-08-20 22:47:00,0,0,64,0.61,pin,kplus_app,0
TX_003907,ACC_0943,ACC_0878,1216.04,2026-08-20 22:49:00,0,0,30,0.3,pin,kplus_app,0
TX_003104,ACC_0378,ACC_0501,1034.36,2026-08-20 23:03:00,0,0,51,0.57,pin,kplus_app,0
TX_005688,ACC_0426,ACC_0310,134.29,2026-08-20 23:13:00,0,0,50,0.62,pin,kplus_app,0
TX_001405,ACC_0744,ACC_0855,1019.34,2026-08-20 23:20:00,0,0,48,1.36,pin,kplus_app,0
TX_001654,ACC_0568,ACC_0061,941.35,2026-08-20 23:28:00,0,0,31,0.55,pin,kplus_app,0
TX_004309,ACC_0989,ACC_0775,198.84,2026-08-20 23:31:00,1,0,55,1.28,pin,kplus_app,0
TX_004921,ACC_1119,ACC_1044,626.23,2026-08-20 23:39:00,1,1,20,0.34,pin,kplus_app,0
TX_003780,ACC_0988,ACC_0398,187.62,2026-08-20 23:39:00,0,0,48,0.38,pin,kplus_app,0
TX_004752,ACC_0267,ACC_0908,799.48,2026-08-20 23:44:00,0,0,49,0.61,pin,kplus_app,0
TX_001445,ACC_0622,ACC_0422,285.6,2026-08-20 23:46:00,1,1,28,0.31,pin,kplus_app,0
TX_000858,ACC_0247,ACC_0131,912.95,2026-08-20 23:46:00,0,0,51,0.44,pin,kplus_app,0
TX_004271,ACC_0945,ACC_0863,309.72,2026-08-21 00:08:00,0,0,45,0.37,pin,kplus_app,0
TX_004994,ACC_0595,ACC_0067,522.16,2026-08-21 00:12:00,0,0,45,0.47,pin,kplus_app,0
TX_003660,ACC_0792,ACC_0800,418.34,2026-08-21 00:13:00,1,0,43,0.32,pin,kplus_app,0
TX_005099,ACC_0389,ACC_0723,1436.02,2026-08-21 00:14:00,0,0,46,0.59,pin,kplus_app,0
TX_000465,ACC_0570,ACC_0455,310.14,2026-08-21 00:16:00,0,0,37,0.4,pin,kplus_app,0
TX_002101,ACC_0718,ACC_0575,177.83,2026-08-21 00:18:00,1,0,51,1.12,pin,kplus_app,0
TX_004238,ACC_0499,ACC_0841,1179.24,2026-08-21 00:33:00,0,0,40,0.59,face_scan,kplus_app,0
TX_000506,ACC_1019,ACC_1173,148.79,2026-08-21 00:37:00,0,0,56,0.2,pin,kplus_app,0
TX_006202,ACC_0480,ACC_0031,132.21,2026-08-21 00:45:00,1,0,56,0.3,pin,kplus_app,1
TX_004476,ACC_0729,ACC_0597,277.1,2026-08-21 00:47:00,0,0,53,0.95,pin,kplus_app,0
TX_003358,ACC_1102,ACC_0318,1609.88,2026-08-21 00:51:00,0,0,24,0.3,pin,kplus_app,0
TX_006203,ACC_0480,ACC_0031,59771.09,2026-08-21 00:54:00,0,0,350,17.99,pin,kplus_app,1
TX_005403,ACC_0969,ACC_0218,218.76,2026-08-21 01:06:00,1,0,50,1.33,pin,kplus_app,0
TX_005654,ACC_1170,ACC_0664,40.66,2026-08-21 01:09:00,0,0,43,0.31,pin,kplus_app,0
TX_000153,ACC_0187,ACC_0116,1523.53,2026-08-21 01:23:00,0,0,34,0.11,pin,kplus_app,0
TX_006102,ACC_0798,ACC_0054,379.39,2026-08-21 01:24:00,1,0,34,0.3,pin,kplus_app,1
TX_002769,ACC_1122,ACC_1124,472.79,2026-08-21 01:27:00,0,0,69,0.42,none,kplus_app,0
TX_006103,ACC_0798,ACC_0054,29098.11,2026-08-21 01:33:00,0,0,12,12.5,pin,kplus_app,1
TX_005702,ACC_0427,ACC_0149,409.76,2026-08-21 01:52:00,0,0,51,0.16,pin,kplus_app,0
TX_005633,ACC_0399,ACC_1197,1366.5,2026-08-21 02:05:00,0,1,34,1.45,face_scan,kplus_app,0
TX_002400,ACC_1184,ACC_0728,69.05,2026-08-21 02:30:00,0,0,53,0.91,pin,kplus_app,0
TX_004924,ACC_1187,ACC_1149,213.68,2026-08-21 02:36:00,0,0,57,1.37,pin,kplus_app,0
TX_001242,ACC_1138,ACC_0592,1220.74,2026-08-21 02:44:00,0,0,46,1.1,pin,kplus_app,0
TX_004361,ACC_1126,ACC_0579,1239.01,2026-08-21 02:52:00,1,0,59,0.27,pin,kplus_app,0
TX_000936,ACC_0858,ACC_0652,566.48,2026-08-21 02:55:00,0,0,55,0.77,pin,kplus_app,0
TX_002481,ACC_0936,ACC_0734,451.23,2026-08-21 03:00:00,0,0,39,0.62,pin,kplus_app,0
TX_001132,ACC_0166,ACC_0087,363.06,2026-08-21 03:15:00,0,0,35,0.49,pin,kplus_app,0
TX_000530,ACC_0108,ACC_0160,136.51,2026-08-21 03:20:00,0,0,46,1.14,pin,kplus_app,0
TX_003719,ACC_0696,ACC_0313,129.19,2026-08-21 03:46:00,0,0,53,1.33,pin,kplus_app,0
TX_001009,ACC_0632,ACC_0577,1140.29,2026-08-21 03:48:00,1,0,47,1.24,pin,kplus_app,0
TX_004521,ACC_0100,ACC_1121,40.32,2026-08-21 03:50:00,0,0,30,0.55,face_scan,kplus_app,0
TX_001645,ACC_0359,ACC_1007,884.17,2026-08-21 03:54:00,1,0,57,0.37,pin,kplus_app,0
TX_000956,ACC_0688,ACC_0254,613.14,2026-08-21 04:07:00,0,0,53,1.48,pin,kplus_app,0
TX_001107,ACC_0357,ACC_0954,1660.25,2026-08-21 04:12:00,0,0,38,0.89,face_scan,kplus_app,0
TX_003490,ACC_0201,ACC_0719,1302.45,2026-08-21 04:18:00,0,0,46,1.18,pin,kplus_app,0
TX_003353,ACC_0163,ACC_0086,338.85,2026-08-21 04:35:00,0,0,37,0.86,pin,kplus_app,0
TX_005660,ACC_0149,ACC_0565,132.46,2026-08-21 04:44:00,1,0,40,0.49,pin,kplus_app,0
TX_005026,ACC_1041,ACC_0308,387.74,2026-08-21 04:47:00,0,0,59,0.62,pin,kplus_app,0
TX_001925,ACC_0992,ACC_0098,1040.58,2026-08-21 05:01:00,0,0,61,1.31,pin,kplus_app,0
TX_003709,ACC_0721,ACC_1005,41.35,2026-08-21 05:02:00,1,0,42,0.17,pin,kplus_app,0
TX_002386,ACC_0556,ACC_0407,90.7,2026-08-21 05:08:00,1,0,53,0.43,pin,kplus_app,0
TX_005087,ACC_1006,ACC_0447,1996.4,2026-08-21 05:08:00,1,0,44,0.62,face_scan,kplus_app,0
TX_005910,ACC_0577,ACC_1167,1689.58,2026-08-21 05:23:00,0,0,45,0.55,pin,kplus_app,0
TX_002000,ACC_0596,ACC_0590,165.79,2026-08-21 05:35:00,0,0,52,0.19,pin,kplus_app,0
TX_005677,ACC_1170,ACC_1074,759.49,2026-08-21 05:41:00,0,0,44,0.64,face_scan,kplus_app,0
TX_001372,ACC_0883,ACC_0302,1154.65,2026-08-21 06:14:00,0,0,43,1.29,pin,kplus_app,0
TX_000834,ACC_0615,ACC_1112,1328.54,2026-08-21 06:15:00,1,0,46,0.17,pin,kplus_app,0
TX_005197,ACC_0462,ACC_0845,1027.09,2026-08-21 06:18:00,1,0,51,0.75,pin,kplus_app,0
TX_005003,ACC_0422,ACC_0915,186.73,2026-08-21 06:31:00,0,0,29,1.23,pin,kplus_app,0
TX_003172,ACC_0093,ACC_0944,2439.85,2026-08-21 06:35:00,0,0,29,1.32,pin,kplus_app,0
TX_004383,ACC_0646,ACC_1091,304.72,2026-08-21 06:38:00,0,0,42,0.81,pin,kplus_app,0
TX_004229,ACC_0467,ACC_1076,1765.92,2026-08-21 06:41:00,0,0,69,1.39,pin,kplus_app,0
TX_000631,ACC_0941,ACC_0627,240.54,2026-08-21 06:43:00,0,0,77,0.81,face_scan,kplus_app,0
TX_001995,ACC_0681,ACC_0719,64.48,2026-08-21 06:56:00,1,0,56,1.46,pin,kplus_app,0
TX_004617,ACC_0680,ACC_0399,90.56,2026-08-21 07:06:00,1,0,46,1.49,pin,kplus_app,0
TX_000873,ACC_0152,ACC_0241,886.39,2026-08-21 07:10:00,0,0,49,0.48,pin,kplus_app,0
TX_001391,ACC_0477,ACC_0121,376.16,2026-08-21 07:22:00,0,0,42,1.38,pin,kplus_app,0
TX_006382,ACC_0025,ACC_0016,44519.76,2026-08-21 07:27:02,1,1,13,12.7,pin,promptpay,1
TX_001270,ACC_0060,ACC_0539,495.3,2026-08-21 07:45:00,1,0,36,0.5,pin,kplus_app,0
TX_005079,ACC_0535,ACC_0832,1316.35,2026-08-21 07:49:00,0,1,34,0.58,pin,kplus_app,0
TX_003736,ACC_0831,ACC_0938,141.2,2026-08-21 07:50:00,1,0,38,0.22,pin,kplus_app,0
TX_000058,ACC_0075,ACC_0499,1330.35,2026-08-21 07:54:00,0,0,29,0.58,pin,kplus_app,0
TX_004127,ACC_0941,ACC_1083,689.17,2026-08-21 07:55:00,0,0,45,0.24,pin,kplus_app,0
TX_001216,ACC_1155,ACC_0448,113.4,2026-08-21 08:01:00,0,0,43,0.7,pin,kplus_app,0
TX_005242,ACC_1134,ACC_1163,411.77,2026-08-21 08:11:00,0,0,54,1.03,pin,kplus_app,0
TX_000721,ACC_1127,ACC_0369,1807.58,2026-08-21 08:12:00,1,0,55,0.85,pin,kplus_app,0
TX_001093,ACC_0391,ACC_1108,285.59,2026-08-21 08:14:00,0,0,35,0.2,pin,kplus_app,0
TX_002996,ACC_0606,ACC_0974,957.91,2026-08-21 08:15:00,0,0,65,1.22,face_scan,kplus_app,0
TX_005720,ACC_0580,ACC_0107,1013.96,2026-08-21 08:18:00,1,0,47,1.37,pin,kplus_app,0
TX_006333,ACC_0033,ACC_0025,15992.77,2026-08-21 08:29:31,1,1,11,11.87,pin,promptpay,1
TX_000891,ACC_0716,ACC_0893,348.81,2026-08-21 08:41:00,0,0,56,1.47,pin,kplus_app,0
TX_006090,ACC_0319,ACC_0026,208.4,2026-08-21 08:50:00,1,0,40,0.3,pin,kplus_app,1
TX_001296,ACC_0360,ACC_0303,60.32,2026-08-21 08:51:00,0,0,14,0.58,pin,kplus_app,0
TX_006091,ACC_0319,ACC_0026,59562.96,2026-08-21 09:02:00,0,0,12,9.85,pin,kplus_app,1
TX_005517,ACC_0729,ACC_0490,1197.88,2026-08-21 09:11:00,1,0,53,0.49,pin,kplus_app,0
TX_004861,ACC_1176,ACC_0904,343.8,2026-08-21 09:25:00,0,0,34,0.21,none,kplus_app,0
TX_002450,ACC_0676,ACC_1109,414.29,2026-08-21 09:31:00,0,0,33,0.19,pin,kplus_app,0
TX_002358,ACC_0721,ACC_0393,134.5,2026-08-21 09:31:00,1,0,53,0.19,pin,kplus_app,0
TX_003670,ACC_1078,ACC_0997,272.04,2026-08-21 09:38:00,0,0,31,1.13,pin,kplus_app,0
TX_006198,ACC_0562,ACC_0021,276.97,2026-08-21 09:46:00,1,0,31,0.3,pin,kplus_app,1
TX_000541,ACC_0755,ACC_0713,104.08,2026-08-21 09:51:00,1,0,53,1.09,pin,kplus_app,0
TX_001868,ACC_0798,ACC_0158,785.37,2026-08-21 09:53:00,0,0,35,0.65,pin,kplus_app,0
TX_006199,ACC_0562,ACC_0021,55049.0,2026-08-21 09:56:00,0,0,12,9.65,pin,kplus_app,1
TX_005647,ACC_0963,ACC_0905,820.57,2026-08-21 10:02:00,0,0,51,0.78,pin,kplus_app,0
TX_001376,ACC_0995,ACC_0381,43.02,2026-08-21 10:06:00,0,0,53,0.1,pin,kplus_app,0
TX_005423,ACC_0571,ACC_0262,937.02,2026-08-21 10:08:00,0,0,30,1.24,pin,kplus_app,0
TX_003393,ACC_0139,ACC_0860,404.45,2026-08-21 10:10:00,0,0,66,1.35,face_scan,kplus_app,0
TX_002045,ACC_0378,ACC_0588,2049.29,2026-08-21 10:12:00,0,0,30,0.39,pin,kplus_app,0
TX_004580,ACC_1106,ACC_1109,1384.76,2026-08-21 10:17:00,0,0,69,0.64,pin,kplus_app,0
TX_004941,ACC_0637,ACC_0501,95.17,2026-08-21 10:22:00,0,0,54,0.74,pin,kplus_app,0
TX_002633,ACC_0146,ACC_0318,1929.95,2026-08-21 10:29:00,0,0,45,0.31,pin,kplus_app,0
TX_003742,ACC_0790,ACC_0721,346.23,2026-08-21 10:30:00,1,0,58,0.61,pin,kplus_app,0
TX_004603,ACC_1135,ACC_1003,549.13,2026-08-21 10:33:00,0,0,52,0.67,pin,kplus_app,0
TX_005694,ACC_1028,ACC_0223,1742.11,2026-08-21 10:39:00,0,0,44,0.14,face_scan,kplus_app,0
TX_002593,ACC_1086,ACC_0531,149.6,2026-08-21 10:42:00,0,0,37,0.68,face_scan,kplus_app,0
TX_001753,ACC_0188,ACC_0841,629.83,2026-08-21 10:47:00,1,0,46,0.58,pin,kplus_app,0
TX_003698,ACC_0492,ACC_0655,1458.38,2026-08-21 10:49:00,0,0,48,1.03,pin,kplus_app,0
TX_003411,ACC_0546,ACC_0495,430.65,2026-08-21 11:03:00,0,0,55,1.39,pin,kplus_app,0
TX_004495,ACC_0290,ACC_0265,713.41,2026-08-21 11:10:00,1,0,55,0.86,pin,kplus_app,0
TX_002535,ACC_0768,ACC_0843,86.61,2026-08-21 11:22:00,1,0,55,0.12,face_scan,kplus_app,0
TX_005673,ACC_0645,ACC_0557,768.77,2026-08-21 11:37:00,1,0,32,1.21,pin,kplus_app,0
TX_003430,ACC_1072,ACC_0552,229.47,2026-08-21 11:54:00,1,0,44,1.25,pin,kplus_app,0
TX_000700,ACC_1142,ACC_0087,312.77,2026-08-21 11:59:00,0,0,60,0.59,pin,kplus_app,0
TX_002787,ACC_0470,ACC_0716,483.87,2026-08-21 12:03:00,1,0,38,1.5,pin,kplus_app,0
TX_000900,ACC_0639,ACC_0475,623.82,2026-08-21 12:05:00,0,0,31,0.5,pin,kplus_app,0
TX_005698,ACC_0211,ACC_0426,3017.62,2026-08-21 12:12:00,0,0,51,0.76,pin,kplus_app,0
TX_004624,ACC_1027,ACC_0750,402.0,2026-08-21 12:16:00,1,0,43,0.27,pin,kplus_app,0
TX_005409,ACC_0699,ACC_0537,176.7,2026-08-21 12:16:00,1,1,33,0.9,pin,kplus_app,0
TX_000207,ACC_0456,ACC_0625,1711.85,2026-08-21 12:25:00,0,0,54,0.15,pin,kplus_app,0
TX_003720,ACC_0695,ACC_0574,477.52,2026-08-21 12:26:00,0,0,41,0.98,pin,kplus_app,0
TX_003782,ACC_1091,ACC_1007,762.05,2026-08-21 12:49:00,0,0,61,1.27,pin,kplus_app,0
TX_005963,ACC_0260,ACC_1120,86.4,2026-08-21 12:53:00,0,0,49,1.34,pin,kplus_app,0
TX_002448,ACC_0963,ACC_0699,961.73,2026-08-21 12:55:00,0,0,33,0.67,pin,kplus_app,0
TX_000395,ACC_1195,ACC_0762,490.34,2026-08-21 13:00:00,1,0,57,0.63,pin,kplus_app,0
TX_001734,ACC_0650,ACC_0540,518.88,2026-08-21 13:04:00,1,0,59,0.51,face_scan,kplus_app,0
TX_003009,ACC_0462,ACC_0467,492.05,2026-08-21 13:08:00,0,0,37,0.32,pin,kplus_app,0
TX_004801,ACC_0408,ACC_0127,1626.56,2026-08-21 13:11:00,0,0,60,0.89,pin,kplus_app,0
TX_002975,ACC_1016,ACC_1146,892.43,2026-08-21 13:15:00,1,0,44,0.26,pin,kplus_app,0
TX_004204,ACC_0628,ACC_0933,69.98,2026-08-21 13:20:00,0,0,51,1.48,pin,kplus_app,0
TX_002562,ACC_1051,ACC_0988,1088.9,2026-08-21 13:30:00,0,0,39,0.7,pin,kplus_app,0
TX_000755,ACC_1053,ACC_0142,869.78,2026-08-21 13:32:00,0,0,25,1.27,pin,kplus_app,0
TX_001526,ACC_1079,ACC_0609,203.35,2026-08-21 13:34:00,1,0,41,1.2,pin,kplus_app,0
TX_003899,ACC_0613,ACC_0297,572.86,2026-08-21 13:56:00,0,0,35,1.41,face_scan,kplus_app,0
TX_003567,ACC_0963,ACC_1121,258.4,2026-08-21 14:06:00,0,0,41,1.04,pin,kplus_app,0
TX_003383,ACC_0663,ACC_0153,308.0,2026-08-21 14:31:00,1,0,32,0.45,pin,kplus_app,0
TX_003875,ACC_0846,ACC_1125,2340.6,2026-08-21 14:34:00,0,0,42,1.3,pin,kplus_app,0
TX_005834,ACC_1088,ACC_0763,1804.54,2026-08-21 14:45:00,0,0,40,1.25,pin,kplus_app,0
TX_006368,ACC_0050,ACC_0023,32501.58,2026-08-21 14:48:28,1,1,13,7.09,pin,promptpay,1
TX_004277,ACC_1023,ACC_0689,330.28,2026-08-21 14:49:00,1,0,59,1.03,pin,kplus_app,0
TX_000870,ACC_0821,ACC_0775,225.44,2026-08-21 14:51:00,0,0,62,1.47,pin,kplus_app,0
TX_000321,ACC_0079,ACC_0317,156.18,2026-08-21 15:09:00,0,0,26,0.61,pin,kplus_app,0
TX_006246,ACC_0861,ACC_0041,381.37,2026-08-21 15:11:00,1,0,51,0.3,pin,kplus_app,1
TX_006162,ACC_1021,ACC_0058,388.89,2026-08-21 15:16:00,1,0,36,0.3,pin,kplus_app,1
TX_006163,ACC_1021,ACC_0058,38671.82,2026-08-21 15:25:00,0,0,12,24.29,pin,kplus_app,1
TX_005451,ACC_0169,ACC_0209,61.42,2026-08-21 15:25:00,1,0,52,1.21,face_scan,kplus_app,0
TX_006247,ACC_0861,ACC_0041,26789.15,2026-08-21 15:25:00,0,0,12,12.71,pin,kplus_app,1
TX_002449,ACC_0203,ACC_0314,723.65,2026-08-21 15:27:00,0,0,49,0.14,pin,kplus_app,0
TX_001456,ACC_0466,ACC_1098,921.48,2026-08-21 15:27:00,0,0,26,1.1,pin,kplus_app,0
TX_004523,ACC_0084,ACC_0651,835.14,2026-08-21 15:28:00,0,0,61,1.24,pin,kplus_app,0
TX_000312,ACC_0368,ACC_1003,1951.14,2026-08-21 15:38:00,0,0,49,1.47,pin,kplus_app,0
TX_000173,ACC_1045,ACC_0196,894.55,2026-08-21 15:43:00,0,0,40,1.05,pin,kplus_app,0
TX_001649,ACC_0962,ACC_0838,291.12,2026-08-21 15:44:00,0,0,68,0.19,pin,kplus_app,0
TX_000274,ACC_0423,ACC_0905,803.83,2026-08-21 15:46:00,0,0,54,1.26,pin,kplus_app,0
TX_000974,ACC_0200,ACC_0624,480.9,2026-08-21 15:51:00,0,0,19,0.54,pin,kplus_app,0
TX_002010,ACC_0462,ACC_0176,87.46,2026-08-21 15:56:00,0,0,44,1.33,pin,kplus_app,0
TX_004799,ACC_0258,ACC_0232,241.81,2026-08-21 16:21:00,0,0,30,0.95,pin,kplus_app,0
TX_004191,ACC_0430,ACC_0633,281.5,2026-08-21 16:27:00,0,0,36,0.36,pin,kplus_app,0
TX_005291,ACC_0246,ACC_1057,1399.37,2026-08-21 16:30:00,1,0,31,1.2,pin,kplus_app,0
TX_002958,ACC_0164,ACC_1090,793.92,2026-08-21 16:30:00,0,0,35,0.8,pin,kplus_app,0
TX_005751,ACC_0398,ACC_1048,3053.9,2026-08-21 16:37:00,0,0,51,0.67,pin,kplus_app,0
TX_000167,ACC_0352,ACC_1093,66.13,2026-08-21 16:38:00,1,0,48,0.74,face_scan,kplus_app,0
TX_002982,ACC_0742,ACC_0881,1107.59,2026-08-21 16:43:00,1,0,62,1.17,pin,kplus_app,0
TX_005846,ACC_0663,ACC_0134,885.69,2026-08-21 16:47:00,0,0,52,0.24,face_scan,kplus_app,0
TX_001021,ACC_0309,ACC_1093,1206.25,2026-08-21 16:48:00,0,0,46,0.38,face_scan,kplus_app,0
TX_004622,ACC_0362,ACC_0302,1996.22,2026-08-21 16:52:00,0,0,43,0.99,face_scan,kplus_app,0
TX_004895,ACC_0189,ACC_0375,233.33,2026-08-21 17:05:00,0,0,54,0.48,pin,kplus_app,0
TX_003888,ACC_0633,ACC_0885,2109.61,2026-08-21 17:09:00,1,1,75,0.16,pin,kplus_app,0
TX_002995,ACC_0094,ACC_0100,1066.57,2026-08-21 17:25:00,0,0,47,1.19,pin,kplus_app,0
TX_001978,ACC_1126,ACC_0840,221.62,2026-08-21 17:42:00,0,0,22,0.78,pin,kplus_app,0
TX_003731,ACC_1007,ACC_0173,406.1,2026-08-21 17:54:00,0,0,29,0.76,pin,kplus_app,0
TX_004103,ACC_0831,ACC_0233,700.11,2026-08-21 17:56:00,0,0,53,0.68,pin,kplus_app,0
TX_005538,ACC_0992,ACC_0225,301.86,2026-08-21 18:01:00,0,0,46,1.0,pin,kplus_app,0
TX_004342,ACC_0747,ACC_0658,121.86,2026-08-21 18:01:00,0,0,39,0.52,none,kplus_app,0
TX_004590,ACC_0227,ACC_0979,545.42,2026-08-21 18:04:00,0,0,53,0.19,pin,kplus_app,0
TX_002435,ACC_0817,ACC_1082,120.6,2026-08-21 18:23:00,0,0,45,0.32,pin,kplus_app,0
TX_000018,ACC_0983,ACC_0256,76.02,2026-08-21 18:27:00,0,0,50,0.58,pin,kplus_app,0
TX_005841,ACC_0377,ACC_0946,167.33,2026-08-21 18:36:00,0,0,16,0.67,pin,kplus_app,0
TX_002365,ACC_1087,ACC_0195,142.2,2026-08-21 18:37:00,0,0,52,1.06,pin,kplus_app,0
TX_006196,ACC_0216,ACC_0057,194.76,2026-08-21 18:59:00,1,0,34,0.3,pin,kplus_app,1
TX_006197,ACC_0216,ACC_0057,46455.67,2026-08-21 19:08:00,0,0,350,15.7,pin,kplus_app,1
TX_005201,ACC_0736,ACC_0684,1937.88,2026-08-21 19:10:00,1,0,38,0.24,pin,kplus_app,0
TX_006188,ACC_1159,ACC_0018,126.67,2026-08-21 19:21:00,1,0,43,0.3,pin,kplus_app,1
TX_002860,ACC_1166,ACC_0493,1078.14,2026-08-21 19:29:00,0,0,46,0.47,pin,kplus_app,0
TX_000269,ACC_0462,ACC_0171,116.79,2026-08-21 19:30:00,0,0,59,1.04,pin,kplus_app,0
TX_006189,ACC_1159,ACC_0018,20353.35,2026-08-21 19:32:00,0,0,350,20.28,pin,kplus_app,1
TX_005833,ACC_1088,ACC_0904,462.77,2026-08-21 19:35:00,0,0,54,1.32,pin,kplus_app,0
TX_004761,ACC_0785,ACC_1180,54.41,2026-08-21 19:39:00,1,0,55,0.77,pin,kplus_app,0
TX_001949,ACC_0089,ACC_0891,81.48,2026-08-21 19:42:00,1,0,26,0.3,pin,kplus_app,0
TX_004128,ACC_0295,ACC_0958,1502.95,2026-08-21 19:46:00,0,0,59,1.48,pin,kplus_app,0
TX_002672,ACC_1085,ACC_0402,79.91,2026-08-21 19:57:00,1,0,75,0.28,pin,kplus_app,0
TX_002804,ACC_0450,ACC_0820,263.11,2026-08-21 19:58:00,0,0,39,0.38,pin,kplus_app,0
TX_004810,ACC_0986,ACC_0821,448.99,2026-08-21 20:22:00,0,0,31,1.16,pin,kplus_app,0
TX_005901,ACC_0313,ACC_1058,161.81,2026-08-21 20:25:00,0,0,45,1.36,pin,kplus_app,0
TX_002730,ACC_1073,ACC_1007,904.26,2026-08-21 20:32:00,1,0,43,0.31,pin,kplus_app,0
TX_000483,ACC_0888,ACC_0166,358.35,2026-08-21 20:43:00,0,0,33,0.72,face_scan,kplus_app,0
TX_002605,ACC_0713,ACC_0897,569.82,2026-08-21 20:45:00,1,0,48,1.44,pin,kplus_app,0
TX_001969,ACC_0122,ACC_0148,310.6,2026-08-21 20:45:00,1,0,46,1.46,face_scan,kplus_app,0
TX_004683,ACC_0230,ACC_0668,86.85,2026-08-21 21:17:00,0,0,48,0.18,pin,kplus_app,0
TX_000918,ACC_1017,ACC_0479,368.59,2026-08-21 21:26:00,0,0,30,0.68,pin,kplus_app,0
TX_004365,ACC_0411,ACC_0390,96.66,2026-08-21 21:51:00,0,0,51,0.93,face_scan,kplus_app,0
TX_000283,ACC_0119,ACC_1137,304.23,2026-08-21 22:01:00,1,0,35,0.7,pin,kplus_app,0
TX_002607,ACC_1081,ACC_0989,389.34,2026-08-21 22:03:00,0,0,34,0.68,pin,kplus_app,0
TX_000760,ACC_0125,ACC_0259,502.25,2026-08-21 22:09:00,0,0,42,0.36,pin,kplus_app,0
TX_006230,ACC_1072,ACC_0037,106.73,2026-08-21 22:09:00,1,0,26,0.3,pin,kplus_app,1
TX_000453,ACC_0525,ACC_0344,359.36,2026-08-21 22:13:00,0,1,61,0.23,pin,kplus_app,0
TX_006231,ACC_1072,ACC_0037,56013.66,2026-08-21 22:18:00,0,0,350,14.87,pin,kplus_app,1
TX_002547,ACC_0567,ACC_1066,794.07,2026-08-21 22:35:00,0,0,30,0.88,face_scan,kplus_app,0
TX_004875,ACC_0635,ACC_0236,1019.94,2026-08-21 22:39:00,0,0,47,1.07,pin,kplus_app,0
TX_004557,ACC_0088,ACC_0202,510.88,2026-08-21 22:39:00,0,1,53,1.38,pin,kplus_app,0
TX_005661,ACC_0794,ACC_0847,886.39,2026-08-21 22:48:00,0,0,66,0.77,pin,kplus_app,0
TX_001256,ACC_0490,ACC_0518,592.0,2026-08-21 22:50:00,0,0,37,0.86,face_scan,kplus_app,0
TX_000609,ACC_0498,ACC_0495,107.03,2026-08-21 22:50:00,0,0,52,1.01,pin,kplus_app,0
TX_005977,ACC_0230,ACC_0630,430.82,2026-08-21 22:51:00,0,0,45,0.89,pin,kplus_app,0
TX_001844,ACC_0328,ACC_0520,1205.97,2026-08-21 23:05:00,1,0,40,0.75,pin,kplus_app,0
TX_001893,ACC_0748,ACC_0473,953.22,2026-08-21 23:30:00,0,0,43,0.33,pin,kplus_app,0
TX_000169,ACC_0188,ACC_0786,1736.14,2026-08-21 23:42:00,1,0,30,1.48,pin,kplus_app,0
TX_000846,ACC_0807,ACC_0371,1064.06,2026-08-21 23:53:00,0,0,43,0.66,pin,kplus_app,0
TX_001181,ACC_1190,ACC_0607,581.29,2026-08-22 00:02:00,0,0,61,1.49,pin,kplus_app,0
TX_004215,ACC_0256,ACC_1114,1354.44,2026-08-22 00:02:00,1,0,40,0.27,pin,kplus_app,0
TX_004018,ACC_1173,ACC_0222,90.78,2026-08-22 00:08:00,0,0,45,1.0,face_scan,kplus_app,0
TX_002636,ACC_0999,ACC_0988,1382.54,2026-08-22 00:17:00,0,0,49,0.43,pin,kplus_app,0
TX_006036,ACC_0459,ACC_0055,141.7,2026-08-22 00:24:00,1,0,40,0.3,pin,kplus_app,1
TX_001308,ACC_0549,ACC_1132,974.58,2026-08-22 00:27:00,0,0,48,1.41,pin,kplus_app,0
TX_003970,ACC_0912,ACC_0650,165.72,2026-08-22 00:29:00,0,0,29,1.47,pin,kplus_app,0
TX_000187,ACC_0614,ACC_0248,88.31,2026-08-22 00:30:00,1,0,62,0.27,pin,kplus_app,0
TX_002750,ACC_0218,ACC_0911,1544.51,2026-08-22 00:31:00,0,0,63,0.96,pin,kplus_app,0
TX_006037,ACC_0459,ACC_0055,51229.43,2026-08-22 00:33:00,0,0,350,18.17,pin,kplus_app,1
TX_000981,ACC_0683,ACC_0064,165.49,2026-08-22 00:36:00,1,0,33,0.26,pin,kplus_app,0
TX_004669,ACC_0698,ACC_0091,369.25,2026-08-22 00:44:00,1,0,74,0.5,pin,kplus_app,0
TX_004758,ACC_0954,ACC_0863,581.46,2026-08-22 00:44:00,0,0,37,0.76,pin,kplus_app,0
TX_005488,ACC_0485,ACC_0925,1794.65,2026-08-22 00:46:00,1,0,52,1.25,pin,kplus_app,0
TX_002813,ACC_0228,ACC_0407,948.26,2026-08-22 00:50:00,0,0,38,0.61,pin,kplus_app,0
TX_001418,ACC_0790,ACC_0163,1125.17,2026-08-22 01:14:00,0,0,32,0.11,pin,kplus_app,0
TX_002875,ACC_0425,ACC_0307,1519.45,2026-08-22 01:46:00,0,0,42,1.47,pin,kplus_app,0
TX_000513,ACC_0985,ACC_0268,1688.53,2026-08-22 01:48:00,0,0,39,1.16,pin,kplus_app,0
TX_005537,ACC_0407,ACC_0444,1387.48,2026-08-22 01:58:00,1,0,35,1.24,pin,kplus_app,0
TX_004022,ACC_0629,ACC_0946,241.34,2026-08-22 02:53:00,0,0,17,1.13,pin,kplus_app,0
TX_003905,ACC_0529,ACC_0713,505.26,2026-08-22 02:59:00,0,0,42,1.07,pin,kplus_app,0
TX_005209,ACC_0510,ACC_0284,325.65,2026-08-22 03:25:00,1,0,40,1.06,face_scan,kplus_app,0
TX_005815,ACC_0154,ACC_0828,2476.35,2026-08-22 03:30:00,0,0,57,1.47,pin,kplus_app,0
TX_003395,ACC_0757,ACC_0210,1119.0,2026-08-22 03:40:00,1,0,46,0.14,face_scan,kplus_app,0
TX_003913,ACC_0399,ACC_0797,163.41,2026-08-22 03:40:00,0,0,33,1.41,pin,kplus_app,0
TX_004612,ACC_0578,ACC_0425,3280.53,2026-08-22 03:49:00,0,0,51,0.11,pin,kplus_app,0
TX_000840,ACC_1132,ACC_0768,86.48,2026-08-22 03:50:00,0,0,49,0.4,pin,kplus_app,0
TX_002259,ACC_0345,ACC_0079,221.41,2026-08-22 04:06:00,1,0,67,0.52,pin,kplus_app,0
TX_005866,ACC_0379,ACC_0652,61.36,2026-08-22 04:12:00,0,0,52,1.05,pin,kplus_app,0
TX_001367,ACC_1011,ACC_0861,381.35,2026-08-22 04:17:00,1,0,43,0.48,pin,kplus_app,0
TX_005001,ACC_0915,ACC_0495,193.37,2026-08-22 04:20:00,1,0,70,1.01,face_scan,kplus_app,0
TX_005972,ACC_0635,ACC_0217,525.7,2026-08-22 04:27:00,0,0,35,1.25,pin,kplus_app,0
TX_005590,ACC_0883,ACC_1061,1371.06,2026-08-22 04:38:00,0,0,38,1.21,pin,kplus_app,0
TX_004773,ACC_0475,ACC_0664,144.63,2026-08-22 04:57:00,0,0,35,0.51,pin,kplus_app,0
TX_003997,ACC_0124,ACC_0242,229.09,2026-08-22 05:00:00,0,0,51,0.19,face_scan,kplus_app,0
TX_003563,ACC_0960,ACC_1192,935.75,2026-08-22 05:13:00,0,0,43,0.15,pin,kplus_app,0
TX_002986,ACC_0235,ACC_1153,322.42,2026-08-22 05:21:00,0,0,52,0.75,pin,kplus_app,0
TX_001761,ACC_1129,ACC_0784,42.68,2026-08-22 05:26:00,0,0,24,1.33,pin,kplus_app,0
TX_005234,ACC_0777,ACC_1045,142.83,2026-08-22 05:27:00,1,0,49,1.13,face_scan,kplus_app,0
TX_003112,ACC_0213,ACC_1089,254.08,2026-08-22 05:27:00,0,0,49,0.21,pin,kplus_app,0
TX_004970,ACC_0815,ACC_0692,109.58,2026-08-22 05:32:00,0,0,49,1.24,pin,kplus_app,0
TX_000388,ACC_1058,ACC_0343,331.44,2026-08-22 05:41:00,1,0,29,1.4,pin,kplus_app,0
TX_002848,ACC_0991,ACC_1093,315.06,2026-08-22 05:54:00,0,0,52,0.72,pin,kplus_app,0
TX_000446,ACC_1013,ACC_1101,518.05,2026-08-22 05:55:00,1,0,30,1.18,face_scan,kplus_app,0
TX_000093,ACC_0072,ACC_0647,290.67,2026-08-22 06:03:00,0,0,27,0.17,pin,kplus_app,0
TX_002795,ACC_0090,ACC_0074,55.96,2026-08-22 06:03:00,0,0,40,0.83,pin,kplus_app,0
TX_004755,ACC_0146,ACC_0097,110.2,2026-08-22 06:04:00,1,0,48,0.66,pin,kplus_app,0
TX_003504,ACC_0997,ACC_0217,649.29,2026-08-22 06:18:00,0,0,34,0.83,pin,kplus_app,0
TX_005571,ACC_0911,ACC_0212,148.77,2026-08-22 06:18:00,1,0,47,0.86,pin,kplus_app,0
TX_005505,ACC_0737,ACC_0597,555.79,2026-08-22 06:23:00,0,0,41,0.82,pin,kplus_app,0
TX_002012,ACC_0741,ACC_0695,138.11,2026-08-22 06:35:00,0,0,19,1.2,pin,kplus_app,0
TX_000325,ACC_1147,ACC_0305,55.08,2026-08-22 06:40:00,0,0,51,0.64,pin,kplus_app,0
TX_000568,ACC_0996,ACC_1059,104.34,2026-08-22 06:49:00,0,0,47,1.12,pin,kplus_app,0
TX_005162,ACC_0149,ACC_0692,577.13,2026-08-22 06:58:00,1,0,31,1.21,pin,kplus_app,0
TX_000137,ACC_0821,ACC_0129,176.74,2026-08-22 07:07:00,1,0,58,0.63,pin,kplus_app,0
TX_001947,ACC_0570,ACC_0400,500.82,2026-08-22 07:18:00,1,0,51,0.56,pin,kplus_app,0
TX_002614,ACC_1115,ACC_0969,352.95,2026-08-22 07:20:00,0,0,53,0.33,face_scan,kplus_app,0
TX_000604,ACC_0060,ACC_0827,815.03,2026-08-22 07:26:00,0,0,50,0.62,pin,kplus_app,0
TX_004997,ACC_0788,ACC_0973,290.78,2026-08-22 07:28:00,0,0,29,0.63,face_scan,kplus_app,0
TX_004467,ACC_1162,ACC_0146,146.65,2026-08-22 07:45:00,0,0,20,1.01,pin,kplus_app,0
TX_004687,ACC_1100,ACC_0497,1007.87,2026-08-22 07:56:00,0,0,53,1.47,pin,kplus_app,0
TX_001035,ACC_0366,ACC_0694,50.39,2026-08-22 08:02:00,1,0,35,1.18,pin,kplus_app,0
TX_002467,ACC_0378,ACC_0764,1997.95,2026-08-22 08:12:00,1,0,57,0.58,pin,kplus_app,0
TX_003735,ACC_0458,ACC_0559,373.45,2026-08-22 08:21:00,0,0,46,1.03,pin,kplus_app,0
TX_005033,ACC_0458,ACC_0954,612.16,2026-08-22 08:31:00,0,0,34,0.98,pin,kplus_app,0
TX_000751,ACC_0595,ACC_1006,255.99,2026-08-22 08:38:00,0,0,26,1.07,pin,kplus_app,0
TX_000965,ACC_0403,ACC_0837,1617.1,2026-08-22 08:45:00,0,0,40,0.87,pin,kplus_app,0
TX_003054,ACC_0930,ACC_0681,104.06,2026-08-22 08:49:00,1,0,45,1.2,pin,kplus_app,0
TX_002222,ACC_0146,ACC_1145,1058.83,2026-08-22 08:57:00,0,0,60,0.39,pin,kplus_app,0
TX_000026,ACC_0873,ACC_1037,64.75,2026-08-22 09:22:00,0,0,29,0.46,pin,kplus_app,0
TX_000909,ACC_1039,ACC_0391,1167.78,2026-08-22 09:23:00,0,0,15,1.19,pin,kplus_app,0
TX_004649,ACC_0960,ACC_1054,344.53,2026-08-22 09:27:00,0,0,50,0.71,face_scan,kplus_app,0
TX_000634,ACC_1127,ACC_0779,302.23,2026-08-22 09:37:00,0,0,45,1.28,pin,kplus_app,0
TX_001304,ACC_0703,ACC_0177,179.51,2026-08-22 09:42:00,1,0,49,0.92,face_scan,kplus_app,0
TX_001520,ACC_0456,ACC_0092,839.27,2026-08-22 09:45:00,0,1,41,1.12,pin,kplus_app,0
TX_004853,ACC_0234,ACC_0336,1331.21,2026-08-22 09:47:00,1,0,44,1.27,pin,kplus_app,0
TX_005200,ACC_1128,ACC_0148,203.27,2026-08-22 09:54:00,0,0,41,0.19,pin,kplus_app,0
TX_001750,ACC_0732,ACC_1014,2113.82,2026-08-22 10:07:00,0,0,18,0.24,pin,kplus_app,0
TX_002322,ACC_0895,ACC_1193,395.06,2026-08-22 10:07:00,0,0,48,0.93,pin,kplus_app,0
TX_001688,ACC_0410,ACC_1151,780.03,2026-08-22 10:09:00,0,0,44,0.19,face_scan,kplus_app,0
TX_000085,ACC_0433,ACC_0323,778.96,2026-08-22 10:20:00,0,0,55,1.48,face_scan,kplus_app,0
TX_002548,ACC_0343,ACC_0337,916.53,2026-08-22 10:22:00,1,0,33,0.65,pin,kplus_app,0
TX_000461,ACC_0225,ACC_1115,297.73,2026-08-22 10:26:00,0,0,56,1.16,pin,kplus_app,0
TX_001991,ACC_0603,ACC_0495,205.69,2026-08-22 10:26:00,0,0,52,1.18,pin,kplus_app,0
TX_003873,ACC_0194,ACC_0687,554.78,2026-08-22 10:37:00,0,0,33,1.46,face_scan,kplus_app,0
TX_004715,ACC_0596,ACC_0959,347.04,2026-08-22 10:53:00,0,0,46,1.44,pin,kplus_app,0
TX_000664,ACC_0685,ACC_0570,650.59,2026-08-22 10:53:00,0,0,46,0.63,pin,kplus_app,0
TX_000865,ACC_1183,ACC_0574,138.99,2026-08-22 10:55:00,1,0,43,0.53,pin,kplus_app,0
TX_005248,ACC_0635,ACC_0823,66.34,2026-08-22 10:58:00,1,0,56,0.32,pin,kplus_app,0
TX_003216,ACC_0479,ACC_0612,1531.99,2026-08-22 11:04:00,0,0,57,1.04,pin,kplus_app,0
TX_005795,ACC_0653,ACC_0300,168.77,2026-08-22 11:07:00,0,0,41,0.78,pin,kplus_app,0
TX_004904,ACC_0229,ACC_0382,43.58,2026-08-22 11:12:00,0,0,39,1.34,pin,kplus_app,0
TX_006272,ACC_0755,ACC_0015,150.02,2026-08-22 11:25:00,1,0,43,0.3,pin,kplus_app,1
TX_000437,ACC_0108,ACC_0791,102.86,2026-08-22 11:37:00,1,0,43,0.29,pin,kplus_app,0
TX_006273,ACC_0755,ACC_0015,36854.86,2026-08-22 11:38:00,0,0,12,21.75,pin,kplus_app,1
TX_003523,ACC_0563,ACC_0301,352.8,2026-08-22 11:43:00,0,0,40,0.39,pin,kplus_app,0
TX_003248,ACC_1037,ACC_1122,567.81,2026-08-22 11:45:00,0,0,16,1.14,pin,kplus_app,0
TX_005325,ACC_0459,ACC_0559,584.86,2026-08-22 11:46:00,1,0,35,1.1,face_scan,kplus_app,0
TX_004031,ACC_0481,ACC_0946,194.01,2026-08-22 11:59:00,0,0,63,0.83,pin,kplus_app,0
TX_003455,ACC_0944,ACC_0106,476.06,2026-08-22 12:05:00,0,0,41,0.27,face_scan,kplus_app,0
TX_005852,ACC_0309,ACC_0999,133.47,2026-08-22 12:10:00,1,0,50,1.21,pin,kplus_app,0
TX_005886,ACC_0929,ACC_0319,2045.59,2026-08-22 12:13:00,0,0,37,0.15,pin,kplus_app,0
TX_002282,ACC_0498,ACC_1139,183.82,2026-08-22 12:19:00,0,0,55,0.66,pin,kplus_app,0
TX_002694,ACC_1058,ACC_0754,1759.14,2026-08-22 12:34:00,0,0,48,0.9,face_scan,kplus_app,0
TX_005796,ACC_0957,ACC_0874,672.43,2026-08-22 12:35:00,0,0,59,1.3,pin,kplus_app,0
TX_003162,ACC_1021,ACC_0998,451.84,2026-08-22 12:37:00,0,0,22,0.35,pin,kplus_app,0
TX_003369,ACC_0187,ACC_0448,2205.49,2026-08-22 12:49:00,0,0,42,0.76,pin,kplus_app,0
TX_002159,ACC_1096,ACC_1021,1061.21,2026-08-22 12:56:00,1,0,42,0.94,pin,kplus_app,0
TX_003650,ACC_0387,ACC_0377,136.66,2026-08-22 13:01:00,0,0,43,1.16,face_scan,kplus_app,0
TX_002989,ACC_0814,ACC_0765,293.86,2026-08-22 13:03:00,1,0,36,1.04,pin,kplus_app,0
TX_000189,ACC_0688,ACC_0378,998.65,2026-08-22 13:14:00,0,0,61,1.06,pin,kplus_app,0
TX_003304,ACC_0767,ACC_0950,89.69,2026-08-22 13:17:00,0,0,48,0.54,pin,kplus_app,0
TX_001371,ACC_0163,ACC_0153,631.49,2026-08-22 13:17:00,0,0,61,0.98,pin,kplus_app,0
TX_000195,ACC_0066,ACC_0204,342.78,2026-08-22 13:18:00,1,0,51,0.26,face_scan,kplus_app,0
TX_001632,ACC_0243,ACC_0724,1241.89,2026-08-22 13:21:00,1,0,47,0.24,pin,kplus_app,0
TX_003690,ACC_0825,ACC_0937,953.16,2026-08-22 13:22:00,0,0,31,0.55,pin,kplus_app,0
TX_003363,ACC_0433,ACC_1081,1057.58,2026-08-22 13:35:00,1,0,35,0.54,pin,kplus_app,0
TX_001350,ACC_0661,ACC_0342,368.1,2026-08-22 13:44:00,0,0,43,0.86,face_scan,kplus_app,0
TX_001660,ACC_0808,ACC_0152,959.07,2026-08-22 13:46:00,0,0,56,0.86,pin,kplus_app,0
TX_002208,ACC_0909,ACC_0263,744.92,2026-08-22 13:51:00,1,0,31,0.98,pin,kplus_app,0
TX_001513,ACC_0359,ACC_0808,696.6,2026-08-22 14:05:00,0,0,42,1.45,face_scan,kplus_app,0
TX_002743,ACC_0350,ACC_0651,612.74,2026-08-22 14:07:00,0,0,30,0.17,pin,kplus_app,0
TX_003137,ACC_1052,ACC_0540,1308.99,2026-08-22 14:14:00,0,0,8,1.26,pin,kplus_app,0
TX_001877,ACC_1194,ACC_0219,304.21,2026-08-22 14:15:00,0,0,46,0.82,none,kplus_app,0
TX_004213,ACC_0774,ACC_0130,407.21,2026-08-22 14:22:00,1,0,24,0.15,pin,kplus_app,0
TX_003236,ACC_0601,ACC_0185,980.45,2026-08-22 14:25:00,1,0,56,0.96,pin,kplus_app,0
TX_004012,ACC_1051,ACC_0405,110.81,2026-08-22 14:41:00,0,0,45,1.31,pin,kplus_app,0
TX_005803,ACC_0631,ACC_0237,1570.03,2026-08-22 14:48:00,0,0,49,0.66,pin,kplus_app,0
TX_003507,ACC_0125,ACC_0119,167.16,2026-08-22 15:01:00,0,0,30,1.12,pin,kplus_app,0
TX_005611,ACC_0137,ACC_0093,931.97,2026-08-22 15:13:00,0,0,55,0.96,pin,kplus_app,0
TX_003758,ACC_0789,ACC_0123,872.24,2026-08-22 15:13:00,0,0,50,0.62,none,kplus_app,0
TX_003724,ACC_0814,ACC_1179,1078.01,2026-08-22 15:14:00,1,0,48,0.43,pin,kplus_app,0
TX_003091,ACC_1058,ACC_0944,460.93,2026-08-22 15:16:00,0,0,67,0.77,face_scan,kplus_app,0
TX_004475,ACC_0873,ACC_0219,45.07,2026-08-22 15:27:00,1,0,41,0.34,face_scan,kplus_app,0
TX_004573,ACC_0872,ACC_0290,236.8,2026-08-22 15:33:00,0,0,29,1.42,pin,kplus_app,0
TX_000140,ACC_0147,ACC_0468,774.52,2026-08-22 15:33:00,0,0,23,0.19,pin,kplus_app,0
TX_006052,ACC_0326,ACC_0002,272.37,2026-08-22 15:47:00,1,0,25,0.3,pin,kplus_app,1
TX_004053,ACC_0133,ACC_0605,272.16,2026-08-22 15:49:00,0,0,36,1.4,face_scan,kplus_app,0
TX_006053,ACC_0326,ACC_0002,55274.94,2026-08-22 15:55:00,0,0,350,11.31,pin,kplus_app,1
TX_001664,ACC_0948,ACC_0646,253.4,2026-08-22 15:57:00,0,0,39,1.46,pin,kplus_app,0
TX_000852,ACC_0962,ACC_0227,596.65,2026-08-22 16:06:00,1,0,31,1.07,pin,kplus_app,0
TX_005844,ACC_0532,ACC_0740,1539.66,2026-08-22 16:08:00,1,0,52,0.63,pin,kplus_app,0
TX_004392,ACC_0610,ACC_0978,858.86,2026-08-22 16:14:00,0,0,29,0.9,pin,kplus_app,0
TX_003497,ACC_0098,ACC_0454,1035.18,2026-08-22 16:16:00,0,0,35,1.33,pin,kplus_app,0
TX_005980,ACC_0076,ACC_1181,841.18,2026-08-22 16:17:00,0,0,62,1.38,pin,kplus_app,0
TX_005282,ACC_0347,ACC_0544,962.35,2026-08-22 16:20:00,0,0,48,0.84,pin,kplus_app,0
TX_002641,ACC_0898,ACC_0491,511.56,2026-08-22 16:31:00,0,0,14,0.61,pin,kplus_app,0
TX_005856,ACC_0325,ACC_0664,261.1,2026-08-22 16:34:00,0,0,26,1.1,pin,kplus_app,0
TX_000347,ACC_0920,ACC_0376,745.46,2026-08-22 16:39:00,0,0,33,0.52,face_scan,kplus_app,0
TX_002744,ACC_0938,ACC_0716,893.47,2026-08-22 16:52:00,0,0,47,0.74,face_scan,kplus_app,0
TX_002163,ACC_0582,ACC_0997,122.52,2026-08-22 16:55:00,0,0,63,0.81,pin,kplus_app,0
TX_000416,ACC_0785,ACC_0754,413.88,2026-08-22 17:02:00,0,0,43,1.48,none,kplus_app,0
TX_004723,ACC_0690,ACC_0673,379.26,2026-08-22 17:03:00,0,0,41,1.43,pin,kplus_app,0
TX_004966,ACC_0291,ACC_1158,1161.39,2026-08-22 17:09:00,0,0,46,0.28,pin,kplus_app,0
TX_001201,ACC_0391,ACC_0260,181.78,2026-08-22 17:14:00,0,0,53,0.58,pin,kplus_app,0
TX_003364,ACC_0137,ACC_0717,429.8,2026-08-22 17:16:00,0,0,44,0.38,pin,kplus_app,0
TX_002625,ACC_0068,ACC_0828,378.57,2026-08-22 17:22:00,1,0,57,0.94,pin,kplus_app,0
TX_005559,ACC_0197,ACC_0806,1396.58,2026-08-22 17:23:00,0,0,43,0.81,pin,kplus_app,0
TX_000119,ACC_0860,ACC_0083,64.35,2026-08-22 17:28:00,0,0,40,0.94,face_scan,kplus_app,0
TX_005247,ACC_0178,ACC_0762,837.67,2026-08-22 17:44:00,1,0,39,0.27,face_scan,kplus_app,0
TX_004525,ACC_1198,ACC_0460,474.94,2026-08-22 17:46:00,0,0,52,1.36,pin,kplus_app,0
TX_000241,ACC_1044,ACC_0080,1339.36,2026-08-22 17:47:00,1,0,37,0.56,none,kplus_app,0
TX_005931,ACC_1180,ACC_0485,159.83,2026-08-22 17:48:00,0,0,27,1.44,pin,kplus_app,0
TX_001841,ACC_0660,ACC_0200,169.01,2026-08-22 17:49:00,0,0,40,0.89,pin,kplus_app,0
TX_002366,ACC_0947,ACC_0616,782.8,2026-08-22 17:50:00,1,0,32,0.34,face_scan,kplus_app,0
TX_000493,ACC_1115,ACC_0995,73.78,2026-08-22 17:53:00,0,0,60,0.43,face_scan,kplus_app,0
TX_001359,ACC_0701,ACC_0971,363.17,2026-08-22 18:16:00,1,0,30,0.69,pin,kplus_app,0
TX_002080,ACC_1134,ACC_0776,48.04,2026-08-22 18:18:00,0,0,59,1.07,pin,kplus_app,0
TX_002947,ACC_1180,ACC_0126,260.82,2026-08-22 18:29:00,0,0,29,0.65,pin,kplus_app,0
TX_000322,ACC_0587,ACC_0733,1684.38,2026-08-22 18:30:00,0,0,57,1.1,pin,kplus_app,0
TX_003139,ACC_0086,ACC_0882,999.75,2026-08-22 18:34:00,0,0,19,1.11,pin,kplus_app,0
TX_000397,ACC_0613,ACC_0453,442.84,2026-08-22 19:09:00,1,0,38,1.3,pin,kplus_app,0
TX_003119,ACC_0603,ACC_0422,241.87,2026-08-22 19:18:00,1,0,48,0.94,pin,kplus_app,0
TX_005895,ACC_0271,ACC_0367,1598.3,2026-08-22 19:23:00,0,0,27,0.77,pin,kplus_app,0
TX_004036,ACC_1016,ACC_1165,895.65,2026-08-22 19:29:00,0,0,53,1.17,face_scan,kplus_app,0
TX_002517,ACC_0207,ACC_0397,77.59,2026-08-22 19:33:00,0,0,29,1.24,pin,kplus_app,0
TX_003587,ACC_0193,ACC_0745,1561.44,2026-08-22 19:34:00,0,0,66,0.39,pin,kplus_app,0
TX_000734,ACC_0260,ACC_0246,185.21,2026-08-22 19:44:00,0,0,33,0.25,pin,kplus_app,0
TX_004428,ACC_0307,ACC_0954,318.5,2026-08-22 19:44:00,0,0,48,1.27,pin,kplus_app,0
TX_000196,ACC_1126,ACC_0899,673.76,2026-08-22 19:46:00,0,0,33,0.78,pin,kplus_app,0
TX_005802,ACC_0803,ACC_1071,768.97,2026-08-22 19:59:00,0,0,68,1.16,pin,kplus_app,0
TX_001306,ACC_0276,ACC_0958,159.77,2026-08-22 20:02:00,1,0,49,1.44,none,kplus_app,0
TX_003171,ACC_0063,ACC_0496,1626.66,2026-08-22 20:07:00,1,0,44,1.08,pin,kplus_app,0
TX_000487,ACC_1063,ACC_0267,621.18,2026-08-22 20:23:00,0,0,58,0.14,pin,kplus_app,0
TX_005075,ACC_0830,ACC_0235,531.64,2026-08-22 20:25:00,0,0,60,1.07,pin,kplus_app,0
TX_003666,ACC_0785,ACC_0239,701.08,2026-08-22 20:38:00,0,0,38,0.82,face_scan,kplus_app,0
TX_004720,ACC_0803,ACC_1100,177.95,2026-08-22 21:14:00,1,0,47,1.11,pin,kplus_app,0
TX_001874,ACC_0281,ACC_0172,305.88,2026-08-22 21:14:00,0,0,39,1.22,pin,kplus_app,0
TX_001630,ACC_0553,ACC_0799,70.26,2026-08-22 21:19:00,0,0,57,0.93,pin,kplus_app,0
TX_004245,ACC_0985,ACC_0806,366.24,2026-08-22 21:20:00,0,0,40,1.14,pin,kplus_app,0
TX_002189,ACC_0440,ACC_0415,73.54,2026-08-22 21:20:00,0,0,55,1.43,face_scan,kplus_app,0
TX_005390,ACC_0201,ACC_0517,1205.79,2026-08-22 21:27:00,0,0,41,0.66,pin,kplus_app,0
TX_005874,ACC_0742,ACC_1084,578.14,2026-08-22 21:28:00,0,0,57,0.46,face_scan,kplus_app,0
TX_001426,ACC_0750,ACC_0241,54.61,2026-08-22 21:32:00,0,0,42,1.47,pin,kplus_app,0
TX_005754,ACC_0825,ACC_0061,457.72,2026-08-22 21:34:00,0,0,59,0.1,pin,kplus_app,0
TX_005648,ACC_0772,ACC_1053,162.76,2026-08-22 21:45:00,0,0,28,0.53,pin,kplus_app,0
TX_001794,ACC_0345,ACC_0471,2507.69,2026-08-22 21:51:00,1,0,60,0.95,pin,kplus_app,0
TX_005776,ACC_0394,ACC_0538,406.27,2026-08-22 21:59:00,0,1,45,0.56,pin,kplus_app,0
TX_002475,ACC_0503,ACC_0508,827.77,2026-08-22 22:03:00,0,0,38,0.84,pin,kplus_app,0
TX_000837,ACC_1008,ACC_1072,485.19,2026-08-22 22:10:00,0,0,53,0.12,pin,kplus_app,0
TX_005809,ACC_0649,ACC_0290,363.89,2026-08-22 22:12:00,1,0,32,1.31,pin,kplus_app,0
TX_002137,ACC_1157,ACC_0247,861.5,2026-08-22 22:21:00,0,0,28,0.54,pin,kplus_app,0
TX_002678,ACC_0979,ACC_0316,649.05,2026-08-22 22:22:00,1,0,52,0.47,pin,kplus_app,0
TX_004329,ACC_0708,ACC_0839,602.7,2026-08-22 22:23:00,0,0,35,0.31,pin,kplus_app,0
TX_002502,ACC_0739,ACC_0228,499.34,2026-08-22 22:37:00,0,0,44,0.8,pin,kplus_app,0
TX_001865,ACC_0372,ACC_0453,3103.76,2026-08-22 22:37:00,0,0,57,0.96,pin,kplus_app,0
TX_002650,ACC_1092,ACC_0238,612.6,2026-08-22 22:41:00,1,0,41,0.88,pin,kplus_app,0
TX_004873,ACC_0439,ACC_1092,170.26,2026-08-22 22:43:00,0,0,43,0.43,pin,kplus_app,0
TX_002496,ACC_1160,ACC_0296,537.29,2026-08-22 22:44:00,0,0,61,0.45,pin,kplus_app,0
TX_000884,ACC_0232,ACC_0154,1454.93,2026-08-22 22:52:00,0,0,41,0.85,pin,kplus_app,0
TX_005930,ACC_0400,ACC_0365,295.43,2026-08-22 23:00:00,0,0,37,1.09,face_scan,kplus_app,0
TX_005114,ACC_0464,ACC_0242,1392.17,2026-08-22 23:03:00,1,0,63,1.37,pin,kplus_app,0
TX_005494,ACC_1008,ACC_0622,721.7,2026-08-22 23:04:00,0,0,73,1.42,pin,kplus_app,0
TX_000300,ACC_0203,ACC_0394,45.15,2026-08-22 23:12:00,0,0,42,1.3,pin,kplus_app,0
TX_004496,ACC_1194,ACC_1006,1596.85,2026-08-22 23:16:00,0,0,34,0.74,pin,kplus_app,0
TX_001488,ACC_0881,ACC_0102,1299.29,2026-08-22 23:16:00,1,0,60,0.84,face_scan,kplus_app,0
TX_005562,ACC_0455,ACC_0187,515.76,2026-08-22 23:17:00,0,0,47,1.19,pin,kplus_app,0
TX_001636,ACC_0331,ACC_0249,332.75,2026-08-22 23:27:00,1,0,56,1.01,pin,kplus_app,0
TX_003777,ACC_0696,ACC_0345,733.36,2026-08-22 23:31:00,0,0,39,0.32,face_scan,kplus_app,0
TX_004883,ACC_0136,ACC_0191,2224.25,2026-08-22 23:32:00,0,0,39,1.25,face_scan,kplus_app,0
TX_005462,ACC_0940,ACC_0140,1593.09,2026-08-22 23:42:00,0,0,59,1.27,face_scan,kplus_app,0
TX_005396,ACC_0744,ACC_0465,91.54,2026-08-22 23:50:00,0,0,29,0.14,pin,kplus_app,0
TX_004077,ACC_0757,ACC_0461,1682.91,2026-08-23 00:11:00,0,0,48,0.92,face_scan,kplus_app,0
TX_002459,ACC_1130,ACC_0320,307.12,2026-08-23 00:11:00,1,0,54,0.22,pin,kplus_app,0
TX_005489,ACC_0830,ACC_0796,40.24,2026-08-23 00:16:00,0,0,51,0.27,face_scan,kplus_app,0
TX_004039,ACC_1120,ACC_0360,115.14,2026-08-23 00:20:00,0,0,50,1.41,face_scan,kplus_app,0
TX_005232,ACC_0487,ACC_0366,752.59,2026-08-23 00:30:00,0,0,37,0.67,pin,kplus_app,0
TX_001647,ACC_0361,ACC_0807,757.85,2026-08-23 00:42:00,1,0,41,0.67,pin,kplus_app,0
TX_003459,ACC_0469,ACC_0898,248.73,2026-08-23 00:59:00,0,0,33,1.35,pin,kplus_app,0
TX_000280,ACC_0349,ACC_0909,409.66,2026-08-23 01:00:00,0,0,31,0.65,pin,kplus_app,0
TX_000426,ACC_0953,ACC_0584,71.25,2026-08-23 01:12:00,0,0,49,1.46,pin,kplus_app,0
TX_005479,ACC_0770,ACC_0495,974.3,2026-08-23 01:20:00,0,0,40,0.38,pin,kplus_app,0
TX_000593,ACC_0295,ACC_0774,1370.28,2026-08-23 01:23:00,0,0,43,1.0,pin,kplus_app,0
TX_003435,ACC_1062,ACC_1005,2240.6,2026-08-23 01:27:00,0,0,31,0.46,pin,kplus_app,0
TX_001789,ACC_0143,ACC_0798,288.91,2026-08-23 01:36:00,1,0,21,0.49,pin,kplus_app,0
TX_005051,ACC_0288,ACC_0179,320.83,2026-08-23 01:49:00,0,0,52,0.95,pin,kplus_app,0
TX_001776,ACC_0496,ACC_0850,60.8,2026-08-23 01:50:00,1,0,57,0.17,pin,kplus_app,0
TX_003630,ACC_1146,ACC_0068,1349.63,2026-08-23 02:03:00,1,0,44,0.85,pin,kplus_app,0
TX_001782,ACC_0272,ACC_0617,262.69,2026-08-23 02:16:00,1,0,28,0.9,pin,kplus_app,0
TX_000165,ACC_0909,ACC_0533,1473.66,2026-08-23 02:36:00,0,0,30,1.23,pin,kplus_app,0
TX_000299,ACC_0340,ACC_0628,118.82,2026-08-23 02:38:00,0,0,47,0.53,pin,kplus_app,0
TX_002749,ACC_0417,ACC_0781,1117.47,2026-08-23 02:40:00,0,0,40,1.41,pin,kplus_app,0
TX_002469,ACC_1156,ACC_0612,62.81,2026-08-23 02:45:00,0,0,50,1.44,pin,kplus_app,0
TX_004638,ACC_0151,ACC_0441,1931.67,2026-08-23 02:47:00,0,0,37,0.48,pin,kplus_app,0
TX_003790,ACC_0698,ACC_1056,341.38,2026-08-23 03:00:00,0,0,54,0.98,pin,kplus_app,0
TX_003480,ACC_1051,ACC_0692,240.94,2026-08-23 03:01:00,1,0,37,0.85,pin,kplus_app,0
TX_003831,ACC_0887,ACC_1077,159.83,2026-08-23 03:06:00,0,0,53,1.35,pin,kplus_app,0
TX_000105,ACC_1013,ACC_0580,466.25,2026-08-23 03:11:00,0,0,68,0.6,face_scan,kplus_app,0
TX_001440,ACC_0236,ACC_0941,2002.71,2026-08-23 03:21:00,0,0,31,0.16,pin,kplus_app,0
TX_004196,ACC_0297,ACC_0871,1054.37,2026-08-23 03:29:00,0,0,51,0.53,face_scan,kplus_app,0
TX_005978,ACC_0308,ACC_0084,1788.07,2026-08-23 03:33:00,1,0,64,1.17,pin,kplus_app,0
TX_004422,ACC_0616,ACC_0944,1654.82,2026-08-23 03:36:00,0,0,34,0.51,face_scan,kplus_app,0
TX_003277,ACC_0722,ACC_0613,169.96,2026-08-23 03:41:00,1,0,56,0.55,face_scan,kplus_app,0
TX_004503,ACC_0602,ACC_0573,1191.46,2026-08-23 03:42:00,0,0,53,1.05,pin,kplus_app,0
TX_000208,ACC_0930,ACC_1063,311.17,2026-08-23 03:50:00,1,0,38,1.29,pin,kplus_app,0
TX_005467,ACC_0948,ACC_0932,954.12,2026-08-23 03:55:00,1,0,36,0.58,pin,kplus_app,0
TX_001097,ACC_1070,ACC_0615,260.74,2026-08-23 03:56:00,1,0,50,1.49,pin,kplus_app,0
TX_001366,ACC_0525,ACC_0153,221.87,2026-08-23 04:17:00,0,1,27,1.41,face_scan,kplus_app,0
TX_000685,ACC_0397,ACC_0539,326.78,2026-08-23 04:21:00,0,1,27,0.93,pin,kplus_app,0
TX_005205,ACC_0295,ACC_0146,868.77,2026-08-23 04:22:00,1,0,60,0.47,pin,kplus_app,0
TX_000790,ACC_0811,ACC_1097,479.92,2026-08-23 04:26:00,0,0,42,0.86,pin,kplus_app,0
TX_005706,ACC_0884,ACC_0258,134.16,2026-08-23 04:40:00,0,0,37,1.4,pin,kplus_app,0
TX_001389,ACC_0974,ACC_0551,457.67,2026-08-23 04:50:00,1,0,54,0.85,pin,kplus_app,0
TX_006347,ACC_0004,ACC_0052,42330.09,2026-08-23 04:50:34,1,1,16,10.74,pin,promptpay,1
TX_003656,ACC_1055,ACC_0864,790.04,2026-08-23 04:57:00,0,0,29,0.71,face_scan,kplus_app,0
TX_000879,ACC_0711,ACC_0459,175.47,2026-08-23 04:58:00,0,0,29,0.81,pin,kplus_app,0
TX_005624,ACC_0710,ACC_0831,292.99,2026-08-23 05:02:00,0,0,33,0.91,pin,kplus_app,0
TX_004116,ACC_0594,ACC_1132,2500.87,2026-08-23 05:33:00,0,0,36,1.42,pin,kplus_app,0
TX_001430,ACC_1006,ACC_0723,1490.95,2026-08-23 05:39:00,0,0,42,0.88,pin,kplus_app,0
TX_003955,ACC_0391,ACC_0616,1559.91,2026-08-23 05:41:00,0,0,56,0.68,pin,kplus_app,0
TX_005724,ACC_0299,ACC_0913,125.48,2026-08-23 05:43:00,0,0,52,1.48,pin,kplus_app,0
TX_000419,ACC_0309,ACC_0820,631.4,2026-08-23 05:46:00,0,0,22,0.35,pin,kplus_app,0
TX_000821,ACC_0096,ACC_0094,669.21,2026-08-23 05:46:00,0,0,27,0.48,pin,kplus_app,0
TX_000960,ACC_1161,ACC_0818,2075.63,2026-08-23 05:55:00,0,0,29,0.47,face_scan,kplus_app,0
TX_001092,ACC_1061,ACC_0882,520.23,2026-08-23 06:02:00,0,0,30,0.61,pin,kplus_app,0
TX_004076,ACC_1100,ACC_0479,515.42,2026-08-23 06:14:00,0,0,40,0.87,pin,kplus_app,0
TX_002868,ACC_0940,ACC_1151,414.43,2026-08-23 06:17:00,0,0,58,0.31,pin,kplus_app,0
TX_002580,ACC_0614,ACC_1182,4078.65,2026-08-23 06:27:00,0,0,38,0.81,face_scan,kplus_app,0
TX_000379,ACC_0700,ACC_0478,327.38,2026-08-23 06:32:00,0,0,43,0.12,pin,kplus_app,0
TX_005490,ACC_0394,ACC_0634,313.83,2026-08-23 06:36:00,0,0,37,0.21,pin,kplus_app,0
TX_001203,ACC_0825,ACC_0708,78.05,2026-08-23 06:43:00,1,0,21,0.47,pin,kplus_app,0
TX_001182,ACC_1094,ACC_0791,2071.19,2026-08-23 07:14:00,0,0,23,0.54,pin,kplus_app,0
TX_000369,ACC_0417,ACC_1150,922.48,2026-08-23 07:31:00,0,0,35,0.17,pin,kplus_app,0
TX_004526,ACC_1043,ACC_0751,964.96,2026-08-23 07:52:00,0,0,34,0.5,pin,kplus_app,0
TX_000808,ACC_1121,ACC_0681,712.16,2026-08-23 08:01:00,1,0,53,1.02,pin,kplus_app,0
TX_004647,ACC_0861,ACC_0780,1444.94,2026-08-23 08:14:00,0,1,27,0.92,pin,kplus_app,0
TX_004059,ACC_0698,ACC_0228,340.07,2026-08-23 08:24:00,1,0,38,0.13,pin,kplus_app,0
TX_003668,ACC_0337,ACC_0689,1030.9,2026-08-23 08:32:00,1,0,34,0.6,none,kplus_app,0
TX_000035,ACC_0710,ACC_0414,287.78,2026-08-23 08:35:00,0,0,35,0.93,pin,kplus_app,0
TX_001811,ACC_0658,ACC_1173,828.45,2026-08-23 08:43:00,0,0,28,0.73,pin,kplus_app,0
TX_000017,ACC_0872,ACC_0875,486.66,2026-08-23 08:45:00,0,0,55,0.99,face_scan,kplus_app,0
TX_001938,ACC_0970,ACC_0283,109.83,2026-08-23 08:47:00,0,0,57,0.35,pin,kplus_app,0
TX_005147,ACC_0502,ACC_0634,686.27,2026-08-23 08:48:00,1,0,26,1.04,pin,kplus_app,0
TX_000826,ACC_1037,ACC_0331,461.73,2026-08-23 08:50:00,0,0,38,0.67,pin,kplus_app,0
TX_003342,ACC_0972,ACC_0613,414.14,2026-08-23 09:03:00,1,0,36,1.27,pin,kplus_app,0
TX_004700,ACC_0749,ACC_0649,447.83,2026-08-23 09:20:00,0,0,64,0.68,face_scan,kplus_app,0
TX_005178,ACC_1148,ACC_1187,114.44,2026-08-23 09:30:00,0,0,34,0.93,pin,kplus_app,0
TX_001101,ACC_0315,ACC_1028,353.61,2026-08-23 09:38:00,0,0,60,0.99,pin,kplus_app,0
TX_003950,ACC_0923,ACC_0187,2456.81,2026-08-23 09:43:00,1,0,57,0.11,pin,kplus_app,0
TX_005159,ACC_0707,ACC_0640,2138.42,2026-08-23 09:56:00,0,0,62,0.96,pin,kplus_app,0
TX_002829,ACC_0397,ACC_1078,856.92,2026-08-23 10:04:00,0,0,42,1.43,pin,kplus_app,0
TX_000180,ACC_0439,ACC_1169,108.14,2026-08-23 10:11:00,0,0,59,0.48,pin,kplus_app,0
TX_000145,ACC_0956,ACC_0620,154.35,2026-08-23 10:12:00,0,0,53,1.32,face_scan,kplus_app,0
TX_003412,ACC_0290,ACC_0971,1456.02,2026-08-23 10:17:00,1,0,61,0.18,pin,kplus_app,0
TX_001061,ACC_0280,ACC_0147,426.51,2026-08-23 10:18:00,1,0,52,0.29,pin,kplus_app,0
TX_003302,ACC_0874,ACC_1102,107.57,2026-08-23 10:37:00,0,0,48,1.28,face_scan,kplus_app,0
TX_003571,ACC_1086,ACC_0458,139.43,2026-08-23 10:38:00,1,0,47,0.2,pin,kplus_app,0
TX_005435,ACC_0510,ACC_0796,370.98,2026-08-23 10:41:00,0,0,28,1.48,face_scan,kplus_app,0
TX_001325,ACC_0083,ACC_0185,1647.48,2026-08-23 10:53:00,1,0,55,0.99,face_scan,kplus_app,0
TX_003001,ACC_0714,ACC_0353,522.71,2026-08-23 11:04:00,1,0,64,1.3,pin,kplus_app,0
TX_005110,ACC_0715,ACC_0397,929.9,2026-08-23 11:13:00,0,0,50,0.97,pin,kplus_app,0
TX_002024,ACC_0482,ACC_0272,1043.89,2026-08-23 11:13:00,0,0,36,1.31,pin,kplus_app,0
TX_001890,ACC_0734,ACC_0958,817.38,2026-08-23 11:15:00,1,0,37,1.16,pin,kplus_app,0
TX_000028,ACC_0267,ACC_0215,239.92,2026-08-23 11:18:00,1,0,45,0.15,pin,kplus_app,0
TX_000179,ACC_0559,ACC_1037,861.03,2026-08-23 11:33:00,0,0,42,0.62,face_scan,kplus_app,0
TX_004681,ACC_0645,ACC_0795,70.21,2026-08-23 11:40:00,0,0,55,1.42,pin,kplus_app,0
TX_003693,ACC_1194,ACC_0449,287.8,2026-08-23 11:44:00,0,0,52,1.08,pin,kplus_app,0
TX_005557,ACC_0295,ACC_0819,837.96,2026-08-23 11:50:00,1,0,31,1.49,pin,kplus_app,0
TX_003299,ACC_0988,ACC_1186,266.27,2026-08-23 12:00:00,0,0,41,1.33,pin,kplus_app,0
TX_001309,ACC_0434,ACC_1187,169.29,2026-08-23 12:06:00,0,0,55,0.35,face_scan,kplus_app,0
TX_002156,ACC_0444,ACC_0833,46.04,2026-08-23 12:10:00,0,0,53,0.65,pin,kplus_app,0
TX_003964,ACC_0393,ACC_0064,53.33,2026-08-23 12:14:00,0,0,47,0.64,pin,kplus_app,0
TX_003338,ACC_0494,ACC_0143,400.71,2026-08-23 12:19:00,0,0,43,0.4,face_scan,kplus_app,0
TX_000653,ACC_0792,ACC_1144,344.9,2026-08-23 12:29:00,0,0,34,0.65,face_scan,kplus_app,0
TX_003566,ACC_1016,ACC_0334,312.64,2026-08-23 12:33:00,0,0,46,1.38,pin,kplus_app,0
TX_006328,ACC_0011,ACC_0017,45575.67,2026-08-23 12:34:00,1,1,12,5.53,pin,promptpay,1
TX_000835,ACC_1099,ACC_1148,1386.29,2026-08-23 12:36:00,0,0,33,0.52,pin,kplus_app,0
TX_002516,ACC_0895,ACC_0336,332.1,2026-08-23 12:37:00,0,0,38,1.45,pin,kplus_app,0
TX_001535,ACC_0975,ACC_1157,68.87,2026-08-23 12:44:00,0,0,53,0.93,pin,kplus_app,0
TX_002895,ACC_0482,ACC_1130,143.49,2026-08-23 12:54:00,1,0,39,0.8,pin,kplus_app,0
TX_000874,ACC_0605,ACC_1144,1777.8,2026-08-23 13:05:00,0,0,47,0.4,pin,kplus_app,0
TX_005974,ACC_0199,ACC_0265,329.27,2026-08-23 13:05:00,1,0,44,0.47,face_scan,kplus_app,0
TX_003019,ACC_0169,ACC_0181,1215.84,2026-08-23 13:07:00,1,0,37,0.21,pin,kplus_app,0
TX_005353,ACC_1024,ACC_0971,513.75,2026-08-23 13:32:00,0,0,59,0.99,pin,kplus_app,0
TX_003801,ACC_1086,ACC_0966,715.25,2026-08-23 13:44:00,1,0,62,0.5,face_scan,kplus_app,0
TX_003204,ACC_1165,ACC_0626,412.59,2026-08-23 13:49:00,1,0,63,1.27,pin,kplus_app,0
TX_003857,ACC_0782,ACC_1039,416.57,2026-08-23 13:58:00,0,0,29,0.16,pin,kplus_app,0
TX_002668,ACC_0533,ACC_1091,144.0,2026-08-23 13:59:00,0,0,44,0.37,pin,kplus_app,0
TX_002872,ACC_0316,ACC_0515,1006.34,2026-08-23 14:00:00,0,0,67,0.33,pin,kplus_app,0
TX_004003,ACC_0577,ACC_0777,209.52,2026-08-23 14:00:00,0,0,48,0.78,pin,kplus_app,0
TX_004322,ACC_0716,ACC_0865,424.68,2026-08-23 14:06:00,0,0,37,1.45,pin,kplus_app,0
TX_000994,ACC_1197,ACC_0947,416.77,2026-08-23 14:11:00,0,0,46,1.1,pin,kplus_app,0
TX_002740,ACC_1046,ACC_0605,297.91,2026-08-23 14:24:00,1,0,50,0.65,pin,kplus_app,0
TX_002584,ACC_0698,ACC_0770,254.43,2026-08-23 14:24:00,0,0,49,1.34,pin,kplus_app,0
TX_006330,ACC_0037,ACC_0032,42492.76,2026-08-23 14:24:16,1,1,17,10.24,pin,promptpay,1
TX_005607,ACC_0123,ACC_1116,540.35,2026-08-23 14:30:00,1,0,55,1.23,none,kplus_app,0
TX_003485,ACC_0171,ACC_0935,82.26,2026-08-23 14:40:00,0,0,30,1.27,pin,kplus_app,0
TX_000192,ACC_0471,ACC_0577,369.07,2026-08-23 14:40:00,0,0,80,0.68,pin,kplus_app,0
TX_001435,ACC_0525,ACC_0290,594.99,2026-08-23 14:48:00,0,0,36,0.76,pin,kplus_app,0
TX_000630,ACC_0980,ACC_0859,858.8,2026-08-23 14:50:00,0,0,29,0.24,pin,kplus_app,0
TX_005441,ACC_0939,ACC_0932,61.55,2026-08-23 15:05:00,0,0,53,0.36,pin,kplus_app,0
TX_003086,ACC_1049,ACC_0833,383.69,2026-08-23 15:21:00,1,0,39,1.37,pin,kplus_app,0
TX_004199,ACC_1120,ACC_0263,699.25,2026-08-23 15:23:00,0,0,61,1.28,pin,kplus_app,0
TX_001972,ACC_1075,ACC_0358,501.91,2026-08-23 15:33:00,0,0,64,0.52,pin,kplus_app,0
TX_002994,ACC_1008,ACC_1174,159.25,2026-08-23 15:39:00,0,0,23,0.44,pin,kplus_app,0
TX_005822,ACC_0591,ACC_0138,69.18,2026-08-23 15:44:00,1,0,66,1.05,pin,kplus_app,0
TX_000544,ACC_0949,ACC_0657,281.5,2026-08-23 15:48:00,0,0,52,1.38,pin,kplus_app,0
TX_006150,ACC_0516,ACC_0047,213.71,2026-08-23 15:55:00,1,0,39,0.3,pin,kplus_app,1
TX_002887,ACC_0455,ACC_1169,1065.59,2026-08-23 16:01:00,1,0,48,1.2,pin,kplus_app,0
TX_006387,ACC_0002,ACC_0026,46771.09,2026-08-23 16:02:02,1,1,18,14.91,pin,promptpay,1
TX_006151,ACC_0516,ACC_0047,18823.69,2026-08-23 16:03:00,0,0,350,11.87,pin,kplus_app,1
TX_004167,ACC_0338,ACC_0523,307.48,2026-08-23 16:04:00,0,0,52,0.66,pin,kplus_app,0
TX_003547,ACC_0872,ACC_1182,908.14,2026-08-23 16:15:00,0,0,75,1.37,pin,kplus_app,0
TX_002756,ACC_0823,ACC_0287,1325.18,2026-08-23 16:33:00,0,0,40,1.41,pin,kplus_app,0
TX_000279,ACC_0159,ACC_0230,640.39,2026-08-23 16:40:00,0,0,15,0.46,pin,kplus_app,0
TX_004440,ACC_0856,ACC_0986,1182.32,2026-08-23 16:59:00,1,0,55,1.27,face_scan,kplus_app,0
TX_002898,ACC_0360,ACC_0722,887.44,2026-08-23 17:00:00,0,0,32,1.32,pin,kplus_app,0
TX_000580,ACC_0105,ACC_0674,1221.49,2026-08-23 17:02:00,0,0,31,1.13,face_scan,kplus_app,0
TX_002944,ACC_0692,ACC_0403,95.11,2026-08-23 17:20:00,0,0,50,1.36,pin,kplus_app,0
TX_004446,ACC_0577,ACC_0953,87.45,2026-08-23 17:38:00,0,0,32,0.63,pin,kplus_app,0
TX_000551,ACC_0825,ACC_0372,81.48,2026-08-23 17:41:00,0,0,55,0.24,pin,kplus_app,0
TX_002391,ACC_1191,ACC_0735,313.13,2026-08-23 17:58:00,0,0,61,0.33,pin,kplus_app,0
TX_001659,ACC_0542,ACC_0428,359.27,2026-08-23 18:02:00,1,0,35,0.78,pin,kplus_app,0
TX_004025,ACC_1163,ACC_1102,170.28,2026-08-23 18:03:00,0,0,39,0.55,pin,kplus_app,0
TX_001317,ACC_0836,ACC_0944,599.85,2026-08-23 18:04:00,0,0,35,0.8,pin,kplus_app,0
TX_003841,ACC_0773,ACC_0392,201.75,2026-08-23 18:07:00,0,0,39,0.63,pin,kplus_app,0
TX_005732,ACC_0670,ACC_0583,992.78,2026-08-23 18:20:00,1,0,54,0.35,pin,kplus_app,0
TX_005679,ACC_1034,ACC_0308,2593.41,2026-08-23 18:21:00,0,0,37,1.45,pin,kplus_app,0
TX_003373,ACC_0935,ACC_1172,2226.53,2026-08-23 18:28:00,1,0,56,0.12,pin,kplus_app,0
TX_003487,ACC_0317,ACC_0513,215.23,2026-08-23 18:39:00,1,0,43,1.47,pin,kplus_app,0
TX_004654,ACC_1072,ACC_0319,708.38,2026-08-23 18:46:00,0,0,63,0.56,pin,kplus_app,0
TX_000394,ACC_0225,ACC_1071,268.97,2026-08-23 18:52:00,0,0,30,0.58,pin,kplus_app,0
TX_006214,ACC_0857,ACC_0030,128.5,2026-08-23 18:53:00,1,0,39,0.3,pin,kplus_app,1
TX_005995,ACC_0170,ACC_0940,625.71,2026-08-23 18:57:00,0,0,57,0.54,pin,kplus_app,0
TX_006215,ACC_0857,ACC_0030,34561.53,2026-08-23 19:04:00,0,0,12,16.75,pin,kplus_app,1
TX_003852,ACC_0150,ACC_1168,334.75,2026-08-23 19:11:00,0,0,43,0.18,pin,kplus_app,0
TX_005104,ACC_1022,ACC_1051,916.41,2026-08-23 19:14:00,0,0,19,0.42,pin,kplus_app,0
TX_006302,ACC_1093,ACC_0032,321.52,2026-08-23 19:32:00,1,0,41,0.3,pin,kplus_app,1
TX_004226,ACC_0539,ACC_0674,54.86,2026-08-23 19:38:00,0,0,43,0.34,pin,kplus_app,0
TX_002591,ACC_0684,ACC_0324,176.14,2026-08-23 19:38:00,0,0,38,0.47,face_scan,kplus_app,0
TX_006303,ACC_1093,ACC_0032,51772.57,2026-08-23 19:42:00,0,0,12,21.6,pin,kplus_app,1
TX_005416,ACC_0451,ACC_0078,1511.73,2026-08-23 19:46:00,1,0,19,0.59,pin,kplus_app,0
TX_002854,ACC_0942,ACC_0605,577.26,2026-08-23 19:52:00,1,1,46,0.58,pin,kplus_app,0
TX_004202,ACC_0698,ACC_0597,251.39,2026-08-23 19:54:00,1,0,35,0.38,pin,kplus_app,0
TX_000995,ACC_0876,ACC_0667,2540.9,2026-08-23 20:01:00,0,0,56,0.4,pin,kplus_app,0
TX_004256,ACC_1120,ACC_0307,457.89,2026-08-23 20:05:00,0,0,38,0.5,pin,kplus_app,0
TX_004857,ACC_0311,ACC_1142,793.94,2026-08-23 20:07:00,0,0,44,1.1,pin,kplus_app,0
TX_004576,ACC_0199,ACC_0463,165.95,2026-08-23 20:10:00,0,0,55,0.6,pin,kplus_app,0
TX_000246,ACC_0263,ACC_0245,449.18,2026-08-23 20:11:00,0,0,36,1.43,pin,kplus_app,0
TX_005642,ACC_0090,ACC_0146,413.82,2026-08-23 20:14:00,0,0,39,0.92,pin,kplus_app,0
TX_005034,ACC_0929,ACC_0572,140.08,2026-08-23 20:18:00,1,0,48,0.75,pin,kplus_app,0
TX_005319,ACC_0304,ACC_0064,113.1,2026-08-23 20:20:00,1,0,36,0.9,face_scan,kplus_app,0
TX_000711,ACC_0725,ACC_0520,79.2,2026-08-23 20:34:00,1,0,46,0.91,pin,kplus_app,0
TX_005139,ACC_0840,ACC_1026,979.8,2026-08-23 20:42:00,1,0,53,1.09,pin,kplus_app,0
TX_000417,ACC_0952,ACC_1182,920.89,2026-08-23 20:49:00,0,0,56,0.28,pin,kplus_app,0
TX_002780,ACC_0225,ACC_0132,262.2,2026-08-23 21:01:00,1,0,46,1.35,pin,kplus_app,0
TX_000666,ACC_0782,ACC_0830,323.2,2026-08-23 21:04:00,0,0,41,0.15,none,kplus_app,0
TX_002209,ACC_0939,ACC_0456,333.83,2026-08-23 21:04:00,0,0,29,1.16,face_scan,kplus_app,0
TX_005504,ACC_0978,ACC_0754,641.68,2026-08-23 21:06:00,0,0,35,1.01,pin,kplus_app,0
TX_004854,ACC_0745,ACC_0676,318.96,2026-08-23 21:07:00,0,0,37,0.42,pin,kplus_app,0
TX_004816,ACC_0419,ACC_0981,589.15,2026-08-23 21:08:00,0,0,33,1.06,pin,kplus_app,0
TX_003766,ACC_0121,ACC_0595,199.33,2026-08-23 21:09:00,0,0,30,1.34,face_scan,kplus_app,0
TX_005986,ACC_0472,ACC_0698,85.32,2026-08-23 21:19:00,1,0,42,0.47,pin,kplus_app,0
TX_004156,ACC_0619,ACC_0802,606.93,2026-08-23 21:20:00,0,0,27,1.49,pin,kplus_app,0
TX_004682,ACC_0721,ACC_0590,78.04,2026-08-23 21:25:00,1,0,52,0.61,pin,kplus_app,0
TX_003232,ACC_1177,ACC_0305,58.27,2026-08-23 21:25:00,0,0,48,0.8,pin,kplus_app,0
TX_001100,ACC_0122,ACC_0881,108.35,2026-08-23 21:32:00,1,0,53,1.39,pin,kplus_app,0
TX_001491,ACC_0085,ACC_1179,67.52,2026-08-23 21:37:00,0,0,61,1.47,pin,kplus_app,0
TX_001288,ACC_0195,ACC_0094,654.02,2026-08-23 21:40:00,0,0,38,1.3,pin,kplus_app,0
TX_003367,ACC_0751,ACC_0121,1062.45,2026-08-23 21:40:00,0,0,48,1.0,pin,kplus_app,0
TX_001977,ACC_1091,ACC_0818,76.57,2026-08-23 21:41:00,1,0,49,1.37,pin,kplus_app,0
TX_000462,ACC_0688,ACC_0282,164.52,2026-08-23 21:53:00,1,0,52,0.84,pin,kplus_app,0
TX_002684,ACC_0072,ACC_0871,108.37,2026-08-23 21:55:00,1,0,39,1.34,pin,kplus_app,0
TX_001619,ACC_0330,ACC_0481,1583.05,2026-08-23 21:59:00,0,0,56,1.26,pin,kplus_app,0
TX_001927,ACC_1026,ACC_1115,1051.32,2026-08-23 21:59:00,1,0,54,0.69,pin,kplus_app,0
TX_004695,ACC_0267,ACC_1104,444.45,2026-08-23 21:59:00,0,0,29,1.17,pin,kplus_app,0
TX_005191,ACC_1072,ACC_0443,367.05,2026-08-23 22:30:00,0,0,30,1.32,pin,kplus_app,0
TX_001783,ACC_0822,ACC_1036,269.29,2026-08-23 22:39:00,0,0,40,0.32,face_scan,kplus_app,0
TX_003850,ACC_0117,ACC_0920,1669.87,2026-08-23 22:46:00,0,0,29,0.81,face_scan,kplus_app,0
TX_002500,ACC_0313,ACC_0077,94.45,2026-08-23 23:05:00,0,0,40,0.59,pin,kplus_app,0
TX_001677,ACC_0784,ACC_0252,1051.14,2026-08-23 23:20:00,0,0,61,1.48,pin,kplus_app,0
TX_004072,ACC_0277,ACC_0158,281.19,2026-08-23 23:26:00,0,0,78,0.19,pin,kplus_app,0
TX_002928,ACC_0454,ACC_0436,143.57,2026-08-23 23:36:00,1,0,50,0.86,pin,kplus_app,0
TX_001992,ACC_0513,ACC_0417,399.38,2026-08-23 23:47:00,0,0,50,0.34,pin,kplus_app,0
TX_001211,ACC_0920,ACC_0931,63.17,2026-08-23 23:51:00,0,0,40,1.23,pin,kplus_app,0
TX_004263,ACC_0168,ACC_0505,121.02,2026-08-24 00:17:00,0,0,48,1.2,pin,kplus_app,0
TX_001726,ACC_0827,ACC_0479,851.66,2026-08-24 00:26:00,0,1,44,0.5,pin,kplus_app,0
TX_002803,ACC_0357,ACC_0579,260.51,2026-08-24 00:43:00,1,0,46,0.94,pin,kplus_app,0
TX_006360,ACC_0030,ACC_0002,26075.13,2026-08-24 01:05:39,1,1,10,12.98,pin,promptpay,1
TX_005330,ACC_0522,ACC_0607,97.76,2026-08-24 01:06:00,1,0,45,0.43,pin,kplus_app,0
TX_005203,ACC_0881,ACC_0470,91.43,2026-08-24 01:08:00,0,0,69,1.24,pin,kplus_app,0
TX_000185,ACC_0295,ACC_0266,51.93,2026-08-24 01:16:00,0,0,68,1.32,pin,kplus_app,0
TX_001904,ACC_0849,ACC_0240,162.07,2026-08-24 01:17:00,0,0,49,0.95,pin,kplus_app,0
TX_001696,ACC_0835,ACC_1144,856.55,2026-08-24 01:22:00,1,0,40,1.15,pin,kplus_app,0
TX_005273,ACC_0507,ACC_0095,761.13,2026-08-24 01:25:00,0,0,42,0.78,pin,kplus_app,0
TX_000160,ACC_0489,ACC_0125,232.58,2026-08-24 01:31:00,0,0,39,1.19,pin,kplus_app,0
TX_003011,ACC_0924,ACC_0240,360.74,2026-08-24 01:39:00,0,0,33,0.65,pin,kplus_app,0
TX_002090,ACC_1112,ACC_0416,2945.52,2026-08-24 01:40:00,0,0,50,0.23,pin,kplus_app,0
TX_004346,ACC_0649,ACC_0954,2074.97,2026-08-24 01:48:00,0,0,57,0.28,pin,kplus_app,0
TX_004565,ACC_1116,ACC_0974,1939.66,2026-08-24 01:53:00,0,0,29,1.48,pin,kplus_app,0
TX_005744,ACC_0751,ACC_1172,656.65,2026-08-24 01:55:00,1,0,43,0.92,face_scan,kplus_app,0
TX_000830,ACC_0366,ACC_0385,52.16,2026-08-24 01:58:00,0,0,41,1.09,pin,kplus_app,0
TX_003349,ACC_0851,ACC_0798,83.64,2026-08-24 02:04:00,0,0,38,0.73,pin,kplus_app,0
TX_001237,ACC_0503,ACC_0876,391.56,2026-08-24 02:10:00,0,0,41,0.19,pin,kplus_app,0
TX_001474,ACC_0589,ACC_1019,40.55,2026-08-24 02:13:00,0,0,59,1.47,face_scan,kplus_app,0
TX_005946,ACC_0660,ACC_0453,1178.42,2026-08-24 02:14:00,1,0,24,0.23,pin,kplus_app,0
TX_005678,ACC_0601,ACC_0744,1778.81,2026-08-24 02:23:00,0,0,52,0.52,pin,kplus_app,0
TX_003201,ACC_0432,ACC_1176,244.06,2026-08-24 02:24:00,0,0,48,1.46,pin,kplus_app,0
TX_000073,ACC_0093,ACC_0626,744.91,2026-08-24 02:28:00,0,0,36,0.13,pin,kplus_app,0
TX_006296,ACC_0511,ACC_0039,371.2,2026-08-24 02:36:00,1,0,42,0.3,pin,kplus_app,1
TX_003893,ACC_1069,ACC_0844,127.29,2026-08-24 02:39:00,1,0,29,1.4,pin,kplus_app,0
TX_006297,ACC_0511,ACC_0039,54772.8,2026-08-24 02:48:00,0,0,12,14.57,pin,kplus_app,1
TX_002611,ACC_0540,ACC_0813,143.0,2026-08-24 02:57:00,0,0,44,0.31,pin,kplus_app,0
TX_002626,ACC_1101,ACC_0821,1127.35,2026-08-24 03:13:00,1,0,47,0.47,face_scan,kplus_app,0
TX_003282,ACC_0686,ACC_0741,2295.81,2026-08-24 03:18:00,0,0,30,0.53,pin,kplus_app,0
TX_004337,ACC_1186,ACC_0643,477.65,2026-08-24 03:41:00,1,0,50,0.41,pin,kplus_app,0
TX_003158,ACC_0940,ACC_1166,286.59,2026-08-24 03:42:00,0,0,43,0.61,pin,kplus_app,0
TX_005971,ACC_0371,ACC_1072,1140.24,2026-08-24 03:43:00,0,0,22,1.38,pin,kplus_app,0
TX_000489,ACC_0467,ACC_0455,1570.24,2026-08-24 03:54:00,1,0,43,0.79,pin,kplus_app,0
TX_002489,ACC_0798,ACC_0586,136.09,2026-08-24 03:58:00,0,0,59,0.49,pin,kplus_app,0
TX_002673,ACC_1198,ACC_0230,481.23,2026-08-24 04:07:00,0,0,58,0.8,pin,kplus_app,0
TX_002512,ACC_0802,ACC_0807,268.03,2026-08-24 04:13:00,1,0,62,0.65,pin,kplus_app,0
TX_003051,ACC_0826,ACC_0250,1750.18,2026-08-24 04:29:00,0,0,18,1.38,face_scan,kplus_app,0
TX_004726,ACC_0138,ACC_0873,528.91,2026-08-24 04:43:00,0,0,55,0.71,pin,kplus_app,0
TX_000935,ACC_0526,ACC_0387,98.23,2026-08-24 04:54:00,0,0,53,0.85,pin,kplus_app,0
TX_005195,ACC_0702,ACC_0503,181.84,2026-08-24 05:01:00,0,0,27,0.27,pin,kplus_app,0
TX_004379,ACC_0744,ACC_0216,140.09,2026-08-24 05:02:00,0,0,47,0.75,pin,kplus_app,0
TX_004951,ACC_0540,ACC_1136,349.88,2026-08-24 05:07:00,0,0,48,0.85,pin,kplus_app,0
TX_000781,ACC_0507,ACC_0987,242.43,2026-08-24 05:08:00,0,0,52,0.82,pin,kplus_app,0
TX_003522,ACC_0514,ACC_0532,181.41,2026-08-24 05:11:00,1,0,54,0.89,pin,kplus_app,0
TX_006176,ACC_0804,ACC_0056,145.67,2026-08-24 05:36:00,1,0,51,0.3,pin,kplus_app,1
TX_003394,ACC_0312,ACC_0731,311.61,2026-08-24 05:38:00,0,0,69,1.15,pin,kplus_app,0
TX_006258,ACC_0657,ACC_0025,288.72,2026-08-24 05:41:00,1,0,23,0.3,pin,kplus_app,1
TX_002146,ACC_0468,ACC_0771,169.02,2026-08-24 05:41:00,0,0,59,0.97,pin,kplus_app,0
TX_006177,ACC_0804,ACC_0056,42599.55,2026-08-24 05:45:00,0,0,12,20.86,pin,kplus_app,1
TX_000025,ACC_0330,ACC_0601,827.15,2026-08-24 05:53:00,0,0,47,0.89,pin,kplus_app,0
TX_006259,ACC_0657,ACC_0025,53762.72,2026-08-24 05:55:00,0,0,12,12.23,pin,kplus_app,1
TX_001568,ACC_1024,ACC_0559,710.62,2026-08-24 06:02:00,0,0,45,0.68,pin,kplus_app,0
TX_000498,ACC_0578,ACC_0555,613.08,2026-08-24 06:18:00,0,0,44,1.39,pin,kplus_app,0
TX_004506,ACC_0969,ACC_1115,952.52,2026-08-24 06:18:00,1,0,53,0.75,pin,kplus_app,0
TX_000756,ACC_0494,ACC_1113,64.06,2026-08-24 06:23:00,0,0,41,0.25,pin,kplus_app,0
TX_004601,ACC_1031,ACC_1061,1012.7,2026-08-24 06:31:00,0,0,41,1.05,pin,kplus_app,0
TX_003445,ACC_0490,ACC_0676,237.28,2026-08-24 06:35:00,0,0,45,1.5,pin,kplus_app,0
TX_005318,ACC_0099,ACC_0090,257.75,2026-08-24 06:43:00,0,0,59,1.13,pin,kplus_app,0
TX_001641,ACC_0315,ACC_0939,1356.44,2026-08-24 06:47:00,0,0,49,0.98,pin,kplus_app,0
TX_003644,ACC_0116,ACC_0951,203.39,2026-08-24 06:49:00,0,0,39,0.38,pin,kplus_app,0
TX_005543,ACC_0898,ACC_0671,82.02,2026-08-24 07:19:00,0,0,42,1.37,pin,kplus_app,0
TX_000791,ACC_0601,ACC_0995,787.57,2026-08-24 07:25:00,0,1,26,0.34,pin,kplus_app,0
TX_003982,ACC_0299,ACC_0376,2141.96,2026-08-24 07:37:00,0,0,48,1.23,pin,kplus_app,0
TX_003134,ACC_0434,ACC_0693,393.44,2026-08-24 07:43:00,1,0,34,1.01,pin,kplus_app,0
TX_002393,ACC_0257,ACC_0358,224.55,2026-08-24 08:01:00,0,0,45,1.14,pin,kplus_app,0
TX_005221,ACC_1071,ACC_0815,183.5,2026-08-24 08:14:00,0,0,20,0.48,pin,kplus_app,0
TX_000537,ACC_0143,ACC_0432,1619.86,2026-08-24 08:17:00,0,0,37,0.9,pin,kplus_app,0
TX_000759,ACC_1161,ACC_1087,222.0,2026-08-24 08:18:00,0,0,37,0.91,pin,kplus_app,0
TX_002567,ACC_0867,ACC_0210,161.58,2026-08-24 08:23:00,0,0,39,0.92,pin,kplus_app,0
TX_005181,ACC_0869,ACC_1150,619.53,2026-08-24 08:24:00,0,0,39,1.0,pin,kplus_app,0
TX_006316,ACC_0746,ACC_0024,324.86,2026-08-24 08:33:00,1,0,36,0.3,pin,kplus_app,1
TX_004893,ACC_0370,ACC_1150,1037.1,2026-08-24 08:36:00,1,0,25,0.32,pin,kplus_app,0
TX_003231,ACC_0766,ACC_0186,247.16,2026-08-24 08:42:00,0,0,47,0.61,pin,kplus_app,0
TX_006317,ACC_0746,ACC_0024,63518.86,2026-08-24 08:46:00,0,0,12,8.01,pin,kplus_app,1
TX_004937,ACC_1152,ACC_0759,544.69,2026-08-24 08:50:00,0,0,66,1.03,pin,kplus_app,0
TX_003769,ACC_0198,ACC_0805,588.77,2026-08-24 08:57:00,0,0,50,1.05,pin,kplus_app,0
TX_005283,ACC_0488,ACC_0711,447.17,2026-08-24 09:03:00,0,0,33,1.2,pin,kplus_app,0
TX_005745,ACC_0715,ACC_0202,2671.25,2026-08-24 09:17:00,0,0,48,0.66,pin,kplus_app,0
TX_005765,ACC_0931,ACC_1048,1226.8,2026-08-24 09:30:00,0,0,51,0.74,pin,kplus_app,0
TX_004284,ACC_1074,ACC_0767,2052.22,2026-08-24 09:33:00,0,0,53,0.35,pin,kplus_app,0
TX_004888,ACC_0894,ACC_0480,931.68,2026-08-24 09:36:00,1,0,40,1.37,pin,kplus_app,0
TX_001882,ACC_1131,ACC_1114,1253.14,2026-08-24 09:49:00,0,0,50,1.41,pin,kplus_app,0
TX_002204,ACC_0327,ACC_1043,150.85,2026-08-24 09:51:00,0,0,47,1.08,pin,kplus_app,0
TX_004038,ACC_1031,ACC_0261,232.75,2026-08-24 10:01:00,0,0,36,0.69,face_scan,kplus_app,0
TX_004068,ACC_0777,ACC_0414,352.3,2026-08-24 10:04:00,0,0,50,1.07,pin,kplus_app,0
TX_004489,ACC_0156,ACC_1079,1149.05,2026-08-24 10:18:00,0,0,63,0.45,pin,kplus_app,0
TX_001074,ACC_0641,ACC_0834,43.53,2026-08-24 10:18:00,0,0,65,0.84,pin,kplus_app,0
TX_003403,ACC_0216,ACC_0943,862.3,2026-08-24 10:24:00,0,0,36,1.44,pin,kplus_app,0
TX_003178,ACC_0757,ACC_0376,256.59,2026-08-24 10:28:00,1,0,42,0.69,face_scan,kplus_app,0
TX_002720,ACC_0252,ACC_1184,133.7,2026-08-24 10:33:00,1,0,31,1.45,pin,kplus_app,0
TX_005510,ACC_0396,ACC_0157,893.09,2026-08-24 10:36:00,0,0,31,0.99,pin,kplus_app,0
TX_006374,ACC_0004,ACC_0040,32650.66,2026-08-24 10:48:45,1,1,12,6.38,pin,promptpay,1
TX_004211,ACC_0311,ACC_0561,229.14,2026-08-24 10:52:00,0,0,39,1.36,pin,kplus_app,0
TX_000340,ACC_0062,ACC_0643,601.33,2026-08-24 10:59:00,0,0,32,0.54,pin,kplus_app,0
TX_000915,ACC_0956,ACC_1068,1035.47,2026-08-24 11:02:00,0,0,51,0.41,face_scan,kplus_app,0
TX_005619,ACC_1029,ACC_1134,1198.44,2026-08-24 11:26:00,0,0,48,1.37,pin,kplus_app,0
TX_004842,ACC_0441,ACC_0243,1093.13,2026-08-24 11:29:00,0,0,34,0.17,pin,kplus_app,0
TX_000557,ACC_0988,ACC_0725,2347.41,2026-08-24 11:31:00,1,0,53,0.64,pin,kplus_app,0
TX_006096,ACC_0133,ACC_0053,328.13,2026-08-24 11:33:00,1,0,30,0.3,pin,kplus_app,1
TX_001221,ACC_0232,ACC_0259,792.56,2026-08-24 11:37:00,0,0,52,0.43,pin,kplus_app,0
TX_005757,ACC_0219,ACC_0171,1152.69,2026-08-24 11:37:00,1,0,49,0.15,pin,kplus_app,0
TX_006097,ACC_0133,ACC_0053,52664.27,2026-08-24 11:41:00,0,0,12,20.69,pin,kplus_app,1
TX_003182,ACC_0451,ACC_0394,55.76,2026-08-24 11:42:00,0,0,40,0.61,face_scan,kplus_app,0
TX_002815,ACC_0633,ACC_0083,728.76,2026-08-24 12:12:00,0,0,31,1.18,pin,kplus_app,0
TX_005454,ACC_0293,ACC_0979,510.45,2026-08-24 12:14:00,1,0,56,1.01,pin,kplus_app,0
TX_003951,ACC_0405,ACC_0815,60.32,2026-08-24 12:19:00,0,0,34,0.6,face_scan,kplus_app,0
TX_004174,ACC_0777,ACC_0258,1381.27,2026-08-24 12:30:00,0,0,45,0.13,pin,kplus_app,0
TX_000422,ACC_0193,ACC_0208,179.62,2026-08-24 12:30:00,1,0,37,0.11,pin,kplus_app,0
TX_005128,ACC_0558,ACC_0098,2596.37,2026-08-24 12:34:00,1,0,59,1.03,pin,kplus_app,0
TX_004049,ACC_0978,ACC_0393,219.38,2026-08-24 12:38:00,0,0,71,0.52,face_scan,kplus_app,0
TX_006124,ACC_0084,ACC_0013,147.43,2026-08-24 12:52:00,1,0,42,0.3,pin,kplus_app,1
TX_001446,ACC_0088,ACC_0946,370.37,2026-08-24 13:01:00,0,0,53,1.24,pin,kplus_app,0
TX_006125,ACC_0084,ACC_0013,46514.46,2026-08-24 13:05:00,0,0,12,20.19,pin,kplus_app,1
TX_002732,ACC_0796,ACC_0302,503.55,2026-08-24 13:07:00,0,0,59,0.48,face_scan,kplus_app,0
TX_001629,ACC_0515,ACC_0871,308.89,2026-08-24 13:11:00,0,0,48,1.34,pin,kplus_app,0
TX_004344,ACC_1045,ACC_0409,228.62,2026-08-24 13:26:00,0,0,38,0.63,face_scan,kplus_app,0
TX_004142,ACC_1080,ACC_0661,793.92,2026-08-24 13:26:00,0,0,23,0.62,pin,kplus_app,0
TX_006148,ACC_0479,ACC_0054,256.13,2026-08-24 13:27:00,1,0,26,0.3,pin,kplus_app,1
TX_006149,ACC_0479,ACC_0054,32193.04,2026-08-24 13:37:00,0,0,350,16.23,pin,kplus_app,1
TX_005230,ACC_0857,ACC_1015,306.5,2026-08-24 13:42:00,1,0,51,0.68,face_scan,kplus_app,0
TX_003214,ACC_0259,ACC_0972,216.58,2026-08-24 13:42:00,0,0,21,0.79,pin,kplus_app,0
TX_004718,ACC_1031,ACC_0693,465.23,2026-08-24 13:43:00,0,0,41,1.44,pin,kplus_app,0
TX_002511,ACC_0085,ACC_0851,359.88,2026-08-24 14:07:00,0,0,51,1.05,pin,kplus_app,0
TX_000764,ACC_0098,ACC_1163,556.81,2026-08-24 14:22:00,1,0,8,0.15,pin,kplus_app,0
TX_001033,ACC_1032,ACC_0354,1077.31,2026-08-24 14:24:00,0,0,45,0.39,pin,kplus_app,0
TX_001626,ACC_0428,ACC_0498,41.19,2026-08-24 14:25:00,0,0,40,1.08,pin,kplus_app,0
TX_000612,ACC_1046,ACC_0587,1494.25,2026-08-24 14:35:00,0,0,31,1.3,pin,kplus_app,0
TX_005579,ACC_0547,ACC_0184,210.85,2026-08-24 14:39:00,0,0,43,0.93,pin,kplus_app,0
TX_000430,ACC_0246,ACC_0620,179.74,2026-08-24 14:42:00,0,0,45,0.41,pin,kplus_app,0
TX_005389,ACC_0416,ACC_0287,259.06,2026-08-24 14:45:00,1,0,41,0.87,pin,kplus_app,0
TX_005687,ACC_0423,ACC_0615,661.69,2026-08-24 14:50:00,1,0,31,1.35,pin,kplus_app,0
TX_005335,ACC_0749,ACC_0191,45.08,2026-08-24 14:58:00,0,0,32,1.43,pin,kplus_app,0
TX_003397,ACC_0401,ACC_0251,2418.26,2026-08-24 15:02:00,0,0,26,0.62,pin,kplus_app,0
TX_001615,ACC_1153,ACC_0598,601.13,2026-08-24 15:07:00,0,0,25,1.48,pin,kplus_app,0
TX_002373,ACC_0211,ACC_0275,217.26,2026-08-24 15:09:00,0,0,33,1.35,pin,kplus_app,0
TX_000114,ACC_0905,ACC_0915,471.43,2026-08-24 15:35:00,0,0,30,0.44,pin,kplus_app,0
TX_003145,ACC_0909,ACC_0463,164.89,2026-08-24 15:38:00,0,0,51,0.8,pin,kplus_app,0
TX_005086,ACC_0256,ACC_0857,155.78,2026-08-24 15:46:00,0,1,33,0.52,pin,kplus_app,0
TX_005710,ACC_0876,ACC_0803,161.27,2026-08-24 15:49:00,0,0,53,1.16,pin,kplus_app,0
TX_004935,ACC_0798,ACC_1066,47.12,2026-08-24 16:03:00,0,0,36,0.29,pin,kplus_app,0
TX_002852,ACC_0146,ACC_0970,1004.16,2026-08-24 16:10:00,0,0,61,1.12,pin,kplus_app,0
TX_001897,ACC_1138,ACC_0170,533.03,2026-08-24 16:12:00,0,0,32,0.16,pin,kplus_app,0
TX_002763,ACC_0821,ACC_0372,319.96,2026-08-24 16:21:00,0,0,53,0.7,pin,kplus_app,0
TX_004926,ACC_0369,ACC_0388,126.25,2026-08-24 16:29:00,0,0,46,0.94,pin,kplus_app,0
TX_005916,ACC_1172,ACC_0288,118.16,2026-08-24 16:32:00,0,0,34,1.35,pin,kplus_app,0
TX_003026,ACC_0598,ACC_0084,760.68,2026-08-24 16:34:00,0,0,42,1.38,pin,kplus_app,0
TX_001532,ACC_0416,ACC_0455,596.21,2026-08-24 16:43:00,1,0,46,1.1,pin,kplus_app,0
TX_003747,ACC_0065,ACC_0515,522.99,2026-08-24 16:49:00,0,0,41,1.31,pin,kplus_app,0
TX_003686,ACC_0366,ACC_1159,672.14,2026-08-24 16:55:00,0,0,51,0.66,pin,kplus_app,0
TX_005111,ACC_0075,ACC_0708,291.66,2026-08-24 16:56:00,0,0,54,0.99,pin,kplus_app,0
TX_005838,ACC_0465,ACC_0113,1892.8,2026-08-24 17:08:00,0,0,46,1.26,pin,kplus_app,0
TX_004860,ACC_0171,ACC_0890,357.01,2026-08-24 17:08:00,0,0,47,1.33,pin,kplus_app,0
TX_000644,ACC_0381,ACC_0498,900.19,2026-08-24 17:15:00,0,0,45,0.28,pin,kplus_app,0
TX_001255,ACC_0821,ACC_0794,375.47,2026-08-24 17:16:00,0,0,64,0.43,pin,kplus_app,0
TX_001779,ACC_0286,ACC_0611,447.11,2026-08-24 17:32:00,0,0,28,1.14,pin,kplus_app,0
TX_004785,ACC_1049,ACC_0776,375.0,2026-08-24 17:39:00,1,0,62,1.18,pin,kplus_app,0
TX_005889,ACC_0248,ACC_0416,118.77,2026-08-24 17:40:00,1,0,55,0.88,pin,kplus_app,0
TX_005106,ACC_0895,ACC_0287,1419.83,2026-08-24 17:56:00,0,0,42,0.54,pin,kplus_app,0
TX_001913,ACC_0550,ACC_0063,220.28,2026-08-24 17:59:00,0,0,68,0.28,pin,kplus_app,0
TX_003583,ACC_0899,ACC_0437,347.75,2026-08-24 18:10:00,1,0,45,0.22,pin,kplus_app,0
TX_002525,ACC_0300,ACC_0365,204.72,2026-08-24 18:15:00,0,0,21,0.16,pin,kplus_app,0
TX_000036,ACC_0265,ACC_1009,527.54,2026-08-24 18:18:00,0,1,41,1.4,pin,kplus_app,0
TX_002700,ACC_0726,ACC_0608,162.12,2026-08-24 18:37:00,0,0,63,0.54,pin,kplus_app,0
TX_004734,ACC_0577,ACC_0261,158.85,2026-08-24 18:43:00,0,0,50,0.28,pin,kplus_app,0
TX_002628,ACC_0979,ACC_0439,1063.24,2026-08-24 18:46:00,0,0,48,0.48,pin,kplus_app,0
TX_002081,ACC_0140,ACC_1094,56.5,2026-08-24 19:02:00,0,0,48,0.64,pin,kplus_app,0
TX_000752,ACC_0828,ACC_1101,161.29,2026-08-24 19:08:00,1,0,70,1.36,pin,kplus_app,0
TX_005940,ACC_0995,ACC_0163,111.15,2026-08-24 19:13:00,0,0,46,0.83,pin,kplus_app,0
TX_001512,ACC_0783,ACC_0668,3478.65,2026-08-24 19:16:00,1,0,38,1.11,pin,kplus_app,0
TX_003269,ACC_0990,ACC_0071,206.36,2026-08-24 19:35:00,0,0,45,0.6,pin,kplus_app,0
TX_000320,ACC_0467,ACC_0453,2240.03,2026-08-24 19:35:00,0,0,28,1.05,face_scan,kplus_app,0
TX_003229,ACC_0831,ACC_0169,303.28,2026-08-24 19:39:00,0,0,39,1.41,pin,kplus_app,0
TX_001285,ACC_0692,ACC_0112,92.64,2026-08-24 19:44:00,1,1,49,0.8,pin,kplus_app,0
TX_001505,ACC_0578,ACC_0848,591.75,2026-08-24 19:46:00,0,0,47,0.73,pin,kplus_app,0
TX_003440,ACC_0225,ACC_0074,1047.29,2026-08-24 19:50:00,1,0,60,0.28,pin,kplus_app,0
TX_006182,ACC_0106,ACC_0011,286.77,2026-08-24 19:53:00,1,0,33,0.3,pin,kplus_app,1
TX_005639,ACC_0256,ACC_0469,155.76,2026-08-24 19:55:00,0,0,45,1.26,pin,kplus_app,0
TX_006183,ACC_0106,ACC_0011,44919.29,2026-08-24 20:01:00,0,0,12,14.32,pin,kplus_app,1
TX_002128,ACC_0647,ACC_1135,271.04,2026-08-24 20:07:00,0,0,56,0.37,pin,kplus_app,0
TX_001155,ACC_0458,ACC_0757,1959.97,2026-08-24 20:11:00,0,0,55,0.74,face_scan,kplus_app,0
TX_001507,ACC_0577,ACC_0474,701.11,2026-08-24 20:26:00,0,0,39,0.41,pin,kplus_app,0
TX_002119,ACC_0573,ACC_1173,173.74,2026-08-24 20:32:00,0,0,29,1.33,pin,kplus_app,0
TX_000109,ACC_0326,ACC_0829,715.83,2026-08-24 20:36:00,0,0,43,1.26,pin,kplus_app,0
TX_003245,ACC_0205,ACC_1167,1032.2,2026-08-24 20:42:00,0,0,45,0.12,face_scan,kplus_app,0
TX_003560,ACC_0935,ACC_0145,780.67,2026-08-24 20:54:00,0,0,45,0.39,pin,kplus_app,0
TX_005827,ACC_1105,ACC_0736,280.43,2026-08-24 21:01:00,0,0,35,0.16,pin,kplus_app,0
TX_000099,ACC_0757,ACC_1015,1028.51,2026-08-24 21:08:00,0,0,40,0.86,pin,kplus_app,0
TX_003433,ACC_0509,ACC_0928,739.85,2026-08-24 21:18:00,1,0,33,0.66,pin,kplus_app,0
TX_003159,ACC_0946,ACC_0334,803.37,2026-08-24 21:36:00,1,0,29,1.44,pin,kplus_app,0
TX_000042,ACC_0219,ACC_0759,221.37,2026-08-24 21:42:00,0,1,45,0.76,pin,kplus_app,0
TX_001268,ACC_1057,ACC_0614,207.66,2026-08-24 21:56:00,0,0,58,1.43,face_scan,kplus_app,0
TX_000282,ACC_1050,ACC_1163,570.71,2026-08-24 22:00:00,1,0,38,1.2,pin,kplus_app,0
TX_005065,ACC_0538,ACC_0841,737.08,2026-08-24 22:04:00,0,0,33,0.44,pin,kplus_app,0
TX_006098,ACC_0835,ACC_0050,142.58,2026-08-24 22:05:00,1,0,31,0.3,pin,kplus_app,1
TX_006099,ACC_0835,ACC_0050,22789.02,2026-08-24 22:14:00,0,0,350,24.48,pin,kplus_app,1
TX_004084,ACC_0412,ACC_0876,75.75,2026-08-24 22:15:00,0,0,54,0.86,pin,kplus_app,0
TX_005742,ACC_1010,ACC_1033,209.49,2026-08-24 22:16:00,0,0,53,0.28,none,kplus_app,0
TX_003309,ACC_0966,ACC_0286,630.58,2026-08-24 22:22:00,1,0,55,1.19,pin,kplus_app,0
TX_001781,ACC_0671,ACC_0575,335.17,2026-08-24 22:28:00,0,0,58,0.49,pin,kplus_app,0
TX_002610,ACC_0061,ACC_0900,2147.82,2026-08-24 22:30:00,0,0,58,0.61,pin,kplus_app,0
TX_005991,ACC_0104,ACC_0584,685.3,2026-08-24 22:32:00,0,0,58,0.2,pin,kplus_app,0
TX_003798,ACC_1127,ACC_1134,257.34,2026-08-24 22:35:00,0,0,45,1.31,pin,kplus_app,0
TX_001988,ACC_0153,ACC_1171,1359.31,2026-08-24 22:36:00,1,0,52,0.74,pin,kplus_app,0
TX_001690,ACC_0753,ACC_0398,836.06,2026-08-24 22:37:00,0,0,62,0.56,pin,kplus_app,0
TX_003678,ACC_1165,ACC_1199,252.25,2026-08-24 22:39:00,1,0,45,0.6,pin,kplus_app,0
TX_001582,ACC_0183,ACC_1003,186.46,2026-08-24 22:42:00,0,0,52,1.33,pin,kplus_app,0
TX_001116,ACC_1020,ACC_0084,1293.02,2026-08-24 22:51:00,0,0,31,0.8,pin,kplus_app,0
TX_005161,ACC_1056,ACC_0370,476.86,2026-08-24 23:00:00,1,0,53,0.21,pin,kplus_app,0
TX_005902,ACC_0526,ACC_0168,323.93,2026-08-24 23:06:00,0,0,43,1.31,pin,kplus_app,0
TX_002443,ACC_0438,ACC_0416,211.02,2026-08-24 23:15:00,0,0,47,0.79,pin,kplus_app,0
TX_000687,ACC_0490,ACC_1194,189.72,2026-08-24 23:20:00,0,0,61,0.83,pin,kplus_app,0
TX_004459,ACC_1195,ACC_1171,241.26,2026-08-24 23:21:00,1,0,45,1.19,pin,kplus_app,0
TX_001741,ACC_0078,ACC_0400,609.66,2026-08-24 23:23:00,0,0,50,1.11,face_scan,kplus_app,0
TX_005549,ACC_0448,ACC_0467,137.33,2026-08-24 23:25:00,1,0,49,0.73,none,kplus_app,0
TX_002333,ACC_0532,ACC_0479,390.29,2026-08-24 23:33:00,0,0,7,1.22,pin,kplus_app,0
TX_000296,ACC_0763,ACC_0396,130.96,2026-08-24 23:40:00,0,0,27,1.45,pin,kplus_app,0
TX_002554,ACC_0573,ACC_0499,161.66,2026-08-24 23:46:00,0,0,28,1.36,pin,kplus_app,0
TX_002566,ACC_0472,ACC_0784,102.12,2026-08-24 23:46:00,0,0,44,1.23,pin,kplus_app,0
TX_001434,ACC_0571,ACC_0541,82.95,2026-08-24 23:47:00,0,0,49,0.31,pin,kplus_app,0
TX_004235,ACC_0393,ACC_0461,119.32,2026-08-25 00:03:00,0,0,41,0.48,face_scan,kplus_app,0
TX_001547,ACC_0427,ACC_0388,794.74,2026-08-25 00:12:00,1,0,40,1.37,pin,kplus_app,0
TX_000642,ACC_1064,ACC_0776,178.32,2026-08-25 00:14:00,1,0,30,0.19,pin,kplus_app,0
TX_002071,ACC_0871,ACC_0454,56.31,2026-08-25 00:19:00,1,0,59,1.2,pin,kplus_app,0
TX_000112,ACC_0616,ACC_0808,771.91,2026-08-25 00:25:00,0,0,32,0.86,pin,kplus_app,0
TX_005965,ACC_0477,ACC_0858,611.5,2026-08-25 00:32:00,1,0,28,0.34,pin,kplus_app,0
TX_005356,ACC_0817,ACC_0978,565.21,2026-08-25 00:41:00,0,0,44,0.63,face_scan,kplus_app,0
TX_000705,ACC_0647,ACC_0139,490.59,2026-08-25 00:45:00,0,1,54,0.73,pin,kplus_app,0
TX_006192,ACC_1038,ACC_0040,345.48,2026-08-25 00:45:00,1,0,25,0.3,pin,kplus_app,1
TX_000267,ACC_1120,ACC_0088,153.97,2026-08-25 00:49:00,0,0,46,0.29,pin,kplus_app,0
TX_006193,ACC_1038,ACC_0040,50130.06,2026-08-25 00:57:00,0,0,12,9.69,pin,kplus_app,1
TX_000203,ACC_0448,ACC_0171,459.52,2026-08-25 00:57:00,0,0,39,0.7,pin,kplus_app,0
TX_005210,ACC_0797,ACC_0791,579.12,2026-08-25 01:11:00,0,0,63,0.16,pin,kplus_app,0
TX_004929,ACC_1005,ACC_0633,1244.59,2026-08-25 01:26:00,1,0,50,0.38,pin,kplus_app,0
TX_003799,ACC_0343,ACC_0233,2056.95,2026-08-25 01:28:00,0,0,45,0.68,pin,kplus_app,0
TX_000899,ACC_0103,ACC_1104,715.73,2026-08-25 01:38:00,1,0,57,1.11,pin,kplus_app,0
TX_000619,ACC_0677,ACC_0970,1808.17,2026-08-25 01:41:00,0,0,36,1.14,face_scan,kplus_app,0
TX_006086,ACC_0357,ACC_0055,260.58,2026-08-25 01:42:00,1,0,27,0.3,pin,kplus_app,1
TX_001863,ACC_0615,ACC_1124,148.65,2026-08-25 01:44:00,1,0,48,1.35,pin,kplus_app,0
TX_006087,ACC_0357,ACC_0055,46050.8,2026-08-25 01:52:00,0,0,350,12.45,pin,kplus_app,1
TX_000124,ACC_0217,ACC_1079,1629.64,2026-08-25 01:56:00,1,0,67,1.1,pin,kplus_app,0
TX_002608,ACC_0223,ACC_1194,3171.48,2026-08-25 02:08:00,0,0,28,1.33,pin,kplus_app,0
TX_001661,ACC_0665,ACC_0135,1644.35,2026-08-25 02:10:00,1,0,28,0.41,pin,kplus_app,0
TX_002688,ACC_0659,ACC_1186,168.52,2026-08-25 02:11:00,0,0,62,1.22,pin,kplus_app,0
TX_003509,ACC_0114,ACC_0981,1629.53,2026-08-25 02:12:00,0,0,51,1.45,pin,kplus_app,0
TX_003830,ACC_0768,ACC_0612,510.53,2026-08-25 02:19:00,0,0,45,0.14,pin,kplus_app,0
TX_002371,ACC_0335,ACC_0152,154.61,2026-08-25 02:21:00,0,0,70,1.41,pin,kplus_app,0
TX_000938,ACC_0625,ACC_0967,584.46,2026-08-25 02:30:00,1,0,38,1.4,pin,kplus_app,0
TX_000677,ACC_0547,ACC_0859,564.49,2026-08-25 02:37:00,0,0,60,0.55,pin,kplus_app,0
TX_000723,ACC_1195,ACC_0518,885.93,2026-08-25 02:42:00,0,0,51,1.24,pin,kplus_app,0
TX_000673,ACC_0216,ACC_0660,135.79,2026-08-25 03:02:00,0,0,29,0.25,pin,kplus_app,0
TX_000040,ACC_0565,ACC_0130,656.87,2026-08-25 03:23:00,0,0,40,1.34,pin,kplus_app,0
TX_006386,ACC_0004,ACC_0016,27894.23,2026-08-25 03:39:43,1,1,8,11.84,pin,promptpay,1
TX_001473,ACC_0349,ACC_0314,122.5,2026-08-25 03:55:00,0,0,55,0.13,pin,kplus_app,0
TX_005192,ACC_0835,ACC_0441,269.37,2026-08-25 04:22:00,1,0,52,0.86,pin,kplus_app,0
TX_004950,ACC_0108,ACC_1181,75.2,2026-08-25 04:26:00,0,0,69,1.41,pin,kplus_app,0
TX_003715,ACC_1001,ACC_1079,958.94,2026-08-25 04:33:00,1,0,57,0.47,pin,kplus_app,0
TX_001162,ACC_0704,ACC_0450,2282.22,2026-08-25 04:38:00,0,0,51,0.77,pin,kplus_app,0
TX_005791,ACC_0588,ACC_1094,472.14,2026-08-25 04:44:00,0,0,10,1.03,face_scan,kplus_app,0
TX_005509,ACC_0735,ACC_0429,922.94,2026-08-25 04:52:00,0,0,21,1.24,face_scan,kplus_app,0
TX_006016,ACC_0094,ACC_0022,180.71,2026-08-25 04:57:00,1,0,42,0.3,pin,kplus_app,1
TX_005056,ACC_0232,ACC_1105,118.64,2026-08-25 04:57:00,0,0,22,1.29,face_scan,kplus_app,0
TX_000648,ACC_0641,ACC_0938,2599.22,2026-08-25 05:02:00,0,0,37,0.73,face_scan,kplus_app,0
TX_006017,ACC_0094,ACC_0022,55139.72,2026-08-25 05:09:00,0,0,12,20.17,pin,kplus_app,1
TX_001369,ACC_0329,ACC_1021,557.42,2026-08-25 05:12:00,0,0,63,0.18,pin,kplus_app,0
TX_005973,ACC_0791,ACC_0189,1594.45,2026-08-25 05:14:00,1,0,60,0.26,pin,kplus_app,0
TX_001953,ACC_0245,ACC_0696,4651.67,2026-08-25 05:27:00,0,0,62,0.12,pin,kplus_app,0
TX_002685,ACC_0509,ACC_0875,744.72,2026-08-25 05:29:00,0,0,38,0.36,pin,kplus_app,0
TX_002362,ACC_0762,ACC_0746,252.85,2026-08-25 05:31:00,0,0,42,1.17,pin,kplus_app,0
TX_003129,ACC_0927,ACC_0074,372.81,2026-08-25 05:36:00,0,0,45,1.22,pin,kplus_app,0
TX_003856,ACC_0460,ACC_0200,117.86,2026-08-25 05:38:00,1,0,58,1.42,pin,kplus_app,0
TX_003949,ACC_0848,ACC_0905,173.64,2026-08-25 05:40:00,0,0,49,0.83,face_scan,kplus_app,0
TX_003281,ACC_0343,ACC_0909,397.76,2026-08-25 05:41:00,0,0,35,1.01,pin,kplus_app,0
TX_002053,ACC_0304,ACC_0759,554.29,2026-08-25 05:42:00,0,0,58,0.79,pin,kplus_app,0
TX_002480,ACC_0792,ACC_1124,2582.89,2026-08-25 06:00:00,0,0,48,1.32,pin,kplus_app,0
TX_005705,ACC_0330,ACC_0964,730.71,2026-08-25 06:03:00,1,0,41,1.08,face_scan,kplus_app,0
TX_004699,ACC_1038,ACC_0592,334.89,2026-08-25 06:06:00,0,0,37,0.32,pin,kplus_app,0
TX_004793,ACC_0906,ACC_0200,242.31,2026-08-25 06:08:00,1,0,52,0.79,pin,kplus_app,0
TX_000013,ACC_0812,ACC_1128,1263.0,2026-08-25 06:09:00,0,0,17,1.33,pin,kplus_app,0
TX_005555,ACC_0170,ACC_0864,1733.48,2026-08-25 06:13:00,0,0,42,0.31,pin,kplus_app,0
TX_001788,ACC_0456,ACC_0074,453.24,2026-08-25 06:17:00,0,0,54,1.12,pin,kplus_app,0
TX_001264,ACC_1122,ACC_0120,150.06,2026-08-25 06:19:00,0,0,59,0.9,pin,kplus_app,0
TX_005249,ACC_0295,ACC_0852,534.21,2026-08-25 06:22:00,0,0,32,0.74,pin,kplus_app,0
TX_001149,ACC_0139,ACC_0846,141.8,2026-08-25 06:31:00,0,0,42,1.13,pin,kplus_app,0
TX_004984,ACC_1110,ACC_0534,126.4,2026-08-25 06:48:00,0,1,15,1.21,pin,kplus_app,0
TX_001797,ACC_0915,ACC_0677,876.06,2026-08-25 07:09:00,0,0,40,0.57,pin,kplus_app,0
TX_005175,ACC_0513,ACC_0618,73.95,2026-08-25 07:12:00,1,0,36,0.59,pin,kplus_app,0
TX_000162,ACC_0385,ACC_0440,59.75,2026-08-25 07:14:00,0,0,45,1.44,pin,kplus_app,0
TX_005045,ACC_0283,ACC_0796,467.96,2026-08-25 07:18:00,0,0,38,0.86,pin,kplus_app,0
TX_002826,ACC_0074,ACC_1111,951.35,2026-08-25 07:18:00,1,1,30,0.35,face_scan,kplus_app,0
TX_001077,ACC_0323,ACC_1169,491.52,2026-08-25 07:22:00,1,0,40,1.29,pin,kplus_app,0
TX_003605,ACC_0447,ACC_0528,545.6,2026-08-25 07:33:00,0,0,23,0.42,pin,kplus_app,0
TX_002359,ACC_1178,ACC_0551,519.32,2026-08-25 07:34:00,0,0,70,0.39,pin,kplus_app,0
TX_006350,ACC_0033,ACC_0012,59850.53,2026-08-25 07:45:07,1,1,15,14.22,pin,promptpay,1
TX_004481,ACC_0390,ACC_0153,71.13,2026-08-25 07:58:00,0,0,46,1.36,pin,kplus_app,0
TX_000643,ACC_0398,ACC_0866,1435.15,2026-08-25 08:08:00,0,0,46,0.48,pin,kplus_app,0
TX_003535,ACC_0131,ACC_0535,591.04,2026-08-25 08:12:00,0,0,52,0.96,pin,kplus_app,0
TX_004223,ACC_0341,ACC_0785,1496.51,2026-08-25 08:39:00,0,0,62,0.36,pin,kplus_app,0
TX_000908,ACC_0983,ACC_0387,813.4,2026-08-25 08:48:00,1,0,7,1.36,face_scan,kplus_app,0
TX_004640,ACC_0984,ACC_0535,850.09,2026-08-25 08:54:00,1,0,42,1.25,face_scan,kplus_app,0
TX_001990,ACC_0865,ACC_1075,996.08,2026-08-25 09:12:00,1,0,43,0.67,pin,kplus_app,0
TX_001575,ACC_0846,ACC_0940,158.16,2026-08-25 09:20:00,0,0,30,0.92,pin,kplus_app,0
TX_005186,ACC_0594,ACC_1127,120.54,2026-08-25 09:25:00,0,0,26,0.78,pin,kplus_app,0
TX_001515,ACC_1122,ACC_0809,1218.89,2026-08-25 09:27:00,0,0,57,1.05,pin,kplus_app,0
TX_004971,ACC_1175,ACC_0207,1388.48,2026-08-25 09:43:00,1,0,48,0.18,pin,kplus_app,0
TX_003207,ACC_0830,ACC_0588,850.96,2026-08-25 09:49:00,0,0,42,0.42,pin,kplus_app,0
TX_002514,ACC_0281,ACC_0715,536.66,2026-08-25 09:51:00,0,0,53,0.75,pin,kplus_app,0
TX_004794,ACC_0221,ACC_0974,237.4,2026-08-25 09:53:00,1,0,48,1.03,pin,kplus_app,0
TX_001667,ACC_0343,ACC_1173,1913.96,2026-08-25 09:55:00,0,0,47,0.48,pin,kplus_app,0
TX_002020,ACC_0758,ACC_1148,281.84,2026-08-25 09:55:00,0,0,35,1.23,pin,kplus_app,0
TX_000855,ACC_1041,ACC_1002,2737.87,2026-08-25 10:06:00,0,0,32,0.82,pin,kplus_app,0
TX_000829,ACC_0963,ACC_0961,70.84,2026-08-25 10:08:00,0,0,43,0.26,pin,kplus_app,0
TX_006158,ACC_1009,ACC_0045,370.39,2026-08-25 10:08:00,1,0,33,0.3,pin,kplus_app,1
TX_002899,ACC_0383,ACC_0542,441.71,2026-08-25 10:09:00,1,0,40,1.11,pin,kplus_app,0
TX_002830,ACC_0291,ACC_0697,390.91,2026-08-25 10:09:00,1,0,42,1.05,pin,kplus_app,0
TX_003318,ACC_0838,ACC_0738,546.48,2026-08-25 10:13:00,1,0,31,0.26,pin,kplus_app,0
TX_006159,ACC_1009,ACC_0045,46476.4,2026-08-25 10:18:00,0,0,12,13.0,pin,kplus_app,1
TX_003242,ACC_0131,ACC_0758,257.25,2026-08-25 10:20:00,1,0,22,0.68,pin,kplus_app,0
TX_000741,ACC_0919,ACC_0099,51.86,2026-08-25 10:23:00,0,0,52,0.14,pin,kplus_app,0
TX_003116,ACC_0881,ACC_0764,1227.22,2026-08-25 10:27:00,0,0,32,0.76,pin,kplus_app,0
TX_004421,ACC_1134,ACC_0473,209.29,2026-08-25 10:40:00,0,0,52,0.37,pin,kplus_app,0
TX_005858,ACC_0477,ACC_0212,154.79,2026-08-25 10:48:00,0,0,37,0.41,face_scan,kplus_app,0
TX_005379,ACC_0438,ACC_0817,717.38,2026-08-25 10:50:00,0,0,47,1.49,pin,kplus_app,0
TX_000520,ACC_0973,ACC_1195,473.85,2026-08-25 10:55:00,0,0,60,0.46,pin,kplus_app,0
TX_004886,ACC_0973,ACC_0620,552.6,2026-08-25 10:59:00,1,0,40,0.75,pin,kplus_app,0
TX_003843,ACC_0962,ACC_0544,886.33,2026-08-25 11:03:00,0,0,42,1.17,pin,kplus_app,0
TX_003878,ACC_0725,ACC_1136,1423.35,2026-08-25 11:10:00,0,0,42,1.3,pin,kplus_app,0
TX_003727,ACC_1157,ACC_1077,922.27,2026-08-25 11:12:00,0,0,27,0.76,pin,kplus_app,0
TX_005552,ACC_0354,ACC_0922,135.4,2026-08-25 11:12:00,1,0,54,0.96,pin,kplus_app,0
TX_005532,ACC_0700,ACC_0754,235.93,2026-08-25 11:14:00,0,0,54,0.7,pin,kplus_app,0
TX_005107,ACC_0904,ACC_0192,449.08,2026-08-25 11:17:00,0,0,55,1.37,pin,kplus_app,0
TX_002415,ACC_0292,ACC_0266,939.66,2026-08-25 11:27:00,0,0,52,0.52,pin,kplus_app,0
TX_004527,ACC_0248,ACC_0555,44.54,2026-08-25 11:31:00,0,0,45,0.12,pin,kplus_app,0
TX_005680,ACC_0146,ACC_0130,194.45,2026-08-25 11:34:00,0,0,66,0.93,pin,kplus_app,0
TX_004795,ACC_0351,ACC_0604,696.17,2026-08-25 11:37:00,0,0,30,1.08,pin,kplus_app,0
TX_002242,ACC_0782,ACC_0959,316.64,2026-08-25 11:43:00,0,0,59,0.82,pin,kplus_app,0
TX_001835,ACC_0147,ACC_0715,121.6,2026-08-25 11:44:00,0,0,48,0.81,pin,kplus_app,0
TX_003319,ACC_0607,ACC_0743,467.15,2026-08-25 11:45:00,0,0,70,0.11,pin,kplus_app,0
TX_001670,ACC_0736,ACC_0239,217.68,2026-08-25 11:55:00,0,0,61,1.31,pin,kplus_app,0
TX_005372,ACC_0453,ACC_0824,330.13,2026-08-25 11:58:00,1,0,37,0.25,pin,kplus_app,0
TX_004465,ACC_0955,ACC_0990,1265.23,2026-08-25 12:10:00,0,0,28,0.95,pin,kplus_app,0
TX_001056,ACC_0376,ACC_0430,305.92,2026-08-25 12:11:00,0,0,40,0.91,face_scan,kplus_app,0
TX_000565,ACC_0223,ACC_0924,334.59,2026-08-25 12:13:00,0,0,35,1.1,face_scan,kplus_app,0
TX_001833,ACC_0366,ACC_1134,362.88,2026-08-25 12:17:00,0,0,61,0.49,none,kplus_app,0
TX_001518,ACC_1160,ACC_0204,47.93,2026-08-25 12:18:00,0,0,49,1.19,pin,kplus_app,0
TX_000623,ACC_0578,ACC_0255,168.66,2026-08-25 12:22:00,0,0,34,0.65,pin,kplus_app,0
TX_003377,ACC_0810,ACC_0513,130.3,2026-08-25 12:32:00,1,0,56,0.4,pin,kplus_app,0
TX_005849,ACC_1015,ACC_0376,1354.46,2026-08-25 12:36:00,0,0,61,1.23,pin,kplus_app,0
TX_004716,ACC_0759,ACC_0959,852.54,2026-08-25 12:38:00,0,0,48,0.42,pin,kplus_app,0
TX_000466,ACC_0780,ACC_0172,618.85,2026-08-25 12:39:00,0,0,33,0.74,pin,kplus_app,0
TX_000542,ACC_0628,ACC_0576,153.38,2026-08-25 12:42:00,0,0,38,1.3,face_scan,kplus_app,0
TX_005855,ACC_0977,ACC_1056,1189.51,2026-08-25 12:52:00,1,0,64,0.18,pin,kplus_app,0
TX_003268,ACC_0151,ACC_0426,1861.65,2026-08-25 12:52:00,0,0,53,0.11,pin,kplus_app,0
TX_001352,ACC_0373,ACC_0992,1443.12,2026-08-25 13:07:00,0,0,26,1.06,pin,kplus_app,0
TX_000458,ACC_0729,ACC_0455,308.84,2026-08-25 13:11:00,0,0,41,1.26,pin,kplus_app,0
TX_002361,ACC_0371,ACC_0852,454.05,2026-08-25 13:37:00,0,0,29,1.48,pin,kplus_app,0
TX_002798,ACC_0640,ACC_0141,140.79,2026-08-25 13:38:00,0,0,28,1.11,pin,kplus_app,0
TX_005364,ACC_0956,ACC_0605,1229.33,2026-08-25 13:42:00,0,0,51,0.34,pin,kplus_app,0
TX_002892,ACC_0208,ACC_0278,336.93,2026-08-25 13:44:00,0,0,47,1.45,pin,kplus_app,0
TX_001231,ACC_0900,ACC_0768,73.74,2026-08-25 13:46:00,0,0,59,1.15,none,kplus_app,0
TX_001184,ACC_0929,ACC_0307,647.36,2026-08-25 13:50:00,0,0,32,0.64,pin,kplus_app,0
TX_003247,ACC_0964,ACC_0525,762.88,2026-08-25 13:56:00,0,0,35,0.14,face_scan,kplus_app,0
TX_002107,ACC_0650,ACC_0501,2619.21,2026-08-25 13:58:00,0,0,55,0.62,face_scan,kplus_app,0
TX_004318,ACC_0500,ACC_0891,1116.62,2026-08-25 14:00:00,1,0,47,0.44,pin,kplus_app,0
TX_000276,ACC_0395,ACC_1033,1097.62,2026-08-25 14:02:00,0,0,33,0.33,face_scan,kplus_app,0
TX_002261,ACC_0526,ACC_0322,822.89,2026-08-25 14:09:00,1,0,37,0.27,pin,kplus_app,0
TX_001437,ACC_0741,ACC_1160,166.06,2026-08-25 14:09:00,1,1,53,1.0,pin,kplus_app,0
TX_000982,ACC_0466,ACC_0693,1005.18,2026-08-25 14:19:00,0,0,38,0.86,pin,kplus_app,0
TX_001510,ACC_0431,ACC_1169,1990.78,2026-08-25 14:25:00,0,0,63,0.85,pin,kplus_app,0
TX_001795,ACC_0944,ACC_1142,210.63,2026-08-25 14:33:00,0,0,47,0.52,pin,kplus_app,0
TX_003303,ACC_1180,ACC_1101,356.52,2026-08-25 14:33:00,1,0,51,1.2,pin,kplus_app,0
TX_001324,ACC_0434,ACC_0126,256.53,2026-08-25 14:41:00,1,0,65,0.46,face_scan,kplus_app,0
TX_001084,ACC_0367,ACC_0842,789.85,2026-08-25 14:42:00,1,0,48,0.89,face_scan,kplus_app,0
TX_000785,ACC_1139,ACC_0990,297.51,2026-08-25 14:47:00,0,0,47,1.11,pin,kplus_app,0
TX_004417,ACC_0128,ACC_0968,166.63,2026-08-25 14:54:00,0,0,25,0.48,pin,kplus_app,0
TX_005341,ACC_0789,ACC_1138,817.07,2026-08-25 14:55:00,0,0,54,0.41,pin,kplus_app,0
TX_003789,ACC_0777,ACC_0631,76.6,2026-08-25 14:57:00,0,1,51,0.25,pin,kplus_app,0
TX_002941,ACC_0747,ACC_1062,3871.99,2026-08-25 15:12:00,1,0,23,1.31,pin,kplus_app,0
TX_006210,ACC_0125,ACC_0014,112.23,2026-08-25 15:14:00,1,0,49,0.3,pin,kplus_app,1
TX_000655,ACC_0159,ACC_0286,563.89,2026-08-25 15:15:00,0,0,32,0.26,pin,kplus_app,0
TX_003642,ACC_0111,ACC_0308,331.89,2026-08-25 15:23:00,0,0,43,1.13,pin,kplus_app,0
TX_006211,ACC_0125,ACC_0014,45700.81,2026-08-25 15:26:00,0,0,350,11.62,pin,kplus_app,1
TX_001330,ACC_0463,ACC_0442,651.96,2026-08-25 15:29:00,0,0,43,0.66,pin,kplus_app,0
TX_000898,ACC_0637,ACC_0702,1228.86,2026-08-25 15:34:00,1,0,63,0.69,pin,kplus_app,0
TX_004108,ACC_0551,ACC_0980,160.59,2026-08-25 15:42:00,1,0,53,1.28,pin,kplus_app,0
TX_005625,ACC_1166,ACC_0429,101.73,2026-08-25 15:44:00,1,0,71,0.73,pin,kplus_app,0
TX_004348,ACC_1023,ACC_0804,2057.67,2026-08-25 15:57:00,1,0,42,0.5,pin,kplus_app,0
TX_004589,ACC_0072,ACC_0357,935.3,2026-08-25 16:04:00,0,0,18,1.31,face_scan,kplus_app,0
TX_003874,ACC_1002,ACC_0415,382.68,2026-08-25 16:06:00,0,0,28,0.13,pin,kplus_app,0
TX_005038,ACC_0401,ACC_0719,631.96,2026-08-25 16:10:00,0,0,41,1.37,face_scan,kplus_app,0
TX_003388,ACC_0632,ACC_0265,449.58,2026-08-25 16:13:00,0,0,53,1.12,pin,kplus_app,0
TX_004539,ACC_0747,ACC_0488,274.85,2026-08-25 16:19:00,1,0,52,0.66,pin,kplus_app,0
TX_003028,ACC_0245,ACC_0385,41.41,2026-08-25 16:20:00,0,0,36,1.0,pin,kplus_app,0
TX_002945,ACC_0169,ACC_0814,447.41,2026-08-25 16:23:00,1,0,38,0.69,pin,kplus_app,0
TX_003519,ACC_1121,ACC_0448,222.3,2026-08-25 16:23:00,0,0,59,0.16,pin,kplus_app,0
TX_000972,ACC_1106,ACC_0680,810.29,2026-08-25 16:30:00,0,0,68,0.76,pin,kplus_app,0
TX_003868,ACC_0140,ACC_0176,1667.37,2026-08-25 16:43:00,0,0,45,0.81,face_scan,kplus_app,0
TX_004608,ACC_0345,ACC_1152,1194.84,2026-08-25 16:45:00,1,0,42,1.39,pin,kplus_app,0
TX_003728,ACC_1118,ACC_0575,300.48,2026-08-25 16:47:00,0,0,53,1.05,pin,kplus_app,0
TX_001341,ACC_0908,ACC_1064,411.15,2026-08-25 17:05:00,0,0,46,0.16,face_scan,kplus_app,0
TX_001022,ACC_1110,ACC_1042,851.91,2026-08-25 17:08:00,0,0,32,0.28,pin,kplus_app,0
TX_003489,ACC_0894,ACC_0958,297.4,2026-08-25 17:16:00,0,0,54,1.23,pin,kplus_app,0
TX_003199,ACC_0120,ACC_1037,2226.89,2026-08-25 17:17:00,0,0,33,0.27,pin,kplus_app,0
TX_000617,ACC_0321,ACC_0121,184.34,2026-08-25 17:22:00,0,0,43,0.11,pin,kplus_app,0
TX_005996,ACC_0990,ACC_0588,109.35,2026-08-25 17:24:00,0,0,40,1.46,pin,kplus_app,0
TX_002731,ACC_1163,ACC_0883,92.11,2026-08-25 17:40:00,1,0,60,0.64,pin,kplus_app,0
TX_004463,ACC_0173,ACC_0755,1646.82,2026-08-25 18:07:00,0,0,28,0.92,face_scan,kplus_app,0
TX_003448,ACC_0121,ACC_1111,1458.62,2026-08-25 18:17:00,0,0,47,1.17,pin,kplus_app,0
TX_004165,ACC_0558,ACC_0297,204.9,2026-08-25 18:18:00,0,0,57,0.93,face_scan,kplus_app,0
TX_001646,ACC_0571,ACC_0732,303.44,2026-08-25 18:20:00,0,0,24,1.44,pin,kplus_app,0
TX_005027,ACC_0471,ACC_0645,173.31,2026-08-25 18:31:00,0,1,56,0.65,pin,kplus_app,0
TX_003218,ACC_0810,ACC_0271,312.7,2026-08-25 18:32:00,1,0,71,1.22,pin,kplus_app,0
TX_004257,ACC_0917,ACC_0990,1972.7,2026-08-25 18:41:00,0,0,61,1.45,pin,kplus_app,0
TX_000729,ACC_0350,ACC_0188,107.65,2026-08-25 18:49:00,0,0,49,1.16,face_scan,kplus_app,0
TX_001071,ACC_0571,ACC_0410,1488.89,2026-08-25 18:52:00,0,0,28,0.91,pin,kplus_app,0
TX_002659,ACC_0634,ACC_0962,243.84,2026-08-25 18:54:00,0,0,31,1.13,pin,kplus_app,0
TX_002911,ACC_0735,ACC_1179,159.6,2026-08-25 19:00:00,0,0,58,0.83,pin,kplus_app,0
TX_003422,ACC_0460,ACC_0332,1037.73,2026-08-25 19:10:00,1,0,50,0.41,pin,kplus_app,0
TX_003209,ACC_0259,ACC_0125,116.6,2026-08-25 19:20:00,1,0,28,0.32,pin,kplus_app,0
TX_001872,ACC_1137,ACC_0575,153.11,2026-08-25 19:29:00,0,0,54,1.19,pin,kplus_app,0
TX_002758,ACC_0695,ACC_0802,591.77,2026-08-25 19:30:00,0,0,47,0.11,face_scan,kplus_app,0
TX_005361,ACC_0380,ACC_1199,1113.98,2026-08-25 19:31:00,0,0,52,1.09,pin,kplus_app,0
TX_004819,ACC_0232,ACC_1051,349.36,2026-08-25 19:35:00,0,0,54,0.41,face_scan,kplus_app,0
TX_006336,ACC_0007,ACC_0056,47404.31,2026-08-25 19:41:38,1,1,14,7.96,pin,promptpay,1
TX_000535,ACC_0101,ACC_0131,432.11,2026-08-25 19:42:00,0,0,38,0.23,pin,kplus_app,0
TX_003150,ACC_0888,ACC_0683,2750.23,2026-08-25 19:44:00,1,0,43,0.35,pin,kplus_app,0
TX_003945,ACC_0881,ACC_0566,107.01,2026-08-25 19:44:00,1,0,31,1.19,face_scan,kplus_app,0
TX_000525,ACC_0483,ACC_1165,96.22,2026-08-25 19:51:00,0,0,43,1.36,pin,kplus_app,0
TX_004800,ACC_1186,ACC_0455,1941.74,2026-08-25 19:59:00,1,0,48,0.45,face_scan,kplus_app,0
TX_005885,ACC_0102,ACC_0937,78.46,2026-08-25 20:01:00,0,0,40,1.06,pin,kplus_app,0
TX_004432,ACC_0338,ACC_0989,1250.33,2026-08-25 20:03:00,0,0,47,1.47,pin,kplus_app,0
TX_000674,ACC_1101,ACC_0978,2153.13,2026-08-25 20:04:00,1,1,42,0.93,pin,kplus_app,0
TX_006280,ACC_0482,ACC_0030,287.36,2026-08-25 20:16:00,1,0,38,0.3,pin,kplus_app,1
TX_003167,ACC_0130,ACC_0332,61.35,2026-08-25 20:27:00,0,0,35,0.16,pin,kplus_app,0
TX_006281,ACC_0482,ACC_0030,37333.48,2026-08-25 20:28:00,0,0,350,13.64,pin,kplus_app,1
TX_002277,ACC_0101,ACC_0833,411.2,2026-08-25 20:40:00,0,0,45,1.19,pin,kplus_app,0
TX_001425,ACC_0229,ACC_0872,532.75,2026-08-25 20:45:00,0,0,53,0.73,pin,kplus_app,0
TX_003345,ACC_0180,ACC_0299,360.0,2026-08-25 20:48:00,0,0,54,0.91,pin,kplus_app,0
TX_000885,ACC_1101,ACC_0138,371.07,2026-08-25 20:56:00,1,0,42,0.25,pin,kplus_app,0
TX_001197,ACC_0643,ACC_0847,2194.7,2026-08-25 20:58:00,0,0,37,0.69,pin,kplus_app,0
TX_001627,ACC_1189,ACC_0621,156.23,2026-08-25 21:02:00,1,0,52,1.03,pin,kplus_app,0
TX_003161,ACC_0600,ACC_0472,757.57,2026-08-25 21:04:00,0,0,46,0.15,pin,kplus_app,0
TX_000750,ACC_0326,ACC_0403,1054.56,2026-08-25 21:20:00,1,0,69,0.9,pin,kplus_app,0
TX_002193,ACC_0941,ACC_0117,1606.39,2026-08-25 21:21:00,1,0,44,0.68,pin,kplus_app,0
TX_002799,ACC_0972,ACC_1045,818.77,2026-08-25 21:22:00,1,0,60,0.59,pin,kplus_app,0
TX_004021,ACC_0338,ACC_0613,51.53,2026-08-25 21:34:00,0,0,36,1.19,pin,kplus_app,0
TX_003517,ACC_0074,ACC_0244,2269.74,2026-08-25 21:46:00,1,0,19,0.47,pin,kplus_app,0
TX_004564,ACC_1045,ACC_0106,2372.28,2026-08-25 21:53:00,0,0,55,1.27,pin,kplus_app,0
TX_002225,ACC_0774,ACC_0673,87.05,2026-08-25 22:08:00,0,0,61,0.88,pin,kplus_app,0
TX_004380,ACC_0063,ACC_0110,600.87,2026-08-25 22:19:00,0,0,40,0.68,pin,kplus_app,0
TX_003580,ACC_0294,ACC_0682,2143.8,2026-08-25 22:32:00,1,0,48,0.74,pin,kplus_app,0
TX_003614,ACC_0301,ACC_0625,494.66,2026-08-25 22:39:00,0,0,41,0.21,face_scan,kplus_app,0
TX_001448,ACC_0495,ACC_1141,1075.79,2026-08-25 22:44:00,0,0,51,0.79,pin,kplus_app,0
TX_003973,ACC_0198,ACC_0557,2899.88,2026-08-25 22:55:00,0,0,46,1.26,pin,kplus_app,0
TX_003443,ACC_0516,ACC_1031,453.73,2026-08-25 22:58:00,0,0,32,1.0,pin,kplus_app,0
TX_005767,ACC_0688,ACC_0348,712.1,2026-08-25 23:06:00,0,0,66,0.98,pin,kplus_app,0
TX_004908,ACC_1183,ACC_0699,63.39,2026-08-25 23:08:00,0,0,43,1.36,pin,kplus_app,0
TX_001954,ACC_0765,ACC_0504,887.24,2026-08-25 23:08:00,0,0,53,0.8,face_scan,kplus_app,0
TX_000424,ACC_0725,ACC_1156,328.45,2026-08-25 23:09:00,0,0,36,0.18,pin,kplus_app,0
TX_005700,ACC_0459,ACC_0139,46.17,2026-08-25 23:12:00,0,0,43,0.11,pin,kplus_app,0
TX_001860,ACC_0737,ACC_0762,1021.13,2026-08-25 23:27:00,0,0,52,0.23,pin,kplus_app,0
TX_003246,ACC_0270,ACC_0701,390.17,2026-08-25 23:29:00,0,0,60,0.62,face_scan,kplus_app,0
TX_003903,ACC_0947,ACC_0433,593.17,2026-08-25 23:33:00,0,0,50,0.49,face_scan,kplus_app,0
TX_006312,ACC_0591,ACC_0039,206.61,2026-08-25 23:36:00,1,0,32,0.3,pin,kplus_app,1
TX_002485,ACC_0970,ACC_0060,218.94,2026-08-25 23:42:00,0,0,37,1.25,pin,kplus_app,0
TX_005050,ACC_0278,ACC_0203,373.73,2026-08-25 23:46:00,0,0,53,1.48,pin,kplus_app,0
TX_006313,ACC_0591,ACC_0039,32289.54,2026-08-25 23:47:00,0,0,350,20.5,pin,kplus_app,1
TX_003486,ACC_0997,ACC_0675,514.41,2026-08-25 23:56:00,0,0,39,1.42,pin,kplus_app,0
TX_004885,ACC_1126,ACC_0806,301.78,2026-08-26 00:06:00,1,0,38,1.42,pin,kplus_app,0
TX_004686,ACC_1164,ACC_0341,374.19,2026-08-26 00:07:00,0,0,52,0.48,pin,kplus_app,0
TX_002737,ACC_0347,ACC_0063,551.64,2026-08-26 00:08:00,0,0,51,1.41,pin,kplus_app,0
TX_005093,ACC_0871,ACC_0736,472.17,2026-08-26 00:10:00,0,0,56,0.7,pin,kplus_app,0
TX_005421,ACC_0345,ACC_0809,284.84,2026-08-26 00:12:00,1,0,25,0.41,pin,kplus_app,0
TX_002310,ACC_0265,ACC_0145,214.84,2026-08-26 00:18:00,1,0,40,0.79,pin,kplus_app,0
TX_004948,ACC_0962,ACC_0106,208.56,2026-08-26 00:46:00,1,0,66,0.33,pin,kplus_app,0
TX_000285,ACC_0726,ACC_0568,74.38,2026-08-26 00:57:00,0,0,61,1.4,pin,kplus_app,0
TX_002113,ACC_1025,ACC_0756,1242.08,2026-08-26 01:01:00,1,0,40,1.35,pin,kplus_app,0
TX_006066,ACC_0178,ACC_0001,311.01,2026-08-26 01:03:00,1,0,36,0.3,pin,kplus_app,1
TX_001375,ACC_0389,ACC_0247,1734.32,2026-08-26 01:07:00,0,0,16,1.17,face_scan,kplus_app,0
TX_000265,ACC_0112,ACC_0481,862.56,2026-08-26 01:09:00,0,0,48,0.72,pin,kplus_app,0
TX_002515,ACC_0583,ACC_0275,291.11,2026-08-26 01:09:00,0,0,76,0.54,pin,kplus_app,0
TX_006067,ACC_0178,ACC_0001,46409.11,2026-08-26 01:12:00,0,0,350,18.65,pin,kplus_app,1
TX_006324,ACC_0052,ACC_0016,57317.58,2026-08-26 01:12:39,1,1,16,8.13,pin,promptpay,1
TX_003861,ACC_0108,ACC_0408,306.54,2026-08-26 01:17:00,0,0,52,0.54,pin,kplus_app,0
TX_004430,ACC_0191,ACC_0946,274.57,2026-08-26 01:23:00,1,0,48,0.85,pin,kplus_app,0
TX_003778,ACC_1141,ACC_0652,667.55,2026-08-26 01:23:00,0,0,48,0.52,pin,kplus_app,0
TX_004999,ACC_0303,ACC_0377,714.33,2026-08-26 01:26:00,0,0,39,0.59,pin,kplus_app,0
TX_002867,ACC_0930,ACC_1115,577.35,2026-08-26 01:32:00,0,0,66,1.19,pin,kplus_app,0
TX_002576,ACC_1100,ACC_0088,3705.17,2026-08-26 01:33:00,0,0,28,0.91,pin,kplus_app,0
TX_001997,ACC_1162,ACC_0887,244.21,2026-08-26 01:37:00,0,0,39,0.83,pin,kplus_app,0
TX_005962,ACC_0373,ACC_1058,2059.07,2026-08-26 01:40:00,0,0,52,0.38,pin,kplus_app,0
TX_000694,ACC_0914,ACC_1192,1179.75,2026-08-26 01:43:00,0,0,40,0.18,pin,kplus_app,0
TX_005149,ACC_0231,ACC_0764,727.17,2026-08-26 01:51:00,0,0,56,0.47,pin,kplus_app,0
TX_004848,ACC_0684,ACC_0818,112.43,2026-08-26 01:51:00,0,0,52,1.16,pin,kplus_app,0
TX_002074,ACC_0424,ACC_0377,1906.03,2026-08-26 01:56:00,0,0,36,0.92,pin,kplus_app,0
TX_000875,ACC_0874,ACC_0289,498.99,2026-08-26 02:00:00,1,0,41,1.48,pin,kplus_app,0
TX_002272,ACC_0286,ACC_0512,521.15,2026-08-26 02:02:00,1,0,53,1.12,pin,kplus_app,0
TX_001279,ACC_0360,ACC_0286,3056.62,2026-08-26 02:05:00,0,0,52,0.53,pin,kplus_app,0
TX_003559,ACC_0745,ACC_0896,594.44,2026-08-26 02:34:00,0,0,40,0.97,pin,kplus_app,0
TX_002370,ACC_0955,ACC_0337,964.26,2026-08-26 02:37:00,0,0,40,0.56,pin,kplus_app,0
TX_001511,ACC_0787,ACC_1198,958.74,2026-08-26 02:39:00,0,0,57,0.76,pin,kplus_app,0
TX_003532,ACC_1116,ACC_0869,1190.0,2026-08-26 02:42:00,1,0,49,1.4,pin,kplus_app,0
TX_004918,ACC_0869,ACC_1175,1044.71,2026-08-26 02:42:00,0,0,21,1.17,pin,kplus_app,0
TX_005358,ACC_0296,ACC_0319,2278.23,2026-08-26 03:03:00,0,0,47,0.76,pin,kplus_app,0
TX_000094,ACC_1134,ACC_0570,1681.06,2026-08-26 03:07:00,1,0,57,0.78,pin,kplus_app,0
TX_003524,ACC_0655,ACC_1185,262.6,2026-08-26 03:17:00,0,0,36,1.4,pin,kplus_app,0
TX_003053,ACC_0755,ACC_0961,112.12,2026-08-26 03:19:00,0,0,20,0.2,pin,kplus_app,0
TX_003927,ACC_0657,ACC_0632,549.58,2026-08-26 03:35:00,0,0,36,0.75,pin,kplus_app,0
TX_005485,ACC_0167,ACC_0362,259.77,2026-08-26 03:44:00,1,0,50,0.79,pin,kplus_app,0
TX_003085,ACC_0333,ACC_1067,378.53,2026-08-26 03:53:00,0,0,46,0.37,pin,kplus_app,0
TX_000070,ACC_0065,ACC_0257,258.47,2026-08-26 04:08:00,0,0,34,1.26,pin,kplus_app,0
TX_004397,ACC_1160,ACC_0900,102.54,2026-08-26 04:10:00,0,0,45,0.55,pin,kplus_app,0
TX_001764,ACC_0792,ACC_0145,407.18,2026-08-26 04:11:00,0,0,53,0.41,pin,kplus_app,0
TX_003153,ACC_0271,ACC_1111,1212.5,2026-08-26 04:12:00,0,0,56,0.8,pin,kplus_app,0
TX_002723,ACC_1196,ACC_1103,1805.68,2026-08-26 04:22:00,1,0,38,0.79,pin,kplus_app,0
TX_001980,ACC_0917,ACC_0528,819.03,2026-08-26 04:24:00,0,0,66,0.81,face_scan,kplus_app,0
TX_005716,ACC_0981,ACC_0455,516.33,2026-08-26 04:25:00,1,0,26,1.37,pin,kplus_app,0
TX_003024,ACC_0591,ACC_0530,142.11,2026-08-26 04:38:00,0,0,50,0.3,pin,kplus_app,0
TX_001966,ACC_0807,ACC_0549,95.29,2026-08-26 04:42:00,1,0,42,1.28,pin,kplus_app,0
TX_002237,ACC_1136,ACC_0167,931.78,2026-08-26 04:54:00,0,0,42,0.46,face_scan,kplus_app,0
TX_001960,ACC_0259,ACC_0542,1468.98,2026-08-26 05:02:00,0,0,69,0.25,face_scan,kplus_app,0
TX_002832,ACC_0911,ACC_1170,922.12,2026-08-26 05:05:00,0,0,49,1.49,pin,kplus_app,0
TX_000794,ACC_0693,ACC_1140,1503.58,2026-08-26 05:10:00,1,0,46,0.81,pin,kplus_app,0
TX_004894,ACC_0523,ACC_1117,100.86,2026-08-26 05:10:00,0,0,58,1.34,pin,kplus_app,0
TX_000327,ACC_0417,ACC_1087,1056.59,2026-08-26 05:22:00,0,0,65,1.01,pin,kplus_app,0
TX_004239,ACC_1190,ACC_0502,121.67,2026-08-26 05:28:00,1,0,58,1.24,pin,kplus_app,0
TX_005029,ACC_0974,ACC_0788,384.11,2026-08-26 05:31:00,0,0,47,0.37,face_scan,kplus_app,0
TX_005355,ACC_0098,ACC_1125,313.31,2026-08-26 05:38:00,0,0,54,1.35,face_scan,kplus_app,0
TX_004360,ACC_0428,ACC_0898,146.47,2026-08-26 05:48:00,0,0,43,1.09,pin,kplus_app,0
TX_006006,ACC_0888,ACC_0013,339.17,2026-08-26 05:52:00,1,0,37,0.3,pin,kplus_app,1
TX_004290,ACC_0251,ACC_0973,1582.2,2026-08-26 06:00:00,0,0,47,0.68,pin,kplus_app,0
TX_006007,ACC_0888,ACC_0013,39859.58,2026-08-26 06:00:00,0,0,350,8.27,pin,kplus_app,1
TX_003957,ACC_1162,ACC_0390,346.93,2026-08-26 06:11:00,0,0,35,1.44,pin,kplus_app,0
TX_000253,ACC_0654,ACC_1075,1097.29,2026-08-26 06:36:00,0,0,48,0.96,pin,kplus_app,0
TX_005098,ACC_0711,ACC_1170,177.53,2026-08-26 06:37:00,0,0,51,0.36,pin,kplus_app,0
TX_005525,ACC_0936,ACC_0897,712.2,2026-08-26 06:38:00,0,0,65,0.63,pin,kplus_app,0
TX_001886,ACC_1198,ACC_0657,986.15,2026-08-26 06:47:00,0,0,39,1.27,pin,kplus_app,0
TX_004129,ACC_0177,ACC_0225,79.47,2026-08-26 06:48:00,0,0,50,0.19,pin,kplus_app,0
TX_004621,ACC_0469,ACC_0242,533.33,2026-08-26 06:49:00,1,0,37,0.33,pin,kplus_app,0
TX_004790,ACC_1173,ACC_0733,1454.85,2026-08-26 07:03:00,0,0,50,0.11,pin,kplus_app,0
TX_000021,ACC_0391,ACC_0264,961.02,2026-08-26 07:04:00,1,0,32,0.13,pin,kplus_app,0
TX_002072,ACC_0751,ACC_1063,1104.72,2026-08-26 07:09:00,0,0,56,1.42,pin,kplus_app,0
TX_001541,ACC_0804,ACC_1167,1340.03,2026-08-26 07:10:00,0,0,40,0.25,pin,kplus_app,0
TX_000558,ACC_0731,ACC_0150,1985.83,2026-08-26 07:14:00,0,0,60,1.49,pin,kplus_app,0
TX_000934,ACC_0354,ACC_0138,524.71,2026-08-26 07:26:00,0,0,78,0.24,pin,kplus_app,0
TX_005599,ACC_0440,ACC_0639,702.63,2026-08-26 07:37:00,1,0,47,0.24,pin,kplus_app,0
TX_001549,ACC_0091,ACC_0512,314.56,2026-08-26 07:37:00,1,0,36,0.93,face_scan,kplus_app,0
TX_000178,ACC_1002,ACC_0870,148.97,2026-08-26 07:38:00,0,1,38,0.92,pin,kplus_app,0
TX_000812,ACC_0499,ACC_0316,457.3,2026-08-26 07:41:00,0,0,57,0.78,pin,kplus_app,0
TX_002587,ACC_0393,ACC_0572,429.94,2026-08-26 07:41:00,1,0,37,0.82,pin,kplus_app,0
TX_000782,ACC_0833,ACC_0149,129.24,2026-08-26 07:42:00,0,0,65,0.16,pin,kplus_app,0
TX_000277,ACC_0362,ACC_0996,180.86,2026-08-26 07:43:00,0,0,57,0.44,none,kplus_app,0
TX_005207,ACC_0298,ACC_0550,380.7,2026-08-26 07:43:00,1,0,29,0.42,pin,kplus_app,0
TX_003144,ACC_0062,ACC_0392,188.4,2026-08-26 07:47:00,1,0,52,1.43,pin,kplus_app,0
TX_002141,ACC_1119,ACC_0266,515.4,2026-08-26 07:47:00,0,0,57,0.99,pin,kplus_app,0
TX_005876,ACC_0828,ACC_0289,339.23,2026-08-26 07:52:00,0,0,69,0.14,pin,kplus_app,0
TX_003549,ACC_0790,ACC_1154,293.31,2026-08-26 08:15:00,0,0,40,0.53,pin,kplus_app,0
TX_001170,ACC_0480,ACC_0066,872.62,2026-08-26 08:30:00,1,0,59,0.98,pin,kplus_app,0
TX_004711,ACC_0364,ACC_0906,666.61,2026-08-26 08:32:00,0,0,56,0.63,pin,kplus_app,0
TX_004515,ACC_0752,ACC_0727,185.97,2026-08-26 08:35:00,0,0,35,1.39,pin,kplus_app,0
TX_004965,ACC_1061,ACC_0941,468.87,2026-08-26 08:36:00,1,0,39,1.43,pin,kplus_app,0
TX_005566,ACC_0719,ACC_0926,366.79,2026-08-26 08:38:00,0,0,40,0.19,pin,kplus_app,0
TX_001976,ACC_0278,ACC_0714,2159.81,2026-08-26 08:44:00,0,0,67,0.48,pin,kplus_app,0
TX_004437,ACC_1024,ACC_0202,861.29,2026-08-26 08:44:00,0,0,36,1.47,pin,kplus_app,0
TX_003679,ACC_1176,ACC_1033,858.43,2026-08-26 08:52:00,0,0,42,1.11,face_scan,kplus_app,0
TX_001606,ACC_0421,ACC_0238,305.67,2026-08-26 09:07:00,0,0,52,0.21,face_scan,kplus_app,0
TX_000736,ACC_1187,ACC_0735,688.88,2026-08-26 09:15:00,0,0,45,0.21,pin,kplus_app,0
TX_004444,ACC_0966,ACC_1119,82.11,2026-08-26 09:16:00,0,0,42,0.57,pin,kplus_app,0
TX_001593,ACC_0815,ACC_0331,1669.06,2026-08-26 09:33:00,1,0,33,0.6,pin,kplus_app,0
TX_000588,ACC_0453,ACC_0652,601.74,2026-08-26 09:46:00,0,0,49,1.19,pin,kplus_app,0
TX_000662,ACC_0765,ACC_0614,2200.21,2026-08-26 09:50:00,0,0,38,0.53,pin,kplus_app,0
TX_004492,ACC_0225,ACC_0583,72.75,2026-08-26 10:14:00,0,0,44,0.34,face_scan,kplus_app,0
TX_005667,ACC_1136,ACC_0624,902.49,2026-08-26 10:17:00,1,0,47,1.11,pin,kplus_app,0
TX_001651,ACC_1076,ACC_0179,604.13,2026-08-26 10:37:00,1,0,54,0.61,pin,kplus_app,0
TX_005669,ACC_0416,ACC_0247,1326.79,2026-08-26 10:42:00,0,0,45,0.18,face_scan,kplus_app,0
TX_004571,ACC_1178,ACC_0488,75.79,2026-08-26 10:51:00,0,1,52,0.79,pin,kplus_app,0
TX_001856,ACC_0729,ACC_0690,267.64,2026-08-26 10:53:00,0,0,46,0.58,pin,kplus_app,0
TX_001357,ACC_0529,ACC_0438,767.65,2026-08-26 10:55:00,0,0,43,1.11,face_scan,kplus_app,0
TX_001816,ACC_0663,ACC_0220,103.82,2026-08-26 10:56:00,1,0,37,1.07,pin,kplus_app,0
TX_004121,ACC_0244,ACC_1091,364.59,2026-08-26 11:06:00,0,0,34,0.47,pin,kplus_app,0
TX_004034,ACC_1034,ACC_0685,392.3,2026-08-26 11:22:00,0,1,49,0.6,pin,kplus_app,0
TX_003384,ACC_1150,ACC_1106,761.3,2026-08-26 11:29:00,0,0,58,0.69,pin,kplus_app,0
TX_002775,ACC_0395,ACC_1086,137.53,2026-08-26 11:35:00,0,0,33,0.41,pin,kplus_app,0
TX_005069,ACC_0248,ACC_0650,939.32,2026-08-26 11:36:00,1,0,49,0.96,pin,kplus_app,0
TX_003826,ACC_0656,ACC_0545,105.23,2026-08-26 11:37:00,0,0,36,0.23,pin,kplus_app,0
TX_000191,ACC_0788,ACC_0231,360.79,2026-08-26 12:23:00,0,0,30,0.94,pin,kplus_app,0
TX_001067,ACC_1195,ACC_0060,439.55,2026-08-26 12:28:00,0,1,56,0.12,pin,kplus_app,0
TX_005302,ACC_0369,ACC_0905,51.51,2026-08-26 12:28:00,0,0,62,0.43,face_scan,kplus_app,0
TX_001073,ACC_0779,ACC_0645,298.65,2026-08-26 12:30:00,0,0,41,0.18,pin,kplus_app,0
TX_002252,ACC_1137,ACC_0366,267.53,2026-08-26 12:34:00,1,0,60,1.34,pin,kplus_app,0
TX_001104,ACC_0274,ACC_0227,809.77,2026-08-26 12:38:00,0,0,44,0.55,pin,kplus_app,0
TX_001706,ACC_0663,ACC_0084,236.59,2026-08-26 12:38:00,1,0,50,1.24,pin,kplus_app,0
TX_001563,ACC_0520,ACC_0216,359.3,2026-08-26 12:48:00,1,0,47,0.94,pin,kplus_app,0
TX_005495,ACC_0670,ACC_0471,1726.6,2026-08-26 12:51:00,1,0,55,1.37,pin,kplus_app,0
TX_002891,ACC_0643,ACC_0854,629.71,2026-08-26 12:55:00,1,0,49,0.59,pin,kplus_app,0
TX_005878,ACC_0996,ACC_0126,1238.83,2026-08-26 13:02:00,0,0,41,0.76,pin,kplus_app,0
TX_005926,ACC_0191,ACC_0438,239.18,2026-08-26 13:04:00,0,0,35,0.64,pin,kplus_app,0
TX_001232,ACC_0212,ACC_1090,72.22,2026-08-26 13:06:00,0,0,34,1.37,pin,kplus_app,0
TX_001111,ACC_0487,ACC_0157,1549.37,2026-08-26 13:06:00,0,0,51,0.95,pin,kplus_app,0
TX_001204,ACC_0545,ACC_0405,855.3,2026-08-26 13:16:00,0,0,52,1.12,pin,kplus_app,0
TX_005721,ACC_0592,ACC_1008,260.84,2026-08-26 13:23:00,0,0,51,0.97,pin,kplus_app,0
TX_001562,ACC_0664,ACC_0518,1298.49,2026-08-26 13:24:00,1,0,39,0.66,pin,kplus_app,0
TX_003070,ACC_1104,ACC_0891,962.61,2026-08-26 13:33:00,0,0,48,1.43,pin,kplus_app,0
TX_000230,ACC_0220,ACC_0466,481.92,2026-08-26 13:34:00,0,0,54,1.46,none,kplus_app,0
TX_003494,ACC_0909,ACC_0598,176.7,2026-08-26 13:44:00,0,0,42,1.16,face_scan,kplus_app,0
TX_002560,ACC_0891,ACC_0399,364.22,2026-08-26 14:00:00,0,0,32,0.27,pin,kplus_app,0
TX_003005,ACC_0311,ACC_1149,1343.9,2026-08-26 14:08:00,1,0,62,0.28,pin,kplus_app,0
TX_000400,ACC_1183,ACC_1155,236.74,2026-08-26 14:29:00,0,0,59,1.25,pin,kplus_app,0
TX_004448,ACC_0976,ACC_0784,1388.65,2026-08-26 14:43:00,1,0,59,0.21,pin,kplus_app,0
TX_003918,ACC_0420,ACC_0818,1688.25,2026-08-26 14:48:00,0,0,43,1.26,pin,kplus_app,0
TX_004206,ACC_0222,ACC_0432,293.93,2026-08-26 15:03:00,1,1,23,0.41,pin,kplus_app,0
TX_004399,ACC_0655,ACC_0388,665.69,2026-08-26 15:35:00,0,0,60,0.26,pin,kplus_app,0
TX_002761,ACC_0974,ACC_0222,746.42,2026-08-26 15:36:00,0,0,50,0.21,pin,kplus_app,0
TX_004727,ACC_0341,ACC_0207,231.87,2026-08-26 15:46:00,1,0,37,0.56,pin,kplus_app,0
TX_004771,ACC_0255,ACC_0123,773.06,2026-08-26 15:51:00,0,0,36,0.96,face_scan,kplus_app,0
TX_003432,ACC_0310,ACC_0886,765.53,2026-08-26 16:07:00,0,0,47,0.74,pin,kplus_app,0
TX_004087,ACC_0505,ACC_0353,1455.55,2026-08-26 16:10:00,0,0,47,1.43,pin,kplus_app,0
TX_001918,ACC_0383,ACC_0705,201.56,2026-08-26 16:11:00,1,0,55,0.32,pin,kplus_app,0
TX_000494,ACC_1140,ACC_1142,1488.84,2026-08-26 16:22:00,0,0,51,1.29,pin,kplus_app,0
TX_001408,ACC_0879,ACC_0180,149.62,2026-08-26 16:22:00,0,0,35,0.6,pin,kplus_app,0
TX_002117,ACC_0405,ACC_0536,300.44,2026-08-26 16:29:00,0,0,54,0.24,pin,kplus_app,0
TX_002354,ACC_0408,ACC_0447,891.79,2026-08-26 16:41:00,0,0,47,0.64,pin,kplus_app,0
TX_006334,ACC_0032,ACC_0022,25564.19,2026-08-26 16:52:57,1,1,19,6.94,pin,promptpay,1
TX_005987,ACC_0675,ACC_0589,129.35,2026-08-26 16:58:00,0,0,70,0.13,pin,kplus_app,0
TX_002552,ACC_0649,ACC_0891,1266.59,2026-08-26 17:12:00,1,0,39,0.4,pin,kplus_app,0
TX_004532,ACC_0885,ACC_0644,636.13,2026-08-26 17:23:00,0,0,58,0.81,face_scan,kplus_app,0
TX_005899,ACC_0476,ACC_0330,153.08,2026-08-26 17:59:00,1,0,28,1.43,pin,kplus_app,0
TX_001692,ACC_0212,ACC_1141,160.94,2026-08-26 18:00:00,1,0,40,0.37,pin,kplus_app,0
TX_000135,ACC_0755,ACC_0545,248.0,2026-08-26 18:02:00,0,0,38,1.11,face_scan,kplus_app,0
TX_003573,ACC_0714,ACC_0841,4250.34,2026-08-26 18:03:00,0,0,49,1.03,pin,kplus_app,0
TX_003496,ACC_0173,ACC_1034,751.05,2026-08-26 18:06:00,0,0,60,0.83,pin,kplus_app,0
TX_000201,ACC_0637,ACC_0100,669.68,2026-08-26 18:09:00,0,0,45,1.27,pin,kplus_app,0
TX_002186,ACC_0793,ACC_0458,2201.0,2026-08-26 18:13:00,0,0,38,1.3,pin,kplus_app,0
TX_004578,ACC_0664,ACC_0073,492.99,2026-08-26 18:19:00,0,0,52,1.41,pin,kplus_app,0
TX_000856,ACC_0444,ACC_0381,142.06,2026-08-26 18:19:00,0,0,30,1.26,pin,kplus_app,0
TX_001047,ACC_0447,ACC_0223,199.9,2026-08-26 18:35:00,0,1,36,0.99,pin,kplus_app,0
TX_003222,ACC_0727,ACC_0064,137.1,2026-08-26 18:42:00,0,0,44,1.38,pin,kplus_app,0
TX_001210,ACC_0214,ACC_0281,111.95,2026-08-26 18:44:00,0,1,41,0.36,pin,kplus_app,0
TX_003495,ACC_0858,ACC_0276,131.92,2026-08-26 19:01:00,0,0,29,0.73,pin,kplus_app,0
TX_005726,ACC_0943,ACC_0638,917.76,2026-08-26 19:23:00,0,0,68,0.9,pin,kplus_app,0
TX_002258,ACC_0486,ACC_0278,701.88,2026-08-26 19:32:00,0,0,39,0.48,pin,kplus_app,0
TX_003738,ACC_0233,ACC_0872,666.34,2026-08-26 19:50:00,1,0,29,0.75,face_scan,kplus_app,0
TX_002970,ACC_0631,ACC_0186,307.05,2026-08-26 19:57:00,0,0,58,0.91,pin,kplus_app,0
TX_002179,ACC_1176,ACC_0612,224.22,2026-08-26 19:59:00,0,0,64,1.0,pin,kplus_app,0
TX_005862,ACC_0614,ACC_1187,834.7,2026-08-26 20:11:00,0,0,37,0.9,pin,kplus_app,0
TX_003344,ACC_0247,ACC_0652,168.26,2026-08-26 20:14:00,0,0,34,0.78,pin,kplus_app,0
TX_002342,ACC_0101,ACC_1173,117.7,2026-08-26 20:18:00,0,0,53,0.4,pin,kplus_app,0
TX_002077,ACC_0342,ACC_0630,314.59,2026-08-26 20:39:00,0,0,62,1.22,pin,kplus_app,0
TX_001538,ACC_1040,ACC_0980,154.35,2026-08-26 20:45:00,0,0,34,0.53,pin,kplus_app,0
TX_003925,ACC_0656,ACC_1005,364.3,2026-08-26 21:06:00,1,0,40,1.26,pin,kplus_app,0
TX_000411,ACC_0941,ACC_0825,1183.37,2026-08-26 21:09:00,1,0,32,1.27,pin,kplus_app,0
TX_002543,ACC_1139,ACC_0177,339.1,2026-08-26 21:12:00,1,0,59,0.61,pin,kplus_app,0
TX_001703,ACC_0612,ACC_1138,148.53,2026-08-26 21:14:00,1,0,42,0.6,pin,kplus_app,0
TX_005154,ACC_0667,ACC_0299,2020.84,2026-08-26 21:17:00,0,0,45,1.15,pin,kplus_app,0
TX_006000,ACC_1129,ACC_0048,127.06,2026-08-26 21:28:00,1,0,24,0.3,pin,kplus_app,1
TX_002290,ACC_0983,ACC_0248,285.43,2026-08-26 21:34:00,0,0,46,0.76,face_scan,kplus_app,0
TX_006001,ACC_1129,ACC_0048,53145.87,2026-08-26 21:40:00,0,0,350,10.76,pin,kplus_app,1
TX_005907,ACC_0395,ACC_0280,1477.91,2026-08-26 21:46:00,1,0,46,0.9,pin,kplus_app,0
TX_002314,ACC_1079,ACC_0683,1149.46,2026-08-26 21:47:00,0,0,35,1.06,pin,kplus_app,0
TX_003197,ACC_0398,ACC_0561,432.76,2026-08-26 21:48:00,0,0,52,1.25,pin,kplus_app,0
TX_002332,ACC_0911,ACC_1093,1309.04,2026-08-26 21:51:00,1,0,23,0.69,pin,kplus_app,0
TX_000361,ACC_1070,ACC_0773,40.6,2026-08-26 21:55:00,1,0,25,1.3,pin,kplus_app,0
TX_005036,ACC_1155,ACC_0745,360.73,2026-08-26 22:12:00,1,0,65,0.8,pin,kplus_app,0
TX_004313,ACC_0758,ACC_1082,437.49,2026-08-26 22:14:00,0,0,20,1.23,pin,kplus_app,0
TX_001202,ACC_0554,ACC_0834,283.95,2026-08-26 22:18:00,0,0,30,0.25,pin,kplus_app,0
TX_004027,ACC_0685,ACC_0610,951.09,2026-08-26 22:27:00,0,0,54,0.99,pin,kplus_app,0
TX_004990,ACC_0829,ACC_0476,76.88,2026-08-26 22:31:00,0,0,56,0.59,pin,kplus_app,0
TX_005054,ACC_0264,ACC_0078,138.44,2026-08-26 22:32:00,0,0,27,0.8,pin,kplus_app,0
TX_004611,ACC_0648,ACC_0855,1605.85,2026-08-26 22:52:00,0,0,24,0.55,pin,kplus_app,0
TX_001778,ACC_0937,ACC_0866,144.36,2026-08-26 22:54:00,0,0,56,0.63,face_scan,kplus_app,0
TX_001857,ACC_0580,ACC_0398,548.91,2026-08-26 22:57:00,0,0,35,1.25,pin,kplus_app,0
TX_001247,ACC_1181,ACC_0416,96.52,2026-08-26 23:07:00,0,0,22,0.24,pin,kplus_app,0
TX_002334,ACC_0924,ACC_0927,524.47,2026-08-26 23:20:00,0,0,37,1.07,pin,kplus_app,0
TX_003093,ACC_1098,ACC_0928,466.19,2026-08-26 23:36:00,1,0,36,1.31,face_scan,kplus_app,0
TX_001495,ACC_0368,ACC_1198,1121.36,2026-08-26 23:37:00,0,0,33,0.31,pin,kplus_app,0
TX_005942,ACC_0803,ACC_0747,390.17,2026-08-26 23:40:00,0,0,58,0.78,pin,kplus_app,0
TX_001827,ACC_0363,ACC_0602,656.87,2026-08-26 23:41:00,1,0,37,1.22,pin,kplus_app,0
TX_004124,ACC_0714,ACC_0635,794.44,2026-08-26 23:50:00,0,0,43,0.81,pin,kplus_app,0
TX_002779,ACC_0654,ACC_0655,109.17,2026-08-26 23:51:00,1,0,22,0.71,pin,kplus_app,0
TX_001188,ACC_1171,ACC_0188,700.01,2026-08-26 23:55:00,0,0,52,0.76,pin,kplus_app,0
TX_005564,ACC_0170,ACC_0503,2341.64,2026-08-26 23:58:00,1,0,67,0.61,pin,kplus_app,0
TX_000709,ACC_0705,ACC_0731,209.5,2026-08-27 00:11:00,0,0,51,0.24,face_scan,kplus_app,0
TX_000148,ACC_0674,ACC_0678,1491.33,2026-08-27 00:20:00,1,0,40,0.28,pin,kplus_app,0
TX_003827,ACC_0341,ACC_0192,119.04,2026-08-27 00:26:00,0,0,58,1.36,pin,kplus_app,0
TX_003851,ACC_0784,ACC_0373,1815.39,2026-08-27 00:26:00,1,0,43,0.97,pin,kplus_app,0
TX_001278,ACC_0991,ACC_1132,723.99,2026-08-27 00:36:00,0,0,24,1.36,pin,kplus_app,0
TX_000486,ACC_0320,ACC_0240,1204.73,2026-08-27 00:38:00,0,0,39,0.22,pin,kplus_app,0
TX_000582,ACC_1089,ACC_0435,128.14,2026-08-27 00:43:00,0,1,36,1.23,pin,kplus_app,0
TX_000002,ACC_0748,ACC_0123,161.59,2026-08-27 01:00:00,0,0,50,1.02,none,kplus_app,0
TX_004159,ACC_0435,ACC_0614,611.05,2026-08-27 01:10:00,1,0,33,1.0,pin,kplus_app,0
TX_003109,ACC_0499,ACC_0597,891.28,2026-08-27 01:12:00,0,0,50,1.23,pin,kplus_app,0
TX_003688,ACC_0692,ACC_0245,244.82,2026-08-27 01:13:00,1,0,53,0.64,pin,kplus_app,0
TX_001903,ACC_0325,ACC_0350,97.72,2026-08-27 01:21:00,0,0,47,1.44,face_scan,kplus_app,0
TX_004628,ACC_0565,ACC_0551,781.76,2026-08-27 01:38:00,0,0,41,0.51,pin,kplus_app,0
TX_000595,ACC_0358,ACC_0567,341.36,2026-08-27 01:40:00,1,0,52,1.13,face_scan,kplus_app,0
TX_004307,ACC_0938,ACC_0201,356.29,2026-08-27 01:41:00,0,0,56,0.55,pin,kplus_app,0
TX_004722,ACC_0425,ACC_0942,400.2,2026-08-27 01:44:00,0,1,40,1.5,pin,kplus_app,0
TX_005741,ACC_1097,ACC_0993,432.99,2026-08-27 01:50:00,0,0,27,1.06,pin,kplus_app,0
TX_003608,ACC_0961,ACC_0788,165.0,2026-08-27 01:58:00,0,0,38,0.56,pin,kplus_app,0
TX_005558,ACC_0352,ACC_1093,189.36,2026-08-27 01:58:00,0,0,49,0.3,pin,kplus_app,0
TX_002281,ACC_0625,ACC_1183,698.43,2026-08-27 01:59:00,1,0,42,0.76,pin,kplus_app,0
TX_003265,ACC_0534,ACC_0614,713.28,2026-08-27 02:26:00,0,0,56,0.61,none,kplus_app,0
TX_001610,ACC_1193,ACC_0803,777.44,2026-08-27 02:30:00,0,1,52,1.23,pin,kplus_app,0
TX_005764,ACC_0950,ACC_0768,1429.39,2026-08-27 02:35:00,0,0,53,1.19,pin,kplus_app,0
TX_005313,ACC_0473,ACC_0503,555.68,2026-08-27 02:39:00,0,0,55,1.21,pin,kplus_app,0
TX_005887,ACC_0556,ACC_0504,560.97,2026-08-27 02:58:00,0,0,45,0.69,pin,kplus_app,0
TX_001612,ACC_0830,ACC_0232,79.7,2026-08-27 03:00:00,1,0,54,0.89,pin,kplus_app,0
TX_004534,ACC_0990,ACC_0111,353.37,2026-08-27 03:05:00,0,0,18,1.13,pin,kplus_app,0
TX_001809,ACC_0360,ACC_0651,572.13,2026-08-27 03:07:00,1,0,58,1.03,pin,kplus_app,0
TX_005736,ACC_0876,ACC_0681,4133.38,2026-08-27 03:08:00,0,0,53,0.22,pin,kplus_app,0
TX_004672,ACC_1119,ACC_0947,1642.85,2026-08-27 03:09:00,0,0,38,1.06,pin,kplus_app,0
TX_006394,ACC_0020,ACC_0030,24804.22,2026-08-27 03:09:08,1,1,13,11.97,pin,promptpay,1
TX_005516,ACC_0368,ACC_0280,767.94,2026-08-27 03:17:00,0,0,60,0.93,pin,kplus_app,0
TX_003279,ACC_0583,ACC_0941,249.16,2026-08-27 03:21:00,1,0,44,0.33,pin,kplus_app,0
TX_004266,ACC_0987,ACC_1034,323.36,2026-08-27 03:29:00,1,0,32,0.93,pin,kplus_app,0
TX_004194,ACC_0401,ACC_0250,1105.56,2026-08-27 03:33:00,1,0,44,0.28,face_scan,kplus_app,0
TX_002606,ACC_0925,ACC_0444,89.24,2026-08-27 03:42:00,1,0,41,1.47,pin,kplus_app,0
TX_000383,ACC_0782,ACC_0511,403.92,2026-08-27 03:55:00,0,0,35,1.08,pin,kplus_app,0
TX_005484,ACC_0504,ACC_0596,1088.69,2026-08-27 03:57:00,0,0,33,1.3,pin,kplus_app,0
TX_000337,ACC_0369,ACC_0253,2007.58,2026-08-27 04:01:00,0,0,41,0.6,pin,kplus_app,0
TX_004023,ACC_1093,ACC_0959,157.8,2026-08-27 04:04:00,0,0,52,0.47,pin,kplus_app,0
TX_003533,ACC_0539,ACC_0824,1658.61,2026-08-27 04:13:00,0,0,42,1.43,pin,kplus_app,0
TX_002115,ACC_0319,ACC_0563,977.6,2026-08-27 04:25:00,1,0,29,1.18,pin,kplus_app,0
TX_003404,ACC_0096,ACC_0647,167.31,2026-08-27 04:51:00,0,0,39,1.31,face_scan,kplus_app,0
TX_000590,ACC_0138,ACC_0434,393.35,2026-08-27 04:52:00,0,0,52,0.27,face_scan,kplus_app,0
TX_005952,ACC_1054,ACC_1063,72.08,2026-08-27 04:53:00,0,0,64,0.57,face_scan,kplus_app,0
TX_005893,ACC_1009,ACC_0167,1606.21,2026-08-27 04:54:00,0,0,48,0.91,pin,kplus_app,0
TX_000358,ACC_0357,ACC_0771,70.0,2026-08-27 04:59:00,0,0,50,0.81,pin,kplus_app,0
TX_002558,ACC_0586,ACC_0118,377.11,2026-08-27 05:03:00,0,0,49,0.31,pin,kplus_app,0
TX_004280,ACC_0468,ACC_0569,964.19,2026-08-27 05:04:00,1,0,37,1.08,face_scan,kplus_app,0
TX_002708,ACC_0405,ACC_0092,1275.46,2026-08-27 05:16:00,0,0,51,1.24,pin,kplus_app,0
TX_000390,ACC_0463,ACC_1001,104.89,2026-08-27 05:21:00,0,0,44,0.75,pin,kplus_app,0
TX_002537,ACC_0649,ACC_0939,2163.53,2026-08-27 05:33:00,0,0,44,1.28,pin,kplus_app,0
TX_000503,ACC_1098,ACC_0400,947.49,2026-08-27 05:35:00,0,0,34,0.57,pin,kplus_app,0
TX_005391,ACC_1078,ACC_0081,2563.34,2026-08-27 05:37:00,0,0,64,1.19,pin,kplus_app,0
TX_004075,ACC_0745,ACC_0880,603.67,2026-08-27 05:42:00,0,0,18,0.56,pin,kplus_app,0
TX_000155,ACC_0817,ACC_0866,50.27,2026-08-27 05:53:00,0,0,49,0.15,pin,kplus_app,0
TX_001147,ACC_1015,ACC_1070,463.15,2026-08-27 05:54:00,1,0,45,1.29,pin,kplus_app,0
TX_000455,ACC_0855,ACC_0783,811.8,2026-08-27 05:57:00,0,0,55,1.02,pin,kplus_app,0
TX_003361,ACC_0158,ACC_1075,74.41,2026-08-27 05:59:00,0,0,36,1.43,pin,kplus_app,0
TX_004537,ACC_0578,ACC_0269,1119.26,2026-08-27 06:01:00,0,1,28,1.09,pin,kplus_app,0
TX_003115,ACC_0774,ACC_1049,891.12,2026-08-27 06:04:00,1,0,38,1.15,face_scan,kplus_app,0
TX_004536,ACC_0081,ACC_1005,136.54,2026-08-27 06:07:00,1,0,51,0.2,pin,kplus_app,0
TX_001737,ACC_0308,ACC_0185,1344.22,2026-08-27 06:12:00,0,0,45,1.19,pin,kplus_app,0
TX_001643,ACC_1033,ACC_0082,512.11,2026-08-27 06:31:00,0,0,54,1.15,pin,kplus_app,0
TX_003602,ACC_0169,ACC_0277,815.03,2026-08-27 06:32:00,0,0,17,1.0,pin,kplus_app,0
TX_000188,ACC_0402,ACC_1088,1141.18,2026-08-27 06:38:00,0,0,55,1.45,pin,kplus_app,0
TX_001011,ACC_0852,ACC_0616,285.06,2026-08-27 06:39:00,1,0,50,0.32,face_scan,kplus_app,0
TX_005082,ACC_0471,ACC_0233,286.75,2026-08-27 06:39:00,0,0,76,1.48,pin,kplus_app,0
TX_002674,ACC_0551,ACC_0179,509.55,2026-08-27 06:47:00,0,0,27,1.16,pin,kplus_app,0
TX_005723,ACC_0441,ACC_0433,1432.39,2026-08-27 07:03:00,0,0,43,1.44,pin,kplus_app,0
TX_003870,ACC_0331,ACC_0990,1433.4,2026-08-27 07:03:00,0,0,38,0.7,pin,kplus_app,0
TX_003774,ACC_1155,ACC_1095,49.47,2026-08-27 07:07:00,0,0,38,1.28,face_scan,kplus_app,0
TX_001604,ACC_0788,ACC_0893,418.17,2026-08-27 07:16:00,1,0,45,0.66,pin,kplus_app,0
TX_000606,ACC_0760,ACC_0199,429.95,2026-08-27 07:18:00,1,0,55,0.79,face_scan,kplus_app,0
TX_002197,ACC_0637,ACC_0272,1236.71,2026-08-27 07:33:00,1,0,40,1.3,face_scan,kplus_app,0
TX_002022,ACC_1013,ACC_0353,452.25,2026-08-27 07:36:00,0,0,38,0.14,pin,kplus_app,0
TX_000245,ACC_0900,ACC_0966,761.35,2026-08-27 07:38:00,0,0,43,1.15,pin,kplus_app,0
TX_003135,ACC_0703,ACC_0143,175.88,2026-08-27 07:42:00,1,0,30,1.01,pin,kplus_app,0
TX_001034,ACC_1016,ACC_1115,767.07,2026-08-27 07:55:00,1,0,46,1.13,pin,kplus_app,0
TX_005384,ACC_0307,ACC_0372,832.7,2026-08-27 08:00:00,0,0,50,1.26,pin,kplus_app,0
TX_004035,ACC_0157,ACC_0979,218.45,2026-08-27 08:05:00,0,0,64,0.76,pin,kplus_app,0
TX_001508,ACC_1097,ACC_0416,84.3,2026-08-27 08:06:00,0,0,40,0.45,pin,kplus_app,0
TX_002430,ACC_1050,ACC_0811,100.83,2026-08-27 08:11:00,0,1,52,1.48,pin,kplus_app,0
TX_004304,ACC_0747,ACC_0726,136.88,2026-08-27 08:23:00,1,0,50,0.64,pin,kplus_app,0
TX_005738,ACC_0325,ACC_0951,323.72,2026-08-27 08:23:00,1,0,35,0.86,pin,kplus_app,0
TX_004160,ACC_0629,ACC_0986,1069.94,2026-08-27 08:34:00,0,1,73,1.1,pin,kplus_app,0
TX_005472,ACC_0771,ACC_0503,970.9,2026-08-27 08:59:00,0,0,28,1.35,pin,kplus_app,0
TX_004394,ACC_1030,ACC_0837,331.35,2026-08-27 09:09:00,0,0,43,0.72,pin,kplus_app,0
TX_003655,ACC_0861,ACC_0139,42.91,2026-08-27 09:45:00,0,0,72,0.47,pin,kplus_app,0
TX_002353,ACC_0969,ACC_0067,755.57,2026-08-27 09:53:00,1,0,42,1.35,face_scan,kplus_app,0
TX_001146,ACC_1009,ACC_0717,607.69,2026-08-27 10:01:00,0,0,52,0.59,pin,kplus_app,0
TX_002265,ACC_0323,ACC_0944,2863.59,2026-08-27 10:03:00,0,0,35,0.6,pin,kplus_app,0
TX_002331,ACC_0638,ACC_0753,90.58,2026-08-27 10:08:00,0,0,40,0.83,pin,kplus_app,0
TX_001368,ACC_0091,ACC_0868,2262.13,2026-08-27 10:22:00,1,0,50,0.97,pin,kplus_app,0
TX_003238,ACC_0910,ACC_0659,62.33,2026-08-27 10:27:00,0,0,52,0.7,pin,kplus_app,0
TX_000784,ACC_0643,ACC_0132,870.73,2026-08-27 10:36:00,0,0,43,0.13,pin,kplus_app,0
TX_001506,ACC_0141,ACC_1046,353.53,2026-08-27 10:39:00,0,0,49,0.23,pin,kplus_app,0
TX_002864,ACC_0745,ACC_1142,1107.14,2026-08-27 10:40:00,1,0,51,1.43,pin,kplus_app,0
TX_004550,ACC_0629,ACC_0851,163.19,2026-08-27 10:50:00,1,0,40,0.81,pin,kplus_app,0
TX_003043,ACC_1052,ACC_0121,86.31,2026-08-27 10:51:00,0,0,23,1.09,pin,kplus_app,0
TX_006014,ACC_0086,ACC_0050,246.42,2026-08-27 11:03:00,1,0,32,0.3,pin,kplus_app,1
TX_005151,ACC_0749,ACC_0167,119.63,2026-08-27 11:14:00,0,0,63,1.25,pin,kplus_app,0
TX_006015,ACC_0086,ACC_0050,63272.99,2026-08-27 11:15:00,0,0,12,15.36,pin,kplus_app,1
TX_004234,ACC_0632,ACC_0303,1328.78,2026-08-27 11:20:00,0,0,49,0.54,pin,kplus_app,0
TX_000888,ACC_0736,ACC_0937,579.81,2026-08-27 11:25:00,0,0,42,1.48,pin,kplus_app,0
TX_000258,ACC_1127,ACC_1010,978.93,2026-08-27 11:27:00,0,0,36,1.49,pin,kplus_app,0
TX_003534,ACC_0603,ACC_0727,3046.86,2026-08-27 11:30:00,0,0,57,1.25,pin,kplus_app,0
TX_005226,ACC_1158,ACC_1035,115.3,2026-08-27 11:34:00,0,0,52,0.5,pin,kplus_app,0
TX_000263,ACC_0347,ACC_0161,346.17,2026-08-27 11:55:00,1,0,55,1.42,pin,kplus_app,0
TX_000091,ACC_0738,ACC_0082,354.83,2026-08-27 11:55:00,0,0,51,1.29,face_scan,kplus_app,0
TX_001580,ACC_0937,ACC_0739,221.41,2026-08-27 11:58:00,1,0,41,0.27,pin,kplus_app,0
TX_002452,ACC_0108,ACC_0395,199.38,2026-08-27 12:01:00,0,0,45,1.17,pin,kplus_app,0
TX_003773,ACC_0834,ACC_1099,518.0,2026-08-27 12:05:00,1,0,52,0.87,face_scan,kplus_app,0
TX_000883,ACC_0840,ACC_0535,41.74,2026-08-27 12:19:00,0,0,40,1.12,pin,kplus_app,0
TX_002809,ACC_0358,ACC_0179,2389.13,2026-08-27 12:21:00,0,0,27,0.47,pin,kplus_app,0
TX_004184,ACC_0527,ACC_0772,549.81,2026-08-27 12:30:00,1,0,48,0.89,pin,kplus_app,0
TX_003914,ACC_0811,ACC_1162,165.8,2026-08-27 12:32:00,0,0,49,1.24,pin,kplus_app,0
TX_005276,ACC_0100,ACC_0161,439.95,2026-08-27 12:34:00,0,0,63,0.72,pin,kplus_app,0
TX_001094,ACC_0179,ACC_0284,3693.45,2026-08-27 12:36:00,0,0,51,0.11,face_scan,kplus_app,0
TX_003146,ACC_0839,ACC_0746,411.57,2026-08-27 12:39:00,0,0,40,1.0,face_scan,kplus_app,0
TX_004552,ACC_0581,ACC_0941,3384.47,2026-08-27 12:55:00,0,0,48,0.13,pin,kplus_app,0
TX_001993,ACC_0715,ACC_0338,199.53,2026-08-27 13:06:00,0,0,39,0.43,pin,kplus_app,0
TX_004670,ACC_0114,ACC_0453,288.61,2026-08-27 13:09:00,1,0,38,0.2,pin,kplus_app,0
TX_003350,ACC_0807,ACC_0298,95.83,2026-08-27 13:13:00,0,0,59,0.48,pin,kplus_app,0
TX_000688,ACC_0845,ACC_1054,53.49,2026-08-27 13:20:00,0,0,30,0.76,pin,kplus_app,0
TX_005665,ACC_0806,ACC_0239,256.49,2026-08-27 13:27:00,0,0,47,0.14,pin,kplus_app,0
TX_000654,ACC_0989,ACC_0446,882.14,2026-08-27 13:30:00,0,0,23,0.32,pin,kplus_app,0
TX_004336,ACC_1044,ACC_0251,816.31,2026-08-27 13:39:00,0,0,37,1.43,pin,kplus_app,0
TX_004070,ACC_0553,ACC_1050,155.77,2026-08-27 13:50:00,0,0,53,0.11,pin,kplus_app,0
TX_004530,ACC_0521,ACC_1018,271.92,2026-08-27 13:54:00,1,0,59,0.81,pin,kplus_app,0
TX_001105,ACC_0660,ACC_0974,127.5,2026-08-27 13:59:00,0,0,36,0.57,pin,kplus_app,0
TX_005256,ACC_0758,ACC_0732,592.16,2026-08-27 13:59:00,0,0,14,0.92,pin,kplus_app,0
TX_001257,ACC_0825,ACC_0202,291.3,2026-08-27 14:01:00,0,0,25,0.11,pin,kplus_app,0
TX_000508,ACC_0960,ACC_0878,1264.52,2026-08-27 14:09:00,0,0,29,0.49,pin,kplus_app,0
TX_001252,ACC_0194,ACC_0943,521.0,2026-08-27 14:10:00,0,0,49,1.23,pin,kplus_app,0
TX_002326,ACC_0549,ACC_0908,1415.14,2026-08-27 14:13:00,0,0,46,0.54,pin,kplus_app,0
TX_002297,ACC_1141,ACC_1122,437.48,2026-08-27 14:15:00,0,0,34,1.03,pin,kplus_app,0
TX_002817,ACC_0870,ACC_0304,373.19,2026-08-27 14:25:00,0,0,46,0.36,pin,kplus_app,0
TX_001584,ACC_0154,ACC_0259,160.44,2026-08-27 14:27:00,0,1,49,1.1,pin,kplus_app,0
TX_005266,ACC_0934,ACC_0149,106.81,2026-08-27 14:39:00,0,1,35,0.27,face_scan,kplus_app,0
TX_000289,ACC_0177,ACC_0564,89.83,2026-08-27 14:44:00,0,0,60,0.68,pin,kplus_app,0
TX_000275,ACC_0282,ACC_0647,503.94,2026-08-27 14:47:00,0,0,42,0.6,pin,kplus_app,0
TX_005728,ACC_0760,ACC_0278,787.04,2026-08-27 14:49:00,0,0,34,0.1,pin,kplus_app,0
TX_002686,ACC_0112,ACC_0777,409.96,2026-08-27 14:52:00,0,0,55,0.28,pin,kplus_app,0
TX_004567,ACC_0304,ACC_0300,949.72,2026-08-27 15:33:00,0,0,34,1.06,face_scan,kplus_app,0
TX_001553,ACC_0843,ACC_0127,1047.74,2026-08-27 15:45:00,1,0,47,1.27,pin,kplus_app,0
TX_005882,ACC_0756,ACC_0064,272.67,2026-08-27 15:56:00,1,0,59,0.6,pin,kplus_app,0
TX_002199,ACC_0820,ACC_0209,1042.67,2026-08-27 15:59:00,0,0,54,0.48,face_scan,kplus_app,0
TX_004096,ACC_1023,ACC_0240,654.56,2026-08-27 16:10:00,0,1,46,1.46,pin,kplus_app,0
TX_001370,ACC_0837,ACC_0699,587.64,2026-08-27 16:22:00,0,0,65,1.11,pin,kplus_app,0
TX_006152,ACC_0959,ACC_0025,316.97,2026-08-27 16:31:00,1,0,28,0.3,pin,kplus_app,1
TX_001785,ACC_0305,ACC_1085,1381.57,2026-08-27 16:34:00,1,0,53,0.44,pin,kplus_app,0
TX_002912,ACC_0536,ACC_0939,454.23,2026-08-27 16:39:00,0,0,54,1.11,pin,kplus_app,0
TX_005929,ACC_0105,ACC_1051,90.5,2026-08-27 16:45:00,0,0,45,0.5,pin,kplus_app,0
TX_006153,ACC_0959,ACC_0025,45137.8,2026-08-27 16:45:00,0,0,12,11.58,pin,kplus_app,1
TX_002210,ACC_0289,ACC_1050,184.61,2026-08-27 17:13:00,0,0,41,1.3,pin,kplus_app,0
TX_004183,ACC_0283,ACC_0643,83.83,2026-08-27 17:17:00,1,0,24,1.29,face_scan,kplus_app,0
TX_002717,ACC_0260,ACC_0774,177.27,2026-08-27 17:26:00,0,0,44,0.59,pin,kplus_app,0
TX_001109,ACC_0159,ACC_0620,164.1,2026-08-27 17:31:00,1,1,48,0.81,pin,kplus_app,0
TX_000859,ACC_0696,ACC_1011,1247.97,2026-08-27 17:35:00,0,0,41,0.79,pin,kplus_app,0
TX_005350,ACC_0425,ACC_0916,206.62,2026-08-27 17:36:00,0,0,46,0.57,pin,kplus_app,0
TX_003638,ACC_1018,ACC_1056,396.27,2026-08-27 17:49:00,0,0,42,1.36,pin,kplus_app,0
TX_003102,ACC_0594,ACC_0218,624.06,2026-08-27 17:54:00,1,0,42,0.54,pin,kplus_app,0
TX_004927,ACC_0370,ACC_0978,870.56,2026-08-27 17:57:00,0,0,32,1.22,pin,kplus_app,0
TX_005080,ACC_0691,ACC_1147,1276.41,2026-08-27 18:17:00,0,0,23,1.24,pin,kplus_app,0
TX_004528,ACC_0833,ACC_0434,2005.74,2026-08-27 18:29:00,0,0,45,1.16,pin,kplus_app,0
TX_002223,ACC_1132,ACC_0281,61.97,2026-08-27 18:29:00,1,0,47,0.65,pin,kplus_app,0
TX_000538,ACC_0106,ACC_0582,437.72,2026-08-27 18:33:00,0,0,33,1.01,pin,kplus_app,0
TX_002999,ACC_0288,ACC_1188,1416.79,2026-08-27 19:02:00,1,0,40,0.75,pin,kplus_app,0
TX_004730,ACC_1049,ACC_0662,613.62,2026-08-27 19:04:00,0,0,51,1.21,pin,kplus_app,0
TX_004798,ACC_0570,ACC_0835,270.62,2026-08-27 19:10:00,1,0,34,1.13,pin,kplus_app,0
TX_005116,ACC_0363,ACC_0996,2461.7,2026-08-27 19:24:00,0,0,42,0.43,pin,kplus_app,0
TX_004010,ACC_0148,ACC_0067,108.0,2026-08-27 19:37:00,0,0,61,0.96,pin,kplus_app,0
TX_005445,ACC_0206,ACC_0878,1840.78,2026-08-27 19:44:00,0,0,22,0.6,pin,kplus_app,0
TX_002637,ACC_1024,ACC_0933,101.88,2026-08-27 20:02:00,0,0,50,1.24,pin,kplus_app,0
TX_001534,ACC_0742,ACC_0207,720.77,2026-08-27 20:13:00,0,0,51,0.44,pin,kplus_app,0
TX_005539,ACC_0623,ACC_0407,736.29,2026-08-27 20:27:00,0,0,33,1.16,pin,kplus_app,0
TX_000031,ACC_0104,ACC_0854,776.68,2026-08-27 20:32:00,0,0,39,0.58,pin,kplus_app,0
TX_005534,ACC_0967,ACC_0572,54.69,2026-08-27 20:36:00,0,0,54,1.14,pin,kplus_app,0
TX_003967,ACC_1132,ACC_0676,122.13,2026-08-27 20:37:00,1,0,21,0.41,pin,kplus_app,0
TX_001920,ACC_1176,ACC_0140,999.03,2026-08-27 20:38:00,0,0,49,0.56,face_scan,kplus_app,0
TX_001118,ACC_1150,ACC_0977,420.93,2026-08-27 20:58:00,0,1,62,1.13,pin,kplus_app,0
TX_003298,ACC_1038,ACC_0953,684.73,2026-08-27 20:59:00,1,0,42,1.33,face_scan,kplus_app,0
TX_005120,ACC_0224,ACC_1192,2007.46,2026-08-27 20:59:00,1,0,46,0.86,pin,kplus_app,0
TX_004753,ACC_0695,ACC_1039,329.29,2026-08-27 21:02:00,0,0,63,0.12,pin,kplus_app,0
TX_005387,ACC_0213,ACC_0523,2537.46,2026-08-27 21:02:00,0,0,37,0.94,pin,kplus_app,0
TX_001373,ACC_0378,ACC_1107,954.55,2026-08-27 21:19:00,1,0,47,0.51,pin,kplus_app,0
TX_005115,ACC_0682,ACC_0463,313.23,2026-08-27 21:26:00,1,0,56,1.15,pin,kplus_app,0
TX_000848,ACC_0062,ACC_0133,1509.22,2026-08-27 21:30:00,1,1,56,1.44,pin,kplus_app,0
TX_006088,ACC_0975,ACC_0010,340.68,2026-08-27 21:35:00,1,0,42,0.3,pin,kplus_app,1
TX_001040,ACC_0327,ACC_0552,1392.3,2026-08-27 21:37:00,0,0,27,0.71,pin,kplus_app,0
TX_005616,ACC_0430,ACC_1155,365.68,2026-08-27 21:40:00,1,0,19,1.2,pin,kplus_app,0
TX_006089,ACC_0975,ACC_0010,31858.25,2026-08-27 21:46:00,0,0,12,15.08,pin,kplus_app,1
TX_001029,ACC_0556,ACC_0540,366.0,2026-08-27 21:49:00,1,0,50,0.66,pin,kplus_app,0
TX_003036,ACC_1017,ACC_1022,919.3,2026-08-27 21:54:00,0,0,48,0.41,pin,kplus_app,0
TX_004898,ACC_0950,ACC_0927,659.53,2026-08-27 22:00:00,1,0,16,1.02,pin,kplus_app,0
TX_003869,ACC_0152,ACC_0372,187.89,2026-08-27 22:01:00,0,0,57,0.43,pin,kplus_app,0
TX_004968,ACC_0658,ACC_0192,149.95,2026-08-27 22:02:00,0,0,64,0.92,pin,kplus_app,0
TX_006122,ACC_0722,ACC_0017,277.7,2026-08-27 22:03:00,1,0,30,0.3,pin,kplus_app,1
TX_003581,ACC_0882,ACC_0578,717.14,2026-08-27 22:08:00,0,0,43,0.66,pin,kplus_app,0
TX_006108,ACC_0153,ACC_0059,293.5,2026-08-27 22:12:00,1,0,37,0.3,pin,kplus_app,1
TX_000777,ACC_0444,ACC_0631,440.99,2026-08-27 22:14:00,0,0,36,0.87,pin,kplus_app,0
TX_006123,ACC_0722,ACC_0017,50665.85,2026-08-27 22:15:00,0,0,350,10.57,pin,kplus_app,1
TX_005081,ACC_1081,ACC_0378,206.46,2026-08-27 22:16:00,0,0,53,1.48,none,kplus_app,0
TX_006109,ACC_0153,ACC_0059,50303.16,2026-08-27 22:21:00,0,0,350,13.44,pin,kplus_app,1
TX_004619,ACC_0531,ACC_0953,631.36,2026-08-27 22:30:00,1,0,41,0.87,pin,kplus_app,0
TX_001551,ACC_0241,ACC_0107,333.26,2026-08-27 22:41:00,0,0,32,0.65,pin,kplus_app,0
TX_004887,ACC_0462,ACC_0782,68.68,2026-08-27 22:45:00,0,0,41,1.17,pin,kplus_app,0
TX_000987,ACC_0153,ACC_0166,1469.72,2026-08-27 22:47:00,0,0,39,0.19,pin,kplus_app,0
TX_005444,ACC_0101,ACC_0733,568.66,2026-08-27 23:04:00,0,0,41,1.42,face_scan,kplus_app,0
TX_001579,ACC_0464,ACC_0773,744.11,2026-08-27 23:04:00,0,0,53,0.41,pin,kplus_app,0
TX_001316,ACC_0424,ACC_1033,1042.16,2026-08-27 23:08:00,0,0,39,0.83,pin,kplus_app,0
TX_005439,ACC_0109,ACC_1199,414.54,2026-08-27 23:12:00,0,0,35,0.25,pin,kplus_app,0
TX_002368,ACC_0405,ACC_0130,935.48,2026-08-27 23:18:00,1,1,56,0.9,pin,kplus_app,0
TX_000220,ACC_0228,ACC_0794,672.76,2026-08-27 23:26:00,0,0,47,0.99,face_scan,kplus_app,0
TX_003004,ACC_1152,ACC_0068,3173.82,2026-08-27 23:31:00,0,0,46,1.24,pin,kplus_app,0
TX_001465,ACC_1018,ACC_0904,1427.9,2026-08-27 23:33:00,1,0,46,1.29,pin,kplus_app,0
TX_004085,ACC_0675,ACC_1114,157.26,2026-08-27 23:37:00,1,0,53,1.26,pin,kplus_app,0
TX_003647,ACC_0888,ACC_0514,928.84,2026-08-27 23:41:00,0,0,54,1.03,face_scan,kplus_app,0
TX_005193,ACC_0756,ACC_0188,65.44,2026-08-27 23:43:00,0,0,52,1.1,pin,kplus_app,0
TX_005253,ACC_0411,ACC_0760,45.03,2026-08-28 00:08:00,0,0,31,0.85,pin,kplus_app,0
TX_000607,ACC_0940,ACC_0366,734.58,2026-08-28 00:10:00,1,0,47,0.58,pin,kplus_app,0
TX_003653,ACC_0709,ACC_0649,800.61,2026-08-28 00:26:00,0,0,54,0.12,pin,kplus_app,0
TX_004712,ACC_0980,ACC_0819,524.58,2026-08-28 00:30:00,0,0,32,0.31,pin,kplus_app,0
TX_004996,ACC_1076,ACC_0229,805.76,2026-08-28 00:33:00,0,0,44,1.24,pin,kplus_app,0
TX_005424,ACC_0224,ACC_0631,790.25,2026-08-28 00:49:00,0,0,40,1.39,pin,kplus_app,0
TX_000197,ACC_0452,ACC_0091,129.58,2026-08-28 00:51:00,0,0,47,0.37,pin,kplus_app,0
TX_002016,ACC_0302,ACC_0265,600.03,2026-08-28 00:56:00,0,0,44,0.47,pin,kplus_app,0
TX_001339,ACC_0987,ACC_0814,631.74,2026-08-28 01:06:00,1,0,47,0.17,pin,kplus_app,0
TX_006399,ACC_0026,ACC_0029,51239.3,2026-08-28 01:09:50,1,1,17,10.94,pin,promptpay,1
TX_005683,ACC_0579,ACC_0148,116.56,2026-08-28 01:10:00,1,0,35,0.38,pin,kplus_app,0
TX_000614,ACC_0847,ACC_0868,927.86,2026-08-28 01:12:00,0,0,43,1.44,pin,kplus_app,0
TX_000307,ACC_1159,ACC_0603,1503.5,2026-08-28 01:14:00,1,0,50,0.43,pin,kplus_app,0
TX_004136,ACC_0638,ACC_0777,123.27,2026-08-28 01:17:00,1,0,41,0.51,pin,kplus_app,0
TX_000540,ACC_1198,ACC_1180,1054.56,2026-08-28 01:18:00,0,0,25,0.39,pin,kplus_app,0
TX_005739,ACC_0328,ACC_0589,3269.68,2026-08-28 01:19:00,0,0,48,1.06,face_scan,kplus_app,0
TX_005383,ACC_0887,ACC_0661,666.78,2026-08-28 01:22:00,0,0,43,0.27,pin,kplus_app,0
TX_000408,ACC_0569,ACC_1064,608.69,2026-08-28 01:25:00,1,0,41,1.45,face_scan,kplus_app,0
TX_001914,ACC_0211,ACC_0388,334.62,2026-08-28 01:28:00,0,0,36,0.55,pin,kplus_app,0
TX_005449,ACC_0732,ACC_0519,1003.53,2026-08-28 01:29:00,1,1,45,0.3,pin,kplus_app,0
TX_004510,ACC_0848,ACC_1081,352.89,2026-08-28 01:33:00,0,0,28,1.33,pin,kplus_app,0
TX_001936,ACC_0601,ACC_0322,141.93,2026-08-28 01:34:00,0,0,44,0.99,face_scan,kplus_app,0
TX_001607,ACC_0756,ACC_0407,288.88,2026-08-28 01:35:00,0,0,33,0.63,pin,kplus_app,0
TX_000683,ACC_0154,ACC_0534,220.34,2026-08-28 01:36:00,1,0,29,0.93,pin,kplus_app,0
TX_002050,ACC_0269,ACC_0513,989.51,2026-08-28 01:36:00,0,0,54,0.11,pin,kplus_app,0
TX_003235,ACC_0531,ACC_0401,911.7,2026-08-28 01:42:00,1,0,40,0.41,pin,kplus_app,0
TX_000237,ACC_0931,ACC_0727,83.08,2026-08-28 01:46:00,0,0,46,0.57,pin,kplus_app,0
TX_003077,ACC_0999,ACC_0422,341.21,2026-08-28 01:47:00,0,0,34,0.61,pin,kplus_app,0
TX_002793,ACC_0698,ACC_0321,161.04,2026-08-28 01:48:00,1,0,40,1.5,pin,kplus_app,0
TX_000100,ACC_1120,ACC_0737,145.44,2026-08-28 01:49:00,0,0,71,1.16,pin,kplus_app,0
TX_001438,ACC_0487,ACC_0126,310.87,2026-08-28 01:51:00,0,0,56,1.01,pin,kplus_app,0
TX_005002,ACC_0474,ACC_0156,1455.28,2026-08-28 02:25:00,1,0,58,1.28,pin,kplus_app,0
TX_000425,ACC_1020,ACC_1111,2585.54,2026-08-28 02:27:00,0,0,43,0.35,pin,kplus_app,0
TX_003124,ACC_0424,ACC_1034,113.69,2026-08-28 02:27:00,0,0,49,0.21,pin,kplus_app,0
TX_005663,ACC_0970,ACC_0712,178.7,2026-08-28 02:31:00,0,0,56,0.3,pin,kplus_app,0
TX_002915,ACC_0469,ACC_0558,105.18,2026-08-28 02:34:00,0,0,45,0.51,pin,kplus_app,0
TX_003589,ACC_0845,ACC_0539,475.72,2026-08-28 02:34:00,0,0,22,0.51,pin,kplus_app,0
TX_005263,ACC_0594,ACC_1094,532.13,2026-08-28 02:38:00,0,0,66,0.77,pin,kplus_app,0
TX_004287,ACC_0492,ACC_0061,1078.31,2026-08-28 02:39:00,0,0,43,0.32,pin,kplus_app,0
TX_000895,ACC_0441,ACC_0156,120.51,2026-08-28 02:41:00,1,0,37,1.34,pin,kplus_app,0
TX_003912,ACC_0231,ACC_0782,2221.19,2026-08-28 02:52:00,0,0,64,1.34,pin,kplus_app,0
TX_002615,ACC_0896,ACC_0734,211.92,2026-08-28 02:55:00,0,0,35,1.44,pin,kplus_app,0
TX_004641,ACC_0483,ACC_0499,57.76,2026-08-28 03:13:00,0,0,75,0.23,pin,kplus_app,0
TX_003429,ACC_0788,ACC_0591,1211.48,2026-08-28 03:18:00,1,0,34,0.4,pin,kplus_app,0
TX_002165,ACC_0130,ACC_0491,252.17,2026-08-28 03:20:00,0,0,32,0.99,pin,kplus_app,0
TX_001937,ACC_1176,ACC_0806,286.23,2026-08-28 03:28:00,0,0,47,0.7,pin,kplus_app,0
TX_003278,ACC_0859,ACC_0997,710.96,2026-08-28 03:43:00,1,0,44,0.75,pin,kplus_app,0
TX_000800,ACC_0905,ACC_0477,2423.78,2026-08-28 03:47:00,0,0,36,0.56,pin,kplus_app,0
TX_001724,ACC_0846,ACC_0105,781.87,2026-08-28 03:55:00,1,0,71,0.73,pin,kplus_app,0
TX_003092,ACC_0298,ACC_0676,426.09,2026-08-28 04:02:00,1,0,49,1.01,pin,kplus_app,0
TX_004163,ACC_0928,ACC_0469,564.02,2026-08-28 04:12:00,0,0,55,0.34,pin,kplus_app,0
TX_002789,ACC_0323,ACC_0536,1110.35,2026-08-28 04:12:00,0,0,44,0.65,pin,kplus_app,0
TX_000719,ACC_0398,ACC_1133,397.06,2026-08-28 04:18:00,0,0,25,0.99,none,kplus_app,0
TX_002084,ACC_0293,ACC_0644,110.89,2026-08-28 04:27:00,1,0,36,0.39,face_scan,kplus_app,0
TX_000925,ACC_1185,ACC_0939,342.8,2026-08-28 04:48:00,1,0,40,0.88,pin,kplus_app,0
TX_006372,ACC_0046,ACC_0005,41367.29,2026-08-28 04:48:27,1,1,16,12.87,pin,promptpay,1
TX_004248,ACC_1161,ACC_0752,266.56,2026-08-28 04:49:00,1,0,58,1.41,pin,kplus_app,0
TX_000889,ACC_0121,ACC_1186,115.56,2026-08-28 04:49:00,0,0,41,0.98,pin,kplus_app,0
TX_004909,ACC_0499,ACC_0932,493.79,2026-08-28 04:53:00,1,0,43,1.4,pin,kplus_app,0
TX_002387,ACC_0196,ACC_0485,80.5,2026-08-28 04:58:00,1,0,44,0.13,pin,kplus_app,0
TX_004962,ACC_1056,ACC_0793,454.95,2026-08-28 05:06:00,0,0,19,1.26,pin,kplus_app,0
TX_003500,ACC_0357,ACC_0636,200.39,2026-08-28 05:18:00,1,0,36,1.07,pin,kplus_app,0
TX_002216,ACC_0143,ACC_1025,634.44,2026-08-28 05:27:00,1,0,58,1.26,pin,kplus_app,0
TX_004644,ACC_0886,ACC_0494,450.17,2026-08-28 05:29:00,0,0,45,0.36,pin,kplus_app,0
TX_003391,ACC_0271,ACC_0318,1944.21,2026-08-28 05:37:00,1,0,32,1.04,pin,kplus_app,0
TX_000248,ACC_0478,ACC_0865,895.54,2026-08-28 05:42:00,0,0,57,1.43,pin,kplus_app,0
TX_004542,ACC_0100,ACC_0533,573.09,2026-08-28 05:42:00,0,0,42,1.29,pin,kplus_app,0
TX_000092,ACC_0571,ACC_0094,253.03,2026-08-28 05:47:00,0,0,24,0.77,pin,kplus_app,0
TX_004109,ACC_0851,ACC_0771,837.04,2026-08-28 05:51:00,0,0,36,1.2,pin,kplus_app,0
TX_000766,ACC_0745,ACC_0242,124.3,2026-08-28 06:03:00,0,0,22,1.31,face_scan,kplus_app,0
TX_002553,ACC_0638,ACC_0318,1367.34,2026-08-28 06:05:00,1,0,37,0.27,pin,kplus_app,0
TX_002751,ACC_0833,ACC_0499,365.47,2026-08-28 06:11:00,0,0,42,0.16,face_scan,kplus_app,0
TX_005785,ACC_0722,ACC_0108,1356.18,2026-08-28 06:13:00,0,0,41,0.83,pin,kplus_app,0
TX_001790,ACC_0753,ACC_0384,335.49,2026-08-28 06:16:00,0,0,50,0.59,face_scan,kplus_app,0
TX_002377,ACC_1166,ACC_0980,83.45,2026-08-28 06:21:00,0,0,51,0.46,pin,kplus_app,0
TX_001569,ACC_0976,ACC_0203,173.41,2026-08-28 06:25:00,0,0,37,1.49,pin,kplus_app,0
TX_002710,ACC_0484,ACC_0944,2850.96,2026-08-28 06:27:00,0,0,44,0.59,pin,kplus_app,0
TX_004869,ACC_0914,ACC_0612,1783.94,2026-08-28 06:29:00,0,0,36,0.92,pin,kplus_app,0
TX_001832,ACC_0502,ACC_0146,81.38,2026-08-28 06:41:00,0,0,25,1.41,pin,kplus_app,0
TX_000671,ACC_0966,ACC_0694,199.62,2026-08-28 06:43:00,0,0,39,0.75,pin,kplus_app,0
TX_005199,ACC_0067,ACC_0661,1676.22,2026-08-28 06:49:00,0,0,38,1.02,pin,kplus_app,0
TX_004074,ACC_0760,ACC_1175,634.01,2026-08-28 06:54:00,0,0,55,0.65,pin,kplus_app,0
TX_002546,ACC_0184,ACC_0149,1368.33,2026-08-28 07:05:00,0,0,44,1.27,pin,kplus_app,0
TX_000524,ACC_0990,ACC_0991,111.49,2026-08-28 07:05:00,0,0,34,0.36,pin,kplus_app,0
TX_004818,ACC_1167,ACC_1022,112.69,2026-08-28 07:06:00,0,0,42,0.37,pin,kplus_app,0
TX_003027,ACC_0650,ACC_0594,587.16,2026-08-28 07:07:00,1,0,31,0.2,pin,kplus_app,0
TX_000218,ACC_0699,ACC_0885,1161.96,2026-08-28 07:09:00,1,0,30,0.14,pin,kplus_app,0
TX_000139,ACC_0818,ACC_0712,47.81,2026-08-28 07:12:00,0,0,10,1.19,face_scan,kplus_app,0
TX_000294,ACC_0429,ACC_1014,459.33,2026-08-28 07:16:00,0,0,44,0.72,pin,kplus_app,0
TX_005250,ACC_0181,ACC_0950,399.92,2026-08-28 07:35:00,0,0,48,0.17,face_scan,kplus_app,0
TX_004091,ACC_0416,ACC_0245,798.99,2026-08-28 07:55:00,1,0,48,0.14,pin,kplus_app,0
TX_000115,ACC_0787,ACC_0931,1215.68,2026-08-28 07:55:00,0,0,28,1.4,pin,kplus_app,0
TX_002800,ACC_0416,ACC_0222,213.69,2026-08-28 07:56:00,0,0,59,0.18,pin,kplus_app,0
TX_000864,ACC_0950,ACC_1185,1426.85,2026-08-28 08:06:00,1,0,63,1.37,pin,kplus_app,0
TX_003626,ACC_0103,ACC_0785,213.55,2026-08-28 08:08:00,0,1,54,1.23,pin,kplus_app,0
TX_000212,ACC_1114,ACC_1182,54.7,2026-08-28 08:09:00,1,0,50,1.45,pin,kplus_app,0
TX_002635,ACC_0373,ACC_0463,731.07,2026-08-28 08:12:00,1,0,53,0.22,face_scan,kplus_app,0
TX_002536,ACC_0230,ACC_0206,964.77,2026-08-28 08:12:00,0,0,35,0.83,pin,kplus_app,0
TX_005908,ACC_0486,ACC_0283,744.83,2026-08-28 08:12:00,0,0,40,1.4,pin,kplus_app,0
TX_001072,ACC_0996,ACC_0199,487.66,2026-08-28 08:19:00,0,1,39,1.02,pin,kplus_app,0
TX_004725,ACC_0258,ACC_0500,118.97,2026-08-28 08:29:00,0,0,39,0.49,pin,kplus_app,0
TX_000954,ACC_0395,ACC_1035,476.01,2026-08-28 08:40:00,1,0,79,0.33,pin,kplus_app,0
TX_002376,ACC_0190,ACC_0478,467.0,2026-08-28 08:44:00,0,0,41,1.37,pin,kplus_app,0
TX_005959,ACC_0540,ACC_1187,80.41,2026-08-28 08:45:00,0,0,53,0.77,pin,kplus_app,0
TX_006034,ACC_0494,ACC_0046,111.79,2026-08-28 08:45:00,1,0,45,0.3,pin,kplus_app,1
TX_005334,ACC_1188,ACC_0463,1617.61,2026-08-28 08:46:00,1,0,64,1.27,pin,kplus_app,0
TX_000637,ACC_0808,ACC_1048,142.65,2026-08-28 08:51:00,1,0,49,0.49,pin,kplus_app,0
TX_005861,ACC_0389,ACC_0102,2465.6,2026-08-28 08:58:00,1,0,37,1.03,pin,kplus_app,0
TX_006035,ACC_0494,ACC_0046,25060.57,2026-08-28 08:59:00,0,0,350,23.57,pin,kplus_app,1
TX_002263,ACC_1092,ACC_0512,565.18,2026-08-28 09:06:00,1,0,48,0.48,pin,kplus_app,0
TX_000121,ACC_0821,ACC_0565,230.17,2026-08-28 09:22:00,0,0,36,0.27,pin,kplus_app,0
TX_004508,ACC_0813,ACC_0317,665.97,2026-08-28 09:28:00,1,0,54,0.31,pin,kplus_app,0
TX_003041,ACC_0841,ACC_1068,655.83,2026-08-28 09:38:00,1,0,58,0.46,pin,kplus_app,0
TX_002850,ACC_0377,ACC_0917,1106.05,2026-08-28 09:40:00,0,0,29,0.54,pin,kplus_app,0
TX_000177,ACC_0908,ACC_0513,241.15,2026-08-28 09:41:00,0,0,28,0.68,pin,kplus_app,0
TX_004668,ACC_0842,ACC_0194,1483.42,2026-08-28 09:50:00,1,0,38,0.63,face_scan,kplus_app,0
TX_003975,ACC_0671,ACC_0828,63.58,2026-08-28 09:51:00,0,0,44,1.0,pin,kplus_app,0
TX_003506,ACC_0533,ACC_0678,109.31,2026-08-28 10:00:00,0,0,26,0.99,pin,kplus_app,0
TX_000628,ACC_0742,ACC_0584,594.13,2026-08-28 10:04:00,0,0,66,0.11,pin,kplus_app,0
TX_001171,ACC_1069,ACC_0916,403.52,2026-08-28 10:39:00,1,0,47,1.09,pin,kplus_app,0
TX_002369,ACC_0373,ACC_0231,57.55,2026-08-28 10:43:00,0,0,60,0.65,face_scan,kplus_app,0
TX_002121,ACC_0591,ACC_0998,1435.89,2026-08-28 10:55:00,1,0,40,0.61,pin,kplus_app,0
TX_006298,ACC_1170,ACC_0028,244.07,2026-08-28 10:57:00,1,0,41,0.3,pin,kplus_app,1
TX_006299,ACC_1170,ACC_0028,30743.54,2026-08-28 11:09:00,0,0,12,17.83,pin,kplus_app,1
TX_002457,ACC_0464,ACC_0797,167.26,2026-08-28 11:13:00,0,0,22,1.4,pin,kplus_app,0
TX_003333,ACC_0433,ACC_0802,1678.62,2026-08-28 11:35:00,0,0,43,1.49,pin,kplus_app,0
TX_002153,ACC_0404,ACC_0156,676.96,2026-08-28 11:52:00,0,0,41,0.55,pin,kplus_app,0
TX_004325,ACC_0584,ACC_0639,173.43,2026-08-28 12:13:00,0,0,45,1.15,pin,kplus_app,0
TX_001812,ACC_0688,ACC_0519,182.02,2026-08-28 12:13:00,0,0,39,1.45,pin,kplus_app,0
TX_004588,ACC_1081,ACC_0633,250.41,2026-08-28 12:17:00,1,0,64,0.64,pin,kplus_app,0
TX_000792,ACC_0065,ACC_0712,1208.31,2026-08-28 12:32:00,0,0,25,0.82,pin,kplus_app,0
TX_004549,ACC_0282,ACC_0526,1049.77,2026-08-28 12:40:00,0,0,35,0.58,pin,kplus_app,0
TX_003424,ACC_0358,ACC_0268,461.7,2026-08-28 12:47:00,0,0,18,0.33,pin,kplus_app,0
TX_003749,ACC_0478,ACC_0923,351.99,2026-08-28 12:49:00,0,1,38,1.04,pin,kplus_app,0
TX_003380,ACC_0164,ACC_0243,969.57,2026-08-28 12:52:00,0,0,30,1.26,face_scan,kplus_app,0
TX_002498,ACC_1013,ACC_1110,433.07,2026-08-28 12:56:00,0,0,38,0.92,pin,kplus_app,0
TX_003398,ACC_1092,ACC_0237,744.5,2026-08-28 12:58:00,1,0,53,0.18,pin,kplus_app,0
TX_005332,ACC_1131,ACC_0660,1054.77,2026-08-28 13:10:00,0,0,56,0.39,pin,kplus_app,0
TX_003225,ACC_0070,ACC_0252,1380.58,2026-08-28 13:17:00,1,0,64,1.1,pin,kplus_app,0
TX_003994,ACC_0068,ACC_0527,354.31,2026-08-28 13:20:00,1,0,60,1.05,pin,kplus_app,0
TX_003419,ACC_0760,ACC_0429,873.82,2026-08-28 13:24:00,0,1,39,1.5,face_scan,kplus_app,0
TX_003325,ACC_1150,ACC_0593,868.11,2026-08-28 13:29:00,0,0,31,0.83,pin,kplus_app,0
TX_003554,ACC_0089,ACC_0805,3101.96,2026-08-28 13:30:00,1,0,50,0.23,face_scan,kplus_app,0
TX_001276,ACC_0989,ACC_0610,165.75,2026-08-28 13:33:00,0,0,48,1.35,pin,kplus_app,0
TX_005522,ACC_0111,ACC_0606,513.4,2026-08-28 13:35:00,0,0,45,1.27,pin,kplus_app,0
TX_004385,ACC_0139,ACC_0619,396.91,2026-08-28 13:39:00,0,0,35,0.98,pin,kplus_app,0
TX_002102,ACC_0642,ACC_0760,127.72,2026-08-28 13:43:00,1,0,55,0.82,face_scan,kplus_app,0
TX_004946,ACC_0604,ACC_0280,403.76,2026-08-28 13:52:00,0,0,44,0.61,pin,kplus_app,0
TX_005394,ACC_0510,ACC_0394,1533.72,2026-08-28 13:53:00,0,0,44,1.24,pin,kplus_app,0
TX_001052,ACC_0583,ACC_1032,617.54,2026-08-28 14:13:00,0,0,26,1.21,pin,kplus_app,0
TX_002643,ACC_0987,ACC_0611,220.81,2026-08-28 14:21:00,0,0,37,1.28,pin,kplus_app,0
TX_004220,ACC_0568,ACC_0732,330.6,2026-08-28 14:26:00,0,0,43,0.17,face_scan,kplus_app,0
TX_005561,ACC_1147,ACC_0839,2117.47,2026-08-28 14:28:00,1,0,42,1.14,pin,kplus_app,0
TX_001248,ACC_0566,ACC_0313,205.99,2026-08-28 14:28:00,0,0,63,1.26,pin,kplus_app,0
TX_002412,ACC_0878,ACC_0132,765.39,2026-08-28 14:30:00,0,0,83,0.54,pin,kplus_app,0
TX_005953,ACC_0771,ACC_1184,2144.95,2026-08-28 14:43:00,0,0,45,0.33,pin,kplus_app,0
TX_000284,ACC_0462,ACC_0070,1027.05,2026-08-28 14:46:00,0,0,44,0.97,pin,kplus_app,0
TX_001106,ACC_0321,ACC_0380,1316.4,2026-08-28 14:50:00,1,0,51,1.33,pin,kplus_app,0
TX_002018,ACC_0706,ACC_0854,156.86,2026-08-28 15:05:00,0,0,52,0.3,pin,kplus_app,0
TX_003194,ACC_0922,ACC_0199,236.73,2026-08-28 15:10:00,0,0,51,0.72,pin,kplus_app,0
TX_000702,ACC_0390,ACC_0841,344.36,2026-08-28 15:24:00,1,0,44,0.4,pin,kplus_app,0
TX_002505,ACC_1052,ACC_0128,60.97,2026-08-28 15:45:00,0,0,40,1.17,pin,kplus_app,0
TX_002176,ACC_1139,ACC_0534,744.55,2026-08-28 15:47:00,0,0,29,0.77,pin,kplus_app,0
TX_002884,ACC_0822,ACC_0188,54.32,2026-08-28 15:55:00,1,0,39,1.1,pin,kplus_app,0
TX_003988,ACC_0175,ACC_0577,186.73,2026-08-28 16:01:00,1,0,18,0.22,pin,kplus_app,0
TX_000303,ACC_0706,ACC_0786,83.95,2026-08-28 16:02:00,0,0,36,0.58,face_scan,kplus_app,0
TX_005190,ACC_0470,ACC_0271,776.58,2026-08-28 16:02:00,0,0,30,1.16,pin,kplus_app,0
TX_002866,ACC_0132,ACC_0732,631.31,2026-08-28 16:09:00,1,0,21,0.87,pin,kplus_app,0
TX_003543,ACC_0351,ACC_0832,1279.49,2026-08-28 16:15:00,0,0,35,0.32,pin,kplus_app,0
TX_006174,ACC_1029,ACC_0027,268.1,2026-08-28 16:25:00,1,0,30,0.3,pin,kplus_app,1
TX_004932,ACC_0526,ACC_0433,1213.13,2026-08-28 16:29:00,1,0,42,1.46,pin,kplus_app,0
TX_006175,ACC_1029,ACC_0027,27187.24,2026-08-28 16:36:00,0,0,12,22.1,pin,kplus_app,1
TX_002701,ACC_0808,ACC_0639,1542.12,2026-08-28 16:55:00,0,0,61,0.82,face_scan,kplus_app,0
TX_005132,ACC_0110,ACC_1148,663.52,2026-08-28 17:05:00,0,0,30,0.62,pin,kplus_app,0
TX_001243,ACC_0509,ACC_0513,711.86,2026-08-28 17:26:00,0,0,36,0.55,pin,kplus_app,0
TX_002735,ACC_1065,ACC_0836,875.74,2026-08-28 17:30:00,0,0,49,1.23,pin,kplus_app,0
TX_005605,ACC_0630,ACC_0731,303.34,2026-08-28 17:32:00,1,1,35,1.49,face_scan,kplus_app,0
TX_002885,ACC_0359,ACC_0184,851.18,2026-08-28 17:45:00,0,0,55,1.08,pin,kplus_app,0
TX_001358,ACC_0981,ACC_0350,1200.02,2026-08-28 17:48:00,1,0,28,0.25,pin,kplus_app,0
TX_003966,ACC_0837,ACC_0357,128.67,2026-08-28 17:51:00,0,0,48,1.16,pin,kplus_app,0
TX_000354,ACC_0167,ACC_0394,763.46,2026-08-28 17:52:00,0,0,34,0.47,pin,kplus_app,0
TX_004498,ACC_1172,ACC_0887,2549.01,2026-08-28 17:55:00,0,0,58,0.88,pin,kplus_app,0
TX_003280,ACC_1106,ACC_0402,199.51,2026-08-28 18:04:00,0,0,43,1.17,pin,kplus_app,0
TX_000098,ACC_0063,ACC_0486,1572.39,2026-08-28 18:06:00,0,0,21,0.38,pin,kplus_app,0
TX_000573,ACC_0840,ACC_0158,534.43,2026-08-28 18:16:00,1,0,47,0.79,pin,kplus_app,0
TX_003711,ACC_0883,ACC_0297,1493.31,2026-08-28 18:44:00,0,0,46,0.26,face_scan,kplus_app,0
TX_004008,ACC_1050,ACC_0813,104.1,2026-08-28 18:45:00,0,0,41,0.37,pin,kplus_app,0
TX_005512,ACC_0267,ACC_0521,1015.69,2026-08-28 18:47:00,1,0,64,0.82,pin,kplus_app,0
TX_000746,ACC_0567,ACC_0992,1278.68,2026-08-28 18:52:00,0,0,65,1.38,face_scan,kplus_app,0
TX_001028,ACC_0394,ACC_0430,109.76,2026-08-28 18:54:00,0,0,51,0.51,pin,kplus_app,0
TX_003800,ACC_0513,ACC_1148,506.98,2026-08-28 18:55:00,0,0,54,0.37,pin,kplus_app,0
TX_000497,ACC_0147,ACC_1062,1041.73,2026-08-28 19:02:00,0,0,58,1.44,pin,kplus_app,0
TX_001018,ACC_0388,ACC_0663,228.74,2026-08-28 19:02:00,0,0,41,0.4,face_scan,kplus_app,0
TX_004660,ACC_0585,ACC_0151,64.94,2026-08-28 19:04:00,0,0,35,1.07,face_scan,kplus_app,0
TX_001590,ACC_1083,ACC_0430,816.38,2026-08-28 19:07:00,0,0,45,0.75,pin,kplus_app,0
TX_002640,ACC_0490,ACC_0991,3281.94,2026-08-28 19:32:00,0,0,60,1.26,pin,kplus_app,0
TX_000853,ACC_0147,ACC_0425,453.4,2026-08-28 19:33:00,1,0,53,0.87,pin,kplus_app,0
TX_005405,ACC_0104,ACC_0710,1052.48,2026-08-28 19:45:00,0,0,44,0.12,pin,kplus_app,0
TX_003937,ACC_0987,ACC_0483,851.44,2026-08-28 19:49:00,1,0,24,0.99,pin,kplus_app,0
TX_004364,ACC_1117,ACC_0792,750.53,2026-08-28 19:49:00,1,0,72,1.01,pin,kplus_app,0
TX_005597,ACC_0292,ACC_1033,532.43,2026-08-28 19:52:00,0,0,25,0.95,pin,kplus_app,0
TX_002583,ACC_0230,ACC_0403,389.77,2026-08-28 20:13:00,0,0,32,0.75,pin,kplus_app,0
TX_004166,ACC_0086,ACC_0151,537.41,2026-08-28 20:14:00,0,0,29,1.17,pin,kplus_app,0
TX_001497,ACC_0297,ACC_0350,322.6,2026-08-28 20:17:00,0,0,31,0.64,pin,kplus_app,0
TX_004177,ACC_0172,ACC_0763,999.28,2026-08-28 20:28:00,0,0,41,1.45,pin,kplus_app,0
TX_005475,ACC_0296,ACC_0660,739.24,2026-08-28 20:45:00,0,0,52,0.25,pin,kplus_app,0
TX_003765,ACC_1167,ACC_0100,742.04,2026-08-28 20:53:00,0,0,53,1.18,pin,kplus_app,0
TX_003558,ACC_0180,ACC_0384,124.48,2026-08-28 20:57:00,0,0,32,0.41,pin,kplus_app,0
TX_004382,ACC_0720,ACC_0977,438.73,2026-08-28 21:04:00,0,0,32,0.48,pin,kplus_app,0
TX_000156,ACC_1158,ACC_0491,47.11,2026-08-28 21:06:00,1,0,39,1.44,pin,kplus_app,0
TX_000136,ACC_0488,ACC_0478,464.94,2026-08-28 21:07:00,0,0,29,0.91,face_scan,kplus_app,0
TX_002350,ACC_0312,ACC_0271,2558.71,2026-08-28 21:13:00,1,0,50,0.94,pin,kplus_app,0
TX_000022,ACC_0551,ACC_1087,2153.65,2026-08-28 21:23:00,0,0,43,0.71,pin,kplus_app,0
TX_004451,ACC_0559,ACC_0797,950.93,2026-08-28 21:45:00,1,0,68,0.53,pin,kplus_app,0
TX_000613,ACC_0228,ACC_0786,337.92,2026-08-28 21:46:00,1,0,39,1.36,pin,kplus_app,0
TX_005981,ACC_0281,ACC_1055,59.4,2026-08-28 21:48:00,1,1,47,1.03,pin,kplus_app,0
TX_002073,ACC_0218,ACC_1107,511.59,2026-08-28 21:50:00,0,0,56,0.48,pin,kplus_app,0
TX_001266,ACC_0406,ACC_0183,380.28,2026-08-28 21:59:00,0,0,60,1.13,pin,kplus_app,0
TX_004568,ACC_0815,ACC_1090,2598.0,2026-08-28 22:02:00,1,0,56,0.64,none,kplus_app,0
TX_000779,ACC_0928,ACC_0394,76.0,2026-08-28 22:13:00,0,0,37,0.45,pin,kplus_app,0
TX_002069,ACC_0161,ACC_0900,1040.58,2026-08-28 22:39:00,0,0,49,0.56,face_scan,kplus_app,0
TX_003335,ACC_0510,ACC_0531,1176.34,2026-08-28 22:40:00,0,0,42,0.82,pin,kplus_app,0
TX_002984,ACC_0489,ACC_0413,992.81,2026-08-28 22:43:00,1,0,26,1.0,pin,kplus_app,0
TX_003021,ACC_0116,ACC_1150,211.42,2026-08-28 22:46:00,0,0,61,1.46,pin,kplus_app,0
TX_001852,ACC_1173,ACC_0607,1394.97,2026-08-28 22:52:00,0,0,30,1.06,pin,kplus_app,0
TX_006056,ACC_0549,ACC_0011,204.05,2026-08-28 23:01:00,1,0,30,0.3,pin,kplus_app,1
TX_002790,ACC_0317,ACC_0820,694.31,2026-08-28 23:04:00,1,0,23,0.94,pin,kplus_app,0
TX_005333,ACC_0592,ACC_0179,169.64,2026-08-28 23:09:00,0,0,49,1.36,pin,kplus_app,0
TX_005166,ACC_0104,ACC_0217,1695.43,2026-08-28 23:10:00,0,0,51,0.33,pin,kplus_app,0
TX_005690,ACC_0984,ACC_0192,136.53,2026-08-28 23:13:00,1,0,14,1.16,face_scan,kplus_app,0
TX_004197,ACC_0807,ACC_0932,482.44,2026-08-28 23:14:00,0,0,48,0.62,pin,kplus_app,0
TX_006057,ACC_0549,ACC_0011,54939.41,2026-08-28 23:14:00,0,0,12,12.91,pin,kplus_app,1
TX_003037,ACC_0736,ACC_0831,366.95,2026-08-28 23:22:00,0,0,56,0.8,pin,kplus_app,0
TX_005970,ACC_0374,ACC_0882,797.65,2026-08-28 23:33:00,0,1,57,1.33,pin,kplus_app,0
TX_005761,ACC_0103,ACC_0615,607.39,2026-08-28 23:35:00,0,1,43,1.09,pin,kplus_app,0
TX_003818,ACC_0544,ACC_0801,719.83,2026-08-28 23:49:00,0,0,28,0.14,none,kplus_app,0
TX_005668,ACC_0747,ACC_0303,752.79,2026-08-28 23:50:00,0,0,24,0.31,pin,kplus_app,0
TX_005477,ACC_0711,ACC_0890,1160.14,2026-08-28 23:50:00,0,0,43,1.5,pin,kplus_app,0
TX_003044,ACC_0586,ACC_0063,419.18,2026-08-28 23:56:00,0,0,63,1.04,pin,kplus_app,0
TX_004792,ACC_0557,ACC_0776,460.73,2026-08-28 23:59:00,1,0,33,0.92,pin,kplus_app,0
TX_001175,ACC_0438,ACC_0448,1554.12,2026-08-29 00:08:00,0,0,45,0.65,pin,kplus_app,0
TX_003122,ACC_0300,ACC_0217,1798.94,2026-08-29 00:13:00,1,0,44,0.51,pin,kplus_app,0
TX_005322,ACC_0632,ACC_1068,330.12,2026-08-29 00:24:00,0,0,58,0.84,pin,kplus_app,0
TX_002390,ACC_0182,ACC_1140,328.69,2026-08-29 00:36:00,0,0,43,1.38,pin,kplus_app,0
TX_003420,ACC_0538,ACC_0771,643.16,2026-08-29 00:49:00,0,0,30,1.16,pin,kplus_app,0
TX_002397,ACC_0495,ACC_0207,71.73,2026-08-29 01:05:00,0,0,37,0.26,pin,kplus_app,0
TX_005575,ACC_0612,ACC_0530,429.13,2026-08-29 01:05:00,1,0,43,1.07,face_scan,kplus_app,0
TX_001013,ACC_1018,ACC_0912,405.03,2026-08-29 01:08:00,0,1,39,0.23,pin,kplus_app,0
TX_005150,ACC_0538,ACC_0540,703.37,2026-08-29 01:13:00,1,0,55,0.77,pin,kplus_app,0
TX_005261,ACC_1115,ACC_1130,233.51,2026-08-29 01:15:00,1,0,41,1.0,pin,kplus_app,0
TX_003152,ACC_0304,ACC_0832,494.35,2026-08-29 01:16:00,0,0,53,1.08,pin,kplus_app,0
TX_000410,ACC_0392,ACC_0504,926.48,2026-08-29 01:18:00,0,0,52,0.53,pin,kplus_app,0
TX_003343,ACC_0872,ACC_0789,110.46,2026-08-29 01:28:00,0,0,42,0.72,pin,kplus_app,0
TX_000605,ACC_0560,ACC_0942,501.2,2026-08-29 01:29:00,0,0,40,0.29,pin,kplus_app,0
TX_001457,ACC_0258,ACC_0908,1390.05,2026-08-29 01:35:00,1,0,57,0.69,pin,kplus_app,0
TX_002794,ACC_0253,ACC_0581,865.0,2026-08-29 01:44:00,0,0,62,1.45,pin,kplus_app,0
TX_005316,ACC_0680,ACC_0075,186.4,2026-08-29 01:47:00,1,0,30,1.17,pin,kplus_app,0
TX_002294,ACC_0105,ACC_0546,497.69,2026-08-29 02:16:00,0,0,36,0.56,pin,kplus_app,0
TX_000304,ACC_0932,ACC_0796,1149.26,2026-08-29 02:21:00,0,0,49,0.35,pin,kplus_app,0
TX_005289,ACC_0933,ACC_1084,146.97,2026-08-29 02:22:00,0,0,69,0.91,pin,kplus_app,0
TX_006294,ACC_0471,ACC_0029,204.42,2026-08-29 02:32:00,1,0,43,0.3,pin,kplus_app,1
TX_006327,ACC_0003,ACC_0008,32900.34,2026-08-29 02:38:23,1,1,13,6.82,pin,promptpay,1
TX_006295,ACC_0471,ACC_0029,22049.27,2026-08-29 02:44:00,0,0,12,10.69,pin,kplus_app,1
TX_003475,ACC_0717,ACC_0448,291.5,2026-08-29 02:56:00,0,0,32,1.47,pin,kplus_app,0
TX_004326,ACC_0961,ACC_0498,190.36,2026-08-29 03:10:00,0,0,64,0.61,pin,kplus_app,0
TX_005277,ACC_0927,ACC_1082,192.0,2026-08-29 03:13:00,1,0,38,0.86,face_scan,kplus_app,0
TX_000252,ACC_0606,ACC_0127,167.33,2026-08-29 03:16:00,1,0,55,0.55,pin,kplus_app,0
TX_004876,ACC_1183,ACC_0134,557.76,2026-08-29 03:16:00,1,0,32,0.69,pin,kplus_app,0
TX_004899,ACC_0972,ACC_0943,690.22,2026-08-29 03:18:00,0,0,36,0.25,pin,kplus_app,0
TX_004126,ACC_1119,ACC_1066,552.61,2026-08-29 03:24:00,0,0,61,1.1,pin,kplus_app,0
TX_004051,ACC_0073,ACC_0735,717.73,2026-08-29 03:25:00,0,0,28,1.42,pin,kplus_app,0
TX_004825,ACC_0670,ACC_0216,453.99,2026-08-29 03:33:00,0,0,39,0.16,pin,kplus_app,0
TX_001723,ACC_0734,ACC_0725,504.41,2026-08-29 03:41:00,0,0,57,0.6,pin,kplus_app,0
TX_000117,ACC_0259,ACC_0163,47.72,2026-08-29 03:59:00,0,0,11,0.9,pin,kplus_app,0
TX_006062,ACC_0196,ACC_0035,396.18,2026-08-29 04:03:00,1,0,30,0.3,pin,kplus_app,1
TX_002337,ACC_0685,ACC_0913,251.04,2026-08-29 04:10:00,0,0,70,0.78,pin,kplus_app,0
TX_006063,ACC_0196,ACC_0035,56773.41,2026-08-29 04:12:00,0,0,350,11.26,pin,kplus_app,1
TX_006331,ACC_0037,ACC_0007,21768.6,2026-08-29 04:12:55,1,1,15,14.64,pin,promptpay,1
TX_000033,ACC_0811,ACC_0499,615.34,2026-08-29 04:19:00,0,0,55,1.48,pin,kplus_app,0
TX_001463,ACC_0226,ACC_0811,113.06,2026-08-29 04:21:00,0,0,55,0.53,pin,kplus_app,0
TX_003165,ACC_0990,ACC_0334,75.46,2026-08-29 04:23:00,0,0,53,0.13,none,kplus_app,0
TX_004487,ACC_0719,ACC_0442,913.79,2026-08-29 04:30:00,0,0,60,0.49,pin,kplus_app,0
TX_001396,ACC_1022,ACC_1018,97.77,2026-08-29 04:32:00,1,0,54,1.49,pin,kplus_app,0
TX_001289,ACC_0643,ACC_0070,51.26,2026-08-29 04:40:00,0,0,32,1.45,pin,kplus_app,0
TX_006130,ACC_0945,ACC_0054,270.17,2026-08-29 04:50:00,1,0,14,0.3,pin,kplus_app,1
TX_006131,ACC_0945,ACC_0054,22658.45,2026-08-29 05:01:00,0,0,350,12.47,pin,kplus_app,1
TX_002818,ACC_0263,ACC_0757,284.47,2026-08-29 05:06:00,0,0,27,0.81,pin,kplus_app,0
TX_001711,ACC_0392,ACC_0278,843.64,2026-08-29 05:06:00,0,0,32,0.17,pin,kplus_app,0
TX_002217,ACC_1104,ACC_1074,442.54,2026-08-29 05:13:00,0,0,54,0.33,pin,kplus_app,0
TX_004002,ACC_1125,ACC_0090,2093.12,2026-08-29 05:20:00,1,0,66,1.19,pin,kplus_app,0
TX_003057,ACC_0156,ACC_1122,684.4,2026-08-29 05:20:00,0,1,23,1.1,pin,kplus_app,0
TX_005055,ACC_0381,ACC_0151,1297.13,2026-08-29 05:24:00,0,0,46,0.61,pin,kplus_app,0
TX_001587,ACC_0205,ACC_0724,52.45,2026-08-29 05:27:00,0,0,42,0.25,pin,kplus_app,0
TX_001427,ACC_0564,ACC_1137,569.42,2026-08-29 05:31:00,0,0,62,0.66,pin,kplus_app,0
TX_002617,ACC_1035,ACC_0219,742.47,2026-08-29 05:39:00,1,0,32,0.57,pin,kplus_app,0
TX_003241,ACC_0947,ACC_0220,554.48,2026-08-29 05:47:00,0,0,47,1.36,pin,kplus_app,0
TX_003978,ACC_1105,ACC_0098,232.1,2026-08-29 06:00:00,0,0,58,0.82,pin,kplus_app,0
TX_003177,ACC_0521,ACC_0678,59.71,2026-08-29 06:20:00,0,0,31,0.52,pin,kplus_app,0
TX_000930,ACC_0543,ACC_0560,775.17,2026-08-29 06:36:00,0,0,43,0.59,pin,kplus_app,0
TX_000236,ACC_0153,ACC_1045,689.68,2026-08-29 06:36:00,1,0,35,1.17,pin,kplus_app,0
TX_003023,ACC_0915,ACC_0542,195.34,2026-08-29 06:36:00,0,0,35,0.34,pin,kplus_app,0
TX_004665,ACC_1180,ACC_0134,2253.57,2026-08-29 06:36:00,0,0,44,0.33,pin,kplus_app,0
TX_000414,ACC_0867,ACC_0303,1012.08,2026-08-29 06:37:00,1,0,56,0.29,pin,kplus_app,0
TX_003187,ACC_1023,ACC_0854,402.66,2026-08-29 06:53:00,0,0,48,0.97,pin,kplus_app,0
TX_003923,ACC_0182,ACC_0902,656.95,2026-08-29 07:03:00,1,0,56,0.3,face_scan,kplus_app,0
TX_005807,ACC_0215,ACC_0976,1257.3,2026-08-29 07:26:00,1,0,37,1.12,pin,kplus_app,0
TX_000754,ACC_0327,ACC_0818,68.25,2026-08-29 07:27:00,0,0,40,1.32,face_scan,kplus_app,0
TX_001223,ACC_0792,ACC_1008,1416.13,2026-08-29 07:30:00,1,0,40,1.06,pin,kplus_app,0
TX_004331,ACC_0398,ACC_0178,234.16,2026-08-29 07:36:00,1,0,60,0.55,pin,kplus_app,0
TX_004835,ACC_1005,ACC_0944,178.49,2026-08-29 07:36:00,0,0,57,0.11,pin,kplus_app,0
TX_005528,ACC_0703,ACC_0144,216.88,2026-08-29 07:39:00,0,0,50,1.48,pin,kplus_app,0
TX_003697,ACC_0689,ACC_0777,2214.88,2026-08-29 07:42:00,0,0,34,0.53,pin,kplus_app,0
TX_005236,ACC_0385,ACC_0300,1346.27,2026-08-29 07:54:00,0,0,61,1.12,pin,kplus_app,0
TX_003598,ACC_1019,ACC_0756,2705.6,2026-08-29 08:02:00,1,0,36,0.97,pin,kplus_app,0
TX_000843,ACC_0101,ACC_0416,381.86,2026-08-29 08:44:00,1,0,37,1.09,face_scan,kplus_app,0
TX_003219,ACC_1189,ACC_1016,1307.69,2026-08-29 08:57:00,0,0,56,0.81,pin,kplus_app,0
TX_004563,ACC_0294,ACC_0984,83.72,2026-08-29 09:11:00,0,0,61,0.23,pin,kplus_app,0
TX_004259,ACC_0903,ACC_1156,415.35,2026-08-29 09:15:00,0,0,52,1.3,pin,kplus_app,0
TX_001713,ACC_0120,ACC_0215,3073.53,2026-08-29 09:21:00,0,0,39,0.14,pin,kplus_app,0
TX_001683,ACC_0150,ACC_0543,275.69,2026-08-29 09:23:00,1,0,40,1.35,pin,kplus_app,0
TX_004363,ACC_0134,ACC_0620,276.25,2026-08-29 09:39:00,1,0,46,1.06,pin,kplus_app,0
TX_000198,ACC_0109,ACC_0940,1091.4,2026-08-29 09:40:00,0,0,22,1.25,pin,kplus_app,0
TX_004443,ACC_0179,ACC_0096,385.28,2026-08-29 09:50:00,0,0,26,1.0,pin,kplus_app,0
TX_002041,ACC_0306,ACC_0601,295.99,2026-08-29 09:59:00,0,0,30,1.05,pin,kplus_app,0
TX_004871,ACC_1049,ACC_0145,146.48,2026-08-29 10:13:00,1,0,48,0.41,pin,kplus_app,0
TX_001530,ACC_0215,ACC_0300,178.83,2026-08-29 10:36:00,1,0,59,1.15,pin,kplus_app,0
TX_003233,ACC_0588,ACC_0797,45.18,2026-08-29 10:39:00,1,0,41,0.49,pin,kplus_app,0
TX_004989,ACC_0773,ACC_0877,2927.69,2026-08-29 10:53:00,1,0,55,0.25,pin,kplus_app,0
TX_004052,ACC_0842,ACC_0491,502.01,2026-08-29 11:09:00,0,0,45,1.25,pin,kplus_app,0
TX_005913,ACC_0531,ACC_1071,229.66,2026-08-29 11:12:00,0,0,34,1.44,pin,kplus_app,0
TX_001192,ACC_0639,ACC_1179,967.52,2026-08-29 11:14:00,1,0,55,0.39,pin,kplus_app,0
TX_001374,ACC_0908,ACC_0199,645.27,2026-08-29 11:28:00,0,0,44,0.39,pin,kplus_app,0
TX_002439,ACC_0648,ACC_0479,579.43,2026-08-29 11:33:00,0,0,29,0.61,pin,kplus_app,0
TX_003499,ACC_0801,ACC_0498,1412.38,2026-08-29 11:40:00,0,0,59,1.02,pin,kplus_app,0
TX_002125,ACC_0886,ACC_1047,1391.24,2026-08-29 11:41:00,0,0,41,0.46,pin,kplus_app,0
TX_004972,ACC_0067,ACC_0180,736.33,2026-08-29 11:47:00,0,0,53,0.97,pin,kplus_app,0
TX_004717,ACC_0896,ACC_0276,918.62,2026-08-29 11:48:00,1,0,37,0.94,pin,kplus_app,0
TX_001283,ACC_0536,ACC_0552,2492.36,2026-08-29 11:50:00,0,0,44,1.06,pin,kplus_app,0
TX_003208,ACC_0360,ACC_0984,428.5,2026-08-29 12:02:00,0,0,46,1.38,face_scan,kplus_app,0
TX_005711,ACC_0288,ACC_0369,1505.41,2026-08-29 12:16:00,0,0,55,1.29,face_scan,kplus_app,0
TX_001313,ACC_1156,ACC_0108,160.53,2026-08-29 12:19:00,0,0,49,1.1,face_scan,kplus_app,0
TX_004404,ACC_0221,ACC_0766,845.84,2026-08-29 12:22:00,0,0,54,0.46,pin,kplus_app,0
TX_001185,ACC_0391,ACC_0431,223.45,2026-08-29 12:34:00,0,1,50,1.42,pin,kplus_app,0
TX_001179,ACC_0081,ACC_0656,793.11,2026-08-29 12:40:00,1,0,55,0.34,pin,kplus_app,0
TX_002534,ACC_0507,ACC_0247,402.69,2026-08-29 12:41:00,0,0,25,0.19,pin,kplus_app,0
TX_004138,ACC_0179,ACC_0269,568.27,2026-08-29 12:47:00,0,0,39,0.17,pin,kplus_app,0
TX_003902,ACC_0979,ACC_0841,203.79,2026-08-29 13:25:00,0,0,59,0.95,pin,kplus_app,0
TX_000227,ACC_0914,ACC_1126,228.14,2026-08-29 13:27:00,0,0,46,1.44,pin,kplus_app,0
TX_001207,ACC_1174,ACC_1024,317.36,2026-08-29 13:28:00,0,0,45,0.17,face_scan,kplus_app,0
TX_004236,ACC_0307,ACC_0659,443.76,2026-08-29 13:41:00,1,0,51,1.13,pin,kplus_app,0
TX_003511,ACC_0250,ACC_0802,1343.38,2026-08-29 13:42:00,0,0,37,0.98,pin,kplus_app,0
TX_003198,ACC_0634,ACC_0922,694.58,2026-08-29 13:46:00,1,0,45,0.65,pin,kplus_app,0
TX_002612,ACC_0719,ACC_0060,1101.39,2026-08-29 13:56:00,0,0,37,0.34,face_scan,kplus_app,0
TX_004208,ACC_1187,ACC_0997,108.43,2026-08-29 13:58:00,1,0,31,1.32,pin,kplus_app,0
TX_002312,ACC_0127,ACC_1085,1755.43,2026-08-29 14:00:00,0,0,33,1.3,pin,kplus_app,0
TX_005429,ACC_0887,ACC_0073,94.83,2026-08-29 14:11:00,1,0,31,0.31,pin,kplus_app,0
TX_003179,ACC_0071,ACC_0665,1755.32,2026-08-29 14:12:00,0,0,74,0.18,pin,kplus_app,0
TX_000488,ACC_0876,ACC_0208,1096.13,2026-08-29 14:30:00,0,0,50,0.12,pin,kplus_app,0
TX_005290,ACC_0734,ACC_0844,463.13,2026-08-29 14:32:00,1,0,59,0.94,pin,kplus_app,0
TX_000439,ACC_0399,ACC_0667,1171.11,2026-08-29 14:42:00,1,0,37,0.64,pin,kplus_app,0
TX_001177,ACC_0089,ACC_0476,653.13,2026-08-29 14:42:00,0,0,36,1.14,pin,kplus_app,0
TX_005177,ACC_1161,ACC_0713,1123.56,2026-08-29 14:57:00,0,0,36,1.25,face_scan,kplus_app,0
TX_001754,ACC_0422,ACC_1027,230.83,2026-08-29 15:05:00,1,0,56,1.01,pin,kplus_app,0
TX_005746,ACC_1130,ACC_0365,328.18,2026-08-29 15:07:00,0,0,51,0.78,pin,kplus_app,0
TX_004988,ACC_0374,ACC_0188,777.71,2026-08-29 15:15:00,1,0,27,0.13,pin,kplus_app,0
TX_002147,ACC_0087,ACC_0225,249.41,2026-08-29 15:15:00,0,1,52,1.45,face_scan,kplus_app,0
TX_005446,ACC_0136,ACC_0911,1818.33,2026-08-29 15:19:00,0,0,53,0.25,pin,kplus_app,0
TX_002129,ACC_0553,ACC_0946,605.21,2026-08-29 15:23:00,1,0,23,1.14,pin,kplus_app,0
TX_005918,ACC_0385,ACC_0977,614.0,2026-08-29 15:29:00,1,0,36,1.49,pin,kplus_app,0
TX_005042,ACC_0525,ACC_0088,166.31,2026-08-29 15:31:00,0,0,40,0.82,pin,kplus_app,0
TX_006222,ACC_1041,ACC_0028,225.15,2026-08-29 15:41:00,1,0,46,0.3,pin,kplus_app,1
TX_001343,ACC_0234,ACC_0355,1007.5,2026-08-29 15:43:00,1,0,37,0.14,pin,kplus_app,0
TX_004952,ACC_0456,ACC_0159,2246.88,2026-08-29 15:51:00,0,0,73,0.21,pin,kplus_app,0
TX_006223,ACC_1041,ACC_0028,24515.16,2026-08-29 15:54:00,0,0,350,22.93,pin,kplus_app,1
TX_001536,ACC_0721,ACC_0695,419.65,2026-08-29 15:56:00,1,0,37,0.18,pin,kplus_app,0
TX_003564,ACC_0781,ACC_0089,636.66,2026-08-29 16:22:00,1,0,52,0.94,pin,kplus_app,0
TX_003894,ACC_0663,ACC_0523,191.82,2026-08-29 16:22:00,1,0,49,0.72,pin,kplus_app,0
TX_002556,ACC_0157,ACC_0750,277.98,2026-08-29 16:30:00,1,0,43,0.36,pin,kplus_app,0
TX_004832,ACC_0244,ACC_0770,195.82,2026-08-29 16:32:00,0,0,54,0.41,pin,kplus_app,0
TX_004393,ACC_0559,ACC_0313,572.32,2026-08-29 16:39:00,1,0,25,0.16,pin,kplus_app,0
TX_003107,ACC_1170,ACC_0271,2219.27,2026-08-29 16:44:00,0,0,28,0.59,pin,kplus_app,0
TX_002565,ACC_0709,ACC_0716,559.35,2026-08-29 16:45:00,1,1,38,1.0,pin,kplus_app,0
TX_004185,ACC_0196,ACC_0686,90.78,2026-08-29 17:04:00,0,0,37,1.32,none,kplus_app,0
TX_005618,ACC_0553,ACC_1016,277.93,2026-08-29 17:07:00,1,0,37,1.35,pin,kplus_app,0
TX_000961,ACC_0335,ACC_0643,310.25,2026-08-29 17:16:00,0,0,54,0.18,face_scan,kplus_app,0
TX_001217,ACC_0340,ACC_0079,235.07,2026-08-29 17:25:00,0,0,31,1.01,pin,kplus_app,0
TX_006156,ACC_1056,ACC_0000,349.14,2026-08-29 17:31:00,1,0,36,0.3,pin,kplus_app,1
TX_005527,ACC_0240,ACC_0740,99.75,2026-08-29 17:31:00,1,0,52,1.42,pin,kplus_app,0
TX_004930,ACC_0199,ACC_0273,489.49,2026-08-29 17:33:00,0,0,38,1.09,pin,kplus_app,0
TX_004517,ACC_1121,ACC_0643,626.36,2026-08-29 17:33:00,0,0,52,1.18,pin,kplus_app,0
TX_003807,ACC_0779,ACC_0090,562.96,2026-08-29 17:34:00,0,0,42,1.24,pin,kplus_app,0
TX_000316,ACC_0819,ACC_0176,930.74,2026-08-29 17:42:00,0,0,32,1.01,pin,kplus_app,0
TX_003492,ACC_0483,ACC_0860,56.37,2026-08-29 17:43:00,1,0,42,0.72,pin,kplus_app,0
TX_006157,ACC_1056,ACC_0000,48187.17,2026-08-29 17:45:00,0,0,12,16.27,pin,kplus_app,1
TX_003130,ACC_0626,ACC_0621,154.62,2026-08-29 17:46:00,0,0,55,1.09,pin,kplus_app,0
TX_000473,ACC_0562,ACC_0855,329.0,2026-08-29 17:47:00,1,0,44,0.63,pin,kplus_app,0
TX_003290,ACC_1059,ACC_0567,988.08,2026-08-29 17:51:00,1,0,27,1.18,pin,kplus_app,0
TX_004890,ACC_0618,ACC_0073,723.98,2026-08-29 17:58:00,1,0,45,1.33,pin,kplus_app,0
TX_004494,ACC_0303,ACC_0456,103.75,2026-08-29 18:00:00,0,0,30,1.23,pin,kplus_app,0
TX_005131,ACC_0200,ACC_0430,326.34,2026-08-29 18:39:00,0,0,58,0.71,pin,kplus_app,0
TX_001312,ACC_0832,ACC_1179,397.35,2026-08-29 18:47:00,0,0,46,1.4,face_scan,kplus_app,0
TX_003792,ACC_0223,ACC_0111,1652.54,2026-08-29 18:48:00,0,0,44,0.97,pin,kplus_app,0
TX_002068,ACC_0270,ACC_0581,647.74,2026-08-29 18:58:00,0,0,45,0.92,pin,kplus_app,0
TX_005077,ACC_0078,ACC_0713,44.7,2026-08-29 19:06:00,1,0,36,0.74,pin,kplus_app,0
TX_001757,ACC_0865,ACC_0832,268.23,2026-08-29 19:07:00,0,0,56,0.45,pin,kplus_app,0
TX_003781,ACC_0640,ACC_0646,289.52,2026-08-29 19:11:00,0,0,63,1.46,pin,kplus_app,0
TX_003063,ACC_0235,ACC_0288,815.99,2026-08-29 19:21:00,0,0,46,0.48,pin,kplus_app,0
TX_004460,ACC_0088,ACC_0508,493.52,2026-08-29 19:21:00,0,0,33,0.23,pin,kplus_app,0
TX_001452,ACC_0381,ACC_1172,93.08,2026-08-29 19:30:00,0,0,61,0.39,pin,kplus_app,0
TX_005406,ACC_0440,ACC_0449,3537.89,2026-08-29 19:37:00,0,0,47,0.1,pin,kplus_app,0
TX_005112,ACC_0525,ACC_1078,295.6,2026-08-29 19:54:00,0,0,41,1.16,face_scan,kplus_app,0
TX_003744,ACC_0675,ACC_0485,492.28,2026-08-29 19:57:00,0,0,48,1.5,pin,kplus_app,0
TX_005213,ACC_0507,ACC_0254,513.3,2026-08-29 20:11:00,0,0,27,0.67,pin,kplus_app,0
TX_003618,ACC_0550,ACC_0486,127.49,2026-08-29 20:11:00,0,0,48,0.81,pin,kplus_app,0
TX_001447,ACC_0189,ACC_0138,292.01,2026-08-29 20:12:00,1,0,59,1.02,pin,kplus_app,0
TX_006252,ACC_0994,ACC_0056,312.14,2026-08-29 20:15:00,1,0,53,0.3,pin,kplus_app,1
TX_002076,ACC_0878,ACC_0159,1280.59,2026-08-29 20:20:00,0,0,57,1.16,face_scan,kplus_app,0
TX_002051,ACC_0416,ACC_0484,44.69,2026-08-29 20:22:00,1,0,52,1.2,pin,kplus_app,0
TX_006253,ACC_0994,ACC_0056,44099.3,2026-08-29 20:26:00,0,0,12,10.7,pin,kplus_app,1
TX_000086,ACC_0863,ACC_0130,63.66,2026-08-29 21:06:00,1,0,41,0.75,pin,kplus_app,0
TX_004118,ACC_0358,ACC_0119,1344.72,2026-08-29 21:10:00,1,0,35,0.15,pin,kplus_app,0
TX_005941,ACC_1181,ACC_0222,220.77,2026-08-29 21:25:00,0,1,65,0.64,pin,kplus_app,0
TX_005598,ACC_0840,ACC_0198,743.11,2026-08-29 21:34:00,1,0,44,0.95,pin,kplus_app,0
TX_000559,ACC_0741,ACC_0373,407.57,2026-08-29 21:39:00,1,0,34,1.22,pin,kplus_app,0
TX_002764,ACC_0786,ACC_0115,679.63,2026-08-29 21:44:00,0,0,40,0.65,pin,kplus_app,0
TX_005123,ACC_0770,ACC_0265,2326.35,2026-08-29 21:46:00,0,0,34,0.21,pin,kplus_app,0
TX_002954,ACC_0249,ACC_0082,740.23,2026-08-29 21:54:00,0,0,62,0.18,pin,kplus_app,0
TX_000247,ACC_0676,ACC_0836,236.82,2026-08-29 21:54:00,0,0,45,1.49,face_scan,kplus_app,0
TX_003049,ACC_0741,ACC_0674,517.17,2026-08-29 22:05:00,0,0,52,0.32,pin,kplus_app,0
TX_004425,ACC_0685,ACC_1138,1023.29,2026-08-29 22:08:00,0,0,53,1.12,pin,kplus_app,0
TX_000805,ACC_1128,ACC_0741,317.29,2026-08-29 22:21:00,0,0,61,0.89,pin,kplus_app,0
TX_000127,ACC_0111,ACC_1064,806.46,2026-08-29 22:24:00,0,0,28,0.73,pin,kplus_app,0
TX_000997,ACC_0429,ACC_0191,886.23,2026-08-29 22:26:00,0,1,46,0.94,pin,kplus_app,0
TX_001592,ACC_1114,ACC_0620,1592.81,2026-08-29 22:35:00,0,0,62,0.63,pin,kplus_app,0
TX_002348,ACC_1032,ACC_0169,308.53,2026-08-29 22:42:00,0,0,29,0.44,pin,kplus_app,0
TX_004811,ACC_1066,ACC_0321,129.52,2026-08-29 22:42:00,1,0,54,0.45,pin,kplus_app,0
TX_002040,ACC_0496,ACC_0757,1953.48,2026-08-29 22:46:00,1,0,65,1.49,pin,kplus_app,0
TX_000382,ACC_0307,ACC_0934,1361.15,2026-08-29 23:04:00,0,0,53,1.27,pin,kplus_app,0
TX_005349,ACC_0541,ACC_0632,236.58,2026-08-29 23:06:00,1,0,51,0.25,pin,kplus_app,0
TX_000740,ACC_0345,ACC_1071,794.36,2026-08-29 23:09:00,0,0,39,0.94,face_scan,kplus_app,0
TX_005676,ACC_0583,ACC_0576,151.66,2026-08-29 23:22:00,0,0,55,0.39,pin,kplus_app,0
TX_006343,ACC_0046,ACC_0020,26150.52,2026-08-29 23:24:54,1,1,13,13.34,pin,promptpay,1
TX_001681,ACC_0106,ACC_0764,301.9,2026-08-29 23:28:00,0,0,41,0.23,pin,kplus_app,0
TX_005620,ACC_0391,ACC_0597,332.93,2026-08-29 23:36:00,0,0,33,0.64,pin,kplus_app,0
TX_001930,ACC_0755,ACC_1015,1030.26,2026-08-29 23:50:00,0,0,59,1.06,pin,kplus_app,0
TX_002055,ACC_0686,ACC_0380,394.61,2026-08-30 00:00:00,1,0,49,0.51,pin,kplus_app,0
TX_000893,ACC_0923,ACC_0283,238.46,2026-08-30 00:17:00,1,0,53,0.43,pin,kplus_app,0
TX_000251,ACC_0467,ACC_0376,1416.39,2026-08-30 00:19:00,0,0,39,1.01,pin,kplus_app,0
TX_001172,ACC_0350,ACC_0823,325.71,2026-08-30 00:20:00,0,0,53,0.4,pin,kplus_app,0
TX_002900,ACC_0754,ACC_0598,268.99,2026-08-30 00:24:00,0,0,37,0.52,pin,kplus_app,0
TX_001759,ACC_0626,ACC_0446,540.42,2026-08-30 00:34:00,0,0,56,0.19,pin,kplus_app,0
TX_004903,ACC_0188,ACC_0650,173.27,2026-08-30 00:43:00,0,0,58,1.3,pin,kplus_app,0
TX_005932,ACC_0782,ACC_0696,189.75,2026-08-30 00:44:00,0,0,23,0.78,pin,kplus_app,0
TX_005307,ACC_0758,ACC_1088,402.89,2026-08-30 00:46:00,1,0,21,1.03,pin,kplus_app,0
TX_004427,ACC_0502,ACC_0833,950.34,2026-08-30 01:04:00,1,0,51,1.35,pin,kplus_app,0
TX_001867,ACC_0703,ACC_1197,1575.7,2026-08-30 01:15:00,0,0,52,1.35,pin,kplus_app,0
TX_003592,ACC_1051,ACC_0587,433.55,2026-08-30 01:30:00,0,0,44,0.72,face_scan,kplus_app,0
TX_000713,ACC_0242,ACC_0294,159.8,2026-08-30 01:32:00,1,0,61,0.49,pin,kplus_app,0
TX_001951,ACC_0713,ACC_0810,1728.51,2026-08-30 01:34:00,1,0,42,0.29,pin,kplus_app,0
TX_005117,ACC_0257,ACC_0346,900.26,2026-08-30 01:35:00,0,0,42,1.46,pin,kplus_app,0
TX_004561,ACC_0912,ACC_0591,812.67,2026-08-30 01:50:00,1,0,38,0.69,pin,kplus_app,0
TX_003213,ACC_0921,ACC_0075,414.24,2026-08-30 02:01:00,0,0,49,1.08,pin,kplus_app,0
TX_001810,ACC_0679,ACC_0408,311.62,2026-08-30 02:04:00,1,0,24,0.31,pin,kplus_app,0
TX_001078,ACC_0163,ACC_1193,842.09,2026-08-30 02:08:00,0,0,46,0.62,pin,kplus_app,0
TX_000168,ACC_0452,ACC_1104,97.58,2026-08-30 02:11:00,0,0,59,1.5,face_scan,kplus_app,0
TX_003449,ACC_0690,ACC_0227,442.12,2026-08-30 02:19:00,0,0,49,1.36,pin,kplus_app,0
TX_004458,ACC_0496,ACC_0929,350.51,2026-08-30 02:21:00,0,0,73,0.79,pin,kplus_app,0
TX_004701,ACC_0745,ACC_0613,1246.2,2026-08-30 02:29:00,0,0,55,0.74,pin,kplus_app,0
TX_002149,ACC_0893,ACC_0496,113.53,2026-08-30 02:44:00,1,0,56,1.23,pin,kplus_app,0
TX_001922,ACC_0777,ACC_0628,907.85,2026-08-30 02:44:00,0,0,51,0.56,face_scan,kplus_app,0
TX_005321,ACC_0175,ACC_0726,1019.4,2026-08-30 02:46:00,1,0,26,0.43,pin,kplus_app,0
TX_004339,ACC_0439,ACC_0382,338.87,2026-08-30 02:47:00,0,0,36,0.89,pin,kplus_app,0
TX_001039,ACC_0205,ACC_1088,526.77,2026-08-30 02:47:00,0,0,57,0.55,pin,kplus_app,0
TX_005260,ACC_1025,ACC_0329,177.04,2026-08-30 02:54:00,1,0,28,0.56,pin,kplus_app,0
TX_003733,ACC_1152,ACC_0792,167.41,2026-08-30 02:59:00,0,0,42,0.25,pin,kplus_app,0
TX_003313,ACC_0321,ACC_0535,642.58,2026-08-30 03:11:00,0,0,46,0.64,pin,kplus_app,0
TX_004297,ACC_1143,ACC_1011,45.23,2026-08-30 03:36:00,0,0,35,0.29,pin,kplus_app,0
TX_005476,ACC_0331,ACC_0353,398.13,2026-08-30 03:40:00,0,0,57,0.48,pin,kplus_app,0
TX_003114,ACC_0541,ACC_0250,176.5,2026-08-30 03:49:00,0,0,75,1.21,face_scan,kplus_app,0
TX_003617,ACC_0892,ACC_0767,340.94,2026-08-30 03:53:00,0,0,70,0.5,pin,kplus_app,0
TX_000547,ACC_0562,ACC_0222,94.99,2026-08-30 04:07:00,0,0,14,0.6,face_scan,kplus_app,0
TX_004104,ACC_0692,ACC_0445,59.52,2026-08-30 04:21:00,0,0,55,0.91,face_scan,kplus_app,0
TX_000626,ACC_0427,ACC_0616,226.24,2026-08-30 04:22:00,0,0,56,0.42,pin,kplus_app,0
TX_003275,ACC_0233,ACC_1033,421.89,2026-08-30 04:25:00,1,0,33,0.6,pin,kplus_app,0
TX_005119,ACC_0089,ACC_0563,2267.26,2026-08-30 04:26:00,0,0,50,0.44,pin,kplus_app,0
TX_000242,ACC_0409,ACC_0135,583.24,2026-08-30 04:51:00,0,0,57,0.81,pin,kplus_app,0
TX_003416,ACC_0154,ACC_0512,40.46,2026-08-30 05:02:00,0,0,50,1.09,face_scan,kplus_app,0
TX_000130,ACC_1105,ACC_0935,957.13,2026-08-30 05:05:00,1,0,50,0.15,pin,kplus_app,0
TX_003516,ACC_1155,ACC_1128,1738.38,2026-08-30 05:10:00,0,0,51,0.48,pin,kplus_app,0
TX_000514,ACC_0367,ACC_0208,1142.46,2026-08-30 05:23:00,1,0,56,1.0,pin,kplus_app,0
TX_002495,ACC_1057,ACC_1091,358.34,2026-08-30 05:57:00,0,0,35,0.3,pin,kplus_app,0
TX_004747,ACC_0636,ACC_0476,44.85,2026-08-30 05:57:00,0,1,40,0.68,face_scan,kplus_app,0
TX_001917,ACC_1190,ACC_0761,1570.09,2026-08-30 06:05:00,1,0,46,1.2,pin,kplus_app,0
TX_002161,ACC_0933,ACC_1117,756.82,2026-08-30 06:14:00,0,0,70,0.64,pin,kplus_app,0
TX_001138,ACC_0872,ACC_1035,286.15,2026-08-30 06:15:00,0,0,36,1.25,none,kplus_app,0
TX_001459,ACC_1148,ACC_0217,443.16,2026-08-30 06:29:00,0,0,43,0.31,pin,kplus_app,0
TX_000278,ACC_0328,ACC_0358,1715.82,2026-08-30 06:46:00,0,0,25,1.04,face_scan,kplus_app,0
TX_001461,ACC_1076,ACC_0158,75.55,2026-08-30 06:48:00,0,0,44,1.3,pin,kplus_app,0
TX_001302,ACC_0882,ACC_0164,163.32,2026-08-30 07:02:00,1,0,53,0.37,pin,kplus_app,0
TX_005556,ACC_0413,ACC_1189,1064.11,2026-08-30 07:03:00,0,0,61,0.92,pin,kplus_app,0
TX_004357,ACC_0819,ACC_0293,1459.01,2026-08-30 07:10:00,0,1,34,0.94,pin,kplus_app,0
TX_003876,ACC_0917,ACC_0854,1209.33,2026-08-30 07:16:00,0,0,48,0.93,pin,kplus_app,0
TX_002109,ACC_0239,ACC_1150,1140.69,2026-08-30 07:17:00,1,0,35,0.82,face_scan,kplus_app,0
TX_003366,ACC_0329,ACC_0629,1477.98,2026-08-30 07:20:00,0,0,71,1.13,pin,kplus_app,0
TX_005376,ACC_0880,ACC_0897,426.48,2026-08-30 07:29:00,1,0,36,0.81,pin,kplus_app,0
TX_006024,ACC_0395,ACC_0026,330.34,2026-08-30 07:35:00,1,0,47,0.3,pin,kplus_app,1
TX_005848,ACC_0179,ACC_1140,360.69,2026-08-30 07:37:00,0,0,45,0.35,pin,kplus_app,0
TX_002461,ACC_0761,ACC_0119,165.01,2026-08-30 07:43:00,0,0,36,1.5,pin,kplus_app,0
TX_006025,ACC_0395,ACC_0026,43606.47,2026-08-30 07:46:00,0,0,12,15.82,pin,kplus_app,1
TX_002719,ACC_0099,ACC_0112,550.83,2026-08-30 07:58:00,0,0,40,1.15,pin,kplus_app,0
TX_003202,ACC_0167,ACC_0461,708.6,2026-08-30 07:59:00,0,0,51,0.53,pin,kplus_app,0
TX_004560,ACC_0891,ACC_0894,658.03,2026-08-30 08:02:00,0,0,35,1.41,pin,kplus_app,0
TX_005956,ACC_0507,ACC_0374,502.01,2026-08-30 08:09:00,1,0,33,0.58,pin,kplus_app,0
TX_001813,ACC_0241,ACC_1105,283.67,2026-08-30 08:09:00,1,0,52,0.92,pin,kplus_app,0
TX_002642,ACC_0712,ACC_0861,766.23,2026-08-30 08:15:00,0,0,64,0.57,pin,kplus_app,0
TX_002264,ACC_0816,ACC_0352,775.98,2026-08-30 08:16:00,1,0,55,0.75,pin,kplus_app,0
TX_003501,ACC_0635,ACC_0620,2545.39,2026-08-30 08:18:00,0,0,35,0.48,pin,kplus_app,0
TX_004028,ACC_1081,ACC_0091,98.3,2026-08-30 08:19:00,0,0,43,0.45,pin,kplus_app,0
TX_001036,ACC_1110,ACC_1001,675.36,2026-08-30 08:29:00,0,0,31,0.33,pin,kplus_app,0
TX_000433,ACC_0355,ACC_0195,1033.8,2026-08-30 08:29:00,0,0,35,1.08,face_scan,kplus_app,0
TX_005188,ACC_1151,ACC_0887,384.3,2026-08-30 08:31:00,0,0,54,0.43,pin,kplus_app,0
TX_003048,ACC_0486,ACC_0544,264.19,2026-08-30 08:35:00,0,0,58,0.96,pin,kplus_app,0
TX_002228,ACC_0573,ACC_0841,442.32,2026-08-30 08:35:00,0,0,36,1.36,face_scan,kplus_app,0
TX_003252,ACC_0956,ACC_0817,701.8,2026-08-30 08:40:00,0,0,62,1.39,pin,kplus_app,0
TX_001823,ACC_0709,ACC_0987,245.16,2026-08-30 08:42:00,0,0,61,1.01,pin,kplus_app,0
TX_003062,ACC_1182,ACC_0877,263.69,2026-08-30 08:56:00,0,1,31,1.46,pin,kplus_app,0
TX_000715,ACC_0772,ACC_0969,478.91,2026-08-30 08:58:00,0,0,50,0.16,pin,kplus_app,0
TX_000686,ACC_0972,ACC_0651,140.76,2026-08-30 09:07:00,0,0,46,0.5,pin,kplus_app,0
TX_001441,ACC_0521,ACC_1022,171.14,2026-08-30 09:19:00,0,0,74,1.23,face_scan,kplus_app,0
TX_002235,ACC_0188,ACC_0326,370.17,2026-08-30 09:31:00,0,1,64,1.25,pin,kplus_app,0
TX_005686,ACC_0868,ACC_0704,673.05,2026-08-30 09:39:00,0,0,35,0.32,pin,kplus_app,0
TX_002585,ACC_0686,ACC_0797,1005.17,2026-08-30 09:58:00,0,0,43,1.05,pin,kplus_app,0
TX_004305,ACC_0428,ACC_1051,199.75,2026-08-30 10:17:00,0,0,51,0.6,pin,kplus_app,0
TX_005540,ACC_1157,ACC_0390,777.76,2026-08-30 10:34:00,0,0,48,0.21,pin,kplus_app,0
TX_005176,ACC_0715,ACC_0561,93.29,2026-08-30 10:39:00,1,0,58,1.25,face_scan,kplus_app,0
TX_004375,ACC_0458,ACC_0447,412.34,2026-08-30 10:57:00,0,0,39,0.48,pin,kplus_app,0
TX_004884,ACC_0906,ACC_0771,113.75,2026-08-30 11:12:00,0,0,31,0.6,pin,kplus_app,0
TX_005783,ACC_0899,ACC_0395,386.02,2026-08-30 11:23:00,0,0,27,1.16,pin,kplus_app,0
TX_003045,ACC_0667,ACC_1144,913.33,2026-08-30 11:26:00,1,0,49,0.11,pin,kplus_app,0
TX_001406,ACC_0648,ACC_0970,560.34,2026-08-30 11:28:00,0,0,24,0.85,pin,kplus_app,0
TX_001624,ACC_0455,ACC_1034,1271.57,2026-08-30 11:28:00,0,0,38,0.9,pin,kplus_app,0
TX_000943,ACC_0751,ACC_0565,476.58,2026-08-30 11:29:00,0,0,32,1.14,pin,kplus_app,0
TX_002964,ACC_0308,ACC_1198,105.76,2026-08-30 11:32:00,1,0,54,1.19,pin,kplus_app,0
TX_003584,ACC_0236,ACC_0472,527.54,2026-08-30 11:42:00,0,0,42,1.34,pin,kplus_app,0
TX_002203,ACC_1093,ACC_0112,239.3,2026-08-30 11:43:00,1,0,55,1.24,pin,kplus_app,0
TX_003355,ACC_0449,ACC_0666,184.06,2026-08-30 11:52:00,0,0,49,1.33,pin,kplus_app,0
TX_004485,ACC_0995,ACC_0255,1284.36,2026-08-30 11:58:00,0,0,43,0.82,pin,kplus_app,0
TX_000260,ACC_0445,ACC_0993,80.38,2026-08-30 12:01:00,0,0,40,0.51,pin,kplus_app,0
TX_002849,ACC_0396,ACC_0153,176.27,2026-08-30 12:03:00,0,0,29,1.49,pin,kplus_app,0
TX_001150,ACC_1062,ACC_0543,89.19,2026-08-30 12:04:00,1,0,44,0.89,pin,kplus_app,0
TX_002169,ACC_0136,ACC_1052,620.93,2026-08-30 12:11:00,0,0,70,0.67,pin,kplus_app,0
TX_000225,ACC_1069,ACC_0540,130.35,2026-08-30 12:24:00,0,0,51,0.89,pin,kplus_app,0
TX_002381,ACC_0945,ACC_0252,132.24,2026-08-30 12:43:00,1,0,54,0.72,pin,kplus_app,0
TX_002629,ACC_0686,ACC_0917,451.43,2026-08-30 12:43:00,0,1,28,1.02,pin,kplus_app,0
TX_001045,ACC_0996,ACC_0336,100.87,2026-08-30 12:46:00,1,0,43,0.51,pin,kplus_app,0
TX_001311,ACC_1174,ACC_0119,433.6,2026-08-30 12:46:00,0,0,30,0.3,pin,kplus_app,0
TX_000701,ACC_0849,ACC_0641,251.69,2026-08-30 12:48:00,1,0,53,0.74,pin,kplus_app,0
TX_000621,ACC_0836,ACC_1168,477.06,2026-08-30 12:50:00,1,0,43,1.02,face_scan,kplus_app,0
TX_003096,ACC_0373,ACC_0501,712.39,2026-08-30 12:54:00,0,0,38,0.55,pin,kplus_app,0
TX_006100,ACC_0924,ACC_0041,275.11,2026-08-30 13:01:00,1,0,22,0.3,pin,kplus_app,1
TX_006101,ACC_0924,ACC_0041,46866.62,2026-08-30 13:09:00,0,0,350,18.55,pin,kplus_app,1
TX_003099,ACC_0338,ACC_1120,722.4,2026-08-30 13:11:00,0,0,41,0.5,pin,kplus_app,0
TX_005487,ACC_0784,ACC_1093,790.63,2026-08-30 13:12:00,0,0,30,0.71,pin,kplus_app,0
TX_000739,ACC_1031,ACC_1074,118.77,2026-08-30 13:13:00,0,0,46,0.51,pin,kplus_app,0
TX_000272,ACC_0105,ACC_0334,1268.77,2026-08-30 13:14:00,0,0,58,0.2,pin,kplus_app,0
TX_004180,ACC_0991,ACC_1144,591.14,2026-08-30 13:21:00,0,0,39,1.15,face_scan,kplus_app,0
TX_001907,ACC_0894,ACC_1067,432.62,2026-08-30 13:26:00,0,0,41,0.69,pin,kplus_app,0
TX_002847,ACC_1139,ACC_0234,958.02,2026-08-30 13:35:00,1,0,47,0.49,pin,kplus_app,0
TX_004748,ACC_1057,ACC_0226,335.38,2026-08-30 13:39:00,0,0,33,1.24,pin,kplus_app,0
TX_003502,ACC_0680,ACC_0729,889.56,2026-08-30 13:39:00,1,0,44,0.7,pin,kplus_app,0
TX_000649,ACC_0516,ACC_0622,2023.19,2026-08-30 13:40:00,1,0,44,0.94,pin,kplus_app,0
TX_002561,ACC_0260,ACC_0833,896.66,2026-08-30 13:52:00,0,0,30,0.29,none,kplus_app,0
TX_005047,ACC_1013,ACC_0834,446.91,2026-08-30 14:10:00,0,0,40,1.35,pin,kplus_app,0
TX_000346,ACC_0261,ACC_0215,315.11,2026-08-30 14:12:00,0,0,36,0.82,pin,kplus_app,0
TX_002533,ACC_1113,ACC_0175,832.45,2026-08-30 14:41:00,0,0,57,0.58,pin,kplus_app,0
TX_001390,ACC_0484,ACC_0614,449.99,2026-08-30 14:46:00,1,0,25,1.38,pin,kplus_app,0
TX_000799,ACC_0247,ACC_0133,2381.26,2026-08-30 14:50:00,0,0,48,0.7,pin,kplus_app,0
TX_001476,ACC_0982,ACC_0663,640.67,2026-08-30 14:52:00,0,0,49,1.44,pin,kplus_app,0
TX_003862,ACC_0653,ACC_0175,294.96,2026-08-30 14:59:00,0,0,39,0.44,pin,kplus_app,0
TX_003714,ACC_0809,ACC_0865,154.04,2026-08-30 15:05:00,1,0,54,0.78,pin,kplus_app,0
TX_000456,ACC_0989,ACC_0807,331.07,2026-08-30 15:19:00,1,0,57,0.2,pin,kplus_app,0
TX_001639,ACC_0767,ACC_0969,1669.03,2026-08-30 15:20:00,0,0,42,0.32,pin,kplus_app,0
TX_000386,ACC_0200,ACC_0531,1520.77,2026-08-30 15:31:00,0,0,44,1.46,pin,kplus_app,0
TX_002531,ACC_0690,ACC_0354,1149.16,2026-08-30 15:34:00,0,0,61,0.13,face_scan,kplus_app,0
TX_004362,ACC_0992,ACC_1054,43.14,2026-08-30 15:36:00,0,0,25,1.49,pin,kplus_app,0
TX_005656,ACC_0701,ACC_0501,363.6,2026-08-30 15:48:00,0,0,65,0.24,pin,kplus_app,0
TX_002932,ACC_0288,ACC_0786,1223.6,2026-08-30 15:52:00,0,0,68,1.1,pin,kplus_app,0
TX_006212,ACC_0941,ACC_0003,227.62,2026-08-30 16:20:00,1,0,42,0.3,pin,kplus_app,1
TX_003708,ACC_0601,ACC_0500,154.89,2026-08-30 16:21:00,0,0,21,1.14,pin,kplus_app,0
TX_000215,ACC_0264,ACC_1081,703.96,2026-08-30 16:23:00,1,0,25,0.65,pin,kplus_app,0
TX_002841,ACC_0463,ACC_0386,162.31,2026-08-30 16:27:00,1,0,36,0.6,pin,kplus_app,0
TX_006213,ACC_0941,ACC_0003,51538.09,2026-08-30 16:29:00,0,0,350,13.65,pin,kplus_app,1
TX_000600,ACC_0862,ACC_0299,731.76,2026-08-30 16:32:00,0,0,26,0.6,pin,kplus_app,0
TX_005933,ACC_0084,ACC_0796,871.21,2026-08-30 16:35:00,0,0,60,0.18,pin,kplus_app,0
TX_000315,ACC_1171,ACC_0680,528.13,2026-08-30 16:43:00,1,0,37,0.21,pin,kplus_app,0
TX_004490,ACC_0864,ACC_0622,1594.92,2026-08-30 16:45:00,1,0,46,0.84,face_scan,kplus_app,0
TX_001544,ACC_0728,ACC_0810,1681.23,2026-08-30 16:45:00,1,0,65,1.5,pin,kplus_app,0
TX_004803,ACC_0796,ACC_0820,224.89,2026-08-30 16:46:00,0,0,41,0.48,pin,kplus_app,0
TX_001480,ACC_0517,ACC_1046,136.68,2026-08-30 16:53:00,0,0,48,0.58,pin,kplus_app,0
TX_004262,ACC_0664,ACC_0355,191.15,2026-08-30 16:55:00,1,0,23,0.97,pin,kplus_app,0
TX_000046,ACC_0766,ACC_0255,55.78,2026-08-30 16:57:00,0,0,44,0.6,pin,kplus_app,0
TX_002097,ACC_1027,ACC_0220,1107.16,2026-08-30 17:04:00,0,0,53,0.14,pin,kplus_app,0
TX_002065,ACC_0553,ACC_0364,2303.15,2026-08-30 17:08:00,1,0,33,0.6,pin,kplus_app,0
TX_001455,ACC_0867,ACC_0377,525.62,2026-08-30 17:09:00,0,0,37,1.16,pin,kplus_app,0
TX_004813,ACC_1007,ACC_0812,79.11,2026-08-30 17:13:00,1,0,31,0.42,pin,kplus_app,0
TX_003514,ACC_1185,ACC_0762,783.66,2026-08-30 17:20:00,0,0,67,1.28,pin,kplus_app,0
TX_000006,ACC_0601,ACC_0392,322.32,2026-08-30 17:20:00,0,0,42,0.82,none,kplus_app,0
TX_000633,ACC_0680,ACC_0250,1378.99,2026-08-30 17:28:00,1,0,42,1.02,pin,kplus_app,0
TX_005295,ACC_0517,ACC_0292,2195.45,2026-08-30 17:30:00,0,0,39,0.52,pin,kplus_app,0
TX_004781,ACC_0713,ACC_1156,244.16,2026-08-30 17:31:00,0,0,38,0.42,pin,kplus_app,0
TX_005231,ACC_0977,ACC_0793,1316.12,2026-08-30 17:34:00,0,0,44,0.8,face_scan,kplus_app,0
TX_002437,ACC_0756,ACC_0292,50.08,2026-08-30 17:35:00,0,0,40,0.2,pin,kplus_app,0
TX_001864,ACC_0845,ACC_0536,960.8,2026-08-30 17:37:00,0,0,50,0.37,pin,kplus_app,0
TX_001862,ACC_0250,ACC_0923,223.95,2026-08-30 17:38:00,0,0,31,0.64,pin,kplus_app,0
TX_003476,ACC_0787,ACC_0516,215.23,2026-08-30 17:55:00,0,0,43,0.58,pin,kplus_app,0
TX_000796,ACC_0803,ACC_0645,2093.84,2026-08-30 17:57:00,1,0,42,1.21,pin,kplus_app,0
TX_005662,ACC_0998,ACC_0438,482.39,2026-08-30 18:10:00,1,0,47,0.43,pin,kplus_app,0
TX_000371,ACC_0296,ACC_1087,1385.35,2026-08-30 18:16:00,0,0,33,1.45,pin,kplus_app,0
TX_005326,ACC_0261,ACC_0086,246.65,2026-08-30 18:21:00,1,0,29,1.08,pin,kplus_app,0
TX_001608,ACC_0120,ACC_0541,384.42,2026-08-30 18:22:00,1,0,40,0.3,pin,kplus_app,0
TX_002600,ACC_0353,ACC_0666,507.88,2026-08-30 18:25:00,0,0,42,0.11,pin,kplus_app,0
TX_003250,ACC_0218,ACC_0463,285.55,2026-08-30 18:26:00,0,0,39,1.06,pin,kplus_app,0
TX_004048,ACC_0707,ACC_1140,667.19,2026-08-30 18:40:00,0,0,45,0.54,face_scan,kplus_app,0
TX_004466,ACC_0868,ACC_0930,939.96,2026-08-30 18:41:00,1,0,38,0.49,face_scan,kplus_app,0
TX_005659,ACC_0477,ACC_1121,51.09,2026-08-30 18:42:00,0,0,41,1.11,pin,kplus_app,0
TX_004863,ACC_0178,ACC_0839,111.91,2026-08-30 18:47:00,0,0,58,1.11,face_scan,kplus_app,0
TX_003329,ACC_0408,ACC_0374,830.45,2026-08-30 18:53:00,0,0,51,1.21,face_scan,kplus_app,0
TX_002774,ACC_0892,ACC_0327,569.85,2026-08-30 19:07:00,1,0,25,0.11,pin,kplus_app,0
TX_000057,ACC_0808,ACC_1193,2130.28,2026-08-30 19:08:00,0,0,35,1.38,pin,kplus_app,0
TX_000774,ACC_1182,ACC_0171,461.4,2026-08-30 19:19:00,0,0,37,0.52,pin,kplus_app,0
TX_002309,ACC_0897,ACC_0635,82.28,2026-08-30 19:22:00,0,1,66,1.47,pin,kplus_app,0
TX_001173,ACC_0375,ACC_0382,288.11,2026-08-30 19:24:00,0,0,35,1.17,face_scan,kplus_app,0
TX_000747,ACC_0430,ACC_0768,45.75,2026-08-30 19:31:00,0,0,56,0.73,face_scan,kplus_app,0
TX_001180,ACC_0901,ACC_0117,563.04,2026-08-30 19:32:00,1,0,39,0.83,pin,kplus_app,0
TX_003796,ACC_0154,ACC_0423,500.45,2026-08-30 19:34:00,0,0,24,1.15,pin,kplus_app,0
TX_000871,ACC_0857,ACC_0932,98.91,2026-08-30 19:38:00,0,0,33,0.67,face_scan,kplus_app,0
TX_004112,ACC_0490,ACC_0287,198.82,2026-08-30 19:45:00,0,0,41,0.11,pin,kplus_app,0
TX_001620,ACC_0539,ACC_0359,225.05,2026-08-30 19:47:00,0,0,11,0.84,pin,kplus_app,0
TX_004447,ACC_0932,ACC_0357,518.3,2026-08-30 20:04:00,1,0,49,1.43,pin,kplus_app,0
TX_004519,ACC_1045,ACC_0432,147.98,2026-08-30 20:09:00,0,0,55,1.2,pin,kplus_app,0
TX_003261,ACC_0997,ACC_0987,146.08,2026-08-30 20:12:00,1,0,58,0.68,pin,kplus_app,0
TX_005348,ACC_1051,ACC_1116,1662.24,2026-08-30 20:41:00,1,0,48,0.39,pin,kplus_app,0
TX_002648,ACC_1023,ACC_0987,231.26,2026-08-30 20:48:00,0,0,45,0.16,pin,kplus_app,0
TX_000311,ACC_0135,ACC_1149,834.79,2026-08-30 20:50:00,0,0,57,0.69,pin,kplus_app,0
TX_004328,ACC_0763,ACC_0799,294.58,2026-08-30 20:57:00,1,0,63,0.25,pin,kplus_app,0
TX_000125,ACC_1151,ACC_0971,382.69,2026-08-30 20:59:00,0,0,40,1.0,face_scan,kplus_app,0
TX_005227,ACC_1129,ACC_0924,44.52,2026-08-30 21:02:00,0,1,54,1.37,pin,kplus_app,0
TX_001481,ACC_0875,ACC_0356,860.74,2026-08-30 21:08:00,0,0,50,1.0,face_scan,kplus_app,0
TX_002811,ACC_0358,ACC_0453,615.29,2026-08-30 21:08:00,0,0,52,0.4,pin,kplus_app,0
TX_002707,ACC_1144,ACC_0995,271.86,2026-08-30 21:13:00,0,0,43,0.36,pin,kplus_app,0
TX_004139,ACC_0906,ACC_0353,1454.26,2026-08-30 21:16:00,0,0,29,1.03,pin,kplus_app,0
TX_002747,ACC_0956,ACC_1057,1033.7,2026-08-30 21:24:00,0,0,43,1.36,pin,kplus_app,0
TX_000199,ACC_0101,ACC_0121,277.74,2026-08-30 21:25:00,0,0,39,0.49,pin,kplus_app,0
TX_005097,ACC_0530,ACC_0931,583.49,2026-08-30 21:35:00,0,0,56,0.54,pin,kplus_app,0
TX_003551,ACC_1073,ACC_1189,152.84,2026-08-30 21:36:00,0,0,57,0.46,pin,kplus_app,0
TX_004323,ACC_0646,ACC_0174,546.26,2026-08-30 21:43:00,0,0,41,0.87,pin,kplus_app,0
TX_001800,ACC_0308,ACC_0940,413.78,2026-08-30 21:55:00,1,0,52,1.15,pin,kplus_app,0
TX_001707,ACC_0994,ACC_0061,836.0,2026-08-30 22:00:00,1,0,65,0.3,pin,kplus_app,0
TX_001762,ACC_0394,ACC_0802,890.05,2026-08-30 22:01:00,0,0,43,0.26,pin,kplus_app,0
TX_001291,ACC_0804,ACC_0833,441.41,2026-08-30 22:06:00,0,0,49,0.92,face_scan,kplus_app,0
TX_003073,ACC_0362,ACC_0687,608.25,2026-08-30 22:18:00,0,0,47,0.11,pin,kplus_app,0
TX_003620,ACC_0083,ACC_0126,114.61,2026-08-30 22:22:00,1,0,30,0.35,pin,kplus_app,0
TX_001642,ACC_1062,ACC_0195,554.3,2026-08-30 22:26:00,1,0,50,1.02,pin,kplus_app,0
TX_000807,ACC_0747,ACC_0410,138.73,2026-08-30 22:39:00,0,0,38,0.54,pin,kplus_app,0
TX_005427,ACC_0939,ACC_0111,677.33,2026-08-30 22:44:00,0,0,37,1.42,pin,kplus_app,0
TX_000261,ACC_0707,ACC_1118,1092.32,2026-08-30 22:54:00,0,0,53,0.75,pin,kplus_app,0
TX_001837,ACC_0199,ACC_1127,1412.65,2026-08-30 22:58:00,0,0,52,1.11,pin,kplus_app,0
TX_000993,ACC_0308,ACC_0083,533.72,2026-08-30 23:11:00,0,0,49,0.73,pin,kplus_app,0
TX_003016,ACC_1186,ACC_0688,392.52,2026-08-30 23:18:00,0,1,44,1.42,pin,kplus_app,0
TX_002609,ACC_0149,ACC_0505,267.39,2026-08-30 23:39:00,0,1,61,1.42,pin,kplus_app,0
TX_003390,ACC_0396,ACC_1038,42.1,2026-08-30 23:43:00,0,0,34,1.21,pin,kplus_app,0
TX_001349,ACC_1147,ACC_0074,492.77,2026-08-30 23:49:00,0,0,50,0.16,pin,kplus_app,0
TX_004938,ACC_0992,ACC_0983,989.72,2026-08-30 23:54:00,0,0,54,0.42,face_scan,kplus_app,0
