target_emb_0,target_emb_1,target_emb_2,target_emb_3,target_emb_4,target_emb_5,target_emb_6,target_emb_7,target_emb_8,target_emb_9,target_emb_10,target_emb_11,target_emb_12,target_emb_13,target_emb_14,target_emb_15,account_id
4.7934947,-0.45114994,-0.22069313,3.9176466,0.940093,7.017098,-0.7781182,-2.0339456,-1.1032063,-1.7524142,0.92747444,-1.3918065,-0.0059415703,-1.5154831,-0.8804958,6.465833,ACC_0000
5.162433,-1.4226722,-0.38602215,4.1144376,0.3687188,7.25592,-1.1191437,-1.3934019,-0.9069629,-1.5616951,0.2983312,-1.8647563,-0.002655549,-1.1858842,-1.4976038,6.624917,ACC_0001
5.4401326,-1.5999572,-0.47618055,4.0397778,0.4174102,6.8286343,-0.86588234,-1.4400932,-0.93689835,-1.4914217,0.35021406,-1.7331302,-0.0057662725,-1.1154166,-1.3271936,6.6361327,ACC_0002
4.658143,-1.3940573,-0.37772453,3.8333771,0.11536424,7.119166,-1.3923782,-1.1339478,-0.77635,-1.3782864,0.12941593,-2.085928,-0.0009880654,-1.1701843,-1.6507264,6.4365053,ACC_0003
4.634087,-1.217077,-0.3779565,3.701543,0.43869573,6.4079638,-1.0213326,-1.3404984,-0.8588972,-1.4400868,0.30757397,-1.6343973,-0.00458468,-1.1112473,-1.3384838,6.0588326,ACC_0004
4.7236032,-1.1948686,-0.37188166,3.6622322,0.45673364,6.296494,-0.77732515,-1.4018618,-0.8810172,-1.4433092,0.36429852,-1.4661132,-0.0047902595,-1.0832682,-1.1470276,6.001998,ACC_0005
3.9171708,-0.4188484,-0.21663387,2.5482166,0.98874646,4.109653,0.031685337,-2.023466,-0.96696526,-1.1976918,0.90548867,-0.3531589,-0.0116878,-0.9545024,-0.20820378,4.763108,ACC_0006
4.8975086,-1.478919,-0.4098274,3.8837023,0.33879095,6.7532516,-1.2629364,-1.2701997,-0.86361057,-1.419534,0.22684878,-1.950869,-0.0041985973,-1.1380491,-1.5522957,6.3632245,ACC_0007
4.5173397,-0.9624647,-0.34739375,3.5206616,0.5357584,6.062831,-0.67532396,-1.4110057,-0.893604,-1.4110352,0.44909257,-1.3672537,-0.004877818,-1.1077869,-1.0703588,5.7621684,ACC_0008
5.0343666,-0.68735456,-0.2326823,3.854116,0.8813377,6.6143026,-0.6103143,-2.0646148,-1.0847006,-1.6887976,0.8857669,-1.2814012,-0.007498822,-1.3779688,-0.74143267,6.3856244,ACC_0009
4.8149805,-0.86912024,-0.30059916,3.621641,0.6552583,6.1828146,-0.6410055,-1.456324,-0.93541193,-1.4840829,0.6367927,-1.3897843,-0.004129504,-1.1376945,-0.97479105,5.742595,ACC_0010
4.804042,-1.613113,-0.4456939,3.8852036,0.08728735,7.078588,-1.4152255,-1.0979334,-0.7855509,-1.343862,0.10580987,-2.207261,-0.002248751,-1.170921,-1.7078352,6.5367174,ACC_0011
4.994143,-0.63592386,-0.22110032,3.9227586,0.8601255,7.04168,-0.75033265,-1.9970074,-1.0976516,-1.6944525,0.8917479,-1.353611,-0.005807219,-1.4272752,-0.87314606,6.550702,ACC_0012
4.7638254,-1.469548,-0.4080482,3.9108243,0.118060395,7.1868377,-1.3129478,-1.1375244,-0.8075714,-1.3929521,0.1702221,-2.153154,-0.0012543258,-1.212446,-1.6395843,6.4704566,ACC_0013
4.872283,-1.6207895,-0.43951845,3.9870293,0.07744782,7.4210343,-1.4638448,-1.1148667,-0.8054571,-1.3974178,0.11644775,-2.2790742,-0.0011121087,-1.2204236,-1.7590535,6.667432,ACC_0014
5.2419453,-1.742002,-0.49230266,3.9842656,0.2924239,6.7366605,-1.1671851,-1.3373027,-0.8750081,-1.4374166,0.169684,-1.8954662,-0.0061441613,-1.080719,-1.5162582,6.5977817,ACC_0015
4.6166267,-0.65316176,-0.24139072,3.2619755,0.9328299,5.504824,-0.2154556,-2.0003288,-1.0475601,-1.4377992,0.952534,-0.8233124,-0.009545801,-1.1753854,-0.43088734,5.65019,ACC_0016
4.634137,-1.3261086,-0.39380878,3.4900634,0.41025525,5.969694,-0.7794992,-1.3126475,-0.86298066,-1.3112257,0.33718866,-1.4892297,-0.005559977,-1.0185065,-1.1523063,5.80741,ACC_0017
4.702459,-0.93618834,-0.33685023,3.8128066,0.5434225,6.5388045,-0.84776616,-1.4948795,-0.90168726,-1.5824116,0.4042135,-1.512407,-0.0042672902,-1.1881517,-1.2122571,6.1124825,ACC_0018
5.456253,-0.9849335,-0.24111362,4.454936,0.7032885,8.021226,-1.1593025,-1.9915417,-1.1078854,-1.8759625,0.7520291,-1.8430384,-0.0042756884,-1.5417968,-1.2019337,7.18586,ACC_0019
4.822219,-1.1929613,-0.39805788,3.8591235,0.49328202,6.7658315,-0.91645265,-1.4212537,-0.9072428,-1.5302675,0.38906366,-1.6583735,-0.004001078,-1.2028801,-1.275758,6.2905874,ACC_0020
5.12813,-0.8605993,-0.25013542,4.0878806,0.7570575,7.265285,-0.8914883,-1.9194322,-1.1050584,-1.7017411,0.83480924,-1.6115845,-0.005718294,-1.465246,-0.9951459,6.663827,ACC_0021
4.7185364,-1.1316589,-0.37984508,3.7202768,0.4872548,6.406961,-0.9074626,-1.3986697,-0.880956,-1.4625415,0.3583129,-1.5578607,-0.0048708282,-1.129812,-1.2468843,6.116915,ACC_0022
4.8273983,-1.5774186,-0.4506513,3.685864,0.3208521,6.315053,-1.0564398,-1.2677445,-0.8593687,-1.331002,0.2246998,-1.7681806,-0.005798349,-1.054965,-1.3968387,6.122431,ACC_0023
5.0526257,-0.6518239,-0.2013882,4.0566115,0.8413194,7.266871,-0.8370838,-2.0158033,-1.0988008,-1.7631292,0.8771154,-1.4755328,-0.005058234,-1.4738485,-0.9298034,6.633614,ACC_0024
4.7731123,-0.6386422,-0.22744082,3.723674,0.8678618,6.5940013,-0.6873676,-1.9954396,-1.0649915,-1.6296966,0.8652409,-1.2717501,-0.0067935684,-1.3746736,-0.80040944,6.264569,ACC_0025
4.7039046,-0.90101826,-0.35818738,3.8391898,0.57305604,6.7994123,-0.8882953,-1.486547,-0.9208527,-1.5840871,0.44197875,-1.5515076,-0.0035343803,-1.2424649,-1.2473593,6.250772,ACC_0026
5.10797,-1.4177244,-0.42841262,4.1116495,0.40862185,7.2498555,-1.1487938,-1.3877115,-0.9223743,-1.5724406,0.32041472,-1.9411756,-0.0033787475,-1.2453201,-1.5279114,6.6232657,ACC_0027
4.6121774,-1.0217208,-0.39714164,3.82771,0.52866393,6.619008,-1.0145612,-1.433274,-0.90432876,-1.5528033,0.36203653,-1.6879202,-0.0049752584,-1.2410915,-1.3566477,6.187615,ACC_0028
5.030124,-0.75865936,-0.25723237,3.887716,0.8449009,6.768847,-0.7002475,-2.0093935,-1.0821912,-1.6705236,0.84806246,-1.3152244,-0.007489695,-1.3715339,-0.840274,6.5070615,ACC_0029
4.9078274,-0.68150723,-0.23056813,3.8685157,0.84010595,6.9219213,-0.7939834,-1.977515,-1.0814056,-1.6716933,0.8593231,-1.4007269,-0.006089115,-1.4216471,-0.8828827,6.457904,ACC_0030
4.890829,-1.3876835,-0.41227615,3.8113043,0.38192624,6.718385,-1.04721,-1.3580561,-0.88462245,-1.4439049,0.290415,-1.7124048,-0.00425421,-1.1210723,-1.3935143,6.2857223,ACC_0031
4.8846397,-1.2628506,-0.38248777,3.8062875,0.45273083,6.6848006,-0.8815849,-1.4120616,-0.8978247,-1.4872038,0.37311226,-1.6121446,-0.0038645961,-1.1414436,-1.2372212,6.2419724,ACC_0032
5.1112976,-1.2376244,-0.37543005,4.1939673,0.4565261,7.384993,-1.1727632,-1.4526675,-0.9173971,-1.6669354,0.33809453,-1.9071151,-0.0025771745,-1.2785786,-1.492099,6.6993012,ACC_0033
5.0718803,-0.5730144,-0.2309892,4.1119514,0.9074653,7.2372966,-0.76757735,-2.0599647,-1.1219032,-1.8102365,0.92354745,-1.4691933,-0.005972982,-1.5300543,-0.8911277,6.679779,ACC_0034
5.4332714,-1.6145053,-0.4542507,4.43039,0.35309118,7.966321,-1.4161594,-1.4041795,-0.9281669,-1.6807902,0.2538498,-2.2143116,-0.0020239614,-1.321995,-1.733127,7.1453233,ACC_0035
5.315316,-0.8495625,-0.24019347,4.290229,0.8074326,7.7927537,-0.9030669,-1.9783429,-1.126834,-1.8326648,0.89612454,-1.6573293,-0.004162607,-1.5480615,-0.9702188,6.9671936,ACC_0036
4.691909,-1.2248434,-0.38937533,3.7039087,0.4457739,6.331795,-0.9703798,-1.3449961,-0.8780126,-1.4250702,0.33011514,-1.680183,-0.0051249377,-1.1323862,-1.305177,6.0386434,ACC_0037
5.0672197,-1.2045406,-0.40562797,4.1197577,0.48208505,7.168571,-1.0939941,-1.4586872,-0.9304319,-1.6217806,0.35782117,-1.8597838,-0.0037179175,-1.2746155,-1.4635906,6.627623,ACC_0038
4.4279327,-1.3361487,-0.40433133,3.607414,0.16459672,6.560916,-1.180636,-1.1310782,-0.77569824,-1.3135239,0.17160255,-1.9248561,-0.0028675483,-1.1394093,-1.4671369,6.0916057,ACC_0039
4.7746353,-1.5707858,-0.4118417,3.8001015,0.07620816,6.932158,-1.2694503,-1.109847,-0.78652674,-1.3198247,0.1310485,-2.0741572,-0.001960467,-1.1245582,-1.5911715,6.380593,ACC_0040
4.6060863,-0.8437891,-0.36130953,3.8448324,0.60351104,6.740121,-0.92979944,-1.4808054,-0.91861576,-1.600395,0.44973892,-1.6056563,-0.0038943607,-1.2801087,-1.2720747,6.1974206,ACC_0041
4.508404,-0.8772522,-0.33176637,3.4129412,0.5723659,5.9502635,-0.582037,-1.494277,-0.8830045,-1.4075278,0.45223933,-1.1870043,-0.004814182,-1.0583996,-0.9760041,5.7529387,ACC_0042
4.95711,-1.4741999,-0.4176007,3.8753812,0.36681646,6.8660274,-0.94093704,-1.354215,-0.89456147,-1.4588296,0.30605477,-1.663302,-0.003682489,-1.1088187,-1.3711456,6.37322,ACC_0043
5.430276,-0.9626806,-0.27553087,4.1785088,0.76066726,7.2637672,-0.78915644,-1.9947532,-1.1159942,-1.7303619,0.8286379,-1.5129377,-0.006798681,-1.4124082,-0.930645,6.867139,ACC_0044
5.3387184,-1.4315131,-0.41162485,4.2215405,0.40355176,7.3742857,-1.0820701,-1.4324006,-0.93761647,-1.5967026,0.34199136,-1.9083997,-0.0030040513,-1.227089,-1.497725,6.7614865,ACC_0045
4.8496428,-1.0730729,-0.36298162,3.904393,0.5087009,6.7209487,-0.8442743,-1.4866291,-0.9189169,-1.5924795,0.4012155,-1.5908092,-0.0041407226,-1.2063615,-1.2312646,6.247263,ACC_0046
4.7180185,-1.5815468,-0.41276014,3.824701,0.06417374,6.959439,-1.3631939,-1.0647911,-0.78276056,-1.3162031,0.1185953,-2.1948318,-0.0018316956,-1.1594324,-1.6660875,6.3562274,ACC_0047
5.4583917,-1.0718305,-0.28420192,4.53635,0.6886695,8.1389,-1.2612386,-1.923561,-1.125126,-1.8772261,0.74578816,-2.016293,-0.004751918,-1.6008466,-1.2971658,7.258344,ACC_0048
4.721464,-0.701736,-0.32731128,3.857796,0.6724872,6.778148,-0.6453922,-1.6334735,-0.9486205,-1.684345,0.5373046,-1.3599981,-0.003377162,-1.276227,-1.0826008,6.211345,ACC_0049
5.0123205,-1.2390655,-0.39499968,3.9080536,0.46454996,6.86407,-0.91141677,-1.433744,-0.9203166,-1.5112451,0.38506907,-1.6459279,-0.003771339,-1.1697011,-1.3124485,6.403635,ACC_0050
4.249318,-0.35354435,-0.2048483,3.5743322,0.7037317,6.6991563,-0.73668176,-1.7553488,-1.0029253,-1.5523018,0.8774361,-1.3502254,-0.004257904,-1.4593359,-0.7401848,6.0785003,ACC_0051
5.098801,-1.4908007,-0.42563224,4.094297,0.3573354,7.2158136,-1.2649425,-1.3307673,-0.90156275,-1.5229057,0.26533598,-2.025899,-0.0033327918,-1.2210919,-1.601152,6.6305857,ACC_0052
5.189166,-0.93347275,-0.2666729,4.2362666,0.7378004,7.558172,-1.0392444,-1.8970654,-1.1092472,-1.7593625,0.8069969,-1.772787,-0.0054391613,-1.5246868,-1.1035023,6.842728,ACC_0053
4.5069256,-0.63098335,-0.21935378,3.7028453,0.6140894,6.800508,-0.9011531,-1.6675599,-1.0117464,-1.545285,0.8506816,-1.5938587,-0.0045832233,-1.4503409,-0.8401971,6.1014233,ACC_0054
4.662687,-0.9821712,-0.3656137,3.668648,0.5560135,6.2121115,-0.7271439,-1.4635055,-0.89846957,-1.4901675,0.42479414,-1.3757402,-0.0053722817,-1.1192193,-1.1349144,5.982525,ACC_0055
4.682046,-0.19401109,-0.15704648,3.7309692,1.0428745,6.744605,-0.5028714,-2.1288085,-1.1006465,-1.7419245,1.0335548,-1.0647961,-0.0052746395,-1.4633741,-0.65168893,6.2387733,ACC_0056
5.372404,-1.5233629,-0.43293363,4.398547,0.3488111,7.956787,-1.4543302,-1.3896453,-0.928376,-1.6512148,0.2509095,-2.1953263,-0.0016467754,-1.3116956,-1.7851169,7.1030793,ACC_0057
5.396834,-1.5765862,-0.44467193,4.481029,0.32971555,7.964005,-1.526036,-1.370961,-0.92878747,-1.6781983,0.22018558,-2.320499,-0.0021705227,-1.3416648,-1.858047,7.1307864,ACC_0058
5.022994,-0.76717424,-0.22980483,3.988448,0.7933603,7.169065,-0.8384449,-1.9094229,-1.0965376,-1.6787227,0.872467,-1.5199989,-0.005343899,-1.4534357,-0.9180484,6.560969,ACC_0059
-0.6505219,7.431339,5.060159,-1.6725918,5.2621956,-1.2603413,6.8133416,-2.4967606,-3.171681,-1.2714473,4.8057504,8.1288395,-0.014967688,-1.4181918,5.849169,-0.94553447,ACC_0060
-0.7108638,7.5057445,5.0519514,-1.7362021,5.2968755,-1.2964591,6.974134,-2.451624,-3.202299,-1.2642636,4.85507,8.2068615,-0.014381241,-1.4147186,5.858771,-0.99156713,ACC_0061
-0.65511996,7.760025,5.124169,-1.8057193,5.4917607,-1.3616177,7.2081785,-2.4549859,-3.3709564,-1.2919968,5.0370874,8.454182,-0.014368296,-1.4285158,5.9070916,-1.0752044,ACC_0062
-0.90330315,6.8466125,5.082519,-1.7798525,4.658058,-1.2890259,6.2646956,-2.0754318,-2.947433,-1.0024878,4.3899527,7.6141562,-0.014067878,-1.3178694,5.5722766,-1.0146377,ACC_0063
-0.8649725,6.892544,5.0458465,-1.7948368,4.712484,-1.3060423,6.371421,-2.0508132,-3.0269763,-0.99960583,4.4652867,7.6630464,-0.013952429,-1.3239529,5.5537453,-1.0731201,ACC_0064
-1.0634,6.598293,4.7204866,-1.8299385,4.5402193,-1.2086622,6.281025,-2.04027,-2.7501779,-0.9556839,4.202766,7.2795596,-0.012655502,-1.3002574,5.50057,-0.95045185,ACC_0065
-0.7960759,6.8702645,4.850813,-1.7425762,4.761301,-1.2824405,6.3348527,-2.059649,-3.049262,-1.0309374,4.4540415,7.621686,-0.013538339,-1.3116,5.4765296,-1.0251738,ACC_0066
-0.89867353,7.2763696,5.066748,-1.9851767,5.0169044,-1.3396366,6.8036532,-2.103827,-3.1816788,-1.0309713,4.7192535,8.010114,-0.013415055,-1.3518658,5.7119355,-1.1614231,ACC_0067
-0.9380955,7.3445096,5.26524,-1.9834886,5.0301857,-1.5150737,6.911636,-2.0492463,-3.3071413,-1.0254833,4.7611575,8.173029,-0.013289322,-1.3220863,5.67353,-1.2427781,ACC_0068
-0.9308883,7.1562304,5.117167,-1.9307699,4.910305,-1.3882171,6.689655,-2.0796216,-3.1533577,-1.0173349,4.6166987,7.9352384,-0.0133340685,-1.3254833,5.652396,-1.1382949,ACC_0069
-0.678751,7.2387977,4.8372917,-1.6366588,5.154501,-1.1050287,6.621221,-2.5272741,-2.9446242,-1.267133,4.6444416,7.8183265,-0.015067849,-1.4348135,5.8455486,-0.8148383,ACC_0070
-0.72229666,7.526315,5.112343,-1.7367547,5.294344,-1.3473946,6.9859114,-2.4421105,-3.2440822,-1.2631911,4.8538966,8.261677,-0.014244534,-1.3983281,5.8428483,-1.0102228,ACC_0071
-0.7009016,7.6482253,5.2061863,-1.7812316,5.3706555,-1.3692584,7.025954,-2.4572864,-3.3071082,-1.2719368,4.934388,8.413456,-0.014236035,-1.3970295,5.877625,-1.0401616,ACC_0072
-0.693693,7.9209466,5.244612,-1.8751744,5.6133275,-1.467785,7.390536,-2.4567258,-3.4978995,-1.2870857,5.1592574,8.648027,-0.014172861,-1.4246819,5.9482656,-1.1449969,ACC_0073
-0.7097452,7.7143598,5.2457924,-1.7806774,5.438531,-1.4617103,7.1322484,-2.4713345,-3.3975062,-1.2846291,4.959154,8.481,-0.01419012,-1.3895934,5.8757634,-1.0686934,ACC_0074
-0.93474877,7.368875,5.248592,-1.975646,5.0374236,-1.4915572,6.880673,-2.0651627,-3.2768846,-1.040972,4.7365327,8.151176,-0.013355693,-1.3227184,5.689854,-1.1994996,ACC_0075
-0.78174347,7.6096234,4.980113,-1.799726,5.4083343,-1.350295,7.1797223,-2.4574564,-3.2219558,-1.2799169,4.8696733,8.224776,-0.013941787,-1.4220152,5.888246,-0.9875114,ACC_0076
-0.8516334,7.1152253,5.2126093,-1.8706608,4.8160067,-1.3845699,6.537273,-2.0157385,-3.18779,-1.0078194,4.6091785,7.9645314,-0.0134289935,-1.303243,5.581095,-1.1519864,ACC_0077
-0.6282299,7.7870293,5.3020434,-1.7737683,5.512089,-1.3117154,6.974788,-2.6116915,-3.292357,-1.325838,4.9935975,8.49148,-0.015518606,-1.4414431,6.0262413,-0.96453667,ACC_0078
-0.74374664,7.243483,4.852532,-1.6763211,5.1470118,-1.1875461,6.6984262,-2.4858367,-2.9874277,-1.2496855,4.6302557,7.8660893,-0.0143365115,-1.4049971,5.798466,-0.8597803,ACC_0079
-0.89512116,6.9799986,5.0861087,-1.8297311,4.7765217,-1.3365129,6.4533277,-2.080815,-3.0494342,-1.0145035,4.48776,7.7406945,-0.013902273,-1.3242471,5.598634,-1.0693172,ACC_0080
-0.94925547,7.2549214,5.088055,-1.9978334,4.9793015,-1.4683498,6.84569,-1.9865559,-3.228653,-0.99939626,4.7095532,8.021036,-0.012683863,-1.3010309,5.5823407,-1.2321713,ACC_0081
-1.0118787,7.2718472,4.993484,-2.0417438,5.05038,-1.4091456,6.920029,-2.0842679,-3.1412563,-1.0204206,4.682279,7.9574065,-0.012818059,-1.338661,5.6922183,-1.1650991,ACC_0082
-0.931965,7.0159307,5.122109,-1.8517749,4.7719755,-1.4147937,6.5116897,-2.03256,-3.1091065,-1.009014,4.468257,7.810683,-0.01311029,-1.2835639,5.5462675,-1.0858015,ACC_0083
-0.68831193,7.733583,5.226654,-1.8188365,5.4517193,-1.3975488,7.1601825,-2.4516554,-3.3831902,-1.2717605,5.0360823,8.514318,-0.014205883,-1.4108294,5.9033613,-1.0989599,ACC_0084
0.46941608,2.5016804,0.39666098,0.030468263,2.2355452,0.50747913,2.0207524,-1.9843177,-1.0488656,-0.7910838,2.297476,1.7466632,-0.0049989787,-0.9084505,1.8389156,0.38459498,ACC_0085
-0.78657615,7.268849,4.810185,-1.7188805,5.1708136,-1.2096789,6.828173,-2.45324,-3.0091672,-1.2388985,4.666707,7.890833,-0.013909388,-1.4067801,5.798059,-0.90071523,ACC_0086
-0.7045547,7.799557,5.208285,-1.8329397,5.501787,-1.3922011,7.125853,-2.5131793,-3.3523402,-1.2994708,4.9870796,8.510165,-0.014210918,-1.4009559,5.9336715,-1.0349874,ACC_0087
-0.7376437,7.5662093,5.05308,-1.7679826,5.3168106,-1.4056746,7.0744348,-2.3606663,-3.2956266,-1.2483044,4.8816395,8.272467,-0.013609819,-1.3757334,5.7653775,-1.063454,ACC_0088
-0.9158228,6.5922427,4.8317404,-1.75327,4.4769926,-1.274395,6.251059,-1.8993796,-2.9258494,-0.93702656,4.291524,7.3878493,-0.012674509,-1.277325,5.360625,-1.0684738,ACC_0089
-0.9490082,7.347808,5.045941,-2.0181806,5.0938835,-1.431691,6.8842387,-2.1053324,-3.2050505,-1.0406057,4.7028704,8.023834,-0.013061181,-1.3239448,5.681418,-1.158905,ACC_0090
-0.63724506,7.65776,5.1809964,-1.7545718,5.401111,-1.3300122,7.0074296,-2.4812777,-3.316411,-1.2836149,4.966625,8.394537,-0.014699186,-1.4174435,5.8945155,-1.0314448,ACC_0091
-0.9126784,6.892447,5.0004845,-1.8197353,4.682962,-1.329858,6.4743743,-1.9799486,-3.0431952,-0.9855588,4.4631042,7.670298,-0.013248961,-1.308304,5.517282,-1.1023245,ACC_0092
-0.7753891,6.9434447,5.144608,-1.7551389,4.6877112,-1.3419064,6.3852034,-1.9712827,-3.1527572,-0.9965084,4.544163,7.7851386,-0.014003009,-1.3105237,5.496716,-1.1468083,ACC_0093
-1.0314192,6.9453874,4.887581,-1.9167742,4.752329,-1.3607161,6.6390357,-1.9763227,-2.9970603,-0.9809711,4.448268,7.6529713,-0.012442822,-1.2964723,5.528151,-1.09862,ACC_0094
-1.0235163,7.0878706,4.918383,-1.9813331,4.9224596,-1.3695168,6.743085,-2.0872293,-3.0529203,-1.0049673,4.5401177,7.776198,-0.012697533,-1.3207992,5.633905,-1.1006281,ACC_0095
-0.9776424,7.1593843,5.128972,-1.9398713,4.8860826,-1.4615811,6.797213,-1.9998496,-3.1953359,-1.0002413,4.6365204,7.962227,-0.0129122995,-1.3098044,5.6045046,-1.197523,ACC_0096
-0.9611958,7.0225387,5.0231223,-1.878295,4.8133383,-1.4498318,6.624127,-1.9988028,-3.1233974,-0.9990094,4.49376,7.7707086,-0.012799389,-1.2829704,5.512654,-1.1237501,ACC_0097
-0.66842,7.3613048,5.053216,-1.6426868,5.1687813,-1.2807964,6.765064,-2.4345424,-3.1612678,-1.2581102,4.7416887,8.080227,-0.0146054765,-1.3927827,5.7798595,-0.9473152,ACC_0098
-0.7654891,7.5865645,5.023324,-1.8115493,5.3498025,-1.3263484,7.0691633,-2.4385371,-3.2218518,-1.2611054,4.8748193,8.273763,-0.013672231,-1.3976756,5.858891,-1.013041,ACC_0099
-0.7104819,6.8291564,4.087517,-1.5739592,5.109481,-0.9761921,6.5741787,-2.5063925,-2.8002388,-1.2455252,4.546164,7.3685794,-0.013566695,-1.4420227,5.633496,-0.7733784,ACC_0100
-0.8300241,7.344787,4.831193,-1.773017,5.3045025,-1.1651448,6.809309,-2.6314988,-2.9148211,-1.2742325,4.6555333,7.8962092,-0.014628668,-1.4410607,5.9535103,-0.80696726,ACC_0101
-0.6614983,7.0902495,4.8651037,-1.5597067,5.0011654,-1.158955,6.5142994,-2.420509,-2.9746053,-1.2353367,4.575783,7.749441,-0.014734095,-1.3985282,5.711061,-0.85126,ACC_0102
-0.9001511,7.472176,5.408339,-1.9919883,5.083905,-1.6020697,6.8688245,-2.0299592,-3.393642,-1.0358199,4.80473,8.323447,-0.013235385,-1.2807035,5.631907,-1.2646807,ACC_0103
-0.7781705,7.385818,4.914719,-1.6664361,5.2004232,-1.3247803,6.877241,-2.4436073,-3.1137962,-1.2783111,4.641418,7.9816504,-0.013929455,-1.3780762,5.778483,-0.8861754,ACC_0104
-1.0140674,7.056168,4.976015,-1.9927545,4.8637805,-1.3831583,6.6989512,-2.0218809,-3.0752628,-0.9752757,4.5667586,7.82583,-0.012422275,-1.299968,5.577686,-1.1565353,ACC_0105
-0.62367517,7.6325693,5.1474934,-1.7297987,5.3743525,-1.3283608,7.0078006,-2.4516401,-3.3181667,-1.2835503,4.9508634,8.354752,-0.014672475,-1.4157947,5.8643394,-1.0320629,ACC_0106
-0.5750881,7.6372466,5.154655,-1.7145878,5.3870764,-1.2800725,6.9325624,-2.489131,-3.2990966,-1.2935877,4.9582653,8.346827,-0.0150909405,-1.4274502,5.8880982,-1.0058815,ACC_0107
-0.5850491,7.8800015,5.2241626,-1.7930608,5.6144853,-1.2903353,7.088453,-2.6249943,-3.3278084,-1.3470541,5.061942,8.5105095,-0.015651911,-1.4658388,6.0541806,-0.97283113,ACC_0108
-1.0302188,7.5387254,5.264882,-2.1056776,5.202422,-1.5516332,7.087533,-2.11599,-3.297895,-1.0456934,4.8289948,8.291044,-0.013040614,-1.3252041,5.7708116,-1.2368506,ACC_0109
-1.0524248,6.748794,4.728963,-1.8635875,4.6090775,-1.3244314,6.571248,-1.9010197,-2.9288375,-0.94823754,4.3534465,7.4473605,-0.012018556,-1.283665,5.426527,-1.0939658,ACC_0110
-0.6753998,7.3775487,4.9827437,-1.6936681,5.2009344,-1.2153109,6.7907305,-2.4374416,-3.111236,-1.251946,4.77879,8.065808,-0.014473089,-1.4121436,5.8126817,-0.9444516,ACC_0111
-0.6958568,7.709334,5.1597342,-1.792012,5.4814887,-1.3690715,7.122598,-2.5262332,-3.3085136,-1.2981198,4.965723,8.4003935,-0.014673296,-1.4287088,5.942039,-1.0182459,ACC_0112
-0.95209074,6.707174,4.8711495,-1.7991577,4.601367,-1.2308754,6.2635913,-2.04835,-2.8601193,-0.97317684,4.3202267,7.431601,-0.013416815,-1.3154858,5.522424,-0.99975157,ACC_0113
-0.5692959,8.029462,5.332772,-1.8376666,5.674096,-1.3742201,7.248012,-2.5579433,-3.483762,-1.3424191,5.19126,8.730326,-0.015206264,-1.4497648,6.0399766,-1.0767915,ACC_0114
-0.63704133,7.6014867,5.122831,-1.7285402,5.3965025,-1.2560116,6.9028263,-2.5509806,-3.2006469,-1.3005345,4.898491,8.264772,-0.015233928,-1.4411073,5.9425044,-0.94128954,ACC_0115
-0.95771706,7.153937,4.9326262,-1.949272,4.939433,-1.3497417,6.7576776,-2.0680957,-3.0941892,-1.0251037,4.583372,7.8143516,-0.012994301,-1.332391,5.6405826,-1.1029314,ACC_0116
-0.95612097,6.876743,4.8609962,-1.7944247,4.670457,-1.3880962,6.579963,-1.9186332,-3.0462039,-0.9928059,4.391781,7.5587916,-0.0127486745,-1.2840538,5.437323,-1.090827,ACC_0117
-0.632461,7.539059,5.260466,-1.671414,5.278268,-1.3277661,6.776793,-2.4931457,-3.2417579,-1.2864817,4.8352084,8.299676,-0.015081084,-1.3967586,5.8592496,-0.95732284,ACC_0118
-0.7557975,7.64982,5.127393,-1.8030769,5.395567,-1.4456338,7.2097077,-2.3746648,-3.3632703,-1.2467357,4.96785,8.375964,-0.013712391,-1.3951571,5.82476,-1.0930723,ACC_0119
-0.633153,7.5332694,5.0983453,-1.7007283,5.3132143,-1.2954584,6.8907094,-2.4616578,-3.235822,-1.2799164,4.862248,8.23214,-0.014734582,-1.4119163,5.8401127,-0.9799851,ACC_0120
-0.6995169,7.561092,5.067208,-1.7545618,5.3799596,-1.3185476,7.0044837,-2.4998858,-3.22684,-1.2780198,4.883327,8.2428,-0.014566911,-1.4240928,5.8891835,-0.9876915,ACC_0121
-0.7193383,7.057316,4.5691385,-1.64529,5.0422783,-0.9919001,6.518064,-2.4660263,-2.773021,-1.2392328,4.51386,7.5468593,-0.014316812,-1.4295233,5.7630343,-0.7556944,ACC_0122
-1.0627639,7.121142,4.990202,-2.0060053,4.9246087,-1.3891197,6.804335,-2.0819595,-3.0593195,-1.0021659,4.570535,7.846528,-0.012685808,-1.3282092,5.6729426,-1.1226656,ACC_0123
-0.7710757,7.4526324,5.0760107,-1.7840993,5.2906995,-1.3653475,7.0210004,-2.436139,-3.2347517,-1.2285774,4.865105,8.239449,-0.013850087,-1.39725,5.825055,-1.0559607,ACC_0124
-0.7486356,7.4151893,5.0042353,-1.7362182,5.269549,-1.2293628,6.8288045,-2.528486,-3.0615747,-1.2664683,4.7577276,8.074557,-0.014640644,-1.4240706,5.897777,-0.90070415,ACC_0125
-0.7070491,7.0828686,4.976286,-1.6008265,5.010378,-1.201219,6.5002007,-2.4460723,-2.9729009,-1.2186403,4.5913463,7.8223476,-0.014709742,-1.394085,5.7362475,-0.8750566,ACC_0126
-0.7606337,7.6976933,5.07816,-1.844871,5.466275,-1.3504469,7.1973214,-2.49279,-3.2787113,-1.2781421,4.9663286,8.37983,-0.014020778,-1.4244207,5.93977,-1.033676,ACC_0127
-0.9437424,7.536718,5.3200865,-2.066542,5.17389,-1.5512446,7.064236,-2.0665436,-3.3776298,-1.0384585,4.8899016,8.349096,-0.013228189,-1.3274479,5.7314487,-1.2920793,ACC_0128
-0.6733137,7.9919734,5.275218,-1.870616,5.658679,-1.500789,7.4528327,-2.4590366,-3.5489593,-1.3027129,5.19462,8.707375,-0.014340378,-1.4254999,5.9545155,-1.1641386,ACC_0129
-0.6955882,7.132875,4.9395003,-1.5931588,5.0413246,-1.1920944,6.526774,-2.4578335,-2.9759164,-1.2391901,4.583927,7.814662,-0.014756281,-1.396595,5.748197,-0.84870696,ACC_0130
-0.77840865,7.7928295,5.1494503,-1.8701686,5.5263762,-1.4248165,7.317468,-2.4629006,-3.3676286,-1.2731678,5.035532,8.47931,-0.013899212,-1.4210491,5.9445047,-1.0718348,ACC_0131
-0.7419814,7.513617,5.050682,-1.7491605,5.296735,-1.3495017,6.972823,-2.4406533,-3.2206588,-1.2637606,4.81106,8.214343,-0.0139052505,-1.38718,5.818582,-0.9895309,ACC_0132
-0.74175584,7.764096,5.1764526,-1.854301,5.4906845,-1.3965479,7.250913,-2.4641335,-3.3552194,-1.2762907,5.0302567,8.4945755,-0.014029227,-1.4209726,5.937803,-1.0794418,ACC_0133
-0.66027135,7.1830764,5.0227423,-1.6119322,5.0676184,-1.1844678,6.547001,-2.46021,-3.0241466,-1.2333671,4.670999,7.9241834,-0.014986178,-1.4065894,5.777994,-0.8943671,ACC_0134
-1.0267961,6.443021,4.586136,-1.7557099,4.4352856,-1.1317755,6.1268167,-2.0098593,-2.6509235,-0.9489702,4.107396,7.062571,-0.012857383,-1.307073,5.437955,-0.8974364,ACC_0135
0.42273995,2.6411445,0.43299466,-0.040136125,2.306369,0.43653116,2.1206617,-1.965581,-1.0981944,-0.79118866,2.346838,1.8207917,-0.0047282013,-0.8965013,1.8011919,0.32926962,ACC_0136
-0.636955,7.2723413,5.0512385,-1.572939,5.0859737,-1.2797154,6.699372,-2.3873367,-3.1512232,-1.2523707,4.703034,8.000438,-0.01482998,-1.3920501,5.7281184,-0.94316053,ACC_0137
-1.0707134,6.944027,4.887147,-1.9496778,4.7888756,-1.320959,6.650286,-2.0639548,-2.959795,-0.98396814,4.45297,7.6584,-0.012586031,-1.3204461,5.622073,-1.0690469,ACC_0138
-0.6577207,7.816079,5.258642,-1.8125323,5.5302916,-1.395168,7.175817,-2.5149798,-3.3948536,-1.3035992,5.055115,8.552167,-0.014727133,-1.426983,5.958636,-1.0668857,ACC_0139
-0.9619714,7.0073266,5.052073,-1.8761152,4.7967567,-1.3636075,6.5093794,-2.0797331,-3.0417275,-1.0140326,4.450623,7.7523103,-0.013150383,-1.3014951,5.5968947,-1.0441101,ACC_0140
-0.932248,6.938063,5.005706,-1.860693,4.731645,-1.3627064,6.552692,-1.9843372,-3.086187,-0.9820907,4.494449,7.7334905,-0.0128940735,-1.3006203,5.5220265,-1.1272912,ACC_0141
-0.9250837,7.1549807,5.162393,-1.9435825,4.901318,-1.3260643,6.5836835,-2.1198053,-3.0832143,-1.0186424,4.61883,7.939215,-0.013696389,-1.3395814,5.703518,-1.1066417,ACC_0142
-0.9893391,6.745585,4.9294276,-1.8185645,4.5872726,-1.2996107,6.325978,-1.9962782,-2.91124,-0.9688828,4.3100514,7.511718,-0.012777933,-1.2839179,5.486111,-1.0191566,ACC_0143
-0.7889846,7.5790324,5.035656,-1.8173511,5.3639264,-1.3277351,7.063844,-2.4796243,-3.2007422,-1.2645506,4.8597,8.265249,-0.01378117,-1.4033408,5.8913655,-0.9931809,ACC_0144
-0.9555085,7.268345,5.1790667,-1.95569,4.9667435,-1.479228,6.857845,-2.0284672,-3.2365475,-1.0234982,4.6868777,8.050477,-0.013173148,-1.3192742,5.6458073,-1.2000562,ACC_0145
-0.81915283,7.6408057,5.1142364,-1.8638515,5.429965,-1.3646542,7.11085,-2.5229187,-3.2204015,-1.2671261,4.898638,8.356756,-0.013849673,-1.4072584,5.940286,-1.0075097,ACC_0146
-0.76785034,7.8187833,5.1520925,-1.8974296,5.5600834,-1.3845118,7.264097,-2.5238264,-3.3218355,-1.291696,5.024159,8.504812,-0.014011653,-1.4261687,5.9856296,-1.0460018,ACC_0147
-0.6252255,7.5458436,5.2239966,-1.6717944,5.281628,-1.3322526,6.8972745,-2.4443445,-3.2898726,-1.2754389,4.9021153,8.315833,-0.014989453,-1.4102699,5.8527093,-1.0134163,ACC_0148
-0.9571456,7.0781236,5.1526833,-1.9215338,4.814324,-1.4303159,6.662355,-1.991746,-3.16361,-0.98521346,4.594574,7.930102,-0.012857242,-1.2983975,5.573689,-1.1821582,ACC_0149
-0.8010029,7.4876094,4.9716563,-1.8181633,5.330625,-1.2820387,6.9977646,-2.4988174,-3.1284971,-1.2516174,4.816569,8.167493,-0.013854948,-1.4104519,5.8869987,-0.9702301,ACC_0150
-0.63878244,7.4412265,5.1276064,-1.6673199,5.257601,-1.2478436,6.754415,-2.5070775,-3.1469307,-1.2766483,4.809167,8.150982,-0.015249005,-1.4247265,5.8719964,-0.9270607,ACC_0151
-0.7056856,7.0818105,4.8539114,-1.5714995,5.0184155,-1.1370224,6.4525056,-2.4929435,-2.8866801,-1.251204,4.5052567,7.692014,-0.014916027,-1.4029528,5.7596116,-0.7760714,ACC_0152
-0.7022021,7.381285,5.0064516,-1.6814038,5.2061353,-1.2611493,6.73803,-2.4758706,-3.1073713,-1.2657874,4.706,8.051872,-0.014386025,-1.3899395,5.8033295,-0.902009,ACC_0153
-0.9168296,6.889684,4.986773,-1.8531184,4.7089434,-1.2371944,6.3615794,-2.0662878,-2.9419062,-0.9902878,4.455661,7.6384797,-0.0136163365,-1.3294114,5.595917,-1.0437896,ACC_0154
-0.87988853,7.6290565,5.3941693,-2.0378258,5.2894177,-1.5474918,7.02052,-2.1998851,-3.404797,-1.0924814,4.8840437,8.397449,-0.014023332,-1.3534682,5.82502,-1.2111549,ACC_0155
-0.7039425,7.375887,4.8447356,-1.6903495,5.2685823,-1.1545495,6.7487316,-2.555534,-2.9891307,-1.2914017,4.6780667,7.9095173,-0.014863629,-1.4335294,5.8806615,-0.81709343,ACC_0156
-0.77506644,7.121358,4.8818927,-1.6624929,5.0212226,-1.186983,6.613375,-2.4178033,-2.9506893,-1.2127059,4.590918,7.8229985,-0.01400328,-1.3872277,5.7425747,-0.88290095,ACC_0157
-0.67914844,7.0558486,4.8554835,-1.5669641,4.9871187,-1.1182774,6.4689255,-2.4514914,-2.9095922,-1.2340205,4.550898,7.7082067,-0.014921174,-1.4087892,5.7415113,-0.8212486,ACC_0158
-0.8111127,7.8400426,5.163493,-1.8914928,5.5496616,-1.4488225,7.2460685,-2.5078552,-3.3194125,-1.2951221,4.9781675,8.493683,-0.013806016,-1.3949744,5.9456377,-1.0392178,ACC_0159
-1.0515615,7.1265464,5.1403933,-1.969326,4.886598,-1.4169685,6.660254,-2.1171434,-3.059362,-1.0163467,4.511071,7.899355,-0.012937773,-1.3041348,5.6786275,-1.072498,ACC_0160
-1.0568855,6.59362,4.817483,-1.7961183,4.488802,-1.3078378,6.2958603,-1.95714,-2.8366513,-0.9479535,4.18944,7.3432946,-0.012271352,-1.265825,5.4171357,-0.9912323,ACC_0161
-0.9507653,6.7499676,4.9079614,-1.7742838,4.621976,-1.208433,6.2323985,-2.1161792,-2.827053,-1.0023513,4.2985473,7.4300423,-0.014036214,-1.3295949,5.58973,-0.94549906,ACC_0162
-0.956028,6.9789004,4.9134574,-1.9042289,4.7975845,-1.3407074,6.653507,-2.0044396,-3.0697236,-0.9872824,4.522016,7.716638,-0.012772722,-1.3170627,5.555326,-1.1275424,ACC_0163
-0.84274775,7.34413,5.259134,-1.92386,4.977622,-1.492965,6.774243,-1.9963193,-3.3316863,-1.0308466,4.7410827,8.155233,-0.013310807,-1.293205,5.586391,-1.2291125,ACC_0164
-0.6970478,6.4205585,4.139377,-1.5887733,4.6157255,-1.0932987,6.0730166,-1.9807945,-2.864387,-1.0088044,4.3274617,7.078181,-0.012639901,-1.3198049,5.2191243,-0.95191944,ACC_0165
-0.60208243,7.501694,5.1039186,-1.6850687,5.311257,-1.252879,6.815236,-2.4977896,-3.2058525,-1.2804344,4.865053,8.202774,-0.015138226,-1.4260322,5.863255,-0.95965636,ACC_0166
-0.7565595,7.2914567,4.9230356,-1.7102945,5.165012,-1.2354869,6.798905,-2.4441795,-3.0633798,-1.2329215,4.7141843,7.9826465,-0.014070023,-1.4017594,5.7986736,-0.9349915,ACC_0167
-0.83932483,7.313636,4.8963594,-1.7814063,5.1905413,-1.2752737,6.9112105,-2.4128902,-3.0662134,-1.2134953,4.7255263,8.007933,-0.013350204,-1.3934761,5.7956467,-0.9605311,ACC_0168
-0.7366526,7.316463,4.910004,-1.7095249,5.2035146,-1.1930002,6.73183,-2.5107622,-3.018341,-1.2543612,4.688883,7.958298,-0.014426366,-1.4110764,5.839378,-0.87752587,ACC_0169
-0.73217213,7.2567506,4.973799,-1.6505251,5.127861,-1.22743,6.662152,-2.4788601,-3.0191393,-1.252372,4.639911,7.928791,-0.014582865,-1.398931,5.8005767,-0.8687774,ACC_0170
-0.97923136,7.091686,5.02918,-1.9377637,4.8465996,-1.4447603,6.7499247,-1.9646549,-3.1605597,-0.9832763,4.596423,7.868831,-0.0125830285,-1.2917793,5.5374846,-1.1958416,ACC_0171
-1.0451344,6.780236,4.9116573,-1.873271,4.6399937,-1.265298,6.3985257,-2.0527508,-2.862569,-0.9684275,4.352152,7.5259476,-0.01297312,-1.3128649,5.5772557,-1.0202199,ACC_0172
-0.690667,8.082117,5.3318267,-1.8774961,5.709213,-1.5168196,7.490161,-2.5088816,-3.551105,-1.33414,5.2017827,8.778553,-0.014556314,-1.4304109,6.0198436,-1.1396763,ACC_0173
-0.74237394,7.2408895,4.888587,-1.7169088,5.191557,-1.1416942,6.671266,-2.5621247,-2.9601982,-1.2405586,4.6819615,7.902885,-0.014733301,-1.4278029,5.8723617,-0.8651331,ACC_0174
-0.66879207,7.7636423,5.2027583,-1.8002423,5.4635143,-1.386545,7.066342,-2.482507,-3.3517766,-1.297999,4.965704,8.475538,-0.014260238,-1.394934,5.8898997,-1.032332,ACC_0175
-0.96793604,7.307484,5.0552435,-2.02297,5.043451,-1.4452957,6.923929,-2.0404494,-3.217564,-1.0159823,4.7308917,8.03169,-0.012842115,-1.324127,5.652661,-1.2130326,ACC_0176
-0.69432116,7.4208875,5.055085,-1.7023612,5.199248,-1.3261145,6.926169,-2.361949,-3.2395487,-1.2362337,4.834736,8.184137,-0.013958801,-1.387893,5.7599688,-1.0375874,ACC_0177
-0.57534456,7.248477,4.993486,-1.5756898,5.1070952,-1.1880456,6.5935936,-2.4271894,-3.0939074,-1.2552384,4.7119694,7.9436603,-0.01517806,-1.4126108,5.746178,-0.90955293,ACC_0178
-0.8943352,6.969788,4.9716897,-1.8600348,4.794049,-1.2879626,6.4856553,-2.076502,-3.0255642,-1.0079452,4.4948535,7.694015,-0.013601189,-1.3297968,5.5929756,-1.0683955,ACC_0179
-0.7809917,7.5533347,5.073186,-1.7668709,5.338748,-1.3335211,6.9003773,-2.5300376,-3.1490092,-1.2885566,4.7526703,8.201161,-0.014081034,-1.3877043,5.885556,-0.9046073,ACC_0180
-1.0091509,6.563675,4.808027,-1.7414578,4.45683,-1.2716826,6.2648168,-1.9508479,-2.833345,-0.9509534,4.2137055,7.298568,-0.012897463,-1.2893507,5.4247117,-1.0024781,ACC_0181
-0.870392,6.9681964,4.8962393,-1.8063405,4.719926,-1.4571313,6.7442384,-1.7999601,-3.2275553,-0.9703389,4.578573,7.7183647,-0.012596853,-1.2801837,5.3558135,-1.2576731,ACC_0182
-1.0028548,6.8415856,4.917491,-1.892407,4.712351,-1.294265,6.4873166,-2.0521808,-2.9470384,-0.9703784,4.4276824,7.6031585,-0.013005742,-1.3180059,5.5708513,-1.0738771,ACC_0183
-0.6116038,7.643596,4.8619733,-1.7220336,5.5068073,-1.3390454,7.1124086,-2.4841998,-3.3460474,-1.3132566,5.003258,8.306782,-0.014159748,-1.4259758,5.822093,-1.0284721,ACC_0184
-0.703946,7.1318593,4.972242,-1.6139657,5.0439434,-1.237185,6.6049604,-2.4177566,-3.0319526,-1.2199593,4.6342626,7.8734217,-0.0145419,-1.3933868,5.724034,-0.91617477,ACC_0185
-0.7255778,7.0424576,5.0348024,-1.5919094,4.8969293,-1.2670044,6.562665,-2.3040597,-3.053992,-1.1811607,4.6143246,7.891874,-0.013999389,-1.3603394,5.6377387,-0.9746399,ACC_0186
-0.97430706,6.8137126,4.9357185,-1.7979208,4.657711,-1.2806774,6.3560987,-2.0799806,-2.9035037,-1.0025965,4.330264,7.5128465,-0.013576835,-1.3145142,5.571278,-0.98414767,ACC_0187
-0.67708564,7.753074,5.1838055,-1.7891273,5.4874244,-1.376078,7.1472287,-2.5069916,-3.347115,-1.3021458,4.9956098,8.451045,-0.01463229,-1.425066,5.939267,-1.0348665,ACC_0188
-0.9550744,7.13291,5.0577865,-1.9624573,4.972293,-1.2806395,6.5642776,-2.2451086,-2.998472,-1.0373741,4.5615025,7.8323083,-0.014084028,-1.3604615,5.771122,-1.0326077,ACC_0189
-0.9468366,6.7124248,4.892669,-1.7875651,4.5988445,-1.2147489,6.2328134,-2.0691087,-2.8432057,-0.9795304,4.3200316,7.4294767,-0.013692301,-1.3232979,5.547814,-0.984601,ACC_0190
-0.79510117,6.624961,4.4132037,-1.69345,4.7262673,-1.179159,6.3224416,-2.0389736,-2.9622664,-1.0132241,4.4374146,7.3495975,-0.0129657965,-1.3360143,5.376681,-1.0190014,ACC_0191
-0.6958866,7.4835486,5.088195,-1.7161609,5.295407,-1.2767912,6.8519835,-2.508192,-3.156783,-1.2754626,4.8101716,8.175477,-0.014761848,-1.4159415,5.8796754,-0.93826044,ACC_0192
-0.9402097,6.997891,5.115733,-1.8770245,4.736124,-1.4087764,6.6171985,-1.9498283,-3.143065,-0.97742975,4.554429,7.853535,-0.012882729,-1.2973473,5.53052,-1.1794028,ACC_0193
-1.0127293,6.542424,4.5560923,-1.7683316,4.552361,-1.1052617,6.1671715,-2.10501,-2.620831,-0.992002,4.1136584,7.0589795,-0.013468662,-1.3363124,5.521836,-0.8384484,ACC_0194
-0.6846264,7.504356,5.130669,-1.7012753,5.2743063,-1.3088688,6.896655,-2.459609,-3.2161777,-1.2702256,4.8448386,8.230419,-0.0146489525,-1.4083107,5.856984,-0.9784701,ACC_0195
-0.6236365,7.8804026,5.291329,-1.817931,5.5640078,-1.3524002,7.0889573,-2.5649946,-3.3761292,-1.3239897,5.0557704,8.589605,-0.014942062,-1.4272358,5.9983287,-1.0203198,ACC_0196
-0.62639654,8.123547,5.3526163,-1.907978,5.784684,-1.4625779,7.442718,-2.5808387,-3.5647948,-1.3417832,5.2585983,8.840664,-0.014835157,-1.4496427,6.0709248,-1.1350566,ACC_0197
-0.6990739,7.529015,5.0660963,-1.7463131,5.3011675,-1.3408573,7.0260186,-2.399672,-3.2688923,-1.25441,4.889661,8.26151,-0.01402761,-1.4009054,5.812512,-1.0431125,ACC_0198
-0.93050903,7.324078,5.230732,-1.9658712,4.998241,-1.5324951,6.92545,-1.9899102,-3.3247032,-1.015098,4.764917,8.145008,-0.013106551,-1.3110143,5.6184535,-1.2702576,ACC_0199
-0.8481498,6.7992034,5.033525,-1.7398473,4.6069098,-1.2820216,6.250881,-2.0087054,-2.986771,-0.991568,4.3938966,7.5776334,-0.013929487,-1.3092785,5.497901,-1.0464118,ACC_0200
-0.7862002,7.4370446,4.9346466,-1.7719634,5.2754006,-1.3055601,6.9158773,-2.460076,-3.1274955,-1.2539402,4.7379727,8.092203,-0.013582826,-1.3844137,5.8087544,-0.94430447,ACC_0201
-0.7221283,7.9707675,5.241969,-1.9180349,5.6627083,-1.4495715,7.390283,-2.5167375,-3.4608827,-1.3001528,5.153466,8.676332,-0.014184309,-1.4262892,5.9993896,-1.1192368,ACC_0202
-0.80979973,7.174484,4.8620024,-1.6991485,5.054841,-1.3034241,6.8329453,-2.3181221,-3.0918212,-1.1900781,4.653923,7.9051213,-0.013093984,-1.3652121,5.668897,-0.98255897,ACC_0203
-0.6574349,7.2018523,5.0545177,-1.5723727,5.0486574,-1.2404468,6.5234017,-2.4423146,-3.0543036,-1.2503229,4.6148863,7.924498,-0.014891706,-1.3825059,5.736606,-0.8724365,ACC_0204
-0.6575916,6.9870715,4.783418,-1.5511662,4.933474,-1.0721217,6.3894997,-2.4205215,-2.871739,-1.2218641,4.5191913,7.6269927,-0.014745259,-1.403873,5.6978235,-0.8090961,ACC_0205
-0.70209295,7.1482882,4.927588,-1.6138749,4.9975185,-1.2349793,6.6437135,-2.338907,-3.062914,-1.2125074,4.636649,7.886926,-0.013978382,-1.3731997,5.671169,-0.94278395,ACC_0206
-0.92739993,7.2538176,5.165347,-1.957627,4.980403,-1.4336833,6.799516,-2.074522,-3.2193573,-1.0275849,4.6810493,8.037838,-0.013314824,-1.3288579,5.6711483,-1.1738454,ACC_0207
-0.6796539,7.506488,5.122673,-1.6897204,5.272487,-1.3064104,6.8583894,-2.473395,-3.197412,-1.2819391,4.8043833,8.206223,-0.014708342,-1.4021727,5.849696,-0.94794524,ACC_0208
-0.8981068,7.496577,5.2713375,-1.9859402,5.140734,-1.5451132,7.0039887,-2.065078,-3.3735728,-1.0597821,4.824133,8.249737,-0.013530304,-1.3270389,5.6981864,-1.242834,ACC_0209
-0.72880405,7.1800737,4.9416976,-1.6241343,5.039693,-1.2267481,6.600035,-2.423495,-3.0178733,-1.2343047,4.591632,7.878218,-0.0142138675,-1.3745842,5.727463,-0.87943596,ACC_0210
-0.7402409,7.779012,5.150049,-1.8568262,5.5221276,-1.3885347,7.2269125,-2.5111277,-3.3376994,-1.2909362,5.0083547,8.478697,-0.0141268,-1.4203842,5.9551854,-1.0527006,ACC_0211
-0.67976177,7.495669,5.1768484,-1.6871418,5.2360554,-1.3879389,6.9613147,-2.377172,-3.306528,-1.2532848,4.866389,8.287645,-0.014273183,-1.3855587,5.7812414,-1.0521895,ACC_0212
0.38579288,2.7580042,0.45206732,-0.09687266,2.383527,0.38055652,2.2457378,-1.9414123,-1.1446075,-0.7900932,2.4157314,1.9109999,-0.0045133345,-0.891139,1.7958579,0.2754953,ACC_0213
-0.7543398,6.84239,5.1389723,-1.7112039,4.6239605,-1.3345932,6.2201934,-1.9854616,-3.100723,-0.9947457,4.4537086,7.6925216,-0.014050775,-1.2882528,5.452166,-1.0964721,ACC_0214
-0.46937323,7.050918,4.483666,-1.4662635,5.1311126,-1.0637727,6.511186,-2.443313,-3.0680933,-1.2787869,4.706126,7.691628,-0.014769923,-1.4295993,5.609762,-0.86256367,ACC_0215
-0.6479469,7.4576535,5.0275445,-1.6643819,5.2939267,-1.2439708,6.8235416,-2.5202565,-3.1399746,-1.2918969,4.78828,8.091595,-0.015185565,-1.431304,5.8750577,-0.9049529,ACC_0216
-0.61497194,7.519282,5.154312,-1.6951896,5.3183084,-1.3255259,6.907641,-2.4553895,-3.2822452,-1.2680616,4.906853,8.27455,-0.01489577,-1.4165097,5.834088,-1.0242057,ACC_0217
-0.58089334,7.391891,5.0232444,-1.650505,5.2037706,-1.1784738,6.699989,-2.456261,-3.1362023,-1.2654356,4.8015904,8.08688,-0.015048467,-1.419082,5.8108377,-0.9363662,ACC_0218
-0.91896075,7.070509,5.0513544,-1.900953,4.8872976,-1.3000735,6.527576,-2.161983,-3.0279064,-1.0283225,4.534933,7.7874265,-0.013960954,-1.3452404,5.687727,-1.0522045,ACC_0219
-1.018515,6.9092507,4.9695597,-1.8898202,4.725963,-1.3848248,6.514467,-2.0097468,-3.0000045,-0.98225737,4.397591,7.660607,-0.012545819,-1.2774082,5.514665,-1.067538,ACC_0220
-0.6077207,7.885747,5.3584466,-1.8465066,5.5570865,-1.4423336,7.2512674,-2.4497097,-3.5283804,-1.2804135,5.188432,8.729637,-0.0144549,-1.4178478,5.9256725,-1.1821909,ACC_0221
-0.63657963,7.633758,5.127389,-1.7286606,5.3844924,-1.3309978,7.0241036,-2.4627807,-3.3053865,-1.2894001,4.935934,8.332391,-0.014692963,-1.4188869,5.872768,-1.0177572,ACC_0222
-0.66211915,7.7711053,5.224724,-1.7882774,5.474409,-1.4163947,7.198975,-2.45356,-3.4157085,-1.2918067,5.035846,8.517504,-0.014438085,-1.4141147,5.9014816,-1.091452,ACC_0223
-0.63941604,7.6754584,5.1419506,-1.8106661,5.448608,-1.2975113,7.046529,-2.4965312,-3.3081522,-1.2722206,5.0180926,8.41827,-0.014560108,-1.4299041,5.917937,-1.0558478,ACC_0224
-0.6009656,7.4079976,5.0421834,-1.6595771,5.253996,-1.1759259,6.6511693,-2.534822,-3.0925806,-1.2813356,4.77461,8.068837,-0.015326539,-1.4281704,5.865394,-0.8813194,ACC_0225
-0.805035,7.3128405,4.9392304,-1.7374868,5.165192,-1.2606932,6.8519425,-2.4328892,-3.0563786,-1.231429,4.7049985,8.009833,-0.013820543,-1.3948958,5.8055453,-0.94067943,ACC_0226
-0.90304214,6.851541,5.027984,-1.7886709,4.645349,-1.3121272,6.3780837,-2.0029428,-3.0099242,-0.9881808,4.4247127,7.6345425,-0.01354746,-1.307474,5.521883,-1.0719503,ACC_0227
-0.71328336,8.165131,5.390041,-1.9698792,5.7897635,-1.4713463,7.5180707,-2.5805664,-3.5311084,-1.333763,5.269241,8.898613,-0.014543655,-1.4480096,6.118571,-1.141566,ACC_0228
-0.75322187,7.5804915,5.07776,-1.7817653,5.3724957,-1.3293759,7.032414,-2.4941816,-3.2036219,-1.2769624,4.8655257,8.259882,-0.014285274,-1.4162555,5.9040875,-0.9784951,ACC_0229
-0.6051485,7.575302,5.130047,-1.7116959,5.3941703,-1.2208507,6.8072524,-2.5909271,-3.1682677,-1.3060187,4.878287,8.233456,-0.015593721,-1.4469348,5.9540043,-0.90970075,ACC_0230
-0.65537435,7.4466844,5.0760236,-1.6560473,5.2500086,-1.3312184,6.862888,-2.4397311,-3.2290802,-1.272203,4.794834,8.149784,-0.014636548,-1.398268,5.7917833,-0.9717852,ACC_0231
-0.9181882,7.5524783,5.302869,-2.0830774,5.218737,-1.5092659,7.0432587,-2.1174417,-3.3715343,-1.0449278,4.9108357,8.35713,-0.013355762,-1.3435501,5.772788,-1.2738246,ACC_0232
-0.8015356,7.4956226,4.901247,-1.7941338,5.3609734,-1.2943662,7.0741515,-2.4991837,-3.129073,-1.2686394,4.8039317,8.1055,-0.014000715,-1.424436,5.8888664,-0.95305014,ACC_0233
-0.86336595,7.347834,5.2160587,-1.9426224,4.97212,-1.5421394,6.8005824,-1.922449,-3.34536,-1.0124948,4.7496686,8.139431,-0.0128500415,-1.2636831,5.5068297,-1.268797,ACC_0234
-0.5866836,7.2670493,5.023032,-1.6199253,5.1163387,-1.1948982,6.577682,-2.4260228,-3.1123414,-1.2402632,4.7358203,8.008093,-0.014817179,-1.3980051,5.740147,-0.93586576,ACC_0235
-0.8477255,7.0902076,5.2132854,-1.8394705,4.814992,-1.3875071,6.4781218,-2.0561655,-3.1651316,-1.0197927,4.5633802,7.9140315,-0.01371824,-1.3043766,5.589224,-1.1114532,ACC_0236
-0.6742213,7.209796,5.0045624,-1.6226652,5.0671005,-1.1997389,6.6080885,-2.4225953,-3.0425348,-1.2326307,4.6814017,7.9412866,-0.014686036,-1.401228,5.7627096,-0.91096365,ACC_0237
-0.67243266,7.5375867,5.1566787,-1.6989925,5.274464,-1.3212162,6.8159337,-2.4749997,-3.2191699,-1.2843081,4.7944756,8.252102,-0.014501916,-1.3822725,5.8332295,-0.9456619,ACC_0238
-0.8581031,7.1047134,5.263712,-1.8398098,4.826172,-1.3828863,6.441987,-2.0949402,-3.1306782,-1.0308617,4.549263,7.9224715,-0.014064039,-1.3125964,5.6276355,-1.084594,ACC_0239
-0.72519255,7.582006,5.086083,-1.7867006,5.356221,-1.3328773,7.077312,-2.4480672,-3.2633374,-1.2598016,4.9235253,8.313409,-0.0141280275,-1.412705,5.874912,-1.0417173,ACC_0240
-0.91786206,7.281952,5.231182,-1.9549325,4.9575443,-1.5883633,6.9019294,-1.9151485,-3.366722,-0.9899489,4.7672048,8.138522,-0.012762617,-1.279254,5.5172496,-1.3242954,ACC_0241
-0.9338337,7.049807,5.1409845,-1.8865962,4.835019,-1.352506,6.5207386,-2.1081207,-3.057631,-1.0140195,4.5392303,7.8305397,-0.013836521,-1.331785,5.654741,-1.0871823,ACC_0242
-0.6339355,7.3360534,4.922151,-1.6769238,5.217147,-1.1131778,6.6470723,-2.5310025,-3.0117583,-1.2687362,4.7337327,7.9630513,-0.015119672,-1.435144,5.8622317,-0.8613868,ACC_0243
-0.92531264,7.4514585,5.229671,-2.0487542,5.1488047,-1.4734083,6.9298387,-2.1186278,-3.293583,-1.0427577,4.8087597,8.223097,-0.013294541,-1.3328772,5.735077,-1.2151489,ACC_0244
-0.7634125,7.519667,4.9861236,-1.7820264,5.3130493,-1.2910973,7.017099,-2.4513195,-3.1710467,-1.2608359,4.8351016,8.188927,-0.013888617,-1.4078677,5.8630548,-0.98096824,ACC_0245
-0.7489508,6.7139764,4.607608,-1.6952752,4.7201777,-1.1403139,6.1980615,-2.0813801,-2.920599,-1.0255408,4.433033,7.3971987,-0.013886613,-1.349716,5.460996,-0.9814422,ACC_0246
-0.8735442,6.7380376,4.8984103,-1.7377509,4.6020865,-1.2004417,6.1670094,-2.0720067,-2.8641784,-1.0024407,4.305288,7.420356,-0.014008009,-1.320679,5.5280776,-0.9535682,ACC_0247
-0.75301665,7.755035,5.0344157,-1.8803818,5.545924,-1.3449026,7.2879133,-2.5087128,-3.3175263,-1.2772489,5.019624,8.401386,-0.013968585,-1.4387424,5.9641566,-1.0408856,ACC_0248
-0.6369131,7.5959535,5.212657,-1.7098731,5.323402,-1.3631214,6.896248,-2.4546747,-3.317268,-1.2785025,4.889801,8.357073,-0.014507749,-1.3864609,5.830848,-1.0131216,ACC_0249
-0.7638429,7.2390704,4.9187837,-1.6841913,5.1247983,-1.1953448,6.6930995,-2.4761286,-2.9827151,-1.2405909,4.646172,7.9047422,-0.014363426,-1.4055623,5.814855,-0.87327266,ACC_0250
-0.9886404,7.384598,5.225224,-2.0290587,5.0627294,-1.512592,6.939734,-2.0552685,-3.2673702,-1.0253179,4.758096,8.167782,-0.012984481,-1.3149096,5.689656,-1.2251003,ACC_0251
-0.69870776,7.2136197,4.632687,-1.6461216,5.1946297,-1.2536143,6.8147073,-2.3961802,-3.1426167,-1.2456576,4.7570953,7.9107637,-0.013327059,-1.3879044,5.6526895,-0.969321,ACC_0252
-0.86534,7.009202,4.986398,-1.8818548,4.852104,-1.2349805,6.4250884,-2.1451004,-2.99129,-1.019193,4.526311,7.7121787,-0.014041646,-1.3507901,5.65445,-1.0415882,ACC_0253
-0.7341923,7.7068543,5.1596823,-1.8092155,5.4448557,-1.425716,7.197003,-2.4518998,-3.3568509,-1.2787707,4.969711,8.436613,-0.014008819,-1.4034709,5.884765,-1.07187,ACC_0254
-0.9860195,7.1308823,5.130687,-1.9622383,4.8601584,-1.4969877,6.81254,-1.9316489,-3.217868,-0.9716216,4.663149,7.9796405,-0.012517572,-1.2911443,5.536016,-1.2600684,ACC_0255
-0.87872416,6.962088,5.0959263,-1.801086,4.745016,-1.3408593,6.446733,-2.0545535,-3.0681138,-1.0108283,4.495876,7.7343135,-0.013975775,-1.3245906,5.581546,-1.0852108,ACC_0256
-0.77766544,6.8894563,4.5537868,-1.5973057,4.947969,-1.0498618,6.4601355,-2.4598904,-2.7424066,-1.215283,4.408978,7.4184413,-0.014210574,-1.4119024,5.7043724,-0.74965465,ACC_0257
-0.731848,7.6059566,5.008995,-1.8087947,5.4235353,-1.3069261,7.103793,-2.5030708,-3.2287703,-1.2749627,4.9147964,8.26886,-0.01422969,-1.4280697,5.9112725,-1.006304,ACC_0258
-1.0336306,7.2270317,5.0761313,-2.029655,4.98007,-1.4523662,6.8951244,-2.0393977,-3.1640835,-0.99947625,4.675733,7.994909,-0.01264449,-1.318318,5.6531014,-1.2023598,ACC_0259
-0.8412657,7.3874207,5.0424743,-1.7642785,5.1915803,-1.4014832,6.9714932,-2.3597786,-3.1867738,-1.2140071,4.757256,8.142535,-0.013218297,-1.362107,5.748635,-1.0208061,ACC_0260
-0.5802451,6.477673,4.345578,-1.3313372,4.691367,-0.99097717,6.0168605,-2.348836,-2.7404056,-1.1878635,4.3328996,7.1666875,-0.0142963845,-1.3838491,5.421418,-0.7480288,ACC_0261
-0.8318801,6.572657,4.5351324,-1.4584514,4.615417,-1.0749222,6.256473,-2.302217,-2.6473963,-1.1695632,4.188781,7.1748137,-0.013757188,-1.3612211,5.525037,-0.72910124,ACC_0262
-0.87124676,6.973061,5.088971,-1.8197827,4.7941327,-1.3088851,6.3751693,-2.124734,-3.017438,-1.0234979,4.475357,7.7121053,-0.014241438,-1.3337808,5.6199636,-1.0358264,ACC_0263
-0.57286906,7.5992627,5.2392135,-1.6773655,5.309962,-1.3430583,6.9207625,-2.4152443,-3.3533027,-1.2777407,4.951796,8.382391,-0.0149169965,-1.4050978,5.8242407,-1.0503838,ACC_0264
-0.6765806,7.2490172,4.940581,-1.6157482,5.099315,-1.1906205,6.6516213,-2.4456918,-3.038019,-1.2539991,4.6589975,7.911489,-0.014709238,-1.4037938,5.777592,-0.87915176,ACC_0265
-0.7458172,7.812488,5.281981,-1.8546432,5.5503044,-1.3935171,7.176891,-2.5734057,-3.311791,-1.3049936,5.0211697,8.535747,-0.014727183,-1.436712,6.0300307,-1.0222005,ACC_0266
-0.64897037,7.3708572,5.098777,-1.646068,5.171709,-1.2779158,6.6796594,-2.4487457,-3.157589,-1.2593347,4.735119,8.105425,-0.014622316,-1.3838937,5.7758427,-0.93307817,ACC_0267
-0.8070431,7.014376,5.041977,-1.8144886,4.826112,-1.2687306,6.3593087,-2.1327493,-3.0458717,-1.035304,4.4975557,7.723481,-0.014243318,-1.3330216,5.6120534,-1.0259203,ACC_0268
-0.74645686,7.754834,5.2453265,-1.8762919,5.4767814,-1.4123207,7.217897,-2.454514,-3.376548,-1.2568351,5.0579147,8.555047,-0.013876664,-1.4113164,5.930639,-1.1117632,ACC_0269
-0.6794019,7.5266447,5.1843495,-1.7134838,5.302116,-1.3097746,6.889891,-2.493253,-3.221477,-1.2726051,4.8699083,8.27581,-0.014876204,-1.4156301,5.8899226,-0.9819857,ACC_0270
-0.7710387,7.718127,5.0339117,-1.8586273,5.490967,-1.33262,7.2271404,-2.500514,-3.2637677,-1.2825333,4.964339,8.357419,-0.013967961,-1.4313802,5.9558616,-1.012762,ACC_0271
-0.8329158,6.8796525,4.7389607,-1.7949209,4.803647,-1.2465876,6.436441,-2.0635834,-3.043316,-1.0217642,4.506314,7.6102586,-0.013180343,-1.3274487,5.504083,-1.0483891,ACC_0272
-1.0267746,7.083447,4.878517,-2.0136898,4.914064,-1.2021929,6.6310115,-2.1764996,-2.9058738,-1.0153564,4.5286746,7.730416,-0.013203353,-1.3587606,5.753225,-1.0210866,ACC_0273
-0.63372797,7.4331098,5.131794,-1.6409467,5.219556,-1.2746046,6.767674,-2.4632823,-3.1756768,-1.2763177,4.7917247,8.149807,-0.015092406,-1.4110419,5.830473,-0.94029045,ACC_0274
-0.6854264,7.614843,5.0320287,-1.7581952,5.3710895,-1.35538,7.1530504,-2.4064028,-3.3262618,-1.2708514,4.9390574,8.309662,-0.014038565,-1.4100049,5.831776,-1.0630648,ACC_0275
-0.9110329,6.8517556,4.9826326,-1.7752736,4.6291776,-1.3904239,6.46979,-1.921249,-3.0862107,-0.98125577,4.4080825,7.633164,-0.012864911,-1.2740319,5.4284244,-1.1080687,ACC_0276
-0.6366524,7.342397,5.114876,-1.6151239,5.161553,-1.2756337,6.7011743,-2.449705,-3.154017,-1.2611126,4.7485833,8.081624,-0.015057098,-1.4033427,5.791713,-0.93822765,ACC_0277
-0.9035859,6.6411376,4.950947,-1.7369859,4.509907,-1.2093993,6.062924,-2.0416725,-2.8292627,-0.97393644,4.2553077,7.4019513,-0.01372343,-1.2982792,5.485174,-0.9593632,ACC_0278
-0.71339816,6.8265066,4.7195463,-1.5080512,4.8371787,-1.084072,6.309857,-2.4153152,-2.7880423,-1.2078081,4.390621,7.4566865,-0.014657614,-1.3927516,5.6486573,-0.76731527,ACC_0279
-0.9357543,7.1363297,5.0585933,-1.9401058,4.88286,-1.3935288,6.7454433,-2.00714,-3.1660032,-0.9998475,4.6347837,7.9160295,-0.01294797,-1.3184555,5.5998406,-1.180686,ACC_0280
-1.0124024,6.3469033,4.53519,-1.7744113,4.3498645,-1.136437,6.127607,-1.8882173,-2.701283,-0.8960229,4.1457415,7.064686,-0.011992055,-1.2823843,5.321472,-0.9937372,ACC_0281
-0.7788447,7.4027467,4.975903,-1.7469567,5.233408,-1.3482188,7.020167,-2.3753333,-3.205058,-1.2266495,4.806078,8.121792,-0.013565015,-1.3931181,5.775865,-1.0211091,ACC_0282
-0.6447023,7.553455,5.119422,-1.7211167,5.345204,-1.2733446,6.874802,-2.5117974,-3.2087362,-1.2846726,4.8741374,8.248715,-0.014934122,-1.4232662,5.8926587,-0.9596666,ACC_0283
-0.96829534,6.700048,4.8981423,-1.8007768,4.598693,-1.224917,6.19196,-2.090937,-2.8193274,-0.98178065,4.2685833,7.41902,-0.013486246,-1.3073905,5.5397935,-0.9518665,ACC_0284
-0.6719697,7.067899,4.7563047,-1.5559175,5.0045094,-1.0907658,6.430742,-2.4825296,-2.8804288,-1.2544742,4.488475,7.63462,-0.014798071,-1.3998283,5.732611,-0.7624864,ACC_0285
-0.6810458,7.366051,4.984689,-1.6921163,5.2071404,-1.2711592,6.857563,-2.4144402,-3.1753898,-1.2399671,4.8014874,8.08775,-0.014264658,-1.4040949,5.780123,-0.9931766,ACC_0286
-0.6948424,7.867115,5.0873117,-1.8984123,5.626991,-1.32032,7.2927613,-2.5591316,-3.3420992,-1.3056396,5.09489,8.513859,-0.014395944,-1.4527671,6.020881,-1.0539541,ACC_0287
-0.9076755,6.852121,4.9855814,-1.7830871,4.618865,-1.3698463,6.5187283,-1.9037695,-3.1057885,-0.97051394,4.460558,7.6637244,-0.012880988,-1.2890391,5.4486547,-1.1460674,ACC_0288
-0.9403615,6.984819,4.971456,-1.8755118,4.7987757,-1.3541306,6.5924053,-2.0371675,-3.0717316,-1.0009028,4.497885,7.7239614,-0.013092493,-1.314988,5.5680385,-1.0984659,ACC_0289
-0.70527565,7.8576374,5.242141,-1.8723015,5.5389013,-1.4515498,7.327848,-2.406274,-3.4684248,-1.2631593,5.136179,8.611864,-0.013941063,-1.4122682,5.906343,-1.1516371,ACC_0290
-0.8501802,7.568181,5.3564215,-2.0220492,5.1624703,-1.4964434,7.023501,-2.0705898,-3.4327774,-1.050471,4.9424677,8.4030905,-0.0136223715,-1.3419023,5.7524414,-1.2984679,ACC_0291
-0.7738427,7.900645,5.1112657,-1.9213222,5.650302,-1.3745192,7.39332,-2.561499,-3.3507278,-1.3051585,5.078537,8.527065,-0.0141665,-1.4509556,6.0491867,-1.037576,ACC_0292
-0.7286778,7.6866794,5.042679,-1.8298599,5.4743404,-1.3565311,7.2033553,-2.4689019,-3.3045259,-1.2758267,4.9748106,8.352369,-0.014001662,-1.4260161,5.9059362,-1.0426028,ACC_0293
-0.9876555,6.73262,5.000566,-1.803345,4.561503,-1.3672122,6.397192,-1.940842,-2.9867566,-0.9518184,4.3577414,7.5713353,-0.012793745,-1.2809027,5.450686,-1.0983794,ACC_0294
-0.79450864,7.5734286,5.3058805,-2.0081496,5.2115793,-1.4317569,6.923154,-2.1395497,-3.375527,-1.080094,4.8988667,8.33429,-0.014025712,-1.3611395,5.7823005,-1.2149082,ACC_0295
-0.8253583,6.8097997,4.498954,-1.5740988,4.798407,-1.0938641,6.5332375,-2.2914202,-2.7666514,-1.1833638,4.3614597,7.3761635,-0.0132279955,-1.374634,5.5785723,-0.810039,ACC_0296
-0.8206445,7.1302648,5.20852,-1.8255837,4.8499837,-1.3406318,6.438572,-2.1112916,-3.1238818,-1.046086,4.557313,7.894627,-0.014270619,-1.3245595,5.641887,-1.0626779,ACC_0297
-0.5722859,7.5383167,5.2037106,-1.6312326,5.2854433,-1.315071,6.861648,-2.4541552,-3.2940862,-1.2895253,4.8916035,8.278004,-0.015348749,-1.417805,5.8415484,-0.99502516,ACC_0298
-0.572575,7.798118,5.298069,-1.7442764,5.519206,-1.3571116,7.036141,-2.5481632,-3.3782578,-1.3243558,5.0355616,8.513664,-0.015485376,-1.438777,5.9631553,-1.0190362,ACC_0299
-0.6279473,7.652695,5.2984896,-1.7334611,5.3960705,-1.3382095,6.8909373,-2.5385647,-3.291317,-1.294676,4.936132,8.420141,-0.015213532,-1.4164716,5.926789,-0.99275863,ACC_0300
-0.8992262,7.306472,5.2059355,-1.9639856,5.012382,-1.3848954,6.7192535,-2.1295598,-3.1911695,-1.0446967,4.691959,8.07147,-0.013655301,-1.3377279,5.7262673,-1.130042,ACC_0301
-0.63416135,7.4631476,5.103279,-1.6911095,5.297811,-1.2009777,6.7157645,-2.5728662,-3.1106887,-1.2861236,4.8050117,8.1463585,-0.015425367,-1.4325999,5.9172735,-0.89291763,ACC_0302
-0.80287963,7.531435,4.9759636,-1.8162657,5.3431077,-1.3284899,7.122395,-2.4263244,-3.2152028,-1.2398899,4.8706317,8.205368,-0.013526551,-1.4103572,5.86151,-1.0070858,ACC_0303
-0.9419464,6.9380517,4.9921794,-1.839346,4.7192307,-1.337665,6.4362807,-2.033326,-3.0135918,-1.0071979,4.3916707,7.669404,-0.0129756825,-1.2838279,5.530803,-1.0273737,ACC_0304
-0.72589076,7.7437034,5.1198597,-1.8345532,5.5094757,-1.3881099,7.2394233,-2.4945707,-3.3399704,-1.2880437,5.007805,8.436194,-0.0142066255,-1.4278798,5.9373307,-1.0607252,ACC_0305
-0.69598866,7.755344,5.1349616,-1.8350213,5.5100117,-1.364473,7.1721053,-2.4998648,-3.3339105,-1.2903483,5.010778,8.449514,-0.0142758535,-1.4245325,5.9342895,-1.0488123,ACC_0306
-0.6595876,7.526541,5.0688944,-1.7204156,5.346423,-1.2467824,6.8316855,-2.5564466,-3.1607006,-1.2912041,4.8235393,8.18631,-0.014996037,-1.4231583,5.9063535,-0.9170989,ACC_0307
-0.72714704,7.5108695,5.0764155,-1.7424877,5.339494,-1.222809,6.7621818,-2.6217897,-3.0608208,-1.3001556,4.7460055,8.142196,-0.0150402635,-1.4213997,5.958737,-0.8440993,ACC_0308
-0.5480334,7.393677,5.1250873,-1.5754114,5.1608114,-1.2732888,6.7368274,-2.392022,-3.2449753,-1.2679744,4.8170342,8.139143,-0.015194306,-1.404526,5.755573,-0.9829824,ACC_0309
-0.7081199,7.519725,4.9800878,-1.7507446,5.3281064,-1.3094225,6.9831586,-2.445938,-3.2105558,-1.268753,4.8329554,8.17762,-0.014022812,-1.4031496,5.823401,-0.9833586,ACC_0310
-0.66655874,7.1951866,4.8795347,-1.6205853,5.114695,-1.1823769,6.6346393,-2.4526148,-3.0201435,-1.2438736,4.6558857,7.8464184,-0.014713596,-1.4126521,5.7586427,-0.88228333,ACC_0311
-0.6794145,7.6036544,5.088293,-1.7465132,5.3572807,-1.3069302,7.0326185,-2.4577565,-3.253709,-1.2818288,4.90983,8.292326,-0.014521267,-1.4202607,5.8823957,-1.0049226,ACC_0312
-0.6018261,7.9323273,5.322039,-1.8305128,5.5863237,-1.417395,7.260515,-2.476387,-3.4953399,-1.309681,5.161464,8.695081,-0.014707997,-1.4286839,5.957715,-1.1275151,ACC_0313
-0.6548217,7.5677304,5.088825,-1.7098368,5.310186,-1.3355232,7.017506,-2.4054236,-3.2986493,-1.2723322,4.902976,8.280813,-0.014339955,-1.4051412,5.821276,-1.0316678,ACC_0314
-0.70058954,7.48146,5.069341,-1.6842688,5.2678437,-1.3188742,6.909128,-2.4625945,-3.198677,-1.2785941,4.792167,8.162783,-0.01457663,-1.4036137,5.8381004,-0.9533907,ACC_0315
-0.8552379,6.783138,5.0862517,-1.7187725,4.570236,-1.305386,6.2224298,-1.9972599,-2.9940743,-0.99011815,4.3730803,7.589233,-0.013962867,-1.299149,5.48605,-1.0456353,ACC_0316
-0.9217214,7.175566,5.1519256,-1.9262364,4.901962,-1.4858909,6.7886214,-1.9749392,-3.2518854,-0.9990281,4.6703444,7.9970326,-0.012997783,-1.3033346,5.5615673,-1.2319424,ACC_0317
-0.8472921,7.218207,5.2809086,-1.8742058,4.931477,-1.3714546,6.5519567,-2.14147,-3.1582527,-1.0486177,4.647514,8.003603,-0.014515324,-1.3467939,5.712453,-1.1072379,ACC_0318
-0.92427826,7.197639,5.04796,-1.9231735,4.923345,-1.41717,6.6970034,-2.032849,-3.1572378,-1.0277405,4.585925,7.897383,-0.013017431,-1.2963978,5.583496,-1.1219509,ACC_0319
-0.67049277,7.256638,4.886169,-1.6005521,5.0975003,-1.226246,6.703134,-2.4023547,-3.088893,-1.2540374,4.6547174,7.896421,-0.014348,-1.3895652,5.726971,-0.89804107,ACC_0320
-0.787512,7.2067018,4.8262663,-1.6789284,5.059764,-1.3061434,6.822376,-2.3061383,-3.096733,-1.2059164,4.638581,7.888648,-0.013115967,-1.3551613,5.6433125,-0.9722829,ACC_0321
-0.6932319,7.630835,5.2339725,-1.777587,5.3783374,-1.418758,7.098084,-2.4242811,-3.3654513,-1.2573465,4.982919,8.442912,-0.014245099,-1.402344,5.853637,-1.1004392,ACC_0322
-0.7198993,7.6717086,5.068848,-1.8205447,5.4355474,-1.3675295,7.122616,-2.4681153,-3.311584,-1.2724597,4.9437723,8.369898,-0.01387972,-1.3986199,5.8683357,-1.0504587,ACC_0323
-0.79865336,6.82984,5.0722694,-1.7241882,4.6062374,-1.2887453,6.2615824,-1.9784476,-3.0466256,-0.9907627,4.4445734,7.636951,-0.014028075,-1.3084413,5.4801106,-1.0840267,ACC_0324
-0.8968594,7.055683,5.1233783,-1.8798777,4.8119807,-1.3614498,6.5490947,-2.0406222,-3.1191432,-1.0034138,4.5679364,7.8623247,-0.013418667,-1.3161288,5.5958924,-1.1279999,ACC_0325
-0.57022077,7.780524,5.3144293,-1.7171314,5.491703,-1.3438929,6.980392,-2.5607646,-3.351509,-1.3317143,5.002502,8.485824,-0.015692173,-1.4384056,5.9715295,-0.98707914,ACC_0326
-0.83379394,7.4491,5.4221053,-1.9538388,5.0734487,-1.5064592,6.7334523,-2.1068966,-3.348822,-1.0601835,4.7669744,8.292379,-0.013757072,-1.3056309,5.6922407,-1.1858355,ACC_0327
-0.99171317,6.3805037,4.7754793,-1.6987474,4.324395,-1.2554,6.1141896,-1.8927871,-2.7995558,-0.9104079,4.1516266,7.1835237,-0.012686186,-1.2707822,5.32604,-1.0213914,ACC_0328
-0.80031526,7.252747,4.658763,-1.787944,5.2120833,-1.1389294,6.859399,-2.45999,-2.964686,-1.2197527,4.688152,7.830153,-0.013446726,-1.4182281,5.8028655,-0.9012537,ACC_0329
-0.9370023,6.963196,5.153859,-1.8358793,4.7129974,-1.3876861,6.5040765,-2.0053427,-3.0851052,-0.99128586,4.503033,7.7985835,-0.013474672,-1.3067108,5.5646634,-1.1235945,ACC_0330
-0.7217357,7.1853566,4.96241,-1.6177006,5.051343,-1.258829,6.652311,-2.403637,-3.0565286,-1.2309462,4.623486,7.901009,-0.014257047,-1.3794909,5.7186637,-0.9106773,ACC_0331
-0.6558623,7.871042,5.307157,-1.7949166,5.5144653,-1.4909188,7.1893945,-2.442465,-3.472991,-1.3050797,5.0476613,8.61056,-0.014353171,-1.3847154,5.872938,-1.1049553,ACC_0332
-0.87243557,7.4894238,5.271552,-2.0064828,5.131825,-1.5307246,6.994231,-2.0295599,-3.3948498,-1.0401763,4.8716636,8.282345,-0.0133465985,-1.3236893,5.6707206,-1.2875328,ACC_0333
-0.68919235,7.83221,5.199151,-1.8538289,5.533887,-1.4210004,7.308255,-2.433459,-3.4445105,-1.2753482,5.1089354,8.569787,-0.014084454,-1.4203415,5.917333,-1.1286557,ACC_0334
-1.1314678,6.822867,4.8358355,-1.9503738,4.6770387,-1.3254894,6.612823,-1.9803467,-2.8913422,-0.9517834,4.3823705,7.5623317,-0.011995608,-1.2980328,5.540807,-1.0771693,ACC_0335
-0.7262805,7.507275,5.0184855,-1.7877594,5.3097725,-1.2720574,6.9796224,-2.453439,-3.1904168,-1.2487564,4.8747215,8.225647,-0.014031608,-1.4107605,5.859531,-1.0103573,ACC_0336
-0.8912597,6.754756,4.9462433,-1.7598032,4.6109047,-1.2241677,6.2201734,-2.0633297,-2.8899012,-0.99236625,4.3480535,7.47956,-0.014012406,-1.3243794,5.5412765,-0.9954301,ACC_0337
-0.71348,7.40017,5.029906,-1.7039349,5.2408857,-1.266662,6.820713,-2.4822493,-3.1184926,-1.2611625,4.7630324,8.090253,-0.014575997,-1.4105915,5.840942,-0.9331418,ACC_0338
-0.68002594,7.668238,5.145328,-1.7933335,5.4520755,-1.2487048,6.9511476,-2.5883965,-3.1832805,-1.3026754,4.9279375,8.332733,-0.0150972735,-1.4458077,6.0001016,-0.93962264,ACC_0339
-0.67367685,7.446054,4.9239817,-1.690165,5.224572,-1.2776898,6.976622,-2.3595188,-3.2197485,-1.2553266,4.825296,8.110442,-0.013957873,-1.4009035,5.7635083,-1.0062747,ACC_0340
-0.8717336,6.8980327,4.887684,-1.8236234,4.73645,-1.2159342,6.3753486,-2.0687585,-2.9507241,-1.0079627,4.4420753,7.571908,-0.01370166,-1.3355145,5.5760045,-1.0192132,ACC_0341
-0.9179846,7.190211,5.106038,-1.9415711,4.9435596,-1.3915944,6.732719,-2.0706804,-3.1736844,-1.0203545,4.6511846,7.9559007,-0.013327524,-1.3328093,5.6556973,-1.1536319,ACC_0342
-0.98760223,6.6627502,4.940952,-1.7944568,4.522295,-1.2969404,6.2451377,-1.9794419,-2.8931465,-0.95155954,4.279465,7.4677215,-0.012773282,-1.2759788,5.452541,-1.0238788,ACC_0343
-0.7053407,7.5850463,5.1600847,-1.7648426,5.3190713,-1.378137,6.98332,-2.420554,-3.3061328,-1.2574472,4.894637,8.356495,-0.013866246,-1.379015,5.8193593,-1.0441664,ACC_0344
-1.0569673,7.103967,4.9983096,-1.9724199,4.890866,-1.4272316,6.811172,-2.0378575,-3.0850034,-1.0001135,4.557297,7.830993,-0.012672893,-1.3163221,5.626556,-1.1393206,ACC_0345
-0.79703844,7.454634,5.114607,-1.7031707,5.1899676,-1.4514413,7.0147257,-2.3444626,-3.266538,-1.2426529,4.775742,8.21414,-0.013582655,-1.3550098,5.740762,-1.0404842,ACC_0346
-0.85328424,7.0264473,5.1712446,-1.8035779,4.7885675,-1.3393849,6.423883,-2.0939183,-3.0763254,-1.0284045,4.521992,7.7981324,-0.014409924,-1.3335392,5.6232915,-1.0727583,ACC_0347
-0.64635617,7.3694806,5.0618753,-1.6341375,5.216539,-1.2450691,6.710918,-2.5016282,-3.1154716,-1.275199,4.7440524,8.049255,-0.015179217,-1.418398,5.8371906,-0.89924914,ACC_0348
-0.30227464,6.8398895,4.038817,-1.3860841,5.200299,-1.0232927,6.378886,-2.423231,-3.1013515,-1.2645419,4.848004,7.561422,-0.014143783,-1.447874,5.4293294,-0.9370005,ACC_0349
-0.7843895,6.945952,4.7814035,-1.5896897,4.887104,-1.1936334,6.553636,-2.3386414,-2.9084258,-1.1912055,4.4864926,7.6411967,-0.013773611,-1.3727295,5.6359463,-0.8769445,ACC_0350
-0.7093204,8.451378,5.5818152,-2.0236351,5.9963036,-1.6027287,7.6835175,-2.6427202,-3.6653776,-1.3820287,5.39233,9.165278,-0.014923565,-1.4471024,6.1999784,-1.1761813,ACC_0351
-0.71030813,7.719088,5.1956606,-1.8021992,5.4157205,-1.3833998,7.10279,-2.4644916,-3.3381352,-1.2831961,4.957344,8.460588,-0.014107614,-1.3952396,5.895119,-1.0468724,ACC_0352
-0.6585873,7.6096306,5.0986996,-1.738453,5.3621182,-1.3837265,7.097735,-2.4052427,-3.361484,-1.2688892,4.9435167,8.342869,-0.014143281,-1.3997207,5.8125253,-1.0743225,ACC_0353
-0.78972423,7.63343,5.149114,-1.8338655,5.4454665,-1.3927113,7.1451254,-2.531694,-3.2666326,-1.2694522,4.929789,8.371464,-0.014256817,-1.4189035,5.943043,-1.0334829,ACC_0354
-0.6118354,7.354935,5.0816674,-1.6668283,5.233995,-1.2330464,6.6957774,-2.5153415,-3.1545694,-1.2534727,4.8006177,8.107732,-0.015183581,-1.417465,5.8272314,-0.9550345,ACC_0355
-0.6885171,7.1077747,4.8697324,-1.5828145,5.041315,-1.1441368,6.5219893,-2.4735353,-2.9305158,-1.2446808,4.5708585,7.7436123,-0.014947921,-1.4134525,5.7658553,-0.82137114,ACC_0356
-0.87478566,6.8003173,5.0763216,-1.7725602,4.6040726,-1.3185467,6.270037,-1.9901572,-3.0130343,-0.9757765,4.4038005,7.634347,-0.013516858,-1.292195,5.4798894,-1.0747198,ACC_0357
-0.75024897,7.334265,4.8773985,-1.6822791,5.1408596,-1.2972859,6.9006042,-2.347872,-3.1419477,-1.2406464,4.701856,7.993324,-0.013517415,-1.3750545,5.715585,-0.9667356,ACC_0358
-0.72988564,7.4177594,4.791195,-1.7880672,5.3068953,-1.1538426,6.9017835,-2.501008,-3.0472298,-1.2560264,4.7849774,8.006087,-0.014054849,-1.4304618,5.8666005,-0.919255,ACC_0359
-0.5668548,7.386285,5.1447053,-1.6171137,5.2177615,-1.3266743,6.7613206,-2.421521,-3.2780972,-1.2534678,4.8406205,8.172515,-0.015015891,-1.4006743,5.749291,-1.0180238,ACC_0360
-0.67404306,7.769733,5.201981,-1.7948254,5.4565377,-1.4224628,7.1433434,-2.4388056,-3.4013803,-1.2875406,5.0042477,8.498533,-0.014128238,-1.3916097,5.8660464,-1.0813065,ACC_0361
-0.6668014,7.849934,5.2556543,-1.8308116,5.54486,-1.3627924,7.188514,-2.5285993,-3.3736937,-1.3081071,5.074569,8.570293,-0.014751755,-1.4360652,5.9980264,-1.0542839,ACC_0362
-0.81241536,7.5359683,4.948141,-1.8059088,5.3562574,-1.3235627,7.068272,-2.4767175,-3.1545005,-1.2689096,4.8038855,8.162609,-0.013693905,-1.4060247,5.8742642,-0.9592086,ACC_0363
-0.5573326,6.952351,4.4178147,-1.4398779,5.0901804,-1.0605861,6.2642765,-2.5493994,-2.8788188,-1.3014349,4.495907,7.5115333,-0.014653778,-1.4038951,5.62028,-0.6978182,ACC_0364
-0.6492613,7.8047433,5.2973228,-1.790803,5.4630475,-1.4616233,7.242357,-2.3993018,-3.488236,-1.2808334,5.089049,8.609519,-0.014263378,-1.4021573,5.8722596,-1.151029,ACC_0365
-0.67183375,7.3882575,5.0306015,-1.7146785,5.25554,-1.1748109,6.716329,-2.5466266,-3.0639815,-1.2614642,4.786099,8.081325,-0.015053412,-1.4316485,5.8961387,-0.9041014,ACC_0366
-0.69205576,7.5478015,4.9852347,-1.7530384,5.3776436,-1.238031,6.956619,-2.527601,-3.1475477,-1.2890131,4.8533373,8.162742,-0.014736633,-1.4394909,5.9187837,-0.93234646,ACC_0367
-0.7396298,7.456009,5.0045085,-1.7197388,5.209643,-1.3951718,6.9888115,-2.309639,-3.2695856,-1.2290984,4.8185916,8.171663,-0.013405051,-1.3572228,5.696928,-1.0584646,ACC_0368
-0.9524059,7.315478,5.1765313,-2.0140135,5.0146117,-1.4615806,6.8895273,-2.0275667,-3.2484384,-1.0115426,4.755158,8.114873,-0.012971967,-1.3227257,5.661178,-1.2346208,ACC_0369
-0.9045576,6.8842716,5.1553607,-1.8070974,4.6580133,-1.3948318,6.433021,-1.97183,-3.1014748,-0.97261965,4.4875107,7.765548,-0.013414266,-1.2947744,5.502526,-1.1471658,ACC_0370
-0.85851043,7.2623205,5.350058,-1.9031403,4.915318,-1.4974265,6.721745,-2.0097928,-3.3267379,-1.0174236,4.7217197,8.163861,-0.013473285,-1.3027401,5.6105533,-1.2335701,ACC_0371
-0.974192,6.9877267,5.0803723,-1.9095162,4.782447,-1.3782197,6.5886064,-2.0326996,-3.0801144,-0.9815199,4.533068,7.812124,-0.013030178,-1.3107085,5.5879664,-1.1376706,ACC_0372
-0.92239326,6.825301,5.014964,-1.7891247,4.63703,-1.2993616,6.2695527,-2.0443435,-2.9474459,-0.99819946,4.3347936,7.578736,-0.013374845,-1.2900559,5.519566,-0.99410355,ACC_0373
-0.70424974,7.731103,5.035133,-1.8456883,5.558603,-1.2278446,7.086741,-2.649345,-3.1853025,-1.3144122,4.96674,8.327308,-0.015044953,-1.4668441,6.0589676,-0.937505,ACC_0374
-0.902635,7.404054,4.8669167,-1.8428847,5.3028946,-1.2690316,7.040165,-2.498153,-3.0478864,-1.2298532,4.750102,8.033012,-0.013444279,-1.417148,5.899253,-0.9251765,ACC_0375
-0.7699587,7.8534827,5.1328692,-1.9162718,5.606636,-1.3806473,7.3403115,-2.538254,-3.3539238,-1.2883757,5.070231,8.5253725,-0.014026284,-1.4390198,6.015149,-1.0567487,ACC_0376
-0.8761032,7.172335,5.117463,-1.8769826,4.898103,-1.3932091,6.6994004,-2.0428638,-3.1879683,-1.0314583,4.630668,7.9238524,-0.01365681,-1.3330772,5.627354,-1.1468884,ACC_0377
-0.90903425,6.9871,5.0656075,-1.8644361,4.774498,-1.3307594,6.5003533,-2.0424356,-3.0632298,-0.997168,4.5274973,7.770257,-0.013485504,-1.3218366,5.5884347,-1.104877,ACC_0378
-0.9254519,6.95951,4.969096,-1.8891313,4.8194895,-1.2305208,6.3831244,-2.1687381,-2.931164,-1.0136701,4.4619703,7.656162,-0.013833991,-1.3419007,5.6668277,-1.0006459,ACC_0379
-0.87059444,7.5898557,5.3381186,-2.050658,5.2179565,-1.5383064,7.0680103,-2.0776994,-3.4411502,-1.0497841,4.9512563,8.403965,-0.013496298,-1.3386259,5.7422004,-1.3087572,ACC_0380
-0.790104,6.9901023,4.85289,-1.599596,4.8932357,-1.2645885,6.5734744,-2.3153718,-2.984934,-1.1873757,4.499036,7.7330155,-0.013412047,-1.3449794,5.6019115,-0.9132229,ACC_0381
-0.86242497,7.178312,5.203205,-1.8710585,4.877727,-1.4751154,6.736462,-1.9803596,-3.2870193,-1.0133892,4.6690345,8.01532,-0.013362763,-1.3075567,5.5637755,-1.2197268,ACC_0382
-0.8777217,7.126064,5.140921,-1.8856364,4.859443,-1.3936938,6.5978703,-2.0498133,-3.1856184,-1.0158459,4.5887384,7.9310718,-0.013291011,-1.302449,5.591912,-1.1343758,ACC_0383
-1.020072,7.2283945,5.027588,-2.0522807,5.051813,-1.3851625,6.8546453,-2.1630778,-3.1231146,-1.0168703,4.65785,7.9636836,-0.0129552325,-1.3436352,5.7378273,-1.1398757,ACC_0384
-0.6471367,7.8016224,5.244397,-1.7913936,5.5104084,-1.3818728,7.15987,-2.5061786,-3.3837395,-1.3070832,5.0418735,8.523057,-0.014819359,-1.4293507,5.9529195,-1.0550185,ACC_0385
-0.60281533,7.281938,5.0630665,-1.5861825,5.1428976,-1.2388198,6.6309285,-2.458924,-3.123382,-1.2595441,4.725884,8.000325,-0.015273882,-1.4116212,5.776027,-0.917169,ACC_0386
-0.8010637,7.4071574,5.1264405,-1.7712798,5.2356963,-1.4046541,6.9861836,-2.4009128,-3.2241232,-1.2176547,4.826967,8.229902,-0.013680019,-1.3825554,5.7919364,-1.0593789,ACC_0387
-0.6327638,7.7397037,5.32499,-1.7529708,5.459754,-1.3612694,6.965648,-2.5606978,-3.330008,-1.3098326,4.975149,8.490265,-0.015242204,-1.4207209,5.9636893,-0.9977205,ACC_0388
-1.077054,6.517755,4.7111053,-1.8606343,4.526264,-1.2464167,6.3019567,-2.001629,-2.7784736,-0.915703,4.234197,7.2766957,-0.012289578,-1.2951202,5.4465127,-1.0250016,ACC_0389
-0.79542965,7.42404,5.0693207,-1.7511492,5.2439766,-1.3171369,6.823994,-2.4967062,-3.1087327,-1.2560462,4.72114,8.133791,-0.014012296,-1.3828073,5.8454804,-0.9226024,ACC_0390
-0.4239185,6.6646256,3.9908285,-1.3298597,4.978529,-0.9246625,6.28935,-2.4020336,-2.8776946,-1.2607852,4.530594,7.2445655,-0.014327134,-1.432046,5.4207687,-0.7715521,ACC_0391
-0.8166414,7.572823,5.4847765,-1.9987464,5.206603,-1.4580256,6.83147,-2.2144017,-3.3562708,-1.0825336,4.9019384,8.40234,-0.014731938,-1.3699876,5.85286,-1.2059337,ACC_0392
-0.6435043,7.5219417,5.16704,-1.6779336,5.299707,-1.28233,6.809939,-2.518406,-3.1911418,-1.2920643,4.8265963,8.223963,-0.01520537,-1.4177365,5.8887277,-0.93105125,ACC_0393
-0.8622694,7.127255,5.150153,-1.8547429,4.880621,-1.347962,6.5134635,-2.1221504,-3.1094425,-1.0422572,4.559708,7.8673925,-0.014103426,-1.3322989,5.6568017,-1.0677599,ACC_0394
-0.61862814,7.310426,5.0912223,-1.5996468,5.1243405,-1.213595,6.593127,-2.4664512,-3.093515,-1.2649313,4.70774,8.028344,-0.0152041465,-1.4034488,5.7968326,-0.8925255,ACC_0395
-0.8237769,7.057295,5.227956,-1.7989333,4.792047,-1.4119648,6.4993715,-2.029687,-3.1904304,-1.0175896,4.576884,7.8931975,-0.014098231,-1.3153659,5.565415,-1.1464208,ACC_0396
-0.69682944,7.1199217,4.9755654,-1.6030757,5.015229,-1.2243491,6.583521,-2.4001896,-3.0268047,-1.2171596,4.6302915,7.8682666,-0.014531024,-1.3909457,5.7150393,-0.91598654,ACC_0397
-0.71422374,7.2093577,4.904758,-1.6277776,5.0907955,-1.2066628,6.6613383,-2.4464645,-3.0153425,-1.245617,4.625433,7.8682017,-0.014497014,-1.3986828,5.762976,-0.8756444,ACC_0398
-0.6842248,7.6104627,5.180786,-1.7674406,5.36301,-1.3316356,7.009585,-2.4632647,-3.2758799,-1.2689196,4.9456806,8.365968,-0.01452929,-1.417068,5.893471,-1.0332301,ACC_0399
-0.5817926,7.36731,5.04938,-1.6037748,5.2053084,-1.225808,6.684382,-2.478049,-3.145863,-1.2779735,4.7625575,8.046777,-0.015348533,-1.4195989,5.8059278,-0.9126718,ACC_0400
-0.9415477,6.9709754,4.9068813,-1.9342107,4.8690886,-1.2544936,6.5479937,-2.162316,-2.9936485,-0.9970819,4.527314,7.693373,-0.013588073,-1.3485157,5.6623034,-1.0773381,ACC_0401
-0.9142031,7.0194077,5.0234904,-1.8386929,4.833614,-1.2558752,6.438693,-2.188476,-2.9541998,-1.04582,4.4634075,7.678205,-0.014513531,-1.3568401,5.7059064,-0.9873208,ACC_0402
-0.9646152,7.3807445,5.287267,-2.0027156,5.027621,-1.5690666,6.944013,-1.995914,-3.32942,-1.0154024,4.775495,8.212186,-0.012966361,-1.2954309,5.627257,-1.2763205,ACC_0403
-1.0088835,7.1334367,4.9978557,-1.9854617,4.9062076,-1.393842,6.7506304,-2.0324898,-3.087377,-1.0002015,4.5813746,7.858354,-0.012647532,-1.3101935,5.6113844,-1.1384687,ACC_0404
-0.6581609,7.63693,5.207746,-1.7580048,5.371137,-1.407467,7.0534954,-2.4156682,-3.375647,-1.2649089,4.96474,8.426241,-0.014197351,-1.3927557,5.824785,-1.0864369,ACC_0405
-0.55530953,7.701642,5.2670856,-1.6808556,5.415766,-1.3358622,6.855508,-2.5324876,-3.3265827,-1.3249416,4.9168267,8.399795,-0.015400074,-1.4106475,5.8955045,-0.9591509,ACC_0406
-0.911744,7.066906,5.15587,-1.8609922,4.826258,-1.3687824,6.5178714,-2.0927722,-3.0884342,-1.0229712,4.5297112,7.8436403,-0.0138288615,-1.322072,5.6343055,-1.082337,ACC_0407
-1.0067965,7.2104583,5.0935755,-1.990023,4.949593,-1.4817384,6.8327804,-2.011322,-3.1836505,-1.0006987,4.6466002,7.973342,-0.012648987,-1.299099,5.6017246,-1.1962191,ACC_0408
-0.99655545,7.0071683,4.991236,-1.9392054,4.796325,-1.3683454,6.684424,-1.9915025,-3.0765896,-0.97657573,4.5509586,7.793351,-0.012614866,-1.3121979,5.5740657,-1.1547961,ACC_0409
-0.7238976,7.6209106,5.119695,-1.7466295,5.3443346,-1.4275663,7.1621675,-2.379322,-3.3475347,-1.2690725,4.918583,8.346191,-0.013940675,-1.3920174,5.813828,-1.0739496,ACC_0410
-0.9453892,7.144979,5.159273,-1.9247723,4.902654,-1.3896087,6.611031,-2.116767,-3.115817,-1.0248383,4.569937,7.9231706,-0.01346421,-1.319308,5.668759,-1.0945406,ACC_0411
-0.628063,7.215466,5.314901,-1.5257633,4.9575243,-1.3809389,6.605329,-2.3074682,-3.2396598,-1.2193123,4.7138286,8.138956,-0.014863945,-1.3550035,5.6585803,-1.0230432,ACC_0412
-0.69951206,7.4979024,5.099189,-1.7037625,5.2766013,-1.3244979,6.9363413,-2.448728,-3.2187495,-1.2700453,4.832382,8.210515,-0.014506263,-1.4061517,5.842817,-0.98333347,ACC_0413
-0.97351944,7.1869516,5.0082326,-2.0048974,4.935336,-1.4090567,6.8353486,-1.9857391,-3.1681747,-0.9880521,4.681987,7.947572,-0.012517278,-1.3103482,5.588435,-1.217985,ACC_0414
-0.7789594,7.3309617,4.9879274,-1.6759955,5.1647673,-1.3027234,6.795776,-2.4540672,-3.0769496,-1.259367,4.6511235,7.995744,-0.0141590005,-1.3844765,5.793278,-0.8959595,ACC_0415
-0.757647,7.582916,5.087138,-1.7851992,5.3407254,-1.3806216,7.1368566,-2.3991797,-3.2899528,-1.2524829,4.911814,8.310345,-0.013773229,-1.4023607,5.844044,-1.0523208,ACC_0416
-0.9515698,6.677149,4.921968,-1.7489656,4.5521407,-1.2441913,6.197205,-2.0494015,-2.8365226,-0.9837829,4.2671504,7.3982234,-0.01375158,-1.312193,5.5166974,-0.96860075,ACC_0417
-1.0295879,6.8349595,4.749803,-1.9530385,4.777443,-1.2094737,6.4787393,-2.1265898,-2.863659,-0.97300196,4.3999386,7.512046,-0.012687091,-1.3281878,5.6137605,-1.0128424,ACC_0418
-0.71331906,7.581578,5.014396,-1.7237124,5.364973,-1.3361187,7.0460267,-2.4827816,-3.2338655,-1.2969738,4.8318105,8.202729,-0.014418804,-1.4120598,5.868975,-0.9594816,ACC_0419
-0.83947235,7.6836753,4.9577956,-1.8707838,5.470525,-1.3121067,7.226032,-2.5090027,-3.1983752,-1.2757102,4.906031,8.264648,-0.013682655,-1.4294982,5.970155,-0.9609891,ACC_0420
-0.63931,7.123658,4.8599386,-1.5641596,5.0450945,-1.1314272,6.5042286,-2.4579406,-2.953004,-1.2513958,4.5843363,7.7475233,-0.015062245,-1.413878,5.7450156,-0.82505643,ACC_0421
-0.85918754,6.7656493,4.6531653,-1.771444,4.723443,-1.2289401,6.3960843,-2.027922,-2.9652596,-1.0023618,4.432212,7.458778,-0.013082558,-1.3285462,5.464788,-1.0346859,ACC_0422
-0.7573381,7.0360923,4.781934,-1.5824633,4.9910502,-1.1177418,6.508346,-2.481891,-2.841632,-1.2411658,4.484652,7.6275744,-0.014735132,-1.4106144,5.7690954,-0.7731321,ACC_0423
-0.8101133,6.781482,4.5394287,-1.5685658,4.7413726,-1.0830427,6.479815,-2.2532628,-2.7835734,-1.1640708,4.37881,7.4080305,-0.013061571,-1.3626606,5.5522,-0.8387933,ACC_0424
-0.93674314,7.6825223,5.4563856,-2.11713,5.287093,-1.65218,7.202706,-2.0596275,-3.5044959,-1.040118,5.0215187,8.552087,-0.013237181,-1.3252718,5.7495904,-1.3798969,ACC_0425
-0.8343942,6.9972253,5.111526,-1.8091981,4.7568226,-1.2980589,6.3973913,-2.0559921,-3.0688062,-1.0139344,4.5296636,7.771296,-0.014081106,-1.3284005,5.592134,-1.0818762,ACC_0426
-0.6931069,7.487798,5.1427956,-1.7346677,5.330144,-1.2714993,6.7594104,-2.575605,-3.1362991,-1.2771311,4.8055067,8.198419,-0.0149569595,-1.4158651,5.9135685,-0.9121021,ACC_0427
-0.8694283,7.0537295,5.1443324,-1.8373938,4.7812386,-1.3875014,6.571302,-1.9978464,-3.1693373,-1.0042808,4.582051,7.8730454,-0.013532957,-1.3127562,5.5647254,-1.1550773,ACC_0428
-0.65084445,7.757054,5.1857276,-1.809739,5.4994164,-1.3683525,7.1585584,-2.4893909,-3.379706,-1.2877597,5.04837,8.490894,-0.014522936,-1.4267982,5.926333,-1.0771538,ACC_0429
-0.7019566,7.2614436,5.008041,-1.6592212,5.108715,-1.2432328,6.716038,-2.4072347,-3.0870764,-1.230086,4.71726,8.001397,-0.014371417,-1.3971806,5.7630577,-0.94815886,ACC_0430
-0.65187824,7.7609158,5.2655907,-1.7858247,5.47289,-1.3597744,7.102102,-2.5096903,-3.3521006,-1.2983546,5.028588,8.507027,-0.014918957,-1.4301162,5.9583907,-1.04702,ACC_0431
-0.65893435,7.542066,5.1176515,-1.7041686,5.3457937,-1.2824327,6.856869,-2.5382695,-3.188844,-1.2944293,4.836713,8.214031,-0.015080035,-1.4234837,5.9035363,-0.92875516,ACC_0432
-0.97939456,6.744792,4.692509,-1.8353436,4.68701,-1.3345321,6.3670278,-1.9758153,-2.9427032,-0.97318316,4.3603454,7.466884,-0.012050697,-1.2613486,5.3787875,-1.0426985,ACC_0433
-1.0118011,6.8960204,4.9364014,-1.9049371,4.7429905,-1.3355261,6.5524774,-2.0312736,-2.986216,-0.97737604,4.4421625,7.6520467,-0.012742392,-1.3098333,5.5628095,-1.0832144,ACC_0434
-0.73144615,7.277162,5.05654,-1.6642275,5.124169,-1.2155591,6.5811725,-2.5150192,-3.008184,-1.2529138,4.639004,7.988092,-0.014699165,-1.3908892,5.828999,-0.8543656,ACC_0435
-1.008499,7.209048,5.008325,-2.0043511,4.9759173,-1.403422,6.855108,-2.0640662,-3.1310074,-1.0127842,4.6408997,7.9227376,-0.012809171,-1.327975,5.6645103,-1.1573577,ACC_0436
-0.83598053,7.2514663,4.737862,-1.7139807,5.1402254,-1.1741959,6.699926,-2.5011559,-2.9027433,-1.2603998,4.523942,7.782826,-0.013631865,-1.3824995,5.8004246,-0.78683233,ACC_0437
-0.93449557,6.8368163,4.9241204,-1.827333,4.7023478,-1.2311107,6.271506,-2.1146276,-2.8703027,-1.008057,4.338683,7.5176396,-0.013629216,-1.3192582,5.5842166,-0.95415795,ACC_0438
-0.7135624,7.244826,4.8679104,-1.6457579,5.1424885,-1.1585788,6.6430526,-2.497782,-2.9581122,-1.2640013,4.620586,7.8389034,-0.014738682,-1.4173019,5.816825,-0.8244292,ACC_0439
-0.747227,7.6083393,5.182571,-1.7980247,5.37854,-1.3361087,7.012225,-2.5125177,-3.228994,-1.2705495,4.910207,8.354451,-0.014450317,-1.4160947,5.9344735,-1.0028943,ACC_0440
-0.9986677,6.8402095,5.00939,-1.8433495,4.635882,-1.3805453,6.5265403,-1.9465581,-3.0318222,-0.96307343,4.4270406,7.662091,-0.012707336,-1.290497,5.4951715,-1.1227486,ACC_0441
-0.9669821,7.0414205,5.133314,-1.9081908,4.826278,-1.3894562,6.5291195,-2.0932524,-3.07268,-1.0070475,4.4964705,7.841964,-0.013194783,-1.3015027,5.6168814,-1.0786589,ACC_0442
-0.69449013,7.463454,5.0097713,-1.7164348,5.280707,-1.2358147,6.8743434,-2.492981,-3.1326208,-1.272371,4.808679,8.125692,-0.014684223,-1.4235715,5.876447,-0.93531203,ACC_0443
-0.7169013,7.2792172,4.973127,-1.6503673,5.1417637,-1.2046987,6.661979,-2.4916487,-3.0149918,-1.2592703,4.6549377,7.938666,-0.014739237,-1.4068232,5.8212743,-0.86086535,ACC_0444
-0.61852753,7.6110616,5.1380434,-1.7603409,5.4202375,-1.2549673,6.918547,-2.5512655,-3.2344642,-1.2864561,4.949642,8.320307,-0.015161566,-1.441334,5.9378796,-0.98563194,ACC_0445
-0.927379,7.3085003,5.114514,-1.9877328,5.043857,-1.4054627,6.875112,-2.1073,-3.223741,-1.0361636,4.7252417,8.055,-0.013381176,-1.3466041,5.7174993,-1.1768627,ACC_0446
-1.0269853,7.1799326,5.0175247,-2.0088203,4.9591427,-1.4094762,6.8382015,-2.0677183,-3.117422,-1.0056974,4.622961,7.912521,-0.012756914,-1.3240403,5.6611176,-1.1561213,ACC_0447
-0.69254893,7.3173366,5.05733,-1.6277851,5.1313224,-1.2697904,6.621758,-2.4703336,-3.0882087,-1.2654957,4.641985,8.011752,-0.014568147,-1.3752501,5.7735105,-0.8741987,ACC_0448
-0.6889881,8.12557,5.398105,-1.912397,5.743372,-1.5319389,7.5243516,-2.5085154,-3.5833943,-1.3264421,5.25699,8.863555,-0.014543844,-1.4343185,6.038385,-1.1712368,ACC_0449
-1.0125387,6.574285,4.7199597,-1.7898694,4.5079036,-1.1306031,6.1296177,-2.0594373,-2.6745105,-0.9690024,4.1764216,7.2125688,-0.013223667,-1.3169546,5.519163,-0.89351755,ACC_0450
-0.6920907,7.864063,5.1252084,-1.849214,5.604114,-1.3830577,7.3236737,-2.5311887,-3.389704,-1.3142853,5.0736165,8.514291,-0.014472756,-1.4431673,5.989448,-1.0618503,ACC_0451
-0.6917491,7.801362,5.267778,-1.8476504,5.522834,-1.3807045,7.124335,-2.541736,-3.3557975,-1.2943257,5.0309877,8.557261,-0.014530497,-1.4173292,5.9715323,-1.0527065,ACC_0452
-0.9469941,6.9636884,5.0371284,-1.8764248,4.7653723,-1.3377234,6.5047555,-2.0525682,-3.034172,-0.9964666,4.479178,7.737035,-0.0132556055,-1.3119403,5.5828733,-1.0821756,ACC_0453
-0.6832673,7.852032,5.169831,-1.8447629,5.541555,-1.4236681,7.3219543,-2.4177477,-3.4444616,-1.2819642,5.1051674,8.548719,-0.01408439,-1.4190035,5.904174,-1.1208916,ACC_0454
-0.7840489,7.3876534,4.889693,-1.7507862,5.269083,-1.2254122,6.891605,-2.506611,-3.0359073,-1.2618265,4.729579,7.9976153,-0.014250649,-1.4239123,5.8754954,-0.8965593,ACC_0455
-0.82688993,7.449384,4.881447,-1.8044761,5.326751,-1.2558292,6.981047,-2.5207376,-3.0592227,-1.2621367,4.7534747,8.054205,-0.013876986,-1.4185624,5.8958855,-0.91348267,ACC_0456
-0.7800148,7.225947,5.2619843,-1.8413417,4.930346,-1.3615869,6.5423484,-2.113447,-3.2035995,-1.0525572,4.6755137,8.004025,-0.014634629,-1.3485453,5.6787477,-1.1258305,ACC_0457
-0.5547201,7.33533,4.9876366,-1.5932779,5.166145,-1.1702745,6.61269,-2.4596934,-3.1168413,-1.2730653,4.7427826,7.996075,-0.015212769,-1.4145601,5.780645,-0.89572436,ACC_0458
-0.78943795,7.4028893,5.0131445,-1.7450124,5.20901,-1.3222464,6.926581,-2.40977,-3.1468053,-1.2388512,4.7620883,8.123806,-0.013709111,-1.386006,5.7997937,-0.98169947,ACC_0459
-0.7610045,7.4436817,4.976689,-1.7637465,5.2756433,-1.2200693,6.834068,-2.5174017,-3.0574827,-1.2656708,4.75394,8.089746,-0.01428236,-1.4131675,5.8899207,-0.89800423,ACC_0460
-0.8958507,7.5172515,5.134145,-2.058975,5.196476,-1.4795879,7.081613,-2.055023,-3.3560796,-1.0414993,4.897183,8.237358,-0.013175914,-1.341543,5.7040057,-1.2817106,ACC_0461
-0.9499489,7.004989,5.0032597,-1.9210366,4.794448,-1.4454834,6.704842,-1.9118434,-3.1703706,-0.9584007,4.5953517,7.823582,-0.012423305,-1.2864614,5.468799,-1.2337427,ACC_0462
-0.7590055,7.7152896,5.11061,-1.8553303,5.4719095,-1.3688109,7.165716,-2.496694,-3.2889109,-1.2798334,4.957012,8.41352,-0.013912242,-1.410889,5.92699,-1.0348319,ACC_0463
-0.98698413,7.1945524,4.994405,-1.9872992,4.9677763,-1.398556,6.8341184,-2.048974,-3.1264133,-1.0156825,4.631679,7.8948617,-0.012872761,-1.3310908,5.6460834,-1.1513009,ACC_0464
-0.7150863,7.550922,4.9998083,-1.7185819,5.2921095,-1.4106942,7.0091815,-2.3569126,-3.278173,-1.2666148,4.8150287,8.1963215,-0.013709406,-1.3594457,5.719627,-1.0285637,ACC_0465
-0.7293102,6.78365,4.6763554,-1.5052668,4.7942104,-1.1046259,6.2326045,-2.3955388,-2.780879,-1.2002177,4.3133144,7.4096293,-0.014087832,-1.3571918,5.5797887,-0.7500806,ACC_0466
-1.0248376,7.01537,4.7818108,-1.9687216,4.868931,-1.3245088,6.7154555,-2.043801,-2.9974117,-0.9935152,4.493332,7.651338,-0.012442386,-1.3136148,5.5776877,-1.0879192,ACC_0467
-0.6066485,7.765007,5.360306,-1.7346815,5.4611435,-1.4115962,6.996425,-2.5202398,-3.398353,-1.3110639,4.9951696,8.53529,-0.015141772,-1.409063,5.9222903,-1.0312805,ACC_0468
-0.949777,7.232838,5.206884,-1.9579842,4.9302983,-1.4507011,6.752794,-2.0374873,-3.2025714,-1.0157889,4.6583695,8.044637,-0.01310398,-1.3097079,5.640798,-1.1770946,ACC_0469
-0.67833364,7.213824,4.977986,-1.620315,5.0842075,-1.2340366,6.646196,-2.4174316,-3.0690265,-1.2357162,4.6689334,7.93131,-0.014552275,-1.3938265,5.738017,-0.918905,ACC_0470
-1.1017444,7.0501714,4.923796,-1.9882348,4.8558946,-1.3950189,6.7659755,-2.0417187,-3.004529,-0.9922337,4.492205,7.744567,-0.012406219,-1.306129,5.614845,-1.101266,ACC_0471
-0.8776407,6.833464,4.910995,-1.8583465,4.7106423,-1.1764656,6.2681503,-2.1014006,-2.9075546,-0.9826555,4.4362326,7.5735564,-0.013630241,-1.3305776,5.5814195,-1.0235921,ACC_0472
-0.78775513,7.795549,5.0389066,-1.9034295,5.5744023,-1.3338879,7.2764754,-2.5561366,-3.2674565,-1.2956752,4.9933343,8.4098835,-0.013997262,-1.4395714,6.01082,-1.001726,ACC_0473
-0.7489059,7.240214,4.883295,-1.6622223,5.0948024,-1.2842664,6.857005,-2.3443832,-3.1131065,-1.2223402,4.693528,7.938797,-0.013739558,-1.3859717,5.7075343,-0.9766636,ACC_0474
-0.6467344,7.6368175,5.2549863,-1.7162037,5.397074,-1.3098804,6.9013715,-2.566736,-3.2381525,-1.3074299,4.906875,8.350762,-0.015483212,-1.4340746,5.9639373,-0.9498967,ACC_0475
-0.9079029,7.1865044,5.136783,-1.9231633,4.934512,-1.3704553,6.6721807,-2.099036,-3.1435738,-1.0291017,4.6374717,7.943563,-0.013696306,-1.3408077,5.6814227,-1.1273382,ACC_0476
-0.7171835,7.5246425,5.0815425,-1.6933427,5.3251534,-1.3474838,6.9163337,-2.5177188,-3.199357,-1.2973156,4.7700725,8.1729145,-0.014659415,-1.4019101,5.865755,-0.92173696,ACC_0477
-0.64545244,7.26052,5.038316,-1.5969597,5.073016,-1.2370361,6.6543717,-2.3930304,-3.1087608,-1.2444373,4.7011533,7.9929056,-0.014722777,-1.3933009,5.741325,-0.93156195,ACC_0478
-0.730018,7.649154,5.1209908,-1.7975676,5.3937554,-1.3740691,7.1400666,-2.4384325,-3.306891,-1.269655,4.948046,8.375934,-0.014024567,-1.4082924,5.8788633,-1.0554968,ACC_0479
-0.8247138,7.6458993,4.900058,-1.864056,5.472293,-1.2660884,7.1804957,-2.5468519,-3.1429317,-1.2852156,4.8786654,8.202658,-0.013897435,-1.4414959,5.98429,-0.93548775,ACC_0480
-0.6369181,7.151382,4.9880757,-1.548626,4.9944057,-1.2136849,6.5540476,-2.3771434,-3.0564318,-1.2373031,4.624516,7.8728456,-0.0147889545,-1.3874868,5.6948757,-0.90059054,ACC_0481
-0.9866712,6.7786784,4.915996,-1.8377124,4.6734123,-1.3039143,6.3491645,-2.0810933,-2.9155605,-0.9834081,4.32095,7.517414,-0.013103857,-1.297525,5.5337577,-1.0028373,ACC_0482
-0.627705,7.736074,5.2706122,-1.7602049,5.4435825,-1.3310444,7.001753,-2.519584,-3.3188233,-1.3041991,4.991082,8.470312,-0.015083833,-1.4264609,5.950455,-1.0107338,ACC_0483
-0.89537615,6.867417,5.051822,-1.7882332,4.6776843,-1.2875093,6.289082,-2.0763812,-2.9668174,-1.0057166,4.393498,7.62269,-0.013876047,-1.3119793,5.565183,-1.0129762,ACC_0484
-0.9092613,6.750016,4.9986067,-1.7672381,4.6134453,-1.2685264,6.1996326,-2.0752153,-2.9076657,-0.9894825,4.324382,7.5100055,-0.01383598,-1.3066318,5.528257,-0.9923986,ACC_0485
-0.9624579,7.196082,5.1619024,-1.9455266,4.940503,-1.3932394,6.714374,-2.1185021,-3.1291642,-1.0289404,4.623236,7.9627385,-0.013615412,-1.3384569,5.709373,-1.1228728,ACC_0486
-0.77739334,7.549561,5.436985,-1.9688091,5.177229,-1.4293405,6.7163825,-2.215382,-3.345408,-1.0916243,4.832434,8.349546,-0.0144526865,-1.3439474,5.807385,-1.1460634,ACC_0487
-0.81306684,7.334514,5.204538,-1.9017493,5.016934,-1.4115525,6.776651,-2.0813808,-3.2887142,-1.0563732,4.7417436,8.0921955,-0.0139775295,-1.3438054,5.6801386,-1.1779871,ACC_0488
-0.8346787,7.1682973,5.07485,-1.8857936,4.9247394,-1.3096088,6.604169,-2.1003242,-3.1300216,-1.0387688,4.633363,7.884194,-0.014026721,-1.3510666,5.663955,-1.107757,ACC_0489
-1.0035691,7.1773,5.062895,-1.9854767,4.936141,-1.4480636,6.845328,-2.0216944,-3.1690893,-0.9984266,4.6468973,7.945317,-0.012756148,-1.3155749,5.621142,-1.195882,ACC_0490
-0.89115024,6.902604,5.089471,-1.7984169,4.7097597,-1.2963084,6.2752414,-2.10764,-2.9720826,-1.0156026,4.3930154,7.658863,-0.013976902,-1.3096468,5.584134,-0.9979818,ACC_0491
-0.6130739,7.7784085,5.281324,-1.7689276,5.4623957,-1.4124347,7.1550984,-2.438784,-3.451397,-1.288874,5.071235,8.562445,-0.014621917,-1.4135892,5.8904977,-1.112011,ACC_0492
-0.6112036,7.603144,5.147032,-1.7063692,5.390642,-1.2192048,6.817905,-2.5844831,-3.1706629,-1.3120363,4.8848224,8.251553,-0.015601119,-1.4473861,5.9696784,-0.9011595,ACC_0493
-0.6134074,7.7292495,5.256244,-1.733959,5.4520564,-1.4016057,7.078074,-2.481448,-3.4000766,-1.3011676,5.0034947,8.472418,-0.01492621,-1.417279,5.8957767,-1.0551019,ACC_0494
-0.7276181,7.484141,5.004784,-1.7284107,5.3007526,-1.2857693,6.915199,-2.4918213,-3.1493711,-1.2772124,4.782563,8.132341,-0.014401919,-1.4096637,5.86064,-0.9334346,ACC_0495
-0.8107649,6.810207,4.6190763,-1.5749488,4.802097,-1.0932683,6.428265,-2.3432999,-2.7679276,-1.1795269,4.3796906,7.439896,-0.0135810375,-1.3744535,5.6162357,-0.80344677,ACC_0496
-0.89312094,7.4214993,5.1947412,-2.0237954,5.1139636,-1.3915964,6.856851,-2.1348124,-3.241084,-1.0531367,4.779929,8.169083,-0.013511844,-1.3500997,5.7611833,-1.1671337,ACC_0497
-1.0051895,7.136001,4.9915323,-1.9592918,4.8962955,-1.460451,6.8356752,-1.9670101,-3.1522062,-0.9941889,4.6068845,7.864549,-0.012550634,-1.3002048,5.551519,-1.1938562,ACC_0498
-0.65711844,7.336948,5.0069985,-1.6454372,5.190707,-1.2111952,6.6903596,-2.487903,-3.0755339,-1.2672204,4.7228513,8.003888,-0.014978019,-1.4170092,5.8247995,-0.8901683,ACC_0499
-0.92974836,7.173078,5.1853065,-1.9265383,4.9162464,-1.4135824,6.663359,-2.087857,-3.1593587,-1.0226946,4.6136236,7.96922,-0.0134806,-1.322536,5.658236,-1.1331497,ACC_0500
-0.81814283,6.6601334,4.707374,-1.7037461,4.644188,-1.1964306,6.211277,-2.0490572,-2.9311204,-1.0001736,4.3906255,7.4057965,-0.0136838965,-1.3303471,5.445175,-1.0100814,ACC_0501
-0.77997947,7.558856,4.9734416,-1.784673,5.354974,-1.3610882,7.1034865,-2.4348216,-3.2249036,-1.2655021,4.838182,8.200532,-0.013702805,-1.3977692,5.8354735,-0.9984118,ACC_0502
-0.70386595,7.9498615,5.310304,-1.8795017,5.636894,-1.424939,7.300558,-2.5650303,-3.4212646,-1.3202621,5.1144557,8.6724825,-0.014670711,-1.4360819,6.0407376,-1.0726726,ACC_0503
-1.0364887,6.7384133,4.9031653,-1.8489889,4.6054544,-1.2672249,6.3474474,-2.0427952,-2.8499413,-0.9678001,4.3098226,7.4839897,-0.012960104,-1.3035314,5.545959,-1.0041325,ACC_0504
-0.69149,7.194263,4.862242,-1.616347,5.1317043,-1.1284128,6.532503,-2.5450716,-2.9137454,-1.2695876,4.5793495,7.772679,-0.01510107,-1.4232199,5.8269677,-0.77900875,ACC_0505
-0.8816105,7.532026,5.3858438,-2.0507758,5.2079525,-1.5670618,7.0166044,-2.1064327,-3.4396489,-1.0400363,4.9210467,8.39973,-0.01352385,-1.3337548,5.734885,-1.3081367,ACC_0506
-0.9464121,6.8255296,4.858207,-1.8558311,4.64544,-1.3259575,6.53736,-1.8954481,-3.031242,-0.9513711,4.456593,7.5968013,-0.01239132,-1.2906727,5.4348674,-1.1460214,ACC_0507
-0.65015835,7.562783,5.2065887,-1.7092885,5.345343,-1.3228754,6.8745217,-2.5194983,-3.241005,-1.2865462,4.875792,8.297991,-0.015086003,-1.4170156,5.894537,-0.97195184,ACC_0508
-0.9654962,7.2012463,5.0440497,-1.9898701,4.9523816,-1.431592,6.85421,-2.000207,-3.1925857,-0.9966179,4.688489,7.9641814,-0.012745019,-1.3191156,5.6073384,-1.2179775,ACC_0509
-0.9341171,7.5140767,5.243126,-2.0597193,5.1644845,-1.5274669,7.0817766,-2.0437691,-3.367549,-1.0344753,4.89161,8.295415,-0.013145488,-1.3329265,5.7124734,-1.2968314,ACC_0510
-0.8864166,7.0657277,5.12906,-1.8591033,4.8614187,-1.3232191,6.433987,-2.1564667,-3.0385933,-1.037359,4.5075674,7.797396,-0.014171756,-1.3344646,5.665748,-1.0307164,ACC_0511
-0.6331298,7.5228267,4.846005,-1.7137507,5.406928,-1.2706292,7.0297313,-2.4704685,-3.247933,-1.2902023,4.9286065,8.190338,-0.014283382,-1.4331104,5.8206844,-0.9981408,ACC_0512
-0.7818206,7.749558,5.03597,-1.8893064,5.5245376,-1.3210198,7.2527604,-2.5230095,-3.264337,-1.2812338,4.9889574,8.387957,-0.013938725,-1.436822,5.9860644,-1.0135461,ACC_0513
-1.0080936,6.582494,4.7621665,-1.7783626,4.5086026,-1.2200927,6.241066,-2.0068367,-2.7859454,-0.95691305,4.2193503,7.281467,-0.012995016,-1.303071,5.468245,-0.972008,ACC_0514
-0.969753,6.5122104,4.7750907,-1.7332673,4.4414577,-1.2036222,6.103944,-1.9940686,-2.7660656,-0.9530377,4.1635427,7.2294126,-0.013072679,-1.2879927,5.420017,-0.94622827,ACC_0515
-0.64352626,7.3066335,5.0301976,-1.5958368,5.0965233,-1.3132495,6.7886868,-2.3374028,-3.2059588,-1.2446387,4.734017,8.045761,-0.014371537,-1.3801119,5.692532,-0.9901453,ACC_0516
-0.9611553,7.218417,5.050893,-1.9556834,4.9747815,-1.4442362,6.8341384,-2.0480063,-3.1878443,-1.0227968,4.6438074,7.93646,-0.013028304,-1.3218021,5.631616,-1.1645724,ACC_0517
-0.6456553,7.5468397,5.167687,-1.7049707,5.331402,-1.3091663,6.8925986,-2.4969945,-3.2376776,-1.2822089,4.8797016,8.272499,-0.015009285,-1.4201376,5.8815613,-0.97970974,ACC_0518
-0.68868536,7.863078,5.200634,-1.8921108,5.5916696,-1.4218038,7.31111,-2.482601,-3.4497385,-1.2778195,5.128202,8.607962,-0.014071788,-1.420833,5.939284,-1.1358494,ACC_0519
-0.60800517,7.0438447,4.7769084,-1.5256169,4.970443,-1.0792474,6.4327917,-2.4174843,-2.9216092,-1.2415967,4.5471034,7.6507993,-0.01497047,-1.4099958,5.695344,-0.81341976,ACC_0520
-0.9196822,7.3344903,5.25547,-1.9685892,5.0033717,-1.520235,6.8471017,-2.0205593,-3.3074107,-1.0214293,4.739701,8.154226,-0.013139993,-1.299462,5.622823,-1.2371662,ACC_0521
-0.7636215,6.7609735,4.5966463,-1.521806,4.7835035,-1.0265089,6.249119,-2.411523,-2.6928632,-1.1994671,4.308025,7.33761,-0.014166974,-1.3819603,5.634583,-0.7144476,ACC_0522
-0.57552755,7.1248655,4.4113617,-1.581987,5.262799,-1.1053106,6.6608734,-2.5004346,-3.0422401,-1.2781612,4.7411942,7.770883,-0.014049329,-1.4288192,5.657265,-0.87216085,ACC_0523
-0.7359742,7.5763087,5.09526,-1.7723582,5.33204,-1.386762,7.126816,-2.38733,-3.3079948,-1.2519748,4.9180617,8.317403,-0.013823728,-1.3995821,5.8254685,-1.0665408,ACC_0524
-0.6827395,7.4819064,4.9839096,-1.7276452,5.301582,-1.3135401,6.987831,-2.4167337,-3.2346153,-1.2581955,4.852954,8.168373,-0.014124758,-1.4072286,5.798121,-1.013721,ACC_0525
-0.88963586,7.2414117,5.1284,-1.9134889,4.9609275,-1.3941363,6.714336,-2.0914593,-3.1856365,-1.0473795,4.626877,7.970788,-0.013546013,-1.3279604,5.6644053,-1.1143348,ACC_0526
-0.69930446,7.7716894,5.1432095,-1.8220619,5.498367,-1.3508044,7.1948457,-2.5001154,-3.3328054,-1.2966685,5.017847,8.458023,-0.01441033,-1.4301893,5.9577813,-1.042436,ACC_0527
-0.76079565,7.410152,4.9328327,-1.7398827,5.2580976,-1.2702917,6.9395957,-2.4553337,-3.122374,-1.2521986,4.77755,8.068726,-0.01405919,-1.4115794,5.837699,-0.9545814,ACC_0528
-0.645775,7.6263766,5.137845,-1.7183502,5.325492,-1.4253983,7.164233,-2.3185678,-3.41862,-1.2604936,4.979355,8.38703,-0.014044734,-1.3914552,5.7641864,-1.1285245,ACC_0529
-0.80287075,7.650417,5.0533156,-1.8481606,5.3996124,-1.3723925,7.121073,-2.430694,-3.2420366,-1.2560232,4.9043994,8.316326,-0.013508354,-1.3914299,5.8658366,-1.0219554,ACC_0530
-0.9866426,7.2873893,5.1495595,-2.0232446,4.9886994,-1.4950233,6.8655715,-1.9983556,-3.2310367,-0.998064,4.715425,8.079357,-0.012611306,-1.2928572,5.604517,-1.2376237,ACC_0531
-0.93369985,7.0432134,5.027576,-1.8847172,4.7958713,-1.3893176,6.570312,-1.9918792,-3.0947375,-1.0022504,4.503693,7.787517,-0.012845535,-1.2862701,5.526776,-1.1066222,ACC_0532
-0.5332979,7.6580524,5.186408,-1.6568655,5.394363,-1.2835528,6.8550754,-2.5213099,-3.2899408,-1.3254035,4.910988,8.317301,-0.015590925,-1.4286951,5.893417,-0.94585574,ACC_0533
-0.7268616,7.3559904,4.9825983,-1.7006868,5.1895742,-1.2806259,6.8522515,-2.418324,-3.1396232,-1.2411883,4.757528,8.06594,-0.0140904235,-1.3961846,5.7849207,-0.9690944,ACC_0534
-0.9125122,7.057176,5.006799,-1.8898438,4.841482,-1.3723412,6.655524,-2.0215974,-3.1349325,-1.0049448,4.563078,7.811205,-0.013052956,-1.3166395,5.5726347,-1.1350074,ACC_0535
-0.9302162,6.8951735,5.044136,-1.815731,4.7124557,-1.2760053,6.2354765,-2.14473,-2.9209282,-1.0216975,4.3313017,7.615378,-0.013656519,-1.2973527,5.600186,-0.93723154,ACC_0536
-0.8634459,6.9340014,5.0732408,-1.8092439,4.731324,-1.2916311,6.3689785,-2.0621212,-3.0195374,-1.0060437,4.484686,7.6996965,-0.014033304,-1.3289576,5.58243,-1.0652226,ACC_0537
-0.7776561,7.5356145,4.976087,-1.8143157,5.3550506,-1.2435344,6.986245,-2.5178282,-3.1157675,-1.2666408,4.83995,8.182294,-0.014102358,-1.4239956,5.92732,-0.9449384,ACC_0538
-0.9220719,6.787185,4.9353204,-1.7659067,4.586959,-1.3212231,6.38222,-1.9539567,-3.0005703,-0.9816797,4.3512936,7.546387,-0.012970194,-1.284116,5.453442,-1.0540085,ACC_0539
-0.61994296,7.6515455,5.3174953,-1.7119924,5.3714414,-1.3611184,6.885427,-2.5096247,-3.3139546,-1.2958131,4.9249225,8.426431,-0.015141834,-1.4061004,5.8984637,-0.99888873,ACC_0540
-1.029356,6.679401,4.8633156,-1.787936,4.5610337,-1.281689,6.2838645,-2.0347137,-2.8253615,-0.9800866,4.221266,7.3791733,-0.013020987,-1.2927665,5.502314,-0.9539355,ACC_0541
-0.7536693,7.748577,5.1829967,-1.8521011,5.520012,-1.4039501,7.206922,-2.5310397,-3.3210766,-1.2883148,4.995159,8.465615,-0.014319241,-1.4251837,5.96526,-1.0472604,ACC_0542
-0.7112138,7.5864453,5.162966,-1.753909,5.324628,-1.3959137,7.097244,-2.3970115,-3.33278,-1.255673,4.938197,8.365767,-0.014075024,-1.3985262,5.8337207,-1.0806966,ACC_0543
-1.0193435,6.65385,4.876781,-1.7946862,4.4895,-1.305399,6.3784757,-1.9068637,-2.9030929,-0.94230014,4.297505,7.4445167,-0.012518998,-1.2823881,5.430263,-1.0672504,ACC_0544
-0.7299898,7.8308697,5.22617,-1.8530818,5.5399036,-1.3852835,7.106855,-2.5681388,-3.3125496,-1.3148336,4.961846,8.514339,-0.0143155195,-1.4061624,5.981148,-0.98971856,ACC_0545
-0.92802334,7.1938047,5.116587,-1.9447205,4.9420595,-1.4019356,6.7558856,-2.066844,-3.1810634,-1.0187376,4.6564565,7.9686913,-0.013318662,-1.3325201,5.6582117,-1.1635327,ACC_0546
-0.7633453,7.414645,4.977135,-1.7180037,5.2228446,-1.397129,7.075539,-2.3129025,-3.2675774,-1.2213364,4.8209414,8.120924,-0.013489692,-1.3841122,5.7229095,-1.0490112,ACC_0547
-0.84340596,7.2521358,5.3139687,-1.8944416,4.9241304,-1.4648267,6.710427,-2.0290506,-3.3052206,-1.0221196,4.725706,8.126566,-0.01371421,-1.3184326,5.629116,-1.2217822,ACC_0548
-0.9806782,7.249848,5.1426888,-2.0010593,4.992573,-1.4074585,6.8007784,-2.1145177,-3.1634736,-1.0237117,4.661386,8.026297,-0.013152661,-1.3310629,5.71308,-1.1483213,ACC_0549
-0.7170532,7.582173,5.1411157,-1.7484359,5.3467216,-1.3658437,7.016394,-2.4635296,-3.2610502,-1.2764671,4.874596,8.30272,-0.014358782,-1.4040413,5.8660936,-1.0062717,ACC_0550
-0.9393091,6.8628874,4.952466,-1.8440475,4.6892967,-1.3186738,6.453587,-1.9975988,-3.0022542,-0.9807993,4.4265213,7.625536,-0.012994702,-1.3034201,5.5134244,-1.0778747,ACC_0551
-0.74445176,7.4013753,4.971798,-1.7591884,5.2639704,-1.270404,6.914235,-2.4591804,-3.1372323,-1.2394083,4.8072805,8.109892,-0.014083486,-1.4107358,5.83261,-0.98339534,ACC_0552
0.49370033,2.4303484,0.37578028,0.06454107,2.2035553,0.547059,1.9855655,-1.992812,-1.0268306,-0.78999615,2.2823794,1.7154585,-0.005144472,-0.9183748,1.865556,0.40826362,ACC_0553
-0.84205496,7.120797,5.1726365,-1.8254284,4.804134,-1.4326344,6.6542835,-1.961443,-3.2543888,-1.0137897,4.620316,7.9464507,-0.013419671,-1.3033009,5.5416512,-1.1881044,ACC_0554
-0.830945,7.4080296,5.263727,-1.952452,5.0993247,-1.3852493,6.750152,-2.180563,-3.2526026,-1.0712032,4.7672653,8.157479,-0.014304839,-1.3592215,5.776399,-1.1423622,ACC_0555
-0.93528414,7.433835,5.221086,-2.0281649,5.109037,-1.4768044,6.967592,-2.076258,-3.2981782,-1.0383575,4.8131332,8.206449,-0.013269308,-1.3375294,5.7250953,-1.2318155,ACC_0556
-0.81197274,7.113504,5.168687,-1.8542167,4.861536,-1.4221638,6.6131854,-2.0056033,-3.255034,-1.0078363,4.6489635,7.9530826,-0.013557181,-1.3128701,5.5489173,-1.1972063,ACC_0557
-0.89885813,6.9037867,4.9536233,-1.8248291,4.721138,-1.3074139,6.454435,-2.0181193,-3.0249238,-0.9970291,4.448236,7.639155,-0.013316154,-1.3126166,5.530214,-1.0696896,ACC_0558
-0.66769886,7.6142154,5.1259036,-1.7338262,5.360096,-1.3522135,7.0381384,-2.445016,-3.3029304,-1.2819004,4.914169,8.325567,-0.01445899,-1.4083253,5.8555393,-1.0247257,ACC_0559
-0.62191755,8.0060005,5.4127235,-1.8410676,5.6477156,-1.4416196,7.2766953,-2.545474,-3.4987803,-1.3311284,5.1756973,8.763898,-0.015097536,-1.4382571,6.0324526,-1.1003296,ACC_0560
-0.6551681,7.567957,5.1947985,-1.6943887,5.2634034,-1.4436432,7.0725145,-2.3174937,-3.4129965,-1.2505091,4.9359956,8.381647,-0.0139902625,-1.3733128,5.740994,-1.1231636,ACC_0561
-0.670579,6.9122577,4.878971,-1.4850957,4.8144712,-1.1542267,6.364485,-2.338779,-2.9166565,-1.2075517,4.46724,7.630513,-0.014626204,-1.3737367,5.6164227,-0.84293544,ACC_0562
-0.9875914,7.1631055,4.934069,-2.027381,4.98826,-1.3345834,6.807323,-2.100491,-3.0930219,-1.0038213,4.6418824,7.874474,-0.012785911,-1.3421853,5.679687,-1.1434869,ACC_0563
-0.6534375,8.069522,5.339853,-1.9013736,5.691054,-1.489901,7.474038,-2.4520326,-3.5775166,-1.3039402,5.263477,8.810774,-0.014375038,-1.430209,5.9833145,-1.1884303,ACC_0564
-0.97994995,7.0249715,5.057037,-1.9300051,4.8372273,-1.3213037,6.560014,-2.1132474,-3.0156195,-1.0007721,4.530485,7.7912564,-0.0134360045,-1.3335481,5.6657524,-1.084673,ACC_0565
-0.7123636,7.551826,5.106466,-1.7416819,5.3109236,-1.3570255,7.014809,-2.423907,-3.2640088,-1.2654456,4.872069,8.278527,-0.01415178,-1.3983408,5.8329625,-1.0215718,ACC_0566
-0.60980314,7.309983,4.942678,-1.6107734,5.167858,-1.1918432,6.6759567,-2.4525936,-3.0859337,-1.2693068,4.7133093,7.949083,-0.015003068,-1.4169754,5.7785277,-0.8922474,ACC_0567
-0.6767864,7.6437783,5.313309,-1.7532815,5.3695664,-1.3965482,6.9974294,-2.47178,-3.3331425,-1.2734399,4.959697,8.457718,-0.01472502,-1.4055815,5.894414,-1.0527915,ACC_0568
-0.96820724,7.297212,5.2539053,-2.0135186,4.9757586,-1.533296,6.9247575,-1.9670447,-3.3149076,-0.98573285,4.791675,8.183314,-0.01271795,-1.3019583,5.609437,-1.3100008,ACC_0569
-0.90799433,7.1293473,5.132374,-1.9106132,4.8652816,-1.3791782,6.643763,-2.0432868,-3.152564,-1.011044,4.6105666,7.927766,-0.013335305,-1.3200188,5.621111,-1.1460233,ACC_0570
-0.9424971,6.7904277,4.970701,-1.8199775,4.6259723,-1.2252873,6.2687993,-2.0532386,-2.8740497,-0.98136103,4.375425,7.538958,-0.013626069,-1.3224281,5.568336,-1.0101783,ACC_0571
-0.8950786,7.1508155,5.0809116,-1.9008771,4.915533,-1.3524445,6.6318603,-2.1025753,-3.1228256,-1.033614,4.591774,7.877733,-0.013664043,-1.3353189,5.6580777,-1.0977697,ACC_0572
-0.8925062,7.2951055,5.2788363,-1.952611,5.0299997,-1.3771788,6.6318703,-2.210148,-3.1595669,-1.0537329,4.679202,8.074272,-0.014293344,-1.3504096,5.7769485,-1.1025434,ACC_0573
-0.6634649,8.073519,5.3404975,-1.9032066,5.6999273,-1.5048372,7.478009,-2.4618182,-3.5817375,-1.3050221,5.2574253,8.810951,-0.014348013,-1.4262129,5.983145,-1.1875647,ACC_0574
-0.6930117,7.3974547,4.992411,-1.7096429,5.262751,-1.1861831,6.718758,-2.5510025,-3.0395632,-1.2750738,4.7367926,8.037985,-0.014921044,-1.4254955,5.8888044,-0.8676281,ACC_0575
-0.67436135,7.502694,5.09203,-1.7345539,5.301128,-1.2666194,6.878676,-2.481995,-3.1884236,-1.2651165,4.8613925,8.222621,-0.014641134,-1.4169701,5.87091,-0.977136,ACC_0576
-0.92746496,6.7744474,4.97763,-1.7931329,4.646621,-1.2487422,6.2417502,-2.091446,-2.8796434,-0.9925002,4.3488464,7.508139,-0.013951486,-1.3250049,5.5670123,-0.992007,ACC_0577
-0.6301529,7.652799,5.152402,-1.7398785,5.4123445,-1.2914559,6.9117866,-2.5365455,-3.2476373,-1.3049632,4.9026003,8.326521,-0.01496079,-1.4210446,5.9175153,-0.95523155,ACC_0578
-0.5688368,7.594835,4.794791,-1.7286258,5.509467,-1.284401,7.1306605,-2.4735107,-3.3511627,-1.2984629,5.042279,8.287756,-0.014199422,-1.4424123,5.8056307,-1.0583328,ACC_0579
-0.5697633,7.5850472,5.0554466,-1.6798275,5.3306284,-1.3211929,7.0252767,-2.3803496,-3.3523736,-1.279216,4.945577,8.282499,-0.01456278,-1.412841,5.7867045,-1.0562642,ACC_0580
-0.91409427,6.683523,4.935361,-1.7579643,4.5422726,-1.236549,6.1707397,-2.0226676,-2.8749614,-0.97363526,4.291162,7.445186,-0.013504335,-1.2975986,5.482525,-0.99310243,ACC_0581
-0.92456686,7.294533,5.2467136,-1.992701,5.03636,-1.430524,6.756683,-2.1375968,-3.212858,-1.0303899,4.715711,8.107662,-0.013593015,-1.3382397,5.725867,-1.1692182,ACC_0582
-1.0216924,7.203771,5.117262,-1.9884697,4.934075,-1.4938489,6.851578,-2.0022395,-3.1872807,-0.99749786,4.647269,7.9854465,-0.012656723,-1.2997283,5.605,-1.2068367,ACC_0583
-0.93060946,7.220137,5.075378,-1.984078,4.991677,-1.4680325,6.8772187,-2.0074444,-3.2513204,-0.9987932,4.722173,8.004833,-0.012887793,-1.3208717,5.5946345,-1.2478137,ACC_0584
-0.8831278,7.788014,5.5246625,-2.0912335,5.3885508,-1.5588843,7.124153,-2.254694,-3.4613643,-1.1107445,4.9922414,8.5883665,-0.014326891,-1.3724421,5.9310684,-1.2400721,ACC_0585
-0.8363003,7.5551972,4.829607,-1.8547616,5.448471,-1.1934172,7.018979,-2.643051,-3.0091386,-1.2975515,4.7643194,8.068881,-0.014276793,-1.4437581,6.0074096,-0.8487833,ACC_0586
-0.8010073,6.9290175,4.761316,-1.5758114,4.9276443,-1.0851539,6.3470364,-2.5134485,-2.719693,-1.2342529,4.3720775,7.506129,-0.014717215,-1.4025099,5.762737,-0.699426,ACC_0587
-0.86362714,6.962898,5.093803,-1.8324726,4.7296786,-1.3351152,6.450911,-2.0068533,-3.101391,-0.9906597,4.5272603,7.785313,-0.01347008,-1.3077265,5.540617,-1.1244777,ACC_0588
-0.75207466,7.459022,4.9919143,-1.7705393,5.2962613,-1.2746321,6.914064,-2.483859,-3.135291,-1.2550825,4.801459,8.14189,-0.014079818,-1.4074423,5.8578677,-0.9581075,ACC_0589
-1.0155061,6.8806334,4.966442,-1.8872283,4.7298603,-1.2680856,6.393927,-2.1107774,-2.8785787,-0.9957381,4.385288,7.594587,-0.013335641,-1.323888,5.630554,-0.9929575,ACC_0590
-0.9040672,7.3335376,5.1485744,-1.9810269,5.059824,-1.4218732,6.8692546,-2.1029806,-3.247765,-1.0421561,4.738689,8.0849,-0.013470873,-1.3456187,5.7106357,-1.1819806,ACC_0591
-0.71807075,7.1836276,4.884017,-1.6112056,5.0310063,-1.2477459,6.683496,-2.3585584,-3.055828,-1.2324219,4.6049433,7.860193,-0.013949239,-1.3723654,5.680189,-0.91054165,ACC_0592
-0.98853445,7.346231,5.041061,-2.0373523,5.10044,-1.4061631,6.955275,-2.1298652,-3.1756327,-1.0430927,4.713498,8.024693,-0.0131769655,-1.3513949,5.7466817,-1.1548743,ACC_0593
-0.60618,7.660378,5.3448505,-1.696105,5.332462,-1.3989731,6.9421477,-2.4317348,-3.3807175,-1.2854569,4.955006,8.475244,-0.014879508,-1.3927209,5.847631,-1.0536402,ACC_0594
-0.9283799,6.72673,4.8833737,-1.8111541,4.5861006,-1.2448338,6.316386,-1.9810104,-2.9213412,-0.9584322,4.371356,7.496899,-0.0130634885,-1.304905,5.47944,-1.058262,ACC_0595
-0.94380736,6.958188,4.9071736,-1.8849136,4.807441,-1.330376,6.5641747,-2.0479367,-3.0308256,-1.0009235,4.4692764,7.6621118,-0.012983371,-1.3172773,5.560801,-1.0716485,ACC_0596
-0.66625994,7.419523,5.035504,-1.6501892,5.1884675,-1.3329269,6.9202304,-2.35794,-3.2461097,-1.2559112,4.799899,8.138255,-0.014230375,-1.3888497,5.743332,-1.0108063,ACC_0597
-0.6727576,7.533088,5.149435,-1.6843089,5.294195,-1.3515621,6.9490924,-2.448608,-3.2633576,-1.2795651,4.8548884,8.254797,-0.014718229,-1.4063611,5.8435855,-0.99375534,ACC_0598
-0.80192816,7.38884,4.9799805,-1.7535104,5.203321,-1.336013,6.9762855,-2.3766801,-3.1637666,-1.2271233,4.768315,8.109506,-0.013446427,-1.3839052,5.7750697,-1.0014771,ACC_0599
-0.861017,7.166096,5.36702,-1.8771627,4.8001633,-1.5336505,6.587979,-1.9189918,-3.311241,-0.9860228,4.6567736,8.114526,-0.013012278,-1.2524987,5.4836173,-1.2513374,ACC_0600
-0.7082374,7.8954787,5.2210174,-1.8647437,5.599576,-1.3919669,7.2241426,-2.564872,-3.36645,-1.3214889,5.0391903,8.570348,-0.0144631155,-1.4248494,6.0076327,-1.0272571,ACC_0601
-0.70869267,7.8374085,5.2057176,-1.8217621,5.5710115,-1.4240206,7.2759395,-2.5314264,-3.3824618,-1.3161486,5.0359616,8.514946,-0.014644323,-1.4353174,5.9827533,-1.0479611,ACC_0602
-0.6797979,7.1969743,4.890512,-1.6000686,5.0568132,-1.2037657,6.602304,-2.4167993,-3.030005,-1.2474668,4.5990906,7.849709,-0.014373269,-1.3821471,5.714565,-0.8697924,ACC_0603
-0.67139554,7.6868806,5.273553,-1.7711762,5.4550743,-1.3248942,6.9508624,-2.5998225,-3.2595906,-1.3034256,4.944436,8.421661,-0.015313638,-1.4325185,5.994315,-0.971279,ACC_0604
-0.71407694,7.601287,5.1113963,-1.7494496,5.3420186,-1.3803445,7.0816674,-2.418072,-3.2988753,-1.2731098,4.8952303,8.317712,-0.014087433,-1.3982414,5.8384194,-1.0353895,ACC_0605
-0.72086525,7.0978436,4.9335737,-1.5837307,4.9611444,-1.2376517,6.623474,-2.3457441,-3.0314848,-1.2132032,4.598826,7.8338304,-0.014190685,-1.3779318,5.676873,-0.92210925,ACC_0606
-0.89559066,6.947203,5.005962,-1.8321791,4.732251,-1.3434333,6.4994216,-1.9950231,-3.0769439,-0.99665004,4.479725,7.7128463,-0.0131740505,-1.3039379,5.5221696,-1.0983002,ACC_0607
-0.6166251,7.823109,5.3386025,-1.780597,5.5474305,-1.3207892,7.001469,-2.622571,-3.3130562,-1.330422,5.032463,8.534209,-0.01569283,-1.4514401,6.0497727,-0.9754349,ACC_0608
-0.6967381,7.0417027,4.9906335,-1.5309297,4.9148436,-1.2047883,6.4341397,-2.401693,-2.9644775,-1.2261921,4.5219445,7.7734103,-0.014750613,-1.3761566,5.692301,-0.8466516,ACC_0609
-0.7426675,7.7751026,5.2390957,-1.8349475,5.4868536,-1.4049877,7.1101894,-2.5289345,-3.317718,-1.2994298,4.952377,8.494879,-0.014236876,-1.4014215,5.950597,-1.0136155,ACC_0610
-0.8581103,7.2874756,5.2400017,-1.9118071,4.9533606,-1.4806923,6.8119216,-1.9957367,-3.3202472,-1.0246978,4.739476,8.114705,-0.013431539,-1.3156074,5.6079097,-1.2384999,ACC_0611
-0.58169454,7.6832643,5.2229347,-1.7083545,5.422082,-1.3132879,6.929483,-2.5228434,-3.3062038,-1.3115185,4.951806,8.383665,-0.01533881,-1.4288856,5.918234,-0.9827137,ACC_0612
-0.7050402,7.447643,5.0770254,-1.7048837,5.268298,-1.2855672,6.8685884,-2.4827132,-3.151685,-1.2682846,4.801345,8.147009,-0.014731815,-1.4173173,5.861502,-0.9492283,ACC_0613
-1.028534,6.9629254,4.904079,-1.9369775,4.785706,-1.3970673,6.7152705,-1.9573703,-3.05437,-0.96903473,4.5128827,7.70822,-0.012333974,-1.3007116,5.518046,-1.1575255,ACC_0614
-0.6746918,7.2274723,4.9908304,-1.5900006,5.0792694,-1.233058,6.583653,-2.4540954,-3.0495543,-1.2575368,4.611488,7.908075,-0.014753478,-1.3852805,5.748237,-0.86449623,ACC_0615
-0.9413538,6.7781787,5.0060616,-1.7655424,4.5913105,-1.328041,6.238044,-2.0307214,-2.9503212,-0.9948775,4.27012,7.54108,-0.013067935,-1.2657479,5.4777703,-0.97433853,ACC_0616
-1.0024604,6.817597,5.0122805,-1.8580724,4.6260695,-1.3982464,6.5393105,-1.9210651,-3.0518618,-0.94687283,4.440911,7.676584,-0.012470121,-1.283083,5.466789,-1.1555092,ACC_0617
-0.7465037,7.77755,5.153077,-1.8600804,5.5054784,-1.4094626,7.212358,-2.4901154,-3.347752,-1.2841476,4.9985647,8.4857025,-0.013952535,-1.4028544,5.920797,-1.0686239,ACC_0618
-0.66360885,7.6113486,5.2632747,-1.7394793,5.3783274,-1.3697575,6.973041,-2.4964862,-3.3052073,-1.2766116,4.946935,8.394188,-0.01493124,-1.418113,5.9029546,-1.0307515,ACC_0619
-1.0043608,7.1200247,5.0457797,-1.9573964,4.887686,-1.4976016,6.8072042,-1.9669462,-3.1820736,-0.9838313,4.608011,7.894272,-0.01250721,-1.2873654,5.533349,-1.2134778,ACC_0620
-0.66221344,7.1627707,5.0160484,-1.6012931,5.0454235,-1.2243091,6.564057,-2.4168506,-3.0534878,-1.2261541,4.6573052,7.916327,-0.014714853,-1.3925774,5.7264967,-0.91702485,ACC_0621
-0.9209825,6.9340024,4.9451504,-1.8682758,4.744582,-1.2897273,6.5176854,-2.016627,-3.0203958,-0.9890206,4.49476,7.678642,-0.013205939,-1.322908,5.560744,-1.0957901,ACC_0622
-0.8696786,7.599357,5.4096217,-2.0208962,5.216654,-1.5176674,7.01039,-2.1461408,-3.4079185,-1.0775037,4.904762,8.407915,-0.01396961,-1.3547741,5.811909,-1.2405366,ACC_0623
-0.71990323,7.3514085,5.051321,-1.6742579,5.1656528,-1.2780199,6.7393785,-2.4556863,-3.114725,-1.2531984,4.708646,8.068397,-0.014365796,-1.3857619,5.797277,-0.92333186,ACC_0624
-0.7657273,7.957718,5.28266,-1.8934296,5.644401,-1.5000728,7.396771,-2.523814,-3.4399338,-1.3141549,5.09507,8.655493,-0.014242075,-1.4210019,6.003958,-1.0919621,ACC_0625
-0.66498005,7.096846,4.915169,-1.5943613,4.9934726,-1.1587465,6.480866,-2.4153235,-2.9837096,-1.2202712,4.596149,7.813001,-0.014517337,-1.3865241,5.7049575,-0.87688315,ACC_0626
-0.57421774,7.689117,5.214893,-1.707892,5.4518156,-1.3481029,6.987771,-2.5277119,-3.3554485,-1.3100054,4.973658,8.399909,-0.015337156,-1.4289367,5.9068303,-1.012779,ACC_0627
-0.89327556,7.4562573,5.2596483,-2.031886,5.138937,-1.4879247,6.9784236,-2.0828352,-3.3503978,-1.0371375,4.8590884,8.265615,-0.013401775,-1.3410662,5.721598,-1.2658744,ACC_0628
-0.8803355,6.85471,5.0806804,-1.7797035,4.6548667,-1.3108133,6.3125367,-2.0319629,-3.0134716,-0.9906642,4.43319,7.6557145,-0.013800753,-1.309612,5.536306,-1.0640485,ACC_0629
-0.6931429,7.1226377,5.0860586,-1.5704341,4.9586678,-1.2698631,6.539903,-2.3682764,-3.067616,-1.2154689,4.6163297,7.9293146,-0.014519581,-1.3685508,5.687967,-0.92944884,ACC_0630
-0.827369,7.0769973,5.20627,-1.7965441,4.821265,-1.3609203,6.405166,-2.1136127,-3.112657,-1.0447569,4.514107,7.8423834,-0.014369884,-1.3202596,5.619921,-1.0514477,ACC_0631
-0.9947864,6.884944,5.025196,-1.8709656,4.724642,-1.3050469,6.406796,-2.091675,-2.9297328,-0.9914936,4.414169,7.6403,-0.0134627875,-1.321341,5.6127853,-1.030198,ACC_0632
-1.0215393,6.9381876,4.8813787,-1.8895216,4.7321806,-1.3759433,6.6173997,-1.9566166,-3.0093644,-0.98281145,4.4319444,7.6323657,-0.012412799,-1.2853225,5.499304,-1.0935283,ACC_0633
-0.6947527,7.604279,5.142953,-1.7560515,5.3754754,-1.3567092,6.9625764,-2.4940486,-3.2645922,-1.2828246,4.871696,8.315075,-0.014366601,-1.3986619,5.8688855,-0.9893073,ACC_0634
-0.7174348,7.5344443,5.058472,-1.7396386,5.3069315,-1.3674928,7.0138545,-2.4162223,-3.2709994,-1.2626641,4.849076,8.245837,-0.013899588,-1.3879341,5.804153,-1.0199838,ACC_0635
-0.71071583,7.689184,5.177114,-1.8002309,5.4480667,-1.331751,7.0784163,-2.5288355,-3.2639194,-1.2911144,4.9599395,8.396095,-0.014688354,-1.43214,5.963863,-1.0052379,ACC_0636
0.15056539,2.2190382,0.3814335,-0.233176,1.9227092,0.35835955,1.9649508,-1.5122992,-1.0152066,-0.5257263,2.1841621,1.5787761,-0.0036193049,-0.8114817,1.643048,0.13291396,ACC_0637
-0.86408067,7.060875,5.097203,-1.8507779,4.836363,-1.2964405,6.4772997,-2.1143358,-3.061153,-1.0271274,4.554746,7.8016844,-0.014189538,-1.3437515,5.6556807,-1.0722938,ACC_0638
-0.7345762,7.870508,5.2000756,-1.8811241,5.559255,-1.4096543,7.335774,-2.462016,-3.409067,-1.2829248,5.102939,8.577035,-0.01403496,-1.4268283,5.9686623,-1.0966414,ACC_0639
-0.63486534,7.6443534,5.2377567,-1.7325962,5.422664,-1.3086272,6.8950562,-2.5684373,-3.2429023,-1.3051147,4.919426,8.353378,-0.015379805,-1.4343327,5.9550633,-0.95545316,ACC_0640
-0.76481116,7.482409,5.100769,-1.7395495,5.3031282,-1.3400142,6.918649,-2.5011425,-3.1560135,-1.2715877,4.7824464,8.179453,-0.014444396,-1.4058301,5.8739576,-0.94497645,ACC_0641
-0.70796657,7.715841,5.259394,-1.7876952,5.4154034,-1.4496189,7.1839795,-2.4258153,-3.4050026,-1.2740859,5.0013337,8.5096,-0.014182635,-1.3984041,5.875313,-1.1047254,ACC_0642
-0.92385,7.351591,5.2445364,-1.9836904,5.053868,-1.4546739,6.8473277,-2.1141996,-3.254492,-1.0435262,4.734797,8.141361,-0.013555203,-1.3381138,5.7270894,-1.1804821,ACC_0643
-0.8290639,7.5743055,4.9483976,-1.8466889,5.39636,-1.3051962,7.1265125,-2.4787445,-3.1629567,-1.2577552,4.85767,8.195092,-0.013585503,-1.4208156,5.913922,-0.9640435,ACC_0644
-0.71221685,7.2169404,4.9662614,-1.6227437,5.0902896,-1.2422076,6.665458,-2.4375858,-3.0471835,-1.2427535,4.641046,7.91054,-0.014541069,-1.3941116,5.75707,-0.8958836,ACC_0645
-0.9551081,7.493418,5.3070903,-2.0414734,5.117055,-1.5896097,6.91036,-2.0311058,-3.3350208,-1.0339258,4.7855544,8.272055,-0.012849849,-1.2728686,5.6308293,-1.2444322,ACC_0646
-0.89607966,6.9588227,4.9104195,-1.8441606,4.8261766,-1.1936798,6.3633385,-2.1936963,-2.8900814,-1.0398024,4.4280267,7.5713663,-0.014366787,-1.3614697,5.683458,-0.9529052,ACC_0647
-0.61713505,7.689899,5.159877,-1.7657185,5.447962,-1.2486087,6.9482512,-2.5562372,-3.2397346,-1.3056554,4.96415,8.366593,-0.015220974,-1.4438516,5.96973,-0.9667655,ACC_0648
-0.685279,7.310263,5.100813,-1.6487312,5.114028,-1.3104149,6.755861,-2.377995,-3.1766906,-1.2304574,4.7539344,8.102332,-0.014320394,-1.3815289,5.7392955,-0.9938816,ACC_0649
-0.6705953,7.6320944,5.203366,-1.740714,5.3926334,-1.3461708,6.9910502,-2.5045044,-3.2741995,-1.2909994,4.9221544,8.354392,-0.014901757,-1.4224424,5.913729,-0.99769485,ACC_0650
-0.61422205,7.4927382,5.0829234,-1.6553171,5.2623777,-1.2577807,6.788196,-2.4703407,-3.194508,-1.2879753,4.808478,8.165283,-0.014931505,-1.4086745,5.834484,-0.93103886,ACC_0651
-0.66003054,7.0161567,4.8904333,-1.5400339,4.9426365,-1.1671845,6.42271,-2.4086022,-2.9574785,-1.2215626,4.5318127,7.7159886,-0.014692938,-1.384245,5.670864,-0.849682,ACC_0652
-0.7215946,7.554173,5.0491357,-1.7561107,5.358778,-1.2794114,6.966968,-2.5143597,-3.1641574,-1.2847651,4.8459306,8.20525,-0.014588826,-1.4271667,5.914033,-0.94474745,ACC_0653
-0.63996714,7.600864,5.2108994,-1.7394701,5.3630257,-1.315592,6.94198,-2.4838006,-3.2687743,-1.2779664,4.94013,8.356325,-0.014949163,-1.4239513,5.8960223,-1.0157932,ACC_0654
-0.5864558,7.936677,5.383446,-1.8018479,5.5685163,-1.3964171,7.15844,-2.5196834,-3.4672813,-1.3245032,5.127664,8.698172,-0.015077326,-1.426725,5.9868007,-1.079927,ACC_0655
-0.9798831,7.0595803,4.9485793,-1.9645025,4.8667607,-1.284667,6.6321783,-2.0892744,-3.0125408,-1.0017861,4.5475726,7.7765946,-0.012991672,-1.3342098,5.658419,-1.0836636,ACC_0656
-0.9314045,7.269948,5.1080556,-2.0128083,5.007756,-1.3470738,6.792271,-2.1096845,-3.1687315,-1.0198057,4.7196655,8.042185,-0.013266276,-1.3456662,5.7240987,-1.1679933,ACC_0657
-0.73164004,7.758906,5.1090684,-1.8255281,5.4979315,-1.4267131,7.2308927,-2.45834,-3.3615894,-1.2870353,4.9870048,8.428691,-0.013969363,-1.4045781,5.8869767,-1.065347,ACC_0658
-0.64120924,7.4508038,5.0638986,-1.6563356,5.2619567,-1.2839705,6.8284802,-2.4695091,-3.1897779,-1.2796496,4.7985463,8.129789,-0.014915012,-1.4133983,5.8270183,-0.9437771,ACC_0659
-0.81981707,7.042102,5.16133,-1.7825196,4.76435,-1.3901238,6.5218835,-1.996948,-3.1812115,-1.0181087,4.563947,7.8459835,-0.013964708,-1.31607,5.5450664,-1.1420875,ACC_0660
-0.71280557,7.5111833,5.1067767,-1.7167252,5.3082995,-1.2747425,6.8130407,-2.542983,-3.124554,-1.2918938,4.771904,8.1717205,-0.014834897,-1.4121239,5.90522,-0.8915578,ACC_0661
-0.57764846,7.6066537,5.238935,-1.6635628,5.3340063,-1.3446177,6.890445,-2.464925,-3.327291,-1.2958494,4.9131117,8.351339,-0.015177198,-1.4086586,5.8489814,-1.0049893,ACC_0662
-0.8288475,7.3872714,5.3969736,-1.9363997,5.0379553,-1.4717985,6.7311234,-2.1076932,-3.3365493,-1.0481185,4.781027,8.251331,-0.01397326,-1.3262681,5.7080626,-1.2026929,ACC_0663
-0.7434442,7.3951435,5.0134583,-1.7140754,5.194846,-1.2475344,6.7151294,-2.486349,-3.0745668,-1.2622358,4.6850743,8.06994,-0.0140955,-1.3784034,5.8206325,-0.8844531,ACC_0664
-0.8616441,6.9052577,5.094712,-1.7883834,4.7063785,-1.3235329,6.3281164,-2.0573943,-3.0343294,-1.0056297,4.441098,7.689834,-0.013899626,-1.3095051,5.5464673,-1.0539186,ACC_0665
-0.6065321,7.7230487,5.2599096,-1.7528455,5.469174,-1.281501,6.91017,-2.5885446,-3.2592633,-1.3176864,4.9668226,8.421482,-0.015537538,-1.4422086,5.992011,-0.95502365,ACC_0666
-0.6601261,7.278826,5.0247455,-1.6223145,5.096512,-1.2319373,6.6701894,-2.405028,-3.097485,-1.244948,4.705708,8.001083,-0.014617341,-1.3946617,5.7547517,-0.92792296,ACC_0667
-0.65315235,7.322459,5.0947337,-1.6198003,5.139395,-1.2673346,6.6506877,-2.455038,-3.126134,-1.2594603,4.704477,8.053788,-0.0148556605,-1.3897752,5.777691,-0.9154432,ACC_0668
-0.54279995,6.812946,4.2873583,-1.4415448,5.000545,-1.0067366,6.3360744,-2.4393375,-2.910469,-1.2503104,4.5668755,7.4235587,-0.014252949,-1.4196389,5.546736,-0.79930913,ACC_0669
-1.123027,6.735371,4.663375,-1.897537,4.649497,-1.2745949,6.5660033,-2.0004165,-2.827353,-0.9625743,4.293061,7.3674784,-0.012064438,-1.3074582,5.524771,-1.0081242,ACC_0670
-0.65448934,8.066853,5.3328853,-1.8968737,5.693846,-1.4951413,7.4485354,-2.4682717,-3.5733852,-1.3085805,5.2481346,8.802902,-0.014374541,-1.4242116,5.9809637,-1.1806371,ACC_0671
-0.8026654,7.1594377,5.2336564,-1.8141955,4.9127703,-1.3981856,6.48277,-2.1390338,-3.1752605,-1.0587373,4.573434,7.915341,-0.014519965,-1.3298298,5.6416316,-1.0748703,ACC_0672
-0.9573711,6.6528497,4.9041147,-1.7760493,4.5397367,-1.1991967,6.131519,-2.0654204,-2.7954361,-0.97256374,4.2583985,7.3869925,-0.013584245,-1.3086258,5.5251536,-0.9529445,ACC_0673
-0.89112,6.539232,4.765216,-1.6793538,4.4524374,-1.166324,6.025166,-2.0179749,-2.770001,-0.9805907,4.150918,7.2026324,-0.013579953,-1.2944983,5.421395,-0.9021988,ACC_0674
-0.9045534,7.2953467,5.101511,-1.9528584,5.0276237,-1.3954831,6.736011,-2.1316986,-3.1802304,-1.0547136,4.636471,7.9896264,-0.013430091,-1.3235487,5.6867046,-1.098834,ACC_0675
-0.7097288,7.119344,4.8792696,-1.6196481,5.0698833,-1.1583437,6.5390697,-2.4904463,-2.9337568,-1.2379901,4.581973,7.7738214,-0.01479774,-1.410141,5.77375,-0.8347,ACC_0676
-0.77389824,7.0504403,4.8797083,-1.6034093,4.9551783,-1.2301524,6.5916657,-2.3756068,-2.9652252,-1.2092155,4.5365043,7.759167,-0.013988585,-1.3738754,5.68224,-0.88409317,ACC_0677
-0.9646896,6.552628,4.795322,-1.772626,4.455183,-1.2258981,6.1656227,-1.9519973,-2.8308916,-0.9380589,4.2163935,7.322225,-0.012547166,-1.2715662,5.393348,-0.9982022,ACC_0678
-1.0044965,6.7464833,5.059689,-1.8375325,4.5738344,-1.3402203,6.29476,-1.9960485,-2.9366548,-0.9531468,4.3369293,7.6041346,-0.012792996,-1.2743406,5.4919043,-1.0545942,ACC_0679
-0.6270791,7.988336,5.32677,-1.824834,5.660462,-1.429673,7.3031535,-2.5616782,-3.4766114,-1.3415986,5.144128,8.68505,-0.015149359,-1.446262,6.03377,-1.0726427,ACC_0680
-0.6779738,7.531242,5.129858,-1.7241127,5.3002443,-1.3087763,6.941934,-2.4559898,-3.2367892,-1.2676113,4.880019,8.26816,-0.014602706,-1.4120843,5.861398,-1.0039196,ACC_0681
-0.8048217,7.342631,4.9424257,-1.7543434,5.1943297,-1.2846843,6.8273864,-2.4462552,-3.07934,-1.2341115,4.6964703,8.035599,-0.01354949,-1.3784125,5.7908063,-0.93557525,ACC_0682
-0.6919244,7.179379,4.817692,-1.6704569,5.088876,-1.111899,6.60062,-2.440355,-2.9516563,-1.2288538,4.6477923,7.8246593,-0.014312456,-1.4104161,5.7645516,-0.8717584,ACC_0683
-0.5861189,7.4343967,5.184336,-1.6597251,5.2500353,-1.2900705,6.724384,-2.4769547,-3.2325203,-1.2615358,4.8438053,8.219173,-0.015130693,-1.4051994,5.8105464,-0.986814,ACC_0684
-0.98940694,7.429319,5.2708883,-2.0830994,5.1137733,-1.4946505,6.9963818,-2.0907023,-3.295555,-1.0172043,4.8361435,8.26797,-0.013017006,-1.3321353,5.748468,-1.2645187,ACC_0685
-0.56839913,7.8135514,5.337011,-1.7592596,5.5128527,-1.3721396,7.018931,-2.533171,-3.4042242,-1.3168609,5.0478296,8.56582,-0.015264863,-1.4247266,5.9452252,-1.0400819,ACC_0686
-0.80835766,7.413688,5.0422783,-1.7664958,5.255732,-1.3353416,6.963655,-2.4593098,-3.1473792,-1.2394723,4.78614,8.149133,-0.0139527,-1.3997799,5.844908,-0.9879457,ACC_0687
-0.7206403,7.241218,4.9546413,-1.6308537,5.1009326,-1.225751,6.5735106,-2.478855,-3.0054574,-1.2589718,4.578443,7.891483,-0.014410675,-1.377773,5.763236,-0.8337139,ACC_0688
-0.8409178,6.715226,4.613322,-1.5465791,4.72069,-1.119988,6.40513,-2.301555,-2.7560525,-1.1601143,4.3303905,7.3792253,-0.013380252,-1.3610159,5.566943,-0.8153621,ACC_0689
-0.9467616,7.3125687,5.045155,-1.9958352,5.043006,-1.4342877,6.925326,-2.048884,-3.2183313,-1.0301716,4.717952,8.012243,-0.013069656,-1.3323015,5.6602187,-1.1948708,ACC_0690
-0.9702625,7.053864,4.988151,-1.9210654,4.870748,-1.312446,6.5063243,-2.1551776,-2.9965029,-1.0295727,4.4431577,7.740634,-0.013140701,-1.310351,5.6523576,-0.9935018,ACC_0691
-1.0194408,7.1291137,5.032319,-1.9825655,4.9006724,-1.4478885,6.8241687,-1.995475,-3.1443152,-0.9870475,4.6208944,7.898372,-0.0125623485,-1.3085718,5.589667,-1.1967113,ACC_0692
-0.9212134,6.6887836,4.928962,-1.7329262,4.556009,-1.2550209,6.1967425,-2.0360458,-2.8736966,-0.98593783,4.282266,7.4146566,-0.013767738,-1.3083414,5.4978557,-0.9801661,ACC_0693
-1.009287,6.6042438,4.7819095,-1.8148342,4.540948,-1.2101058,6.2530036,-2.0280883,-2.7922688,-0.9496107,4.2603164,7.3296247,-0.013002323,-1.3088038,5.4932666,-0.99260485,ACC_0694
-0.739271,7.1821365,4.9023623,-1.6346968,5.0620685,-1.2045692,6.5992885,-2.446377,-2.9809093,-1.2405362,4.5805807,7.842133,-0.014263633,-1.3844316,5.7494683,-0.8529463,ACC_0695
-0.6365633,7.6041665,5.214803,-1.7125739,5.3420725,-1.3614119,6.9873357,-2.4416573,-3.3214438,-1.2783269,4.936177,8.366194,-0.014778124,-1.4110215,5.855466,-1.0394269,ACC_0696
-1.04251,7.131701,5.055095,-1.9727407,4.9182897,-1.3933011,6.7031846,-2.1210427,-3.047027,-1.0227989,4.51869,7.8499737,-0.012945592,-1.318883,5.683766,-1.0652124,ACC_0697
-0.63979197,7.2634416,5.090218,-1.592152,5.0734286,-1.2963778,6.71065,-2.3620405,-3.1832252,-1.2326927,4.7411184,8.051868,-0.014630935,-1.3860216,5.713696,-0.9888935,ACC_0698
-0.5457226,7.0527987,4.5477314,-1.4988799,5.151024,-1.0800622,6.489118,-2.5131416,-2.9854167,-1.2820573,4.657828,7.698413,-0.014923001,-1.4319508,5.6763015,-0.8150937,ACC_0699
-0.60421973,7.655416,5.3912706,-1.7245985,5.3095927,-1.406075,6.985948,-2.3823886,-3.4386613,-1.2527511,5.040948,8.562433,-0.0145804025,-1.3899837,5.83652,-1.1349283,ACC_0700
-0.691221,7.2296877,4.734091,-1.642091,5.1521964,-1.1476208,6.747981,-2.454249,-2.9952626,-1.257402,4.646678,7.7868924,-0.014482452,-1.4232137,5.774302,-0.8630019,ACC_0701
-0.6813764,7.351023,4.62712,-1.6874919,5.351989,-1.1762439,6.9198737,-2.524447,-3.104968,-1.2881595,4.817891,7.95954,-0.014192974,-1.4434122,5.8137403,-0.910097,ACC_0702
-0.92520064,7.010238,5.142763,-1.8812253,4.787587,-1.3981383,6.556789,-2.022166,-3.119289,-0.98941976,4.553718,7.850332,-0.01332465,-1.3106728,5.5727572,-1.1490484,ACC_0703
-0.94446665,7.1962934,5.151442,-1.9450808,4.920004,-1.4220902,6.778953,-2.0479178,-3.195457,-1.014578,4.65626,7.9989095,-0.013226578,-1.3249348,5.6520085,-1.1790612,ACC_0704
-0.8092221,7.1314197,4.756859,-1.749165,5.1083326,-1.1573862,6.6896424,-2.4488165,-2.9232962,-1.1981728,4.6308618,7.7970634,-0.013561054,-1.4017465,5.7664433,-0.8976026,ACC_0705
-0.7340071,7.3489184,5.045613,-1.7156703,5.19194,-1.300074,6.8519254,-2.4271262,-3.1595464,-1.2287016,4.7868557,8.116525,-0.014155319,-1.3961647,5.795341,-0.99859893,ACC_0706
-0.76187515,7.860636,5.2003055,-1.8921657,5.5881386,-1.3788337,7.227855,-2.5826874,-3.318699,-1.3096787,5.021824,8.541227,-0.014325977,-1.4278364,6.032103,-1.0176964,ACC_0707
-0.9039364,7.377735,4.9593053,-1.8349825,5.2283382,-1.2852064,6.970898,-2.4532175,-3.0494943,-1.2167116,4.739308,8.083786,-0.013308255,-1.3967292,5.86505,-0.95067644,ACC_0708
-0.6189945,7.205502,4.970339,-1.5675634,5.076905,-1.2192787,6.6046443,-2.4225938,-3.0913882,-1.2475609,4.6688914,7.9039803,-0.01491571,-1.3993266,5.7268615,-0.9066255,ACC_0709
-0.65271086,7.890803,5.1800947,-1.835566,5.5927567,-1.4877225,7.313613,-2.4280353,-3.489747,-1.2968777,5.104034,8.571775,-0.014175734,-1.4023674,5.860709,-1.1407554,ACC_0710
-0.6346775,7.620546,5.227549,-1.7431763,5.3937397,-1.3100189,6.9346824,-2.5259917,-3.2756424,-1.2833669,4.955628,8.3760605,-0.015124162,-1.4299905,5.929099,-1.0075067,ACC_0711
-0.7822167,7.400863,4.8711557,-1.7564757,5.2574816,-1.2638777,6.977642,-2.440922,-3.1150596,-1.2455082,4.7743487,8.041842,-0.013756213,-1.4097459,5.8280807,-0.96042454,ACC_0712
-0.61518073,7.7494817,5.277959,-1.80084,5.507578,-1.3103282,7.004558,-2.5741146,-3.3154354,-1.2994157,5.0392413,8.502024,-0.015302258,-1.4435892,5.99115,-1.0243009,ACC_0713
-0.80640745,7.175326,4.90178,-1.6903918,5.074021,-1.3032647,6.7749457,-2.3757617,-3.0558586,-1.2074634,4.6280713,7.903082,-0.013505712,-1.370442,5.6999416,-0.9536227,ACC_0714
-0.63277537,7.2291617,4.915528,-1.5836112,5.101769,-1.1406713,6.5001845,-2.4995537,-2.985017,-1.271956,4.6043115,7.839548,-0.015060202,-1.4051182,5.7848377,-0.80554795,ACC_0715
-0.82625544,6.800492,5.054487,-1.7221087,4.5879245,-1.2885503,6.257879,-1.9816654,-3.0172918,-0.98846215,4.4154863,7.5986266,-0.013993521,-1.3084334,5.4820123,-1.0707576,ACC_0716
-0.66808957,7.693006,5.125066,-1.7641238,5.4489822,-1.3665168,7.123421,-2.4814177,-3.3299694,-1.296452,4.9610143,8.375542,-0.014570887,-1.4224313,5.898807,-1.0299441,ACC_0717
-0.9071512,6.798733,4.58955,-1.5759387,4.762814,-1.1912483,6.598791,-2.265834,-2.8131886,-1.1671212,4.344356,7.4268117,-0.012859524,-1.3525417,5.568926,-0.8377953,ACC_0718
-0.72103745,7.41394,4.9849167,-1.690376,5.2754903,-1.2321646,6.7642746,-2.5602264,-3.0562282,-1.2887636,4.704596,8.020874,-0.014874335,-1.4192708,5.889319,-0.849492,ACC_0719
-1.01679,7.308034,5.151323,-2.0009463,5.0124636,-1.5398024,6.9275374,-2.0164843,-3.2339354,-1.0180674,4.6854014,8.055835,-0.012782908,-1.2988276,5.6233926,-1.2136505,ACC_0720
-0.89109486,7.2495,5.224922,-1.9255357,4.9558144,-1.4503012,6.770186,-2.051391,-3.2597473,-1.024811,4.704521,8.069634,-0.013518807,-1.3273238,5.6527305,-1.19869,ACC_0721
-0.72499937,7.413878,5.002333,-1.7597919,5.1963,-1.3074464,6.9504156,-2.326394,-3.2302203,-1.209434,4.8535447,8.1857605,-0.013347628,-1.3798089,5.7396474,-1.0603093,ACC_0722
-0.7470843,7.6089983,5.0802608,-1.7981849,5.3970604,-1.2910428,7.012817,-2.529868,-3.1817608,-1.2831159,4.8818517,8.276609,-0.014439763,-1.4256887,5.945708,-0.9600729,ACC_0723
-0.8388789,6.6752887,4.9403315,-1.6525792,4.5035596,-1.2996005,6.1556344,-1.9694353,-2.9653854,-0.99536675,4.2464976,7.41377,-0.013623424,-1.275305,5.392999,-0.986964,ACC_0724
-0.6947247,7.073305,5.0170207,-1.563177,4.937324,-1.211659,6.4945207,-2.381895,-2.9964604,-1.215814,4.583216,7.8406997,-0.014646138,-1.3813815,5.699324,-0.8921716,ACC_0725
-0.72690827,7.8383164,5.114321,-1.869936,5.596077,-1.3703381,7.2561646,-2.5571885,-3.3295345,-1.3121759,5.023001,8.476814,-0.014324196,-1.4358572,5.9960866,-1.023805,ACC_0726
-0.86758596,6.85562,4.6694574,-1.8222245,4.793609,-1.3521178,6.605868,-1.922923,-3.1101627,-0.9806945,4.5687833,7.6233716,-0.012430608,-1.3035686,5.379094,-1.1779919,ACC_0727
-0.9184448,6.3654666,4.2518425,-1.6736245,4.5326395,-1.1285757,6.158082,-2.0073633,-2.7836738,-0.9730368,4.2475405,7.0458694,-0.012267471,-1.315906,5.3170376,-0.94569147,ACC_0728
-1.0379554,6.9550114,5.0078793,-1.9538646,4.763593,-1.3423928,6.602608,-2.0258412,-3.0032067,-0.96926385,4.5002713,7.757317,-0.012609265,-1.3109931,5.5991044,-1.1166401,ACC_0729
-0.7453355,7.5184054,5.1486034,-1.7717284,5.314408,-1.3358866,6.9306054,-2.4807835,-3.2001467,-1.2567369,4.8533134,8.272074,-0.01427527,-1.403148,5.875589,-0.9937576,ACC_0730
-0.69349366,7.815106,5.2104297,-1.806903,5.4966645,-1.435577,7.2224154,-2.454359,-3.4074192,-1.299569,5.0218287,8.523916,-0.014230325,-1.4038891,5.9035974,-1.077812,ACC_0731
-0.84795403,6.831021,5.006661,-1.7469863,4.6402025,-1.2818412,6.284537,-2.02023,-2.9861157,-1.0032989,4.3914256,7.5744185,-0.013925888,-1.3125337,5.507477,-1.0322659,ACC_0732
-0.67950815,7.59599,5.224386,-1.7168283,5.3295164,-1.4245243,7.042084,-2.419278,-3.3547685,-1.2710085,4.915916,8.378725,-0.014414976,-1.3927554,5.826267,-1.0622807,ACC_0733
-0.46613538,7.223988,4.6672497,-1.5104356,5.225197,-1.1864926,6.675632,-2.4160612,-3.2008567,-1.2831788,4.831907,7.9280324,-0.01473299,-1.4250658,5.6394067,-0.95308304,ACC_0734
-0.79347235,7.682668,5.062135,-1.8671079,5.4655104,-1.3594012,7.1811213,-2.5082288,-3.265603,-1.2699716,4.9371433,8.36667,-0.013764214,-1.4117373,5.9330454,-1.024441,ACC_0735
-0.6617394,7.6160793,5.116887,-1.7283721,5.4026995,-1.2814871,6.9451423,-2.551283,-3.208768,-1.3062713,4.882715,8.264933,-0.015138237,-1.4361978,5.9433446,-0.9372947,ACC_0736
-0.74371964,7.070269,4.844507,-1.6080589,5.021208,-1.123587,6.483367,-2.4995306,-2.8647523,-1.2368635,4.5248876,7.700191,-0.014754967,-1.4090579,5.785145,-0.7899481,ACC_0737
-0.99797034,6.3214192,4.5733232,-1.7368828,4.254889,-1.1089109,6.069964,-1.831512,-2.671959,-0.8953795,4.1063204,7.05253,-0.012014661,-1.2720459,5.2957044,-0.97938085,ACC_0738
-0.71010286,8.058607,5.243189,-1.9269694,5.7234473,-1.4568601,7.4837193,-2.5062032,-3.4995937,-1.3116754,5.211778,8.718912,-0.014269281,-1.4407159,6.0270314,-1.124103,ACC_0739
-0.9410144,7.289701,5.0379324,-2.0023077,5.074025,-1.3431582,6.8100977,-2.1791613,-3.1324358,-1.0481898,4.6790066,7.9665504,-0.013568859,-1.3615875,5.7629323,-1.1072447,ACC_0740
-0.9352037,7.1985245,5.228392,-1.9564279,4.918127,-1.3971114,6.677443,-2.0903113,-3.1696205,-1.0124793,4.661087,8.038212,-0.013466826,-1.3254061,5.68578,-1.161948,ACC_0741
-0.7402897,7.8789773,5.2772307,-1.8567677,5.550181,-1.4888334,7.334769,-2.463348,-3.4499946,-1.292308,5.079033,8.622658,-0.014147776,-1.4052858,5.9383187,-1.1207082,ACC_0742
-0.7082421,7.5318356,5.0899096,-1.730028,5.295605,-1.347408,6.9942327,-2.4217963,-3.252502,-1.2652749,4.8569407,8.2508545,-0.014173176,-1.3980296,5.825522,-1.012506,ACC_0743
-0.7380374,7.409555,4.9728613,-1.7366732,5.242466,-1.2641231,6.9036794,-2.4444895,-3.1330228,-1.247666,4.7919636,8.099538,-0.014121205,-1.4084783,5.828884,-0.96726894,ACC_0744
-0.9650966,7.123142,4.9255004,-1.942748,4.929119,-1.2735018,6.6357694,-2.151084,-2.9879823,-1.0419554,4.5162487,7.7459483,-0.013454502,-1.3482227,5.704537,-1.0161725,ACC_0745
-0.59119844,7.3037167,5.005863,-1.622154,5.162847,-1.1834224,6.638435,-2.467171,-3.1096764,-1.2551396,4.754919,8.009554,-0.015123578,-1.4165468,5.7908635,-0.92238224,ACC_0746
-0.7818492,7.4354386,4.9356046,-1.7826366,5.2639174,-1.3007411,7.0289264,-2.3956409,-3.1768706,-1.2286212,4.8208613,8.125187,-0.013501731,-1.4014362,5.8067584,-1.0045319,ACC_0747
-1.0106302,7.216601,5.171945,-1.9765818,4.931068,-1.4901866,6.82562,-2.0218568,-3.1904728,-1.0066718,4.643319,8.014977,-0.01286098,-1.3041179,5.6290555,-1.1920024,ACC_0748
-0.8895727,6.9161487,5.062022,-1.8302686,4.7394953,-1.261706,6.3109765,-2.1324208,-2.974493,-1.0074327,4.443358,7.681544,-0.014026946,-1.3235085,5.618267,-1.0224487,ACC_0749
-0.62672645,7.5000033,5.043559,-1.6640294,5.301289,-1.2655677,6.8535514,-2.4936688,-3.1935287,-1.2943128,4.8115625,8.145035,-0.015033467,-1.4199542,5.8514466,-0.9306793,ACC_0750
-0.94094074,7.123425,5.0337706,-1.9332148,4.9077253,-1.3307644,6.6491003,-2.107017,-3.079399,-1.0211998,4.582174,7.845727,-0.013399013,-1.3381714,5.672973,-1.0939466,ACC_0751
-0.7367118,7.7666683,4.99215,-1.8967687,5.5276985,-1.253745,7.198746,-2.5213714,-3.2298675,-1.2890788,5.0016627,8.379539,-0.014003106,-1.4430805,5.9875536,-1.0019158,ACC_0752
-0.9736372,7.24252,5.1623645,-1.9996618,4.951763,-1.5191642,6.8150067,-1.9735215,-3.2416844,-0.9893474,4.6895366,8.057238,-0.012549243,-1.2772206,5.5542264,-1.2460173,ACC_0753
-0.7097487,7.1423306,4.8973446,-1.6069455,5.0288987,-1.1919705,6.624889,-2.4102614,-2.999405,-1.22988,4.613967,7.827708,-0.014474319,-1.3973293,5.734478,-0.88764894,ACC_0754
-0.6486563,8.219219,5.4794493,-1.9393024,5.8087573,-1.5004457,7.5046477,-2.5720851,-3.605444,-1.346696,5.3123417,8.983019,-0.014848334,-1.4459294,6.1097245,-1.1632543,ACC_0755
-0.7727353,7.127751,4.8090696,-1.6634884,5.0483747,-1.1755198,6.6411185,-2.422906,-2.9431043,-1.2198707,4.588374,7.7800097,-0.01394804,-1.3942645,5.741436,-0.8703703,ACC_0756
-0.94101965,6.955399,4.997985,-1.832531,4.70097,-1.4561614,6.5878916,-1.8850718,-3.1317577,-0.9774852,4.474036,7.722095,-0.012557829,-1.2584182,5.410431,-1.1623014,ACC_0757
-0.6756526,8.324364,5.5357533,-1.9650618,5.894839,-1.5330735,7.585897,-2.6307719,-3.6298423,-1.3705878,5.34263,9.0647335,-0.015006814,-1.4551141,6.1823783,-1.1486347,ACC_0758
-0.78051955,7.5101123,5.1752653,-1.7531778,5.2740903,-1.4196901,6.95461,-2.4369059,-3.2436938,-1.2553943,4.7980924,8.28221,-0.0138377035,-1.3691137,5.8129044,-1.0069541,ACC_0759
-0.89206576,7.059647,5.1065865,-1.8677831,4.8341336,-1.3577645,6.5103393,-2.0819008,-3.1005309,-1.0186543,4.5302124,7.8285375,-0.01356541,-1.314917,5.60724,-1.0834614,ACC_0760
-1.0132284,6.9302263,4.775782,-1.9230275,4.7937493,-1.2838031,6.637741,-2.0433984,-2.96035,-0.99167866,4.4429836,7.582158,-0.012599375,-1.3228555,5.5785174,-1.0572778,ACC_0761
-0.6862814,7.4389915,5.100777,-1.6714561,5.2306867,-1.3232505,6.7882214,-2.462755,-3.1837606,-1.2725031,4.746957,8.146286,-0.014496464,-1.3846772,5.800493,-0.936885,ACC_0762
-0.6982031,7.3132696,4.9389415,-1.6678885,5.1936207,-1.1885201,6.686782,-2.5207503,-3.02243,-1.2674458,4.676539,7.9469104,-0.014824886,-1.4152315,5.838451,-0.8590393,ACC_0763
-0.9002885,7.231375,5.182353,-1.9359862,4.9311886,-1.4340862,6.7892737,-2.0162778,-3.2482917,-1.0144103,4.705267,8.0504055,-0.013257528,-1.3243194,5.6323547,-1.2112453,ACC_0764
-1.0177058,7.193373,5.16596,-1.977185,4.9144206,-1.4449211,6.7763886,-2.053847,-3.1496878,-1.0085045,4.62147,7.9922404,-0.012910144,-1.312857,5.664922,-1.1571531,ACC_0765
-0.65460163,7.4185443,5.12555,-1.667914,5.2359147,-1.2508591,6.680565,-2.5190957,-3.1242118,-1.2748916,4.759133,8.127479,-0.015026205,-1.4070278,5.855101,-0.90039134,ACC_0766
-0.6668241,7.7784824,5.2318945,-1.804115,5.459473,-1.377705,7.0920725,-2.4801476,-3.372654,-1.293793,5.001285,8.519035,-0.014279816,-1.4003018,5.9124026,-1.0501317,ACC_0767
-0.7128787,6.983953,4.774852,-1.5493313,4.9327393,-1.1194398,6.42895,-2.4290307,-2.8594444,-1.230185,4.4622416,7.59889,-0.014579443,-1.3930864,5.69387,-0.78730875,ACC_0768
-0.7265325,7.227882,4.9176846,-1.6819521,5.1373415,-1.2033156,6.6733613,-2.4772167,-3.0217738,-1.2333572,4.667581,7.918984,-0.0143696405,-1.4013087,5.787961,-0.8997128,ACC_0769
-0.6139519,7.561286,5.161816,-1.6999443,5.3234367,-1.3103619,6.9195633,-2.4541442,-3.2810478,-1.2767373,4.9156313,8.30169,-0.014893585,-1.4168086,5.852142,-1.0146586,ACC_0770
-0.9135638,7.112977,5.119871,-1.9085244,4.857503,-1.4137518,6.694533,-2.0100393,-3.19238,-1.0000432,4.623147,7.9320445,-0.013098434,-1.3131949,5.588223,-1.1811113,ACC_0771
-0.7492577,7.064965,4.843635,-1.6300001,5.0266943,-1.1117207,6.485414,-2.5014544,-2.8540266,-1.2289114,4.539899,7.709889,-0.014708072,-1.4125997,5.7917714,-0.8008192,ACC_0772
-0.7366334,7.9355025,5.238018,-1.900253,5.6232553,-1.4637281,7.399132,-2.4649074,-3.453518,-1.288798,5.138309,8.632601,-0.014093036,-1.4259766,5.969807,-1.1176759,ACC_0773
-0.8282575,7.1659245,5.164708,-1.8610411,4.9095106,-1.3413665,6.5071006,-2.124542,-3.1335459,-1.0476222,4.588793,7.906499,-0.014131868,-1.333129,5.6578,-1.0731307,ACC_0774
-0.7304345,7.9933715,5.2047505,-1.9232503,5.7054386,-1.4170495,7.414903,-2.5736141,-3.4190373,-1.3248832,5.134301,8.651106,-0.014365165,-1.4469699,6.05843,-1.0725132,ACC_0775
-0.6999355,7.9259515,5.26126,-1.8711596,5.58844,-1.4789217,7.400842,-2.413578,-3.506432,-1.2786641,5.167231,8.654465,-0.014097813,-1.4186366,5.9272447,-1.1568502,ACC_0776
-0.7548355,7.7793036,5.1457987,-1.8276886,5.4694223,-1.4594684,7.237925,-2.4045682,-3.3718035,-1.2766542,4.9900746,8.449665,-0.013794102,-1.3877257,5.8554645,-1.0810957,ACC_0777
-0.9020171,7.208443,5.2347794,-1.9360429,4.91039,-1.4546243,6.7355247,-2.0161018,-3.25374,-1.0055282,4.6913104,8.0709,-0.013201628,-1.3104037,5.6138577,-1.2163134,ACC_0778
-0.9947394,6.819014,4.916472,-1.8694503,4.6911154,-1.3052868,6.461511,-2.0438957,-2.9501567,-0.97231907,4.3995013,7.5792155,-0.013007891,-1.3103759,5.547219,-1.0643468,ACC_0779
-0.85540694,7.051488,5.133993,-1.8638952,4.8324003,-1.3587283,6.493459,-2.0680249,-3.1289556,-1.0101336,4.56548,7.855928,-0.0136954645,-1.3178469,5.589687,-1.117651,ACC_0780
-0.8430121,6.6444793,4.951969,-1.6896522,4.4836526,-1.2251889,6.0580635,-1.9931042,-2.8875842,-0.98018944,4.2560906,7.4081135,-0.013737148,-1.2866478,5.427369,-0.97573614,ACC_0781
-0.7727184,7.503565,4.866541,-1.7932695,5.3418446,-1.2599708,7.0631504,-2.4660854,-3.14737,-1.2611095,4.8262224,8.11026,-0.013788517,-1.4199833,5.8690176,-0.9633151,ACC_0782
-0.78330725,7.565564,4.9672914,-1.8450975,5.3823338,-1.2630414,7.05936,-2.501199,-3.14954,-1.2611846,4.872181,8.226167,-0.013878932,-1.421237,5.9169374,-0.9820819,ACC_0783
-0.7222835,7.47147,5.0553865,-1.7356384,5.29278,-1.2827973,6.898972,-2.4889138,-3.1534486,-1.265482,4.815373,8.165132,-0.014499722,-1.415743,5.871665,-0.95529664,ACC_0784
-0.94402105,6.8958535,5.0161424,-1.8453462,4.689,-1.3561906,6.51324,-1.9809232,-3.061854,-0.976184,4.4685497,7.705242,-0.012974291,-1.2984647,5.517378,-1.1205652,ACC_0785
-0.69678193,8.078445,5.260658,-1.9435378,5.7413745,-1.4512941,7.4801497,-2.5019774,-3.5043366,-1.3099589,5.23675,8.748176,-0.014290482,-1.4439831,6.030032,-1.1334258,ACC_0786
-0.71000147,7.3283277,4.959603,-1.6696389,5.177234,-1.2100996,6.7324214,-2.474204,-3.0491896,-1.2601775,4.7029123,7.9793057,-0.014601373,-1.4116998,5.82667,-0.88590574,ACC_0787
-0.7259605,7.1628027,4.9180865,-1.6050699,5.03325,-1.2182232,6.555792,-2.4363441,-2.9875531,-1.2437657,4.550023,7.8259993,-0.014303627,-1.3741769,5.722918,-0.843161,ACC_0788
-0.8478586,7.5302253,4.9552946,-1.832975,5.357993,-1.3306714,7.1090646,-2.4711251,-3.1579008,-1.2523963,4.8144603,8.170986,-0.013533034,-1.4072082,5.8843484,-0.9671675,ACC_0789
-0.70096725,6.906872,4.7936153,-1.5303159,4.8601556,-1.1281004,6.364962,-2.3793867,-2.865015,-1.2070014,4.4462547,7.579283,-0.014400876,-1.378642,5.634356,-0.8154385,ACC_0790
-0.95076144,7.33709,5.1857133,-1.9757793,4.9990435,-1.5642346,6.865168,-1.9650979,-3.2921405,-1.0155349,4.7070913,8.098373,-0.012731258,-1.2702315,5.548947,-1.2407459,ACC_0791
-0.9275067,7.1998124,5.2825394,-1.9290557,4.9312606,-1.4505657,6.685238,-2.0972822,-3.203189,-1.0190423,4.661986,8.050035,-0.013748113,-1.3272862,5.6796002,-1.1724007,ACC_0792
-0.7290579,7.2536564,5.047482,-1.6549451,5.112874,-1.2743534,6.7159686,-2.4327137,-3.0853362,-1.2321827,4.699588,8.005498,-0.014485174,-1.395659,5.7791715,-0.939294,ACC_0793
-0.90528494,7.403568,5.3026605,-1.9889008,5.1040564,-1.4316195,6.8069997,-2.1827881,-3.239739,-1.0605053,4.7609024,8.182312,-0.014090078,-1.3558676,5.7940106,-1.1564384,ACC_0794
-0.629619,7.54717,5.149762,-1.6933506,5.3138385,-1.2824517,6.804012,-2.5073352,-3.2104316,-1.291449,4.8343124,8.244863,-0.014951951,-1.4074459,5.8682218,-0.93868303,ACC_0795
-0.9324607,7.4760675,5.2528863,-2.0654743,5.128067,-1.530706,7.0404716,-2.0139537,-3.3682995,-1.0163475,4.8901625,8.299192,-0.012939386,-1.3177909,5.6710815,-1.3193357,ACC_0796
-0.93664265,7.050158,5.076722,-1.9012359,4.816743,-1.3569473,6.585171,-2.0433068,-3.0879478,-1.0026908,4.545538,7.8317633,-0.013210007,-1.3159578,5.603944,-1.1134334,ACC_0797
-1.0238539,7.055567,4.9567723,-1.9336023,4.8330755,-1.4351231,6.761127,-1.9697175,-3.0954146,-0.98932356,4.5353208,7.774174,-0.01251341,-1.2966062,5.5413394,-1.1542598,ACC_0798
-0.6124065,7.5932965,4.7069163,-1.7316648,5.5220723,-1.3295313,7.110945,-2.444654,-3.3355875,-1.2920603,5.0315456,8.231674,-0.013781793,-1.4219253,5.7532945,-1.0473483,ACC_0799
-0.7359737,7.03383,4.9164333,-1.5618021,4.9440393,-1.196601,6.4743323,-2.4279146,-2.9307828,-1.2258523,4.501241,7.728741,-0.014561841,-1.3800101,5.7067046,-0.8316626,ACC_0800
-0.97633433,6.435121,4.446397,-1.7156159,4.452493,-1.0503062,6.057365,-2.042194,-2.5661147,-0.984256,4.0336165,6.9150805,-0.013244698,-1.3240643,5.4383554,-0.803681,ACC_0801
-0.93872607,6.9390416,4.981502,-1.8640795,4.7573013,-1.3540099,6.5514026,-2.0175962,-3.0613928,-0.9904054,4.480115,7.7039895,-0.013063864,-1.3091283,5.54242,-1.1052674,ACC_0802
-0.56733215,7.4933057,5.20402,-1.607608,5.232979,-1.3200966,6.763886,-2.4373014,-3.2747645,-1.2871829,4.8279405,8.236151,-0.015192086,-1.3962032,5.793503,-0.97136223,ACC_0803
-0.7133108,7.294266,4.981479,-1.6557455,5.1575813,-1.2241362,6.6660657,-2.4951723,-3.0359204,-1.2608018,4.655955,7.95793,-0.0146617945,-1.4000555,5.8112903,-0.86720806,ACC_0804
-0.9053091,7.1390405,5.034435,-1.9123933,4.913084,-1.3249389,6.6471715,-2.0952752,-3.0934956,-1.02936,4.5974946,7.8454638,-0.013622585,-1.3452563,5.6659355,-1.0977015,ACC_0805
-0.6874846,8.042231,5.358927,-1.9162802,5.6855125,-1.4824659,7.4227324,-2.5073483,-3.5356188,-1.3069899,5.2246284,8.809349,-0.014350175,-1.4270781,6.0168395,-1.1634257,ACC_0806
-0.61492926,7.5195785,5.1281786,-1.684274,5.327675,-1.2591426,6.7672133,-2.5386093,-3.1809819,-1.2945017,4.826862,8.198807,-0.015236398,-1.4209989,5.8833947,-0.9176705,ACC_0807
-0.9451169,6.661486,4.9163027,-1.7715223,4.562002,-1.3030922,6.281838,-1.9912635,-2.9212341,-0.9573114,4.320001,7.4449143,-0.013272343,-1.299826,5.4545217,-1.0512477,ACC_0808
-0.69453377,7.4761176,4.9304447,-1.708989,5.342989,-1.2255585,6.8846555,-2.5505927,-3.093433,-1.2981856,4.767955,8.045442,-0.014943684,-1.4383588,5.901583,-0.878254,ACC_0809
-1.0298113,7.093937,5.037687,-1.9472648,4.846805,-1.4644078,6.735625,-1.9806421,-3.113051,-0.9906953,4.543924,7.8426566,-0.012498917,-1.2833713,5.548125,-1.155763,ACC_0810
-0.7611238,7.5862765,5.0683784,-1.7906742,5.3643336,-1.4187673,7.187717,-2.3699625,-3.3270116,-1.239972,4.9319825,8.296883,-0.013664749,-1.4002962,5.8120522,-1.0737926,ACC_0811
-0.6959035,7.572701,5.147944,-1.7035999,5.34211,-1.3275808,6.900164,-2.535146,-3.20525,-1.3034632,4.807786,8.2423725,-0.014925638,-1.4088541,5.901829,-0.9238659,ACC_0812
-0.9439675,6.94158,5.0135584,-1.8392785,4.7440834,-1.3190573,6.437692,-2.0736122,-2.992343,-1.011528,4.4207354,7.667025,-0.013437229,-1.3117082,5.5872483,-1.0255656,ACC_0813
-0.89152026,7.30831,5.1353426,-1.9653343,5.0399337,-1.4027289,6.825786,-2.1087265,-3.2370381,-1.0407293,4.7256737,8.057783,-0.013547845,-1.3449079,5.7060847,-1.1710479,ACC_0814
-0.63412386,7.943561,5.281911,-1.8468872,5.581811,-1.4563016,7.3470883,-2.4198887,-3.530737,-1.2932724,5.1855135,8.698434,-0.014280001,-1.4158278,5.919147,-1.1712456,ACC_0815
-0.62273693,7.5890765,5.209298,-1.7059157,5.3591533,-1.3057017,6.897285,-2.5128484,-3.2580667,-1.2900482,4.913933,8.321388,-0.015241256,-1.4272827,5.9063487,-0.9838599,ACC_0816
-0.7265779,7.6801,5.1662836,-1.7870454,5.4068575,-1.4455868,7.2168717,-2.3947139,-3.3864403,-1.2643582,4.982201,8.425436,-0.013944479,-1.3999183,5.8453803,-1.0987396,ACC_0817
-0.6806076,7.5447183,5.07111,-1.764034,5.3693585,-1.2516944,6.885084,-2.5490816,-3.1747117,-1.2775738,4.866738,8.231781,-0.014742428,-1.4250132,5.9170375,-0.95157695,ACC_0818
-0.71327376,7.8201194,5.2013297,-1.8628564,5.531214,-1.388853,7.2561526,-2.4886053,-3.3772109,-1.2885998,5.067434,8.552218,-0.014199726,-1.4252925,5.962134,-1.0873469,ACC_0819
-0.7664383,7.341849,4.849562,-1.7322695,5.203717,-1.2406807,6.923456,-2.4202714,-3.0869398,-1.239899,4.738371,7.988502,-0.013822243,-1.4063503,5.795466,-0.9536997,ACC_0820
-0.7626958,7.7285,5.051869,-1.836736,5.482651,-1.4035347,7.2403893,-2.4488804,-3.321285,-1.2766652,4.9637704,8.3652725,-0.0138432225,-1.4081798,5.88641,-1.0450149,ACC_0821
-0.93481845,7.2173977,5.184783,-1.955095,4.9454823,-1.3929633,6.6956697,-2.1044707,-3.164585,-1.0239055,4.648821,8.012849,-0.013433603,-1.3276328,5.6923294,-1.1385293,ACC_0822
-0.5776185,7.8582344,5.1841674,-1.7680848,5.556349,-1.3675112,7.1443124,-2.50916,-3.4171073,-1.331782,5.042138,8.509679,-0.014888583,-1.4268694,5.9277987,-1.0325528,ACC_0823
-0.72719705,7.4637704,5.0414243,-1.7347925,5.2715874,-1.3336276,6.9357224,-2.4311264,-3.2050087,-1.2543871,4.809436,8.177301,-0.014021317,-1.3931261,5.8056207,-0.9933541,ACC_0824
-0.9431761,7.734218,5.3612514,-2.0915577,5.34277,-1.6212205,7.2551312,-2.1222298,-3.4610727,-1.0836246,4.9717083,8.47003,-0.01358378,-1.3466486,5.808466,-1.298111,ACC_0825
-0.9533125,6.399739,4.8409834,-1.6885123,4.323308,-1.2140563,6.0071397,-1.9286196,-2.775619,-0.91930336,4.1605964,7.212195,-0.013122629,-1.277688,5.3596334,-0.99498093,ACC_0826
-0.5801056,7.8177114,5.253049,-1.7815812,5.473203,-1.3726429,7.1776376,-2.4138386,-3.4625108,-1.2897795,5.1155663,8.589291,-0.014562111,-1.4201541,5.891936,-1.1268895,ACC_0827
-0.7087994,7.3393855,4.962057,-1.681275,5.198416,-1.2161821,6.77741,-2.4784412,-3.0676389,-1.2575754,4.7316756,8.001973,-0.014648207,-1.4183193,5.836258,-0.90756047,ACC_0828
-0.6285978,7.8735785,5.3631315,-1.803261,5.557108,-1.4411968,7.207527,-2.5063136,-3.466087,-1.3089085,5.1114144,8.652676,-0.014936167,-1.4276733,5.96555,-1.1022211,ACC_0829
-0.643806,7.836043,5.385644,-1.7657005,5.4645543,-1.4835056,7.059065,-2.467059,-3.4591768,-1.306371,5.001735,8.618357,-0.01447265,-1.3721133,5.875237,-1.070492,ACC_0830
-0.74163157,7.629087,5.1686935,-1.8109295,5.397811,-1.3304583,7.044893,-2.5061593,-3.2367754,-1.2709894,4.9331365,8.368206,-0.014408325,-1.4211468,5.938597,-1.0136557,ACC_0831
-0.8946345,6.633691,4.9278193,-1.7094053,4.5034914,-1.2400197,6.0861907,-2.0244658,-2.8607006,-0.9798065,4.2316756,7.37973,-0.013622375,-1.288134,5.451068,-0.9575751,ACC_0832
-0.91671467,7.0385957,5.041577,-1.8562934,4.8318734,-1.3424193,6.555022,-2.087942,-3.0605912,-1.0246006,4.5126963,7.755593,-0.013750356,-1.332746,5.625735,-1.06988,ACC_0833
-0.7682795,7.491429,4.99547,-1.7736303,5.273387,-1.3553243,7.0316806,-2.3680315,-3.2315073,-1.2339154,4.841708,8.191723,-0.013439878,-1.3820432,5.776685,-1.0309862,ACC_0834
-0.9411593,6.8964562,5.007274,-1.8501357,4.7283382,-1.2366723,6.311093,-2.1236782,-2.8865361,-1.0093514,4.3999605,7.607742,-0.013862819,-1.3323823,5.632541,-0.98254085,ACC_0835
-0.9960073,7.0600886,5.032033,-1.9422358,4.8179874,-1.4200082,6.706756,-1.9769182,-3.1185024,-0.9803686,4.5642138,7.8469787,-0.012569385,-1.2915269,5.5483656,-1.1735599,ACC_0836
-0.8795343,7.04595,5.119323,-1.8575091,4.8216605,-1.325731,6.4845834,-2.09331,-3.0742183,-1.0180203,4.5477114,7.816257,-0.013979798,-1.3328228,5.6324925,-1.087828,ACC_0837
-0.79827315,6.822839,5.0060267,-1.6756871,4.5983844,-1.3223343,6.341484,-1.9522069,-3.074132,-1.0056423,4.412938,7.5737925,-0.014057463,-1.3083621,5.449816,-1.07868,ACC_0838
-0.5855373,7.5806227,5.176396,-1.6544327,5.335384,-1.2964278,6.8127656,-2.5183268,-3.2546024,-1.3086677,4.852077,8.264037,-0.015307242,-1.4132843,5.873732,-0.93613243,ACC_0839
-0.596569,7.6798477,5.2592187,-1.7211472,5.383688,-1.3897713,7.017732,-2.4348178,-3.4036531,-1.2838267,4.989428,8.464461,-0.014692793,-1.4008726,5.8447423,-1.0749562,ACC_0840
-0.62722826,7.5676036,5.2058973,-1.6732671,5.3281965,-1.3573116,6.9084716,-2.4762466,-3.2906985,-1.2908887,4.8766866,8.298815,-0.015053034,-1.4094961,5.8537593,-0.99073875,ACC_0841
-1.0079567,7.3386865,5.204432,-2.044078,5.0353103,-1.4540101,6.904287,-2.0925848,-3.2130497,-1.0196207,4.732246,8.139498,-0.013012789,-1.3251982,5.728002,-1.2008414,ACC_0842
-0.7688228,7.5116634,4.950689,-1.7850968,5.324172,-1.3402978,7.1130195,-2.3880386,-3.239571,-1.2380021,4.8688617,8.174686,-0.013552875,-1.4050475,5.812227,-1.0218319,ACC_0843
-0.84460306,7.009611,5.1775904,-1.8226644,4.77581,-1.3268915,6.3559346,-2.0947213,-3.0762222,-1.0170528,4.509132,7.814859,-0.014047432,-1.3146343,5.6008525,-1.0661271,ACC_0844
-0.904685,6.8242145,4.955219,-1.7789079,4.6737456,-1.2375692,6.2966027,-2.104468,-2.9151688,-1.0068742,4.3775573,7.528663,-0.014123492,-1.3323575,5.5893407,-0.9941226,ACC_0845
-0.87352747,7.5820904,5.4742866,-2.025004,5.157734,-1.5775656,6.9002786,-2.073632,-3.4217243,-1.0532906,4.8763876,8.438627,-0.013480202,-1.2977055,5.705279,-1.2647223,ACC_0846
-1.0481356,6.9631295,4.9746184,-1.9549897,4.7844806,-1.3267393,6.6005573,-2.061067,-2.9761612,-0.9807285,4.476957,7.7259846,-0.012702537,-1.3158764,5.6230817,-1.0832334,ACC_0847
-0.97974956,6.949885,4.9687147,-1.9145343,4.755045,-1.3958057,6.617801,-1.9488952,-3.0890899,-0.9617069,4.5234556,7.746673,-0.012403842,-1.2878323,5.4937196,-1.1683221,ACC_0848
-0.7009621,7.4450192,4.9687715,-1.711184,5.2626734,-1.2514614,6.8528013,-2.4650824,-3.1267915,-1.2714332,4.7672195,8.084974,-0.014337101,-1.4079118,5.8307395,-0.9244931,ACC_0849
-0.7534776,7.4287963,4.966772,-1.7291434,5.2393513,-1.3276211,6.93597,-2.4160566,-3.175067,-1.2538718,4.7522893,8.108055,-0.013737578,-1.3819695,5.776951,-0.97301114,ACC_0850
-0.5445254,6.68704,4.3241215,-1.3963029,4.8998785,-1.018062,6.2241864,-2.4003692,-2.845397,-1.2272092,4.4926553,7.360065,-0.014327226,-1.4076138,5.4916525,-0.7905081,ACC_0851
-0.72049105,7.406219,5.0032735,-1.7297307,5.2579293,-1.2481602,6.8326373,-2.4871082,-3.106317,-1.2560817,4.7792826,8.091361,-0.014456184,-1.4150803,5.851643,-0.9371506,ACC_0852
-0.6780235,7.9950976,5.3048778,-1.8680464,5.646567,-1.5070945,7.4386744,-2.4535086,-3.548719,-1.3028693,5.1938257,8.724863,-0.01434346,-1.4222039,5.9567904,-1.1644226,ACC_0853
-0.68506247,7.0300593,4.8843927,-1.566108,4.967149,-1.132588,6.4410424,-2.4437354,-2.9102068,-1.2250729,4.5436845,7.712588,-0.014868945,-1.4026316,5.7275214,-0.83016574,ACC_0854
-0.9000854,7.4213214,5.266959,-1.9920622,5.05266,-1.5685104,6.980349,-1.9535902,-3.3881364,-1.0167701,4.838265,8.242525,-0.013035734,-1.2992883,5.5934052,-1.3189566,ACC_0855
-0.96395206,7.2637362,5.1158843,-2.0065627,4.9923477,-1.4379112,6.8203087,-2.0502775,-3.1989818,-1.0106199,4.6916633,8.034204,-0.012863434,-1.3121494,5.645531,-1.1923631,ACC_0856
-0.68142575,7.4098973,4.954057,-1.6911324,5.2419605,-1.210152,6.826391,-2.4714117,-3.0973444,-1.2704225,4.770815,8.045612,-0.014657982,-1.4238061,5.8456635,-0.9150157,ACC_0857
-0.71896225,7.064774,4.938902,-1.5671492,4.967719,-1.2369384,6.553282,-2.390992,-2.9951673,-1.2213608,4.554041,7.784191,-0.014473978,-1.3809401,5.685501,-0.88284045,ACC_0858
-0.87589884,7.3263326,5.0511155,-1.9729847,5.0314865,-1.4115999,6.8909135,-2.014284,-3.2646446,-1.0271792,4.7643466,8.041672,-0.013117474,-1.3313775,5.631264,-1.2213639,ACC_0859
-0.61466837,7.57439,5.2920284,-1.6843177,5.3010993,-1.3966548,6.951875,-2.4135625,-3.3647904,-1.267128,4.945588,8.401347,-0.014861165,-1.4003215,5.8220124,-1.0722225,ACC_0860
-0.7010217,7.775502,5.1551766,-1.8171139,5.4554787,-1.4163897,7.17921,-2.414178,-3.3800588,-1.2806829,5.0099006,8.479731,-0.013911021,-1.3898164,5.857948,-1.0906761,ACC_0861
-0.72796416,7.5654206,5.0558295,-1.7863255,5.3467436,-1.33651,7.0846467,-2.428162,-3.2610257,-1.2557667,4.913655,8.289082,-0.013965503,-1.4095451,5.8525214,-1.0461192,ACC_0862
-0.78659105,6.382856,4.2563787,-1.6067584,4.564365,-1.0688182,6.0477405,-2.0590944,-2.8006814,-1.000004,4.276846,7.0243325,-0.013314104,-1.3415195,5.33042,-0.9250393,ACC_0863
-0.90973055,7.241813,5.204298,-1.9355551,4.9345074,-1.4738125,6.7422132,-2.0202982,-3.248446,-1.0170473,4.6672163,8.052652,-0.013147349,-1.2961674,5.596948,-1.1954901,ACC_0864
-0.7002543,6.9351516,4.837358,-1.5363008,4.8520865,-1.1555223,6.4397483,-2.3345978,-2.9196744,-1.1979935,4.498627,7.6507616,-0.014282424,-1.3766881,5.625423,-0.86764246,ACC_0865
-0.68854976,7.888673,5.2233553,-1.8697879,5.561328,-1.4597454,7.307262,-2.4253294,-3.4726324,-1.2775466,5.123876,8.61807,-0.014000319,-1.4004498,5.8920817,-1.1498652,ACC_0866
-0.93811524,7.017339,5.0031633,-1.8884764,4.8444505,-1.2650679,6.465734,-2.1559043,-2.9543128,-1.0275463,4.479799,7.698322,-0.013933651,-1.3475392,5.682324,-1.0104573,ACC_0867
-1.0225328,7.1684384,5.023141,-1.9807975,4.9190855,-1.4429404,6.852198,-2.007641,-3.14258,-1.0000811,4.6204743,7.904201,-0.012666691,-1.3111854,5.610393,-1.1815077,ACC_0868
-0.69212806,8.04674,5.3700747,-1.8791978,5.639002,-1.5495509,7.39993,-2.4325025,-3.560781,-1.304187,5.1927743,8.788471,-0.014196442,-1.3934765,5.9302573,-1.1801445,ACC_0869
-0.906022,7.4223895,5.310903,-1.974088,5.060619,-1.5509073,6.9769235,-2.0152218,-3.3733082,-1.0354939,4.8184295,8.248435,-0.013420844,-1.3217442,5.6636887,-1.2794075,ACC_0870
-0.9413234,7.0007753,5.0217876,-1.9008795,4.771445,-1.3976678,6.654485,-1.944572,-3.1391973,-0.9712434,4.5717854,7.81486,-0.012659828,-1.2980858,5.5139527,-1.1899647,ACC_0871
-0.8068551,7.2152505,4.9808545,-1.8800156,5.0464463,-1.3669755,6.70521,-2.1231277,-3.233305,-1.0612209,4.724167,7.9901147,-0.013615992,-1.3472728,5.6298766,-1.1373498,ACC_0872
-0.9199543,7.2206373,5.1748176,-1.9240079,4.934458,-1.478011,6.654247,-2.045439,-3.2002559,-1.0270298,4.5923305,7.982582,-0.013079453,-1.2798356,5.5769134,-1.1344885,ACC_0873
-0.5600385,7.6709404,5.242085,-1.6808698,5.3569884,-1.3397213,6.8873954,-2.4590526,-3.3583422,-1.3018557,4.9345818,8.407272,-0.014933508,-1.3967553,5.8457694,-1.0074298,ACC_0874
-0.88331807,7.52243,4.9416256,-1.8751198,5.365267,-1.2642614,7.0489564,-2.526723,-3.0620813,-1.253189,4.8024416,8.154355,-0.013587883,-1.4196441,5.948915,-0.9286059,ACC_0875
-0.6591889,7.3407264,5.050088,-1.6468679,5.174483,-1.2509416,6.7187114,-2.4531367,-3.1225283,-1.2568902,4.741866,8.053726,-0.014798403,-1.4048722,5.7964053,-0.9301888,ACC_0876
-0.727069,7.582829,5.1489396,-1.7832779,5.348948,-1.3955528,7.080525,-2.4238677,-3.3129687,-1.2529116,4.924835,8.360535,-0.013955075,-1.3954167,5.8377814,-1.0727426,ACC_0877
-0.73806226,7.89057,5.1474404,-1.8907986,5.607643,-1.4187042,7.357224,-2.4848397,-3.3974438,-1.293909,5.0882816,8.541743,-0.014061373,-1.4291433,5.967104,-1.0791878,ACC_0878
-0.9411795,6.76875,4.8569465,-1.7972885,4.6529484,-1.3163198,6.372686,-2.0222137,-2.9679427,-0.98475033,4.3211036,7.485886,-0.012884343,-1.2877629,5.469317,-1.0185537,ACC_0879
-0.7427127,7.4720635,5.1139016,-1.7557662,5.266394,-1.3394197,6.885452,-2.4505775,-3.1948228,-1.2495024,4.8067656,8.227618,-0.0140089225,-1.3845745,5.8213916,-0.9911207,ACC_0880
-0.6568425,7.660315,5.1973863,-1.7365091,5.4087024,-1.3268453,6.978942,-2.5264242,-3.2727637,-1.3017906,4.9242144,8.360451,-0.015020524,-1.425036,5.9333653,-0.97900355,ACC_0881
-0.68003875,7.682936,5.2180624,-1.7330372,5.424112,-1.3778158,7.024203,-2.5240514,-3.2945504,-1.3100141,4.908008,8.374555,-0.014939003,-1.4177787,5.9269633,-0.9787656,ACC_0882
-0.6540169,7.667408,5.340557,-1.7315996,5.393043,-1.3714412,6.959048,-2.5188951,-3.3105707,-1.29328,4.957437,8.452164,-0.0152261,-1.4211956,5.9402785,-1.0128609,ACC_0883
-0.94909877,6.6641088,4.7911487,-1.8040345,4.563761,-1.2047923,6.22207,-2.009008,-2.8340793,-0.96402544,4.274222,7.3722234,-0.012871219,-1.2968092,5.4679165,-0.9792839,ACC_0884
-0.8807756,7.0298257,5.15563,-1.8816744,4.813267,-1.392779,6.5521264,-2.0315788,-3.1616857,-0.9883212,4.59581,7.8904734,-0.013452787,-1.3130205,5.5698223,-1.1734805,ACC_0885
-0.6851408,7.688274,5.1497707,-1.8196932,5.4450126,-1.3932569,7.1755223,-2.4310865,-3.3822894,-1.2603592,5.0276766,8.456016,-0.013994529,-1.4106811,5.867496,-1.1114315,ACC_0886
-0.7726055,7.5410566,5.078071,-1.8062983,5.33163,-1.3631555,7.102571,-2.4160767,-3.2661648,-1.2363533,4.9095225,8.29476,-0.013680939,-1.4026879,5.8487535,-1.0563409,ACC_0887
-0.6816843,7.5723643,5.267131,-1.7110445,5.242882,-1.4882141,7.093555,-2.2859948,-3.4449344,-1.2330171,4.9633946,8.447684,-0.013799608,-1.3598285,5.7261863,-1.1689001,ACC_0888
-0.99662185,7.12071,5.0396423,-1.9959955,4.9093027,-1.3426627,6.7079253,-2.088637,-3.072747,-0.9985614,4.6033826,7.8897023,-0.012915464,-1.3313445,5.6757574,-1.1292367,ACC_0889
-0.93866193,7.022873,4.9126787,-1.9060093,4.8184876,-1.270695,6.5768886,-2.0637755,-3.0190973,-1.0079908,4.5120754,7.7153873,-0.013072129,-1.327227,5.617517,-1.0638193,ACC_0890
-0.93206435,7.158966,5.073352,-1.9325784,4.9067187,-1.3989245,6.764033,-2.032129,-3.180427,-1.0103527,4.64238,7.9304194,-0.013104839,-1.3267927,5.6271915,-1.1710024,ACC_0891
-0.55668813,7.836492,5.1132164,-1.8007315,5.5318036,-1.3450941,7.23898,-2.412741,-3.4617128,-1.2964251,5.1286817,8.531083,-0.0143915005,-1.4302826,5.874925,-1.1263813,ACC_0892
-0.9014675,6.7099013,4.8351355,-1.7722703,4.548728,-1.323855,6.4545712,-1.8566723,-3.0407374,-0.944234,4.3992476,7.501854,-0.012535328,-1.2847333,5.3669276,-1.143509,ACC_0893
-1.0100297,6.968634,4.8949223,-1.9961281,4.8454804,-1.3288532,6.661811,-2.0351772,-3.0250463,-0.96300495,4.545954,7.7354536,-0.012378342,-1.3196855,5.5810413,-1.1426027,ACC_0894
-0.7097312,7.396039,5.049692,-1.6877141,5.2038097,-1.3828818,6.9499793,-2.3594635,-3.2652307,-1.2363542,4.808923,8.161428,-0.013892459,-1.3794574,5.7279553,-1.0469884,ACC_0895
-0.77989984,7.007237,4.8341293,-1.5920296,4.942631,-1.1879274,6.535725,-2.4064126,-2.8953948,-1.215147,4.490409,7.676726,-0.014210144,-1.3842933,5.699305,-0.8368369,ACC_0896
-0.8889786,7.1920285,5.0894938,-1.9362323,4.952177,-1.3420377,6.630031,-2.1297703,-3.144231,-1.0329533,4.612943,7.9366145,-0.0134481285,-1.3257113,5.6731267,-1.097128,ACC_0897
-0.69508773,7.6663513,5.130229,-1.8047272,5.4118447,-1.3530458,7.130508,-2.4426582,-3.3207088,-1.2689229,4.983951,8.405083,-0.014161675,-1.4149884,5.884216,-1.0698254,ACC_0898
-0.9359873,7.245806,5.0958376,-1.963794,4.934025,-1.4625071,6.878512,-1.9503138,-3.2524629,-0.9991232,4.722455,8.024964,-0.012786883,-1.3065194,5.576479,-1.2531493,ACC_0899
-0.9033642,6.634724,4.812452,-1.7191248,4.5125303,-1.222873,6.215318,-1.9748167,-2.8616433,-0.9755549,4.2643437,7.3313785,-0.013457292,-1.306019,5.4386916,-0.99104726,ACC_0900
-1.0478058,6.532429,4.7753205,-1.8085699,4.431689,-1.1839889,6.195269,-1.9588665,-2.7285223,-0.93000996,4.2094526,7.279309,-0.012609228,-1.29508,5.457135,-0.9830092,ACC_0901
-0.6967424,7.738506,5.10449,-1.8210688,5.4621863,-1.3287493,7.1294847,-2.48706,-3.3010736,-1.2929885,4.970762,8.4150305,-0.014188887,-1.4159718,5.922871,-1.0237696,ACC_0902
-0.71643656,7.3517275,5.068989,-1.6902181,5.1934056,-1.2394799,6.740044,-2.489788,-3.0785646,-1.2525228,4.747363,8.07203,-0.0147619005,-1.4133184,5.853602,-0.9182192,ACC_0903
-0.99536693,7.199035,5.047249,-2.0017965,4.9561543,-1.4168495,6.8548236,-2.0367951,-3.162599,-1.0008061,4.6690373,7.9591002,-0.012784069,-1.3248591,5.6467123,-1.1931005,ACC_0904
-0.7157955,7.237824,4.863429,-1.6500821,5.1578636,-1.1401253,6.617437,-2.5390666,-2.9332113,-1.268119,4.6103163,7.823296,-0.01493383,-1.423959,5.842991,-0.80409414,ACC_0905
-0.6849176,7.3526483,5.172189,-1.6615099,5.1559277,-1.2997981,6.667093,-2.4665782,-3.1467235,-1.2497389,4.7285175,8.140996,-0.014675165,-1.3799348,5.7942433,-0.9422014,ACC_0906
-0.835149,7.081039,5.1987944,-1.8432035,4.790875,-1.4400896,6.635301,-1.9419887,-3.2603881,-0.9926903,4.6440387,7.962667,-0.013370183,-1.3036273,5.517777,-1.2292116,ACC_0907
-0.72225225,7.436922,5.018107,-1.7180536,5.2491045,-1.3087636,6.944266,-2.426862,-3.1934319,-1.2516613,4.813771,8.147372,-0.014172876,-1.4029263,5.813762,-0.9941907,ACC_0908
-0.73713255,7.6377997,5.028224,-1.8142958,5.408779,-1.3192079,7.108891,-2.4657621,-3.2458696,-1.2743843,4.919765,8.30484,-0.013933261,-1.4152707,5.8943586,-1.0132107,ACC_0909
-0.82289773,7.0418143,4.8287873,-1.7113082,4.989643,-1.1709739,6.5961914,-2.3928618,-2.8967505,-1.1796687,4.576714,7.7740617,-0.0135063445,-1.3831849,5.716795,-0.9023994,ACC_0910
-0.5425253,7.238017,4.7476187,-1.5787911,5.232977,-1.1499714,6.65659,-2.4862266,-3.1103883,-1.2752943,4.795936,7.9354925,-0.014924282,-1.434424,5.734931,-0.9131063,ACC_0911
-0.67768836,7.7451115,5.1941767,-1.8022904,5.475156,-1.349609,7.1308436,-2.505875,-3.3303432,-1.2941228,5.011905,8.462981,-0.014655663,-1.4295036,5.952375,-1.0411521,ACC_0912
-0.79900795,7.4752584,5.0063696,-1.808846,5.294266,-1.2939469,6.9940104,-2.4578362,-3.1444335,-1.2417318,4.828746,8.188126,-0.013755254,-1.4050121,5.866426,-0.9925332,ACC_0913
-0.71954757,7.5860653,5.2803507,-1.743942,5.3074937,-1.4216269,6.999253,-2.429802,-3.3226037,-1.259636,4.907871,8.40851,-0.014290238,-1.3862187,5.848331,-1.0567837,ACC_0914
-0.7733817,7.2382064,4.852563,-1.6555145,5.1448607,-1.1853629,6.688329,-2.5195227,-2.945675,-1.2646599,4.5891027,7.8204284,-0.014576072,-1.4124146,5.8353524,-0.8114732,ACC_0915
-0.93940043,7.201487,5.193598,-2.0012112,4.9380374,-1.3694005,6.7125287,-2.093789,-3.178393,-0.99520576,4.7085924,8.066631,-0.013224408,-1.32914,5.696705,-1.1956627,ACC_0916
-0.704592,7.303144,5.0478916,-1.6467098,5.1319947,-1.2873615,6.707004,-2.4305513,-3.1176152,-1.2463455,4.693081,8.031372,-0.014388756,-1.3829163,5.762309,-0.9293698,ACC_0917
-0.6103791,7.579212,5.198751,-1.7143185,5.363302,-1.2279931,6.8229527,-2.5772123,-3.1944935,-1.2958319,4.905837,8.29936,-0.01562278,-1.4425036,5.9616914,-0.9435799,ACC_0918
-0.9290339,6.9985127,4.991964,-1.8622869,4.791376,-1.3841408,6.618528,-2.0025156,-3.1077018,-1.0015414,4.5073643,7.747041,-0.0130171105,-1.3078971,5.540829,-1.117814,ACC_0919
-1.0121056,6.824648,4.7879505,-1.889275,4.7131343,-1.2528263,6.499943,-2.047289,-2.8914409,-0.9811414,4.3776116,7.4987874,-0.01281849,-1.3222439,5.5607405,-1.0268881,ACC_0920
-0.6116105,6.75715,4.037448,-1.4854252,5.034263,-1.0126315,6.5138307,-2.4046128,-2.925738,-1.2328417,4.610725,7.368362,-0.013259228,-1.422404,5.500176,-0.8539145,ACC_0921
-0.67078227,7.259846,4.955649,-1.6615833,5.144567,-1.1729056,6.639195,-2.4725807,-3.030757,-1.2431729,4.7056065,7.9484124,-0.014735962,-1.4142183,5.80267,-0.89629185,ACC_0922
-0.66534436,7.2619824,4.948523,-1.6197813,5.150235,-1.2122868,6.679568,-2.4711623,-3.0550985,-1.2592831,4.6805115,7.918184,-0.014927175,-1.4153057,5.7900553,-0.88566667,ACC_0923
-0.93110013,7.3175225,5.1728063,-2.009786,5.030674,-1.4385034,6.8569264,-2.0655828,-3.2463467,-1.0189972,4.749624,8.113122,-0.013099256,-1.3273289,5.6804347,-1.214295,ACC_0924
-0.71948487,7.070705,4.525367,-1.6394137,5.1389647,-1.1600786,6.747539,-2.4199715,-2.9966543,-1.2281739,4.673252,7.7390313,-0.013539647,-1.4113002,5.66676,-0.91210914,ACC_0925
-0.71424645,7.449793,5.119981,-1.6975927,5.2406487,-1.3486482,6.909817,-2.4339068,-3.2192717,-1.2571391,4.8095365,8.198728,-0.014394189,-1.3953451,5.814442,-0.9959384,ACC_0926
-0.80986977,7.1005354,4.811383,-1.6333988,5.0767097,-1.1160508,6.4523473,-2.6004674,-2.7801838,-1.2644712,4.441025,7.646457,-0.014826528,-1.4095672,5.851302,-0.69512707,ACC_0927
-0.6793495,7.9154267,5.197116,-1.8399189,5.6016607,-1.412402,7.3223996,-2.5143776,-3.435387,-1.3209404,5.0899725,8.587784,-0.014443247,-1.4306554,5.984195,-1.0725164,ACC_0928
-0.7373273,7.3855233,4.913879,-1.7071806,5.2315936,-1.2891167,6.9109435,-2.4292328,-3.136038,-1.2564142,4.738692,8.032378,-0.014011854,-1.3986585,5.785272,-0.950037,ACC_0929
-0.6338954,7.5895467,5.125533,-1.7235845,5.3999825,-1.2274266,6.8177023,-2.6063533,-3.1576712,-1.3099439,4.8585753,8.23605,-0.015441766,-1.440927,5.9666123,-0.8950533,ACC_0930
-0.8809475,6.8161206,5.005271,-1.7755479,4.6423235,-1.3117689,6.333723,-2.006912,-3.0079043,-0.98598707,4.4053164,7.5964627,-0.013562118,-1.3043966,5.4950423,-1.065403,ACC_0931
-0.646568,7.33169,5.096347,-1.6218952,5.1635103,-1.2438177,6.6788745,-2.4733722,-3.1143603,-1.2621953,4.7408595,8.054631,-0.015160384,-1.412317,5.8189754,-0.91540384,ACC_0932
-1.001017,7.428847,5.1588554,-2.0745142,5.1137524,-1.4466239,6.9824843,-2.0959134,-3.2235813,-1.0337135,4.7826796,8.165157,-0.012988509,-1.3362076,5.752384,-1.2024758,ACC_0933
-0.6606617,7.617267,5.4153285,-1.713523,5.3066144,-1.4662366,7.0139318,-2.4032283,-3.4171977,-1.2566767,4.984377,8.521971,-0.014683445,-1.3885658,5.8392053,-1.1180944,ACC_0934
-0.69176716,7.424804,4.7319365,-1.7252539,5.3612366,-1.2399484,7.0182705,-2.4646125,-3.1887982,-1.273768,4.8845444,8.094469,-0.013862854,-1.4301559,5.800014,-0.98471236,ACC_0935
-0.6741369,7.4759035,5.244187,-1.6662455,5.1942253,-1.4761622,6.96816,-2.3154073,-3.389799,-1.2383916,4.8610835,8.338494,-0.013946561,-1.3540506,5.700165,-1.1085247,ACC_0936
-0.66191596,7.420683,5.1144104,-1.6462634,5.220611,-1.2765453,6.732655,-2.4969592,-3.1467779,-1.2803724,4.7448983,8.118886,-0.015011094,-1.4023103,5.8377337,-0.9074687,ACC_0937
-0.8899045,7.0528646,5.093242,-1.8763875,4.8139086,-1.3487104,6.550369,-2.0371568,-3.1082892,-1.0065018,4.562487,7.8381023,-0.013455852,-1.3197187,5.592045,-1.1205145,ACC_0938
-0.9764471,7.2249637,5.1397743,-1.9832512,4.9560947,-1.4642762,6.845426,-2.0261738,-3.2109456,-1.005028,4.6828427,8.022795,-0.012919089,-1.316297,5.6343436,-1.2107654,ACC_0939
-0.6590264,7.4753404,5.138921,-1.6932082,5.2665777,-1.3308071,6.8763576,-2.4502041,-3.2509117,-1.2608838,4.846344,8.236315,-0.014619354,-1.3987827,5.816585,-1.0065241,ACC_0940
-0.7256659,7.2884326,4.8858643,-1.7165551,5.177392,-1.2017096,6.7869782,-2.4421017,-3.0529718,-1.2322947,4.7301197,7.966398,-0.014142621,-1.4104258,5.793409,-0.93747187,ACC_0941
-0.56087357,7.2150292,4.473814,-1.6149007,5.3309593,-1.0909392,6.6979556,-2.5470128,-3.0564911,-1.2880075,4.820846,7.854262,-0.0144386925,-1.4519646,5.740378,-0.8843226,ACC_0942
-0.9650332,7.0278687,5.0535893,-1.8931032,4.791525,-1.4032487,6.613032,-2.0035937,-3.0987096,-0.99654406,4.510526,7.8035607,-0.012859989,-1.2950811,5.5532775,-1.120885,ACC_0943
-0.74770606,7.0828295,4.8174725,-1.6344162,5.0096517,-1.1860315,6.6061683,-2.4006732,-2.9615476,-1.2119828,4.573237,7.7611256,-0.013982166,-1.3858327,5.701703,-0.8843395,ACC_0944
0.23859134,1.8528268,0.296408,-0.035259273,1.6959026,0.5406272,1.5691156,-1.5621626,-0.84576225,-0.52475846,1.982137,1.3584485,-0.004489892,-0.8256359,1.7184465,0.32388672,ACC_0945
-0.6132982,7.2237196,4.6178946,-1.6300907,5.218992,-1.1769589,6.7727013,-2.4129057,-3.107773,-1.2535632,4.7820067,7.8833957,-0.013911861,-1.4182346,5.682733,-0.9480655,ACC_0946
-0.8628895,7.2031746,5.191998,-1.878232,4.965756,-1.3599985,6.5301633,-2.191676,-3.1139848,-1.0636237,4.5778227,7.9193616,-0.014381679,-1.3425074,5.7145514,-1.0435958,ACC_0947
-0.61926013,7.599149,5.2946925,-1.7063389,5.3870955,-1.4177338,6.9498024,-2.4907544,-3.3593054,-1.279977,4.9430685,8.400527,-0.015060857,-1.409897,5.85761,-1.0485317,ACC_0948
-0.6358782,7.772476,5.23602,-1.786391,5.4286795,-1.4450784,7.231026,-2.3425605,-3.4866033,-1.2628819,5.095901,8.562658,-0.014044526,-1.3953041,5.8203015,-1.1710757,ACC_0949
-1.0591137,6.848198,4.7911615,-1.9327198,4.7073326,-1.3179245,6.6069016,-1.9572685,-2.9370403,-0.9560625,4.4212213,7.557899,-0.012073663,-1.2988023,5.503,-1.0970749,ACC_0950
-0.8064752,7.3326764,4.9204698,-1.7447995,5.2150187,-1.2598435,6.867207,-2.4694996,-3.0433826,-1.2426264,4.707909,7.993343,-0.013989138,-1.4075049,5.8336387,-0.9198942,ACC_0951
-0.7599942,8.070546,5.406019,-1.9614987,5.7223086,-1.4755709,7.444199,-2.5813665,-3.4691567,-1.3192619,5.201821,8.836016,-0.014477944,-1.4405259,6.106765,-1.1203905,ACC_0952
-0.813576,7.103308,4.817787,-1.634527,5.004063,-1.2296579,6.608701,-2.4243305,-2.9385934,-1.2288423,4.4866014,7.7426257,-0.013704122,-1.3622949,5.7035394,-0.8347523,ACC_0953
-0.73026705,7.389872,4.988669,-1.709803,5.1866665,-1.3484854,6.974189,-2.33598,-3.235351,-1.2281748,4.8031645,8.133748,-0.0135740945,-1.3791751,5.7268205,-1.0427785,ACC_0954
-0.6885306,7.9252095,5.2287517,-1.8927855,5.625924,-1.3656033,7.284471,-2.5449164,-3.3837402,-1.3118156,5.1229396,8.622304,-0.014547305,-1.4449626,6.0316715,-1.0695662,ACC_0955
-0.7929233,7.147514,4.787231,-1.6808099,5.081476,-1.1016413,6.5799947,-2.5171142,-2.8511539,-1.2389644,4.556363,7.741442,-0.014321929,-1.4122629,5.8312697,-0.79035187,ACC_0956
-0.591502,7.4931407,5.0871453,-1.6786796,5.283646,-1.3662537,6.971268,-2.363402,-3.3569155,-1.2518581,4.9154787,8.260982,-0.01433807,-1.3956542,5.735335,-1.0849732,ACC_0957
-0.6715546,7.4548793,5.0420947,-1.7058207,5.2857003,-1.214349,6.7850146,-2.5318956,-3.1081514,-1.2783718,4.7960153,8.118461,-0.014979343,-1.4272165,5.894505,-0.90564454,ACC_0958
-0.65493363,7.556041,5.05599,-1.7332445,5.373058,-1.2802058,6.9422736,-2.5049376,-3.2176208,-1.2832624,4.8862777,8.223288,-0.014775897,-1.429374,5.8877535,-0.97090864,ACC_0959
-0.8220762,7.4845157,5.012306,-1.8398376,5.31729,-1.1929163,6.869677,-2.5643923,-3.0058546,-1.259695,4.78603,8.14973,-0.014240475,-1.4265411,5.9699016,-0.8946091,ACC_0960
-1.0608929,7.141736,5.1815367,-2.0164647,4.884486,-1.4739376,6.788733,-2.019637,-3.1471844,-0.9752172,4.6315417,8.007249,-0.012521742,-1.2991036,5.630487,-1.2084903,ACC_0961
-0.6714899,7.213582,4.95013,-1.6216656,5.094161,-1.1887617,6.6388116,-2.4459684,-3.0389428,-1.2402055,4.6773653,7.909412,-0.014775328,-1.4088924,5.773598,-0.90033805,ACC_0962
-1.0651456,7.337209,5.1060586,-2.0832515,5.068152,-1.4490201,6.9516964,-2.0998504,-3.1499014,-1.019842,4.702584,8.06734,-0.012727058,-1.327398,5.732824,-1.1759906,ACC_0963
-0.68759686,7.3228326,5.073136,-1.6322498,5.0887766,-1.3033623,6.7624426,-2.3533273,-3.1698236,-1.2396572,4.72562,8.082765,-0.014196484,-1.3737023,5.724236,-0.97630453,ACC_0964
-0.8947141,7.80934,5.419652,-2.114384,5.371272,-1.5788008,7.233221,-2.137398,-3.4955616,-1.0864922,5.043838,8.578409,-0.013695614,-1.3505373,5.844982,-1.314022,ACC_0965
-0.906721,7.013844,4.991155,-1.872698,4.8035936,-1.3338476,6.5563397,-2.0317254,-3.0744803,-1.0076503,4.5105586,7.749123,-0.013172928,-1.314861,5.567703,-1.0903828,ACC_0966
-0.91526246,7.3120275,5.2391768,-1.9726231,5.0326667,-1.3966252,6.746177,-2.1559982,-3.1888947,-1.0441846,4.7138076,8.089973,-0.0139382845,-1.3511949,5.7592354,-1.144943,ACC_0967
-0.9081264,7.5408597,5.268925,-2.0649557,5.173091,-1.516914,7.0664597,-2.041342,-3.3820255,-1.0361078,4.914989,8.334786,-0.013218431,-1.3319647,5.7132926,-1.3050238,ACC_0968
-0.9732456,7.1149926,5.0193815,-1.9355583,4.8577614,-1.458718,6.8089356,-1.9352659,-3.1809258,-0.98552245,4.6225104,7.878489,-0.012602465,-1.2976656,5.528234,-1.2186897,ACC_0969
-0.8513449,7.2836866,5.247136,-1.9206071,4.961974,-1.4887997,6.785848,-1.9989449,-3.3270025,-1.0194068,4.742351,8.122993,-0.0133500295,-1.3082461,5.594018,-1.2435759,ACC_0970
-0.60565746,7.9260936,5.362668,-1.7966056,5.589592,-1.4016689,7.2069736,-2.546727,-3.454908,-1.3296754,5.1256957,8.6667,-0.015292639,-1.4417981,6.0153317,-1.0716447,ACC_0971
-0.9607785,7.22335,5.092475,-1.9490721,4.964198,-1.400153,6.790178,-2.0941765,-3.150217,-1.036027,4.6258883,7.9469705,-0.013353664,-1.3366256,5.6908417,-1.1243993,ACC_0972
-0.66761225,7.495152,5.1189127,-1.6929135,5.311367,-1.2409319,6.6416326,-2.6148543,-3.0949464,-1.3062267,4.715021,8.1402855,-0.015142379,-1.4011235,5.907041,-0.8306807,ACC_0973
-0.89011216,6.8669524,4.88451,-1.8186033,4.708328,-1.2332681,6.3936677,-2.0433116,-2.9461462,-1.0005746,4.4265437,7.5528245,-0.013612629,-1.3322616,5.5549226,-1.0321368,ACC_0974
0.53527015,2.2936544,0.36354792,0.15450846,2.0910227,0.583092,1.7256395,-2.0222583,-0.94595057,-0.8004211,2.1306617,1.5744911,-0.00533866,-0.89127773,1.8277578,0.509613,ACC_0975
-0.8833018,7.1000643,5.198421,-1.8649149,4.836321,-1.4009665,6.5765705,-2.0484908,-3.1680593,-1.0123434,4.6017733,7.924689,-0.01371719,-1.3197801,5.612061,-1.1468205,ACC_0976
-0.9881203,7.13959,4.980089,-2.0113924,4.9678392,-1.289884,6.701004,-2.1697838,-3.03369,-1.0137421,4.6030827,7.8556705,-0.01329567,-1.3512254,5.7331967,-1.0926433,ACC_0977
-0.63264734,7.701656,5.1596117,-1.7503855,5.449747,-1.3117725,7.0253005,-2.526057,-3.294804,-1.3071498,4.961727,8.378136,-0.01499839,-1.4328692,5.9393334,-0.9911673,ACC_0978
-0.67288357,7.4362226,5.0640883,-1.6825624,5.2287226,-1.3137501,6.8976865,-2.4051182,-3.2202957,-1.2556818,4.8217773,8.164272,-0.014394948,-1.400622,5.789099,-1.0009507,ACC_0979
-0.73505366,7.350652,4.8981285,-1.7342297,5.2011724,-1.2502253,6.8831916,-2.4010375,-3.123196,-1.2307806,4.7718706,8.038829,-0.013749411,-1.3989543,5.7751274,-0.9796686,ACC_0980
-0.94741905,7.0324683,5.1382513,-1.8982927,4.8041534,-1.3899089,6.5866013,-2.0370147,-3.102478,-0.9933741,4.559235,7.8582263,-0.013341976,-1.3171338,5.602036,-1.1416953,ACC_0981
-0.6220028,7.884599,5.3108172,-1.8094872,5.538184,-1.449505,7.2041035,-2.4585724,-3.4880333,-1.3036165,5.0972285,8.648118,-0.0144620985,-1.4029024,5.9052835,-1.117103,ACC_0982
-0.72045034,7.544292,5.110196,-1.7680823,5.3701205,-1.2282617,6.7744346,-2.6248777,-3.0825572,-1.295826,4.789478,8.198581,-0.015005146,-1.4238924,5.971824,-0.8650493,ACC_0983
-0.9061859,6.361208,4.611457,-1.6560457,4.312487,-1.0943464,5.948553,-1.9337474,-2.6871052,-0.93998486,4.0894976,7.025186,-0.0130823385,-1.2889634,5.3399057,-0.9079168,ACC_0984
-0.7478898,7.6430936,5.1436434,-1.7894547,5.3924546,-1.3928207,7.061084,-2.4807348,-3.2830615,-1.280572,4.8816524,8.356506,-0.014020851,-1.3917904,5.878335,-1.0092555,ACC_0985
-0.963655,6.8935494,4.950797,-1.8590425,4.712194,-1.314777,6.476318,-2.0274382,-2.9901257,-0.9895021,4.419749,7.637673,-0.0129848365,-1.3044426,5.5469537,-1.0571985,ACC_0986
-0.70832396,7.628976,5.077806,-1.7709904,5.391857,-1.3467889,7.1165805,-2.4560704,-3.287787,-1.2785424,4.92965,8.320343,-0.014258114,-1.4172736,5.8832526,-1.0302801,ACC_0987
-0.72468376,7.574876,5.1142325,-1.7795346,5.365243,-1.3092196,6.947209,-2.50838,-3.1951914,-1.2754476,4.8659406,8.275395,-0.0144105,-1.4130614,5.9034657,-0.9693805,ACC_0988
-0.7453847,7.780748,5.128134,-1.835615,5.5116386,-1.4102454,7.2670755,-2.4780843,-3.351101,-1.2939191,4.9988422,8.451686,-0.014055336,-1.4186822,5.933682,-1.0523543,ACC_0989
-0.5474645,7.5012326,5.153012,-1.6229649,5.2643976,-1.2987901,6.792053,-2.4430702,-3.2849274,-1.2846481,4.8586483,8.230611,-0.015157368,-1.4049488,5.7952905,-0.9854783,ACC_0990
-0.90264213,7.0761104,5.067265,-1.8870772,4.8433867,-1.3299271,6.5573735,-2.0729697,-3.081265,-1.0181137,4.551543,7.822925,-0.013530799,-1.3267728,5.625615,-1.0900012,ACC_0991
-0.9189574,7.143537,5.187899,-1.905259,4.8655643,-1.4890279,6.712228,-1.9838835,-3.2401881,-0.99877924,4.629565,7.986015,-0.013036896,-1.2910571,5.5493207,-1.2099407,ACC_0992
-0.6276482,7.320375,5.054324,-1.6117675,5.1444716,-1.2214442,6.6473145,-2.4550927,-3.104949,-1.2629327,4.7238173,8.022813,-0.015045786,-1.4069241,5.793759,-0.9051933,ACC_0993
-0.9936142,6.604011,4.756148,-1.7860193,4.502986,-1.2303699,6.298052,-1.9613135,-2.841907,-0.9470355,4.2617793,7.3297725,-0.012679739,-1.2945657,5.4417596,-1.0151548,ACC_0994
-0.8968578,7.043997,5.15172,-1.8649498,4.795229,-1.3625079,6.494969,-2.051198,-3.1012893,-1.0079248,4.5395327,7.85135,-0.013542515,-1.3117856,5.596825,-1.1043228,ACC_0995
-0.61171275,7.7842455,5.3732696,-1.7372566,5.4822354,-1.4085709,7.0280647,-2.5352113,-3.3870118,-1.3192258,5.0060935,8.542048,-0.015376173,-1.422111,5.9516892,-1.0245472,ACC_0996
-0.76904976,7.192776,4.9076557,-1.6881117,5.0976744,-1.2114452,6.67982,-2.4451122,-2.9893522,-1.2230328,4.6398473,7.887744,-0.014103221,-1.3962406,5.773912,-0.8975533,ACC_0997
-0.99668586,7.203343,5.0448866,-2.0066977,4.9778786,-1.3347317,6.7512846,-2.1371336,-3.0710838,-1.0238835,4.62338,7.920321,-0.013209945,-1.3461906,5.7353845,-1.1011587,ACC_0998
-0.6717558,7.6583567,5.191248,-1.7525009,5.399974,-1.3814422,7.057525,-2.4748178,-3.3338857,-1.2857778,4.940753,8.397228,-0.014559941,-1.4071877,5.880592,-1.037655,ACC_0999
-0.9410515,6.8732753,5.023474,-1.8259286,4.686875,-1.3573253,6.47073,-1.9997791,-3.0380092,-0.9813975,4.4472823,7.6673846,-0.013238033,-1.3053566,5.5235553,-1.1004817,ACC_1000
-0.90201735,7.2905893,5.221196,-1.9568468,4.999893,-1.402522,6.725667,-2.120562,-3.202418,-1.0403602,4.6900697,8.073708,-0.01366238,-1.3353511,5.714295,-1.1438385,ACC_1001
-0.8634412,7.762497,5.2059536,-1.950767,5.5395837,-1.2685708,7.1172137,-2.6851976,-3.1287994,-1.2907228,4.96228,8.469503,-0.014619239,-1.4501702,6.145925,-0.9490204,ACC_1002
-0.7278763,7.7972856,5.075639,-1.8451517,5.5323243,-1.3837254,7.307703,-2.4645712,-3.3647718,-1.2880844,5.033009,8.438736,-0.014053951,-1.4277449,5.932919,-1.0607445,ACC_1003
-0.7464636,7.4775724,4.9276733,-1.756501,5.335678,-1.3116575,7.01767,-2.4700022,-3.1721056,-1.267312,4.802509,8.111182,-0.014066047,-1.4128885,5.836223,-0.96917,ACC_1004
-0.6765179,7.4954085,5.159706,-1.7027553,5.297829,-1.2894372,6.839915,-2.5160534,-3.178742,-1.2777623,4.833924,8.219448,-0.015055839,-1.4206082,5.89323,-0.94933116,ACC_1005
-0.8704638,7.3361278,5.090252,-1.9743124,5.0644846,-1.3746392,6.851229,-2.1020284,-3.2324255,-1.0472386,4.7455773,8.051362,-0.013533061,-1.3543068,5.70999,-1.1695986,ACC_1006
-0.7836078,7.76154,5.028696,-1.8791145,5.542804,-1.3260566,7.2680917,-2.5499985,-3.2624917,-1.2936963,4.9831266,8.381842,-0.014114843,-1.4413627,6.004932,-1.003581,ACC_1007
-0.6779496,7.235206,4.9383607,-1.6334203,5.1236362,-1.1996752,6.6618533,-2.4512231,-3.0381975,-1.2462021,4.679275,7.9106154,-0.014739304,-1.4113538,5.7768826,-0.895756,ACC_1008
-0.7154278,7.017199,4.7854247,-1.6264745,4.9943514,-1.1733807,6.5693493,-2.3824885,-2.960691,-1.1950471,4.5838404,7.7169223,-0.014021389,-1.3912606,5.665112,-0.9075452,ACC_1009
-0.8991741,7.0676312,5.137949,-1.8775009,4.830523,-1.3574117,6.53896,-2.0666127,-3.0992985,-1.0123603,4.566303,7.856072,-0.013701469,-1.3267304,5.622707,-1.1119406,ACC_1010
-0.72795856,6.5313334,4.483941,-1.6012614,4.5895534,-1.1567813,6.13059,-1.9940623,-2.925291,-1.0041629,4.3545513,7.241013,-0.013529085,-1.3272004,5.32401,-0.9935298,ACC_1011
-1.0725551,6.031097,4.598715,-1.6864009,4.1445336,-1.2086176,5.892763,-1.8673366,-2.6197479,-0.8443726,3.9648135,6.868323,-0.01204325,-1.2495406,5.2104115,-0.98305106,ACC_1012
-0.7777961,7.3070226,5.086007,-1.7208432,5.1315374,-1.291953,6.727415,-2.4302304,-3.0799956,-1.2253047,4.7033377,8.083919,-0.013962612,-1.376911,5.787241,-0.947633,ACC_1013
-0.85487247,6.8970466,5.164194,-1.791443,4.6613045,-1.3276902,6.3380704,-2.0050824,-3.0671866,-0.9831504,4.502127,7.7565084,-0.013887401,-1.3107995,5.53699,-1.1173291,ACC_1014
-0.7114204,8.058114,5.2999706,-1.9425933,5.7197466,-1.4743001,7.4742045,-2.5001147,-3.5147069,-1.3021239,5.229266,8.767448,-0.014253905,-1.4359114,6.022082,-1.1487257,ACC_1015
-0.6334881,7.181645,4.6987453,-1.5770324,5.164356,-1.1977485,6.6299357,-2.460916,-3.0606918,-1.2696868,4.6761475,7.8418636,-0.014236801,-1.4005913,5.689245,-0.8746537,ACC_1016
-0.8312186,7.3028927,5.3215537,-1.951112,5.003193,-1.4749719,6.777713,-2.0410347,-3.3451042,-1.0139097,4.8048105,8.201632,-0.013625808,-1.3287628,5.6448283,-1.2698938,ACC_1017
-0.7051733,7.5355563,5.019043,-1.7614782,5.361499,-1.2620713,6.9640937,-2.5119393,-3.1695604,-1.2761703,4.8647337,8.194004,-0.014585509,-1.4311175,5.905875,-0.960037,ACC_1018
-0.8956344,7.065764,5.148055,-1.8736994,4.834298,-1.3558514,6.514892,-2.085649,-3.0984254,-1.0144193,4.5600553,7.8567424,-0.013769063,-1.3254937,5.630082,-1.1023314,ACC_1019
-0.6217997,7.5497704,5.2184315,-1.7298238,5.2713413,-1.4369264,7.036898,-2.2987266,-3.4377291,-1.2258306,4.9884295,8.429679,-0.013827936,-1.3705486,5.7116566,-1.1752272,ACC_1020
-0.68935895,7.7044854,5.181697,-1.7923739,5.436948,-1.3793632,7.148275,-2.460677,-3.3498402,-1.2802283,4.9999404,8.4449005,-0.014371601,-1.4179015,5.90616,-1.0677829,ACC_1021
-0.76218104,7.0474563,4.76878,-1.6572716,4.999481,-1.1658243,6.624701,-2.38575,-2.943602,-1.1953412,4.584163,7.735014,-0.013771785,-1.3899143,5.6937265,-0.90304744,ACC_1022
-0.9129491,6.9742913,5.093145,-1.8503712,4.8084536,-1.2880739,6.359798,-2.1758049,-2.9684768,-1.0242822,4.4573345,7.7096353,-0.014260285,-1.3378404,5.6678505,-1.0080655,ACC_1023
-0.71247876,7.507198,5.060629,-1.7406456,5.299023,-1.3254632,6.9985347,-2.4303584,-3.2321434,-1.2578675,4.8669043,8.226051,-0.014200386,-1.4081405,5.8365264,-1.0158187,ACC_1024
-0.9953276,6.865791,4.922263,-1.8637743,4.7076,-1.3293792,6.5143113,-2.0165958,-2.9698222,-0.9842967,4.4075637,7.598127,-0.012924792,-1.3104632,5.5426774,-1.0632844,ACC_1025
-0.6294038,7.434688,5.0993915,-1.6414027,5.2597094,-1.2630472,6.773246,-2.5030913,-3.1604445,-1.2845815,4.7930727,8.117803,-0.015299646,-1.4250752,5.8567863,-0.9204103,ACC_1026
-1.0388312,7.080784,4.973132,-1.9670337,4.856534,-1.4187502,6.764466,-1.9961224,-3.0808043,-0.9886682,4.5501165,7.8094096,-0.012482163,-1.2999,5.5746236,-1.1501013,ACC_1027
-0.7101413,7.2903957,4.8741055,-1.6320623,5.1620913,-1.2706261,6.8359766,-2.4153156,-3.1023545,-1.2590418,4.6779685,7.9127574,-0.014349699,-1.4033011,5.7515593,-0.9178045,ACC_1028
-0.700303,7.774303,5.1663604,-1.7931043,5.4815025,-1.4270309,7.172258,-2.46918,-3.3753662,-1.3009034,4.9731603,8.456345,-0.014197674,-1.3989149,5.8897038,-1.0475707,ACC_1029
-0.6401014,7.371126,4.93395,-1.6345083,5.204404,-1.1603862,6.64023,-2.5263386,-3.0324628,-1.2948045,4.6653104,7.9529195,-0.015058553,-1.4125646,5.836442,-0.82182103,ACC_1030
-0.9022027,6.829384,4.922037,-1.8096207,4.6990604,-1.2045523,6.266806,-2.1175272,-2.8727326,-1.0076969,4.3724723,7.510427,-0.014033202,-1.3372774,5.596748,-0.97315204,ACC_1031
-1.0321673,7.040013,4.9207454,-1.9859672,4.8564157,-1.3785498,6.6307087,-2.0326643,-3.0189369,-0.9837011,4.493342,7.746987,-0.0122786295,-1.2817906,5.5525727,-1.0993991,ACC_1032
-0.9599565,7.2943244,5.1428056,-1.9747677,4.9930067,-1.5035602,6.9292192,-1.9954283,-3.2636847,-1.0165037,4.723114,8.061467,-0.012982953,-1.3152313,5.6196017,-1.2383534,ACC_1033
-0.67994905,8.129522,5.359087,-1.9232689,5.7506065,-1.533455,7.51263,-2.4781961,-3.5842135,-1.3168368,5.2642603,8.839451,-0.0144019555,-1.4264344,5.999846,-1.1801243,ACC_1034
-0.7020477,7.232581,5.0133777,-1.6273645,5.096207,-1.2343253,6.646739,-2.4519095,-3.048843,-1.2436469,4.660247,7.9482427,-0.014722868,-1.3980888,5.777617,-0.89866483,ACC_1035
-0.73062277,7.487124,5.0299954,-1.7380633,5.285796,-1.3147243,6.9848876,-2.4363604,-3.199874,-1.2597587,4.833944,8.183841,-0.014162581,-1.4071776,5.8374257,-0.9931655,ACC_1036
-0.86357164,7.066078,5.1252394,-1.8770955,4.852624,-1.3207923,6.483523,-2.1057878,-3.08879,-1.0160519,4.5755844,7.84671,-0.013955406,-1.33473,5.638565,-1.0986179,ACC_1037
-0.98000526,6.595534,4.8028064,-1.7655927,4.5095034,-1.157616,6.1167274,-2.068898,-2.7303362,-0.97207886,4.2064624,7.27699,-0.013526021,-1.31464,5.5224195,-0.91760254,ACC_1038
-0.92816633,6.765287,4.927672,-1.7635143,4.604151,-1.3304703,6.3912454,-1.9724004,-2.9899604,-0.97999567,4.3573685,7.517527,-0.013226429,-1.2979199,5.4645123,-1.0610228,ACC_1039
-0.86368036,7.106691,5.1590643,-1.9138386,4.865274,-1.3377489,6.5530963,-2.0700908,-3.1425476,-1.0018785,4.639397,7.9394608,-0.013650179,-1.3287232,5.6309786,-1.155441,ACC_1040
-0.90834296,7.8550925,5.5069275,-2.1622477,5.4109535,-1.618967,7.28256,-2.1303623,-3.5361466,-1.0740956,5.1106663,8.6869,-0.013612125,-1.3513712,5.859612,-1.3665087,ACC_1041
-0.6087889,8.204706,5.2809296,-1.9292824,5.810022,-1.4368151,7.534799,-2.528242,-3.5916922,-1.3425297,5.321172,8.866381,-0.014652861,-1.449867,6.05773,-1.167201,ACC_1042
-0.78151846,7.659866,5.139793,-1.868995,5.457693,-1.3989431,7.1908164,-2.4740698,-3.3178353,-1.2469616,4.9873843,8.417147,-0.013760684,-1.413514,5.9131637,-1.074399,ACC_1043
-0.66865915,7.601259,5.1109104,-1.718309,5.387186,-1.2884606,6.9334445,-2.5530405,-3.2094364,-1.3060361,4.8612647,8.250185,-0.015077386,-1.4292545,5.9338894,-0.93137515,ACC_1044
-0.6726134,7.8019037,5.22095,-1.8201271,5.50036,-1.4320835,7.2661557,-2.4367313,-3.4472692,-1.2834933,5.0783005,8.56378,-0.014179724,-1.4132133,5.9002857,-1.1279542,ACC_1045
-0.97888255,6.9060483,4.8833985,-1.8786253,4.7507915,-1.2709359,6.513613,-2.0655482,-2.947711,-0.9955404,4.4363604,7.5980306,-0.013188609,-1.3289338,5.597862,-1.0420884,ACC_1046
-0.5710019,7.834912,5.3054495,-1.7604102,5.5421944,-1.353374,7.0835757,-2.5463672,-3.4030604,-1.3227754,5.0812616,8.558018,-0.015453594,-1.4447672,5.984097,-1.0393705,ACC_1047
-0.99483633,6.6169972,4.7729564,-1.7835379,4.504227,-1.2322867,6.2848253,-1.9614371,-2.8318398,-0.9531399,4.2526855,7.333347,-0.0127165355,-1.294161,5.4463124,-1.0011833,ACC_1048
-0.775398,7.4850783,4.895188,-1.8064468,5.339702,-1.2061266,6.976995,-2.5219924,-3.0763412,-1.2636482,4.815498,8.101712,-0.014148053,-1.4326292,5.9201922,-0.93032086,ACC_1049
-0.77676773,6.2620015,4.259583,-1.5598286,4.430319,-1.0673454,5.9309607,-1.9660782,-2.7401402,-0.97207296,4.202734,6.9500394,-0.0130648855,-1.3198545,5.240175,-0.92565227,ACC_1050
-0.93648064,7.1623836,5.05114,-1.9465272,4.9192333,-1.3595692,6.7176585,-2.06961,-3.1308162,-1.0182005,4.6168113,7.9057364,-0.013168203,-1.3304226,5.653667,-1.1298739,ACC_1051
-0.5995151,7.5253406,4.7315674,-1.722457,5.490319,-1.2269319,7.0328474,-2.529458,-3.243073,-1.3028953,4.9820466,8.189043,-0.014369539,-1.4530516,5.8390083,-0.9898844,ACC_1052
-0.8187544,7.170095,5.1760473,-1.8351268,4.869333,-1.3973035,6.645376,-2.0226793,-3.2317924,-1.0319246,4.652025,7.9554944,-0.013947209,-1.329645,5.603877,-1.1661868,ACC_1053
-0.91522646,6.5968375,4.840321,-1.7095957,4.4771624,-1.2391251,6.188255,-1.9659755,-2.864887,-0.9648608,4.2494864,7.32907,-0.013395324,-1.297264,5.423045,-1.0003065,ACC_1054
-0.68022186,7.2947383,4.9163795,-1.6184745,5.171835,-1.1935345,6.6571937,-2.5131412,-3.0193024,-1.2804017,4.637318,7.888982,-0.014976346,-1.4135942,5.819107,-0.8288489,ACC_1055
-1.0139598,7.2014537,5.165226,-2.005008,4.946301,-1.4483652,6.826079,-2.0643914,-3.1820703,-0.99783033,4.6704535,8.032468,-0.01287193,-1.3201789,5.6760955,-1.1970205,ACC_1056
-0.9807924,7.026409,5.090605,-1.896742,4.8119545,-1.4030412,6.6194115,-2.049339,-3.0841804,-1.0014174,4.516987,7.8123083,-0.0131928045,-1.3135641,5.6036687,-1.1135883,ACC_1057
-0.9060199,6.8803444,4.9564195,-1.8397369,4.7328367,-1.2217313,6.317391,-2.112787,-2.9097507,-1.0046918,4.4203973,7.58518,-0.013881176,-1.3361628,5.6103034,-1.0010519,ACC_1058
-0.6506598,7.4675922,5.0961685,-1.70311,5.233549,-1.3176271,6.930721,-2.377218,-3.272848,-1.2441866,4.88083,8.244101,-0.014236316,-1.3959422,5.7776427,-1.0522747,ACC_1059
-0.99206924,6.9077654,4.9731874,-1.8690374,4.7708974,-1.2876692,6.4516044,-2.1418383,-2.9195213,-1.0088328,4.410933,7.6115594,-0.013779612,-1.3368917,5.648716,-1.010302,ACC_1060
-0.7028115,7.561316,5.095706,-1.7318828,5.3150268,-1.3359545,7.008565,-2.4357297,-3.248629,-1.274482,4.868203,8.264403,-0.0143040335,-1.4056861,5.849397,-1.0029145,ACC_1061
-0.66795224,7.8109307,5.2390423,-1.7944083,5.56284,-1.349909,7.103206,-2.6046066,-3.3005257,-1.3317691,4.9976172,8.467477,-0.015294397,-1.4500029,6.029525,-0.9726378,ACC_1062
-0.69488794,7.4405637,5.116352,-1.6619242,5.2069244,-1.3404635,6.7580028,-2.454747,-3.1890283,-1.2751616,4.7132454,8.150773,-0.014323749,-1.3671885,5.780211,-0.92570007,ACC_1063
-0.7962093,7.662419,5.058231,-1.8155595,5.391657,-1.4053447,7.1227527,-2.4329853,-3.25952,-1.2722347,4.876115,8.313637,-0.013634359,-1.3790118,5.8455443,-1.021094,ACC_1064
-0.9681014,7.583963,5.5022044,-2.0542712,5.1557956,-1.667935,7.108498,-2.0224154,-3.4618077,-1.0339426,4.9196925,8.482522,-0.013256526,-1.3048595,5.7105803,-1.348434,ACC_1065
-0.6751949,7.3432903,4.958991,-1.6371948,5.2343063,-1.1833128,6.696523,-2.5622256,-3.0140114,-1.2919953,4.6835995,7.9334817,-0.015418062,-1.4385399,5.8848433,-0.8257886,ACC_1066
-0.7993198,7.8667617,5.1352615,-1.9355166,5.614852,-1.3476952,7.273931,-2.602445,-3.280892,-1.3051265,5.029256,8.521113,-0.01412704,-1.4372277,6.0638714,-1.0110918,ACC_1067
-0.9260724,6.7880177,4.9353333,-1.7917244,4.6275578,-1.277635,6.3424783,-2.015127,-2.9438825,-0.98336184,4.3718925,7.530636,-0.0134111345,-1.309999,5.513997,-1.0368142,ACC_1068
-0.5975826,7.6873612,5.309138,-1.6835556,5.406672,-1.388173,6.8869357,-2.5304444,-3.3375773,-1.319498,4.9004536,8.413794,-0.015305014,-1.4028125,5.891851,-0.9711256,ACC_1069
-0.9696355,7.1721396,5.167993,-1.9552395,4.906167,-1.3812572,6.676642,-2.0999317,-3.1173644,-1.0169395,4.6118283,7.966525,-0.013327092,-1.3269135,5.6923594,-1.124309,ACC_1070
-0.67033195,7.409622,5.07371,-1.6743157,5.233058,-1.2639436,6.805327,-2.477542,-3.1530719,-1.2646657,4.792143,8.121156,-0.0148811545,-1.4151348,5.841743,-0.9467703,ACC_1071
-0.94911337,6.992458,4.9563913,-1.8822097,4.743209,-1.4161288,6.697292,-1.8833555,-3.1386092,-0.96904296,4.5554805,7.7622952,-0.0124955885,-1.2859709,5.4582977,-1.2040255,ACC_1072
-0.71227056,7.1184497,4.8462057,-1.5962069,5.0089827,-1.2231038,6.680314,-2.3550766,-3.0313463,-1.2212735,4.608846,7.79899,-0.014142264,-1.3882508,5.6796045,-0.9173044,ACC_1073
-0.88195986,6.936593,5.049927,-1.8231317,4.735401,-1.273125,6.3626885,-2.0807948,-2.993431,-1.0082477,4.4670763,7.6864257,-0.013928264,-1.3273903,5.5987444,-1.0427895,ACC_1074
-0.8698394,6.966142,5.1111937,-1.7898873,4.699173,-1.3794163,6.516008,-1.9624221,-3.1349158,-0.99775004,4.52097,7.780522,-0.013572533,-1.3070116,5.519487,-1.1416687,ACC_1075
-0.7601922,7.5413113,5.012816,-1.7899783,5.3627405,-1.2570448,6.962036,-2.5404654,-3.127141,-1.2770896,4.831688,8.187885,-0.014397953,-1.4255028,5.9351273,-0.932315,ACC_1076
-0.68259263,7.4901624,5.0402546,-1.6784782,5.2951417,-1.2203001,6.7391195,-2.5721626,-3.0855694,-1.3069766,4.730861,8.089636,-0.015073427,-1.4175373,5.9130955,-0.8362167,ACC_1077
-0.58216536,7.7803006,5.2211866,-1.7120991,5.4331064,-1.3690699,7.006371,-2.4711628,-3.3963609,-1.3228788,4.9582853,8.46519,-0.01471821,-1.3953347,5.873321,-1.0060529,ACC_1078
-0.8456794,7.2089834,5.2167,-1.8905414,4.91564,-1.385343,6.6424193,-2.066281,-3.210159,-1.0285535,4.6818967,8.013833,-0.01391777,-1.3356322,5.6559534,-1.1637236,ACC_1079
-0.99776495,7.24934,5.291883,-1.9769418,4.9367795,-1.5146494,6.8097787,-2.037242,-3.2324245,-1.0082557,4.674455,8.112835,-0.013037478,-1.3034732,5.6543775,-1.2087871,ACC_1080
-0.90330094,6.9856663,4.913972,-1.8733375,4.804926,-1.2621685,6.537147,-2.0723004,-3.0219498,-1.0074883,4.5140986,7.6834254,-0.0134728765,-1.3368764,5.60814,-1.0720137,ACC_1081
-0.90199,7.4311047,5.321099,-1.9982756,5.105089,-1.5018502,6.9300933,-2.1050553,-3.3424466,-1.0457152,4.814265,8.260973,-0.013605666,-1.339082,5.736631,-1.2354904,ACC_1082
-0.58469826,7.7559958,5.3963685,-1.7471628,5.439026,-1.3880028,6.9973536,-2.4871106,-3.4115434,-1.293002,5.052934,8.581791,-0.015176507,-1.4165151,5.921264,-1.075036,ACC_1083
-0.64045197,7.943799,5.385024,-1.8655956,5.660622,-1.3825598,7.174571,-2.6334274,-3.4027517,-1.3273221,5.1344604,8.69372,-0.01539604,-1.4522846,6.0800157,-1.0503473,ACC_1084
-0.95852625,7.430317,5.170753,-2.0328743,5.0927286,-1.5091418,7.019139,-2.0146122,-3.3031647,-1.0274744,4.812571,8.179308,-0.012949828,-1.3209791,5.668385,-1.2615602,ACC_1085
-0.6399316,7.449307,5.0209913,-1.6773481,5.2694216,-1.216172,6.7814,-2.5088258,-3.134539,-1.2817323,4.7915006,8.103898,-0.014986871,-1.4221132,5.862826,-0.9118085,ACC_1086
-0.7212755,7.438417,4.845577,-1.7426108,5.2889667,-1.2690598,7.016223,-2.4096603,-3.1603208,-1.2565534,4.8040843,8.054133,-0.01385661,-1.4142557,5.793333,-0.9811231,ACC_1087
-0.96421516,7.32079,5.256153,-1.9739028,4.96713,-1.5616409,6.891791,-1.9613065,-3.3041792,-1.00786,4.7319674,8.1462755,-0.012846357,-1.2852819,5.5845256,-1.2654203,ACC_1088
-0.77708745,7.0181966,4.5542073,-1.8457439,5.030704,-1.2919986,6.6440077,-2.0721855,-3.150341,-1.0425817,4.692344,7.7376227,-0.012880774,-1.3370675,5.463095,-1.13148,ACC_1089
-0.5986681,7.7253613,5.160184,-1.8004789,5.48938,-1.2469959,6.9775367,-2.561345,-3.276678,-1.2989568,5.015241,8.424555,-0.015089232,-1.4438004,5.971109,-1.0012927,ACC_1090
-1.0072993,7.2640977,5.131712,-2.0416603,4.995682,-1.4778376,6.855928,-2.0344038,-3.207347,-0.99356055,4.7025747,8.063668,-0.012574882,-1.2966619,5.628054,-1.2253433,ACC_1091
-0.680541,7.680409,5.080243,-1.7995981,5.4466715,-1.3247637,7.134267,-2.4735892,-3.3008845,-1.2823715,4.982842,8.36714,-0.014364751,-1.4291084,5.908751,-1.0414739,ACC_1092
-0.8564372,6.976448,5.1110015,-1.8183722,4.740542,-1.339251,6.3803945,-2.038395,-3.078475,-1.0096049,4.471547,7.768291,-0.013526895,-1.2969772,5.541334,-1.0666227,ACC_1093
-0.7242267,7.1227074,4.850995,-1.6560827,5.0552554,-1.1494668,6.5737815,-2.4402273,-2.9397883,-1.2196696,4.6099205,7.796722,-0.014303949,-1.403043,5.7500243,-0.8696069,ACC_1094
-0.9753113,6.713262,4.852672,-1.8135388,4.5989056,-1.1888362,6.2562013,-2.0731719,-2.801721,-0.9796867,4.303462,7.4099727,-0.01355681,-1.325865,5.5619273,-0.97042286,ACC_1095
-0.6744649,8.201712,5.413463,-1.9353555,5.796321,-1.531409,7.528911,-2.537027,-3.5986276,-1.3406593,5.286408,8.925032,-0.014600476,-1.4308581,6.0596185,-1.1743906,ACC_1096
-0.8829915,7.299275,5.2044725,-1.9441972,5.0000944,-1.4251405,6.7644534,-2.0854921,-3.2445416,-1.040552,4.7004504,8.080378,-0.013487488,-1.3288616,5.6796165,-1.1638702,ACC_1097
-0.650889,7.1805596,4.862433,-1.6025494,5.0770674,-1.2078611,6.667951,-2.3889215,-3.072711,-1.2328423,4.6655684,7.853725,-0.014402409,-1.3979816,5.700123,-0.92355084,ACC_1098
-0.7651409,7.673984,5.436989,-2.016939,5.2981577,-1.3916168,6.862757,-2.2756944,-3.3630586,-1.10915,4.9596767,8.436535,-0.015078567,-1.3938293,5.9196477,-1.1834261,ACC_1099
-0.69292676,7.660301,5.1873364,-1.7838628,5.3745365,-1.3904268,7.1223474,-2.4101698,-3.3588562,-1.2635612,4.981184,8.4398155,-0.014077324,-1.3999076,5.854951,-1.0914279,ACC_1100
-0.9412043,7.254728,5.149204,-1.9763677,4.957037,-1.4919952,6.8456545,-1.9796739,-3.2627757,-0.99929583,4.715472,8.05949,-0.012809285,-1.2968593,5.57964,-1.2482568,ACC_1101
-0.6694291,7.6626716,5.126123,-1.810454,5.440828,-1.3294523,7.083298,-2.4734957,-3.3070197,-1.2698929,4.998113,8.3953285,-0.014353864,-1.4250771,5.899387,-1.0584096,ACC_1102
-0.7812108,7.4602895,5.124329,-1.7519757,5.211983,-1.4176644,7.0348296,-2.3256857,-3.2789278,-1.2182337,4.848753,8.2605095,-0.013442404,-1.3692442,5.7521014,-1.0765487,ACC_1103
-0.64327615,7.710345,5.1903696,-1.7947747,5.447221,-1.3774482,7.137668,-2.4524508,-3.3991258,-1.2719685,5.040894,8.485592,-0.014364299,-1.4140176,5.882858,-1.1048821,ACC_1104
-0.7041996,7.1392426,4.8248844,-1.6151977,5.0775185,-1.0938274,6.5285277,-2.5187473,-2.8887987,-1.2520351,4.576982,7.7365212,-0.014979265,-1.4247888,5.817909,-0.791986,ACC_1105
-0.80902016,7.2031074,4.8208513,-1.7186418,5.1294756,-1.2017132,6.767882,-2.452329,-2.968819,-1.2234943,4.640954,7.852488,-0.013872244,-1.4049788,5.7927256,-0.8940931,ACC_1106
-0.9342842,6.8335533,5.0541024,-1.7986888,4.644906,-1.2973908,6.304156,-2.0548122,-2.9542766,-0.98997104,4.389499,7.6141562,-0.013666277,-1.3086796,5.560175,-1.0291485,ACC_1107
-0.9250072,6.670565,4.8969245,-1.7359929,4.525726,-1.2600247,6.23542,-1.9852884,-2.8945036,-0.97278214,4.2893877,7.4127593,-0.013398436,-1.2990248,5.460313,-1.0090667,ACC_1108
-0.7191916,7.3924274,5.061768,-1.6667085,5.1361265,-1.3695151,6.923239,-2.3202107,-3.2538872,-1.2360971,4.7765675,8.159559,-0.013695785,-1.3639598,5.712465,-1.0333399,ACC_1109
-0.684244,7.803016,5.218095,-1.8150288,5.506718,-1.5163089,7.299021,-2.3699684,-3.496688,-1.2653415,5.084357,8.543235,-0.01396888,-1.3922932,5.819449,-1.1634563,ACC_1110
-0.6669996,7.646483,5.104787,-1.7715974,5.437218,-1.2577287,6.963383,-2.5630462,-3.201025,-1.3011658,4.918717,8.297704,-0.015010985,-1.4421644,5.966972,-0.9472126,ACC_1111
-0.55038804,7.5307493,5.2078447,-1.6679538,5.2901535,-1.3170551,6.865339,-2.4143944,-3.3237906,-1.2664759,4.941121,8.32256,-0.015053483,-1.4127867,5.803352,-1.0510936,ACC_1112
-0.51645327,7.4409013,5.114477,-1.5971994,5.1799035,-1.2628009,6.7066383,-2.38042,-3.2758913,-1.2682779,4.835013,8.186075,-0.014868774,-1.3883291,5.730958,-0.9918201,ACC_1113
-0.9616431,7.0379205,5.0547333,-1.9256085,4.81251,-1.3709363,6.626717,-2.0208156,-3.0982182,-0.98873603,4.5525594,7.8385124,-0.0128363725,-1.3081394,5.586315,-1.1367983,ACC_1114
-0.9341237,7.007872,5.0782433,-1.8660187,4.7708254,-1.3757561,6.5679584,-2.0187063,-3.0986667,-0.999074,4.516567,7.8005624,-0.01319881,-1.3069135,5.570426,-1.1164527,ACC_1115
-0.7694583,7.3297296,4.9596133,-1.7008216,5.1797695,-1.2724254,6.852651,-2.4379478,-3.0830083,-1.2453231,4.715631,8.010154,-0.014160158,-1.4028798,5.8086457,-0.9340986,ACC_1116
-0.7281709,7.5160003,5.060252,-1.7449586,5.3546195,-1.2446574,6.8429575,-2.591764,-3.091497,-1.294749,4.783217,8.148875,-0.014973771,-1.4301149,5.9502397,-0.8777369,ACC_1117
-0.6298039,7.8061132,5.2628307,-1.7452205,5.5053844,-1.4244913,7.12307,-2.5144434,-3.4127722,-1.3242593,4.9940414,8.506048,-0.014918932,-1.4138374,5.924524,-1.0294613,ACC_1118
-0.8818391,7.379068,4.809838,-1.8213003,5.2652826,-1.2365906,7.0014076,-2.466157,-3.0218115,-1.2323269,4.7186933,7.9748316,-0.01335281,-1.4133621,5.866183,-0.90630484,ACC_1119
-0.69470435,7.2671885,4.885949,-1.6457753,5.136345,-1.2031673,6.6438937,-2.4608185,-3.0272832,-1.2585034,4.6261477,7.890914,-0.014330866,-1.3902143,5.7597857,-0.85851425,ACC_1120
-0.76283985,7.792014,5.2017093,-1.8517095,5.5112357,-1.4537016,7.2524047,-2.4832375,-3.3744392,-1.2867835,5.005266,8.514452,-0.013997413,-1.4024049,5.925665,-1.078598,ACC_1121
-0.7732484,7.097708,4.8357973,-1.6367705,4.984322,-1.2185549,6.6407213,-2.3593316,-2.9799159,-1.20938,4.562842,7.7867346,-0.013660477,-1.3707411,5.678031,-0.89784944,ACC_1122
-0.63157505,7.7583528,5.124582,-1.76496,5.439811,-1.4324216,7.2073207,-2.358955,-3.4508653,-1.2785716,5.0404105,8.460915,-0.014046665,-1.3906724,5.796619,-1.1312542,ACC_1123
-0.7262942,7.14987,4.939364,-1.6114742,5.0100813,-1.254532,6.6779447,-2.355972,-3.056084,-1.2178963,4.6282825,7.8803782,-0.014104882,-1.3794564,5.691692,-0.93507135,ACC_1124
-0.6659623,7.3352733,4.907696,-1.653874,5.1886606,-1.2158445,6.7964997,-2.4402554,-3.1105714,-1.2580316,4.741954,7.980926,-0.014547428,-1.413777,5.790579,-0.926996,ACC_1125
-0.7289309,7.8790884,5.24034,-1.8908185,5.567623,-1.4498123,7.3133883,-2.4548063,-3.4338326,-1.2776959,5.108648,8.614393,-0.013979162,-1.4109459,5.93663,-1.1239744,ACC_1126
-0.6560056,7.5582294,5.031817,-1.7137668,5.364463,-1.2411602,6.879626,-2.544985,-3.1597633,-1.3038685,4.8272824,8.17087,-0.015003952,-1.4308009,5.9126506,-0.9055054,ACC_1127
-0.6656248,7.9367194,5.254365,-1.8899044,5.6567225,-1.3809636,7.3013253,-2.5710888,-3.4205742,-1.3139087,5.1494765,8.654373,-0.014771364,-1.4496129,6.0399404,-1.0888462,ACC_1128
-0.7660376,7.563374,5.0537815,-1.7630359,5.3133173,-1.4269089,7.1175084,-2.3506598,-3.30162,-1.2446989,4.8768353,8.257562,-0.013573838,-1.3774716,5.7701206,-1.0594841,ACC_1129
-0.743891,7.474384,4.960044,-1.761807,5.331189,-1.2621917,6.9369416,-2.510466,-3.120467,-1.2696862,4.801084,8.11081,-0.014335964,-1.4231479,5.883369,-0.9347596,ACC_1130
-0.5877387,7.6632686,5.2330265,-1.708653,5.3836937,-1.367885,7.0043807,-2.4456344,-3.3787928,-1.288566,4.979874,8.423941,-0.014892707,-1.4111416,5.8540187,-1.0568877,ACC_1131
-0.9279108,6.853031,4.964194,-1.836337,4.6770687,-1.3108381,6.406471,-2.0024424,-2.9983265,-0.9804464,4.4150057,7.623238,-0.013004489,-1.2979497,5.5076485,-1.0666116,ACC_1132
-0.6878527,7.553155,5.0908775,-1.7197521,5.3546453,-1.3203598,6.9316344,-2.5109746,-3.2131562,-1.2904813,4.8359203,8.219853,-0.01472711,-1.4149122,5.8810115,-0.9503286,ACC_1133
-0.68238944,7.8445916,5.37466,-1.8149135,5.4970064,-1.5218469,7.2614617,-2.422964,-3.5156662,-1.2808515,5.098359,8.678667,-0.0142273195,-1.3902775,5.8848042,-1.1659317,ACC_1134
-1.0776154,7.2546725,5.1542115,-2.01777,4.9769135,-1.5253597,6.9298515,-2.0326495,-3.181574,-1.007241,4.654538,8.028133,-0.012660218,-1.3067386,5.6567807,-1.200026,ACC_1135
-0.9195873,7.4336905,5.2457,-2.0206149,5.0970993,-1.5270725,6.9331384,-2.0400052,-3.3303628,-1.0307481,4.8022046,8.222254,-0.013119047,-1.3063984,5.6534104,-1.25524,ACC_1136
-0.90150833,7.004211,4.7385063,-1.8893905,4.8882327,-1.364866,6.6742883,-1.9776893,-3.1304247,-1.0001765,4.6190724,7.7259398,-0.0124626905,-1.3063918,5.462915,-1.1685401,ACC_1137
-0.92919695,7.1622167,5.1240892,-1.9348944,4.9035864,-1.3882011,6.70732,-2.0541794,-3.1578298,-1.0130322,4.636662,7.9482474,-0.013298851,-1.3286786,5.647201,-1.1555824,ACC_1138
-0.62334955,7.317719,5.0762644,-1.6119106,5.154601,-1.2329898,6.59613,-2.4939132,-3.1145215,-1.2649825,4.7031884,8.034578,-0.015079146,-1.3955733,5.793202,-0.894443,ACC_1139
-1.0091208,6.7959995,4.856477,-1.8633583,4.6542473,-1.2877102,6.4778185,-2.0017726,-2.9290843,-0.9673801,4.3809795,7.531426,-0.012716556,-1.3074577,5.52517,-1.0588034,ACC_1140
-0.840552,6.8176827,5.0821037,-1.7384399,4.5934205,-1.295967,6.2507167,-1.9884229,-3.0145807,-0.98900807,4.409411,7.627677,-0.013858093,-1.3008403,5.489141,-1.0628904,ACC_1141
-0.97590816,7.076658,5.0026646,-1.934848,4.8643765,-1.3881397,6.6804214,-2.0390408,-3.0965686,-1.001965,4.5463576,7.8159347,-0.012827385,-1.3083163,5.5917983,-1.1216031,ACC_1142
0.44674486,2.5753448,0.40475965,-0.016676757,2.2934105,0.4859019,2.1503863,-1.9691633,-1.0903552,-0.7861444,2.372577,1.8182279,-0.0048897425,-0.9205521,1.8544664,0.3330148,ACC_1143
-0.9190923,6.7011456,4.887281,-1.7515662,4.5707083,-1.2258049,6.220672,-2.0330436,-2.8542688,-0.9868151,4.2950797,7.4044795,-0.013738334,-1.317085,5.506718,-0.98021877,ACC_1144
-0.9128826,7.1310477,5.170984,-1.9115512,4.8769407,-1.4317414,6.6753345,-2.0328789,-3.201418,-1.0039527,4.6288915,7.9646764,-0.013222878,-1.3126217,5.603472,-1.1772835,ACC_1145
-0.62674916,7.520936,5.178749,-1.7058736,5.323378,-1.2579541,6.7752852,-2.5403414,-3.1859446,-1.2824388,4.8602443,8.248983,-0.015243465,-1.4240364,5.9033237,-0.9430889,ACC_1146
-0.82324296,7.4514127,4.973131,-1.7870432,5.284641,-1.3551921,7.047486,-2.4183743,-3.1822882,-1.2358146,4.7950373,8.138942,-0.01343891,-1.3931224,5.8173375,-0.99233484,ACC_1147
-0.78168386,7.8415427,5.3103266,-1.8639107,5.5139427,-1.4680654,7.170582,-2.51848,-3.3518791,-1.2995746,4.9767065,8.580302,-0.014082192,-1.3872411,5.9545197,-1.0426888,ACC_1148
-0.7810198,7.4929214,4.987746,-1.7790093,5.2910175,-1.3556381,7.099465,-2.3678405,-3.2409377,-1.2304137,4.86045,8.185204,-0.013496403,-1.3979564,5.799689,-1.03096,ACC_1149
-1.0116366,6.952325,4.9261637,-1.9247162,4.749148,-1.3916279,6.6753,-1.9358058,-3.0639,-0.9621276,4.511064,7.7195106,-0.012317956,-1.289701,5.4974356,-1.1674402,ACC_1150
-0.63259566,8.172869,5.3231635,-1.9427665,5.784276,-1.4806427,7.520456,-2.472114,-3.6014607,-1.3149463,5.327227,8.867021,-0.014412912,-1.4381584,6.0118146,-1.1930598,ACC_1151
-0.6893796,8.055027,5.292578,-1.9152954,5.7568126,-1.3623136,7.3387084,-2.6677573,-3.3815413,-1.3537797,5.1595025,8.700058,-0.015235743,-1.4735396,6.1555896,-1.0218809,ACC_1152
-0.63957494,7.1306467,5.1013365,-1.5727919,4.9549584,-1.2501956,6.506222,-2.3444378,-3.107113,-1.2047416,4.666006,7.974238,-0.014472775,-1.3657061,5.6649003,-0.9642308,ACC_1153
-0.9017155,6.9263883,4.9303803,-1.8517388,4.7402368,-1.3638554,6.5504537,-1.9531137,-3.0957232,-0.9800487,4.491799,7.6838927,-0.012764793,-1.2935135,5.4680743,-1.1348103,ACC_1154
-0.96772826,7.047435,4.9990644,-1.9073976,4.7886524,-1.4440712,6.7708497,-1.8946259,-3.166859,-0.97350466,4.598154,7.831361,-0.012503225,-1.2927179,5.488656,-1.2249078,ACC_1155
-0.6906863,7.449412,5.0467196,-1.6884446,5.188266,-1.3712026,7.0363374,-2.2899117,-3.3110962,-1.2322304,4.864371,8.213507,-0.013705677,-1.3802353,5.717324,-1.083155,ACC_1156
-0.84094965,7.0009246,4.6296325,-1.8948361,4.974164,-1.2920507,6.656561,-2.0591063,-3.1216006,-1.011225,4.694875,7.739346,-0.012673929,-1.3434749,5.517919,-1.1611084,ACC_1157
-1.0146841,7.214235,5.053104,-2.0100617,4.974334,-1.3910004,6.831428,-2.0921853,-3.121054,-1.0157533,4.6385355,7.9511704,-0.01291185,-1.3326514,5.698608,-1.1433392,ACC_1158
-0.5971981,7.341622,5.1542892,-1.6022391,5.0973396,-1.3553358,6.803787,-2.2981465,-3.3132262,-1.2252649,4.831935,8.190698,-0.014351437,-1.3715894,5.6715035,-1.0764515,ACC_1159
-0.9444252,6.7227783,5.004673,-1.7670442,4.544892,-1.2942184,6.2800584,-1.9823527,-2.9268298,-0.96726286,4.3440557,7.523636,-0.013459213,-1.3005751,5.4900737,-1.0493368,ACC_1160
-0.5658164,7.211966,4.8465075,-1.5352454,5.0097094,-1.2721342,6.8047214,-2.2122586,-3.2322102,-1.2288778,4.7189646,7.911426,-0.014013743,-1.373841,5.5611525,-1.0295056,ACC_1161
-0.643784,8.128948,5.3812523,-1.8566818,5.731367,-1.4804212,7.3236165,-2.5864072,-3.5152178,-1.3675947,5.144696,8.787952,-0.014923135,-1.4209095,6.04771,-1.0549196,ACC_1162
-0.6771613,7.6680455,5.011562,-1.7856807,5.428233,-1.3425303,7.1539707,-2.4304223,-3.3175116,-1.2819734,4.953869,8.3235655,-0.014024161,-1.4137585,5.851228,-1.0469837,ACC_1163
-0.97464573,6.8878064,5.0678787,-1.8438201,4.658728,-1.4471558,6.578172,-1.9070219,-3.1203015,-0.9582255,4.4783673,7.7478433,-0.012592627,-1.2742759,5.4538693,-1.1800884,ACC_1164
-0.8654693,7.0102715,5.137328,-1.8405689,4.7561846,-1.3869456,6.5147033,-1.9847327,-3.150218,-0.9956761,4.54687,7.8463993,-0.013340341,-1.300233,5.527099,-1.1475105,ACC_1165
-0.5858964,7.7081695,5.2193236,-1.7342644,5.400152,-1.3704293,7.0729785,-2.4133081,-3.422924,-1.281138,5.033492,8.479383,-0.014564445,-1.408186,5.849523,-1.0953645,ACC_1166
-0.87040216,6.7357054,4.9712644,-1.7070668,4.560747,-1.2495881,6.1524525,-2.0473993,-2.9092686,-1.0037962,4.2786837,7.4613814,-0.013903535,-1.2968751,5.4934907,-0.9605061,ACC_1167
-0.6834956,7.6771045,5.138333,-1.793845,5.4922123,-1.2829376,7.012175,-2.6097667,-3.2216177,-1.3044251,4.9471464,8.341775,-0.015181553,-1.4505603,6.0071516,-0.9578632,ACC_1168
-0.95467216,7.233834,5.1307187,-1.9562312,4.982357,-1.4144818,6.7779584,-2.1073658,-3.1618266,-1.0356498,4.639026,7.976211,-0.013438425,-1.3370137,5.6966405,-1.131461,ACC_1169
-0.9600258,7.1169806,5.098254,-1.9236778,4.866131,-1.4699327,6.7876406,-1.9789116,-3.208078,-0.9916619,4.627188,7.9273763,-0.012873799,-1.3041875,5.562174,-1.215234,ACC_1170
-0.6736937,7.8080344,5.323947,-1.7994097,5.4785233,-1.504307,7.237497,-2.4138832,-3.49374,-1.2802304,5.07266,8.618576,-0.014209182,-1.3916125,5.8651385,-1.1517099,ACC_1171
-0.88318104,7.0386586,5.0402503,-1.8594143,4.8806643,-1.322589,6.5075116,-2.1452851,-3.0521057,-1.0300596,4.530062,7.7456512,-0.014162463,-1.3481519,5.6513696,-1.0603389,ACC_1172
-0.7175047,7.6628957,5.16351,-1.7850528,5.4024024,-1.4031508,7.1442513,-2.4427764,-3.3437786,-1.2724327,4.959497,8.409323,-0.014121145,-1.4045682,5.8751755,-1.0678526,ACC_1173
-0.6088659,7.283379,5.0127625,-1.5892186,5.1290526,-1.1883618,6.5981164,-2.4660013,-3.0731087,-1.2659845,4.699536,7.9593353,-0.015219815,-1.4135964,5.7908683,-0.8792636,ACC_1174
-0.7073025,7.894071,5.173319,-1.9080833,5.638201,-1.3606169,7.2980323,-2.5668805,-3.3688602,-1.3051136,5.109571,8.582048,-0.014423796,-1.4465705,6.0317388,-1.0689796,ACC_1175
-0.7569436,7.5135365,5.016863,-1.8051188,5.326421,-1.3095533,6.99602,-2.460795,-3.198743,-1.2477952,4.8541284,8.230842,-0.0137703,-1.3986204,5.8488755,-1.0098734,ACC_1176
-0.8110984,7.514795,4.9457664,-1.794211,5.316657,-1.3153073,7.066746,-2.448388,-3.16158,-1.2599558,4.800407,8.155739,-0.013609949,-1.4012766,5.857179,-0.9677217,ACC_1177
-0.65193886,7.6199813,5.2883854,-1.6846288,5.3285418,-1.4280708,7.0289397,-2.4299,-3.3806467,-1.2811258,4.9387007,8.414674,-0.0148052005,-1.3996208,5.849632,-1.0596014,ACC_1178
-0.6796616,7.403661,4.824658,-1.7248528,5.3307533,-1.2972603,6.977411,-2.4334347,-3.2270513,-1.2517627,4.883944,8.12913,-0.013744686,-1.4117246,5.7592106,-1.026724,ACC_1179
-0.6185145,7.4634237,5.0907416,-1.6845018,5.286956,-1.1845638,6.7042837,-2.5471766,-3.1021926,-1.2862102,4.811865,8.134113,-0.015400343,-1.4360703,5.90719,-0.89054143,ACC_1180
-0.6222384,7.590898,5.233343,-1.6912954,5.3582287,-1.314454,6.886706,-2.52203,-3.2553852,-1.2964908,4.904395,8.319497,-0.015387736,-1.4292803,5.914757,-0.97182953,ACC_1181
-0.7729038,7.3337913,4.9468985,-1.7493123,5.2455335,-1.1764559,6.729591,-2.5711362,-2.9723794,-1.2555916,4.7031837,7.9809413,-0.014642148,-1.4274607,5.9094806,-0.8579139,ACC_1182
-0.6641279,7.5786448,5.1763916,-1.7310818,5.3683624,-1.3237354,6.926565,-2.5163248,-3.2466927,-1.2837029,4.8954897,8.303808,-0.014922257,-1.4209142,5.901755,-0.98405945,ACC_1183
-0.72307855,7.7234855,5.074448,-1.8416257,5.5232906,-1.3397971,7.1878934,-2.5386982,-3.2883558,-1.2913371,4.9907393,8.385019,-0.014388161,-1.4386599,5.9649873,-1.0247216,ACC_1184
-0.7563339,7.6564035,5.0170264,-1.8291209,5.4330254,-1.3416535,7.1747155,-2.4587147,-3.2674406,-1.2706367,4.9320827,8.3116665,-0.013825703,-1.4166763,5.8952293,-1.0223138,ACC_1185
-0.9227068,7.3283076,5.2176833,-1.9666873,5.0050173,-1.4788669,6.848449,-2.0398848,-3.2735343,-1.0289518,4.730558,8.119046,-0.013232509,-1.3163619,5.656772,-1.2094214,ACC_1186
-0.6584358,7.426641,5.08262,-1.6658045,5.2517443,-1.223348,6.5810294,-2.5823894,-3.0678186,-1.2967254,4.6765385,8.070827,-0.015057925,-1.394985,5.8652573,-0.8219238,ACC_1187
-0.9976696,7.226416,5.0776887,-2.002412,4.9799376,-1.4051334,6.7649217,-2.09801,-3.1163363,-1.0232168,4.6107774,7.9525757,-0.012935441,-1.316643,5.6748033,-1.1198558,ACC_1188
-0.8603489,6.82214,4.9916506,-1.7664279,4.6294413,-1.2527186,6.2547064,-2.02598,-2.9573784,-0.9971549,4.383468,7.568875,-0.0137495585,-1.309183,5.515947,-1.0194331,ACC_1189
-0.95085275,6.867624,4.9398475,-1.8293984,4.6957545,-1.3245367,6.4503446,-2.018389,-2.985701,-0.9942589,4.391177,7.595239,-0.01308285,-1.3029846,5.523655,-1.0443751,ACC_1190
-0.9835899,7.3877482,5.2398324,-2.022211,5.0490117,-1.5473889,6.972235,-2.0108218,-3.304513,-1.0167128,4.7790675,8.189717,-0.012889416,-1.3053249,5.6514335,-1.2643585,ACC_1191
-0.8480598,7.136622,5.2102976,-1.8397346,4.8667336,-1.3781804,6.52568,-2.0963318,-3.1501157,-1.0391372,4.5845127,7.9134107,-0.0142014455,-1.3294101,5.6428485,-1.0990735,ACC_1192
-0.7476674,7.258132,4.7574015,-1.689046,5.164918,-1.1635674,6.7626796,-2.4598062,-2.980073,-1.2506015,4.646213,7.8272657,-0.014081707,-1.4133363,5.795029,-0.8606584,ACC_1193
-0.7858266,7.7182355,5.0778065,-1.8602339,5.4753847,-1.3823854,7.2512927,-2.4500325,-3.303571,-1.2648399,4.9808073,8.382021,-0.013768576,-1.4194925,5.9196143,-1.0421877,ACC_1194
-0.6678959,7.0918164,4.9033394,-1.5733725,5.016902,-1.1481615,6.485041,-2.4606795,-2.9510598,-1.2368236,4.577263,7.7659054,-0.014955952,-1.405463,5.744837,-0.8393489,ACC_1195
-0.8203208,7.1043468,5.118462,-1.8339679,4.8392696,-1.2828628,6.4509478,-2.0974412,-3.0848968,-1.0377101,4.5743527,7.8345647,-0.01425433,-1.341425,5.650233,-1.0654463,ACC_1196
-0.7690715,7.659387,5.0356336,-1.8161205,5.3897915,-1.3675319,7.1171765,-2.4199104,-3.254251,-1.2698903,4.8976254,8.305999,-0.013656586,-1.390095,5.848871,-1.0210292,ACC_1197
-0.68977237,7.667833,5.1633344,-1.780328,5.4032655,-1.4204054,7.1869254,-2.4049404,-3.3901346,-1.2664524,4.993568,8.434404,-0.014070017,-1.403903,5.8433714,-1.1091399,ACC_1198
-0.75053126,7.1513658,4.886338,-1.6472049,5.0685883,-1.1468155,6.56628,-2.5006263,-2.916689,-1.2385771,4.581626,7.805074,-0.014611661,-1.4063898,5.806718,-0.82635546,ACC_1199
