account_id,cf_user_id,monthly_salary,avg_daily_spend,min_balance_eom,liquidity_ratio,discretionary_ratio,initial_vault_savings,high_yield_intent,cluster_id,persona_name,persona_th,persona_desc,recommended_sweep_pct,scam_vulnerability,vault_friction_level
ACC_0060,USER_0000,32000.0,618.08,-11777.98,-0.3681,0.2973,6813.97,0,0,Paycheck-to-Paycheck Spender,มนุษย์เงินเดือนชนเดือน (สภาพคล่องจำกัดปลายเดือน),"รายได้ 18,000–35,000 บาท สภาพคล่องตึงตัวปลายเดือน ต้องการระบบออมเศษเงินอัตโนมัติแบบ Zero-Manual Effort",0.06,MODERATE,FLEXIBLE
ACC_0061,USER_0001,36000.0,684.7,-10061.43,-0.2795,0.206,15191.51,0,0,Paycheck-to-Paycheck Spender,มนุษย์เงินเดือนชนเดือน (สภาพคล่องจำกัดปลายเดือน),"รายได้ 18,000–35,000 บาท สภาพคล่องตึงตัวปลายเดือน ต้องการระบบออมเศษเงินอัตโนมัติแบบ Zero-Manual Effort",0.06,MODERATE,FLEXIBLE
ACC_0062,USER_0002,36000.0,624.9,-10122.9,-0.2812,0.2983,2540.08,0,0,Paycheck-to-Paycheck Spender,มนุษย์เงินเดือนชนเดือน (สภาพคล่องจำกัดปลายเดือน),"รายได้ 18,000–35,000 บาท สภาพคล่องตึงตัวปลายเดือน ต้องการระบบออมเศษเงินอัตโนมัติแบบ Zero-Manual Effort",0.06,MODERATE,FLEXIBLE
ACC_0063,USER_0003,20000.0,656.66,-26088.76,-1.3044,0.1687,10863.06,0,1,High-Yield Seeker Novice,ผู้แสวงหาผลตอบแทนสูง (เสี่ยง Ponzi/แชร์ลูกโซ่สูง),"มีเงินเก็บก้อนแรก 30,000–100,000 บาท มักมองหาผลตอบแทนเร็ว แต่ความเข้าใจความเสี่ยงจำกัด เสี่ยงต่อแอปหลอกลงทุน",0.12,HIGH,MAXIMUM
ACC_0064,USER_0004,24000.0,558.39,-7451.24,-0.3105,0.2291,8065.58,0,0,Paycheck-to-Paycheck Spender,มนุษย์เงินเดือนชนเดือน (สภาพคล่องจำกัดปลายเดือน),"รายได้ 18,000–35,000 บาท สภาพคล่องตึงตัวปลายเดือน ต้องการระบบออมเศษเงินอัตโนมัติแบบ Zero-Manual Effort",0.06,MODERATE,FLEXIBLE
ACC_0065,USER_0005,24000.0,610.2,-16078.73,-0.6699,0.251,5498.32,0,1,High-Yield Seeker Novice,ผู้แสวงหาผลตอบแทนสูง (เสี่ยง Ponzi/แชร์ลูกโซ่สูง),"มีเงินเก็บก้อนแรก 30,000–100,000 บาท มักมองหาผลตอบแทนเร็ว แต่ความเข้าใจความเสี่ยงจำกัด เสี่ยงต่อแอปหลอกลงทุน",0.12,HIGH,MAXIMUM
ACC_0066,USER_0006,32000.0,564.54,-8964.84,-0.2802,0.1501,4468.6,0,0,Paycheck-to-Paycheck Spender,มนุษย์เงินเดือนชนเดือน (สภาพคล่องจำกัดปลายเดือน),"รายได้ 18,000–35,000 บาท สภาพคล่องตึงตัวปลายเดือน ต้องการระบบออมเศษเงินอัตโนมัติแบบ Zero-Manual Effort",0.06,MODERATE,FLEXIBLE
ACC_0067,USER_0007,28000.0,596.23,-8076.62,-0.2885,0.2589,10733.62,0,0,Paycheck-to-Paycheck Spender,มนุษย์เงินเดือนชนเดือน (สภาพคล่องจำกัดปลายเดือน),"รายได้ 18,000–35,000 บาท สภาพคล่องตึงตัวปลายเดือน ต้องการระบบออมเศษเงินอัตโนมัติแบบ Zero-Manual Effort",0.06,MODERATE,FLEXIBLE
ACC_0068,USER_0008,36000.0,523.34,-5319.03,-0.1478,0.1147,6149.94,0,0,Paycheck-to-Paycheck Spender,มนุษย์เงินเดือนชนเดือน (สภาพคล่องจำกัดปลายเดือน),"รายได้ 18,000–35,000 บาท สภาพคล่องตึงตัวปลายเดือน ต้องการระบบออมเศษเงินอัตโนมัติแบบ Zero-Manual Effort",0.06,MODERATE,FLEXIBLE
ACC_0069,USER_0009,24000.0,630.06,-15743.2,-0.656,0.2827,6739.99,0,1,High-Yield Seeker Novice,ผู้แสวงหาผลตอบแทนสูง (เสี่ยง Ponzi/แชร์ลูกโซ่สูง),"มีเงินเก็บก้อนแรก 30,000–100,000 บาท มักมองหาผลตอบแทนเร็ว แต่ความเข้าใจความเสี่ยงจำกัด เสี่ยงต่อแอปหลอกลงทุน",0.12,HIGH,MAXIMUM
ACC_0070,USER_0010,32000.0,578.04,-9504.06,-0.297,0.1621,16839.69,0,0,Paycheck-to-Paycheck Spender,มนุษย์เงินเดือนชนเดือน (สภาพคล่องจำกัดปลายเดือน),"รายได้ 18,000–35,000 บาท สภาพคล่องตึงตัวปลายเดือน ต้องการระบบออมเศษเงินอัตโนมัติแบบ Zero-Manual Effort",0.06,MODERATE,FLEXIBLE
ACC_0071,USER_0011,36000.0,603.13,-11350.22,-0.3153,0.2661,4969.2,0,0,Paycheck-to-Paycheck Spender,มนุษย์เงินเดือนชนเดือน (สภาพคล่องจำกัดปลายเดือน),"รายได้ 18,000–35,000 บาท สภาพคล่องตึงตัวปลายเดือน ต้องการระบบออมเศษเงินอัตโนมัติแบบ Zero-Manual Effort",0.06,MODERATE,FLEXIBLE
ACC_0072,USER_0012,24000.0,681.45,-21189.0,-0.8829,0.2616,3707.81,0,1,High-Yield Seeker Novice,ผู้แสวงหาผลตอบแทนสูง (เสี่ยง Ponzi/แชร์ลูกโซ่สูง),"มีเงินเก็บก้อนแรก 30,000–100,000 บาท มักมองหาผลตอบแทนเร็ว แต่ความเข้าใจความเสี่ยงจำกัด เสี่ยงต่อแอปหลอกลงทุน",0.12,HIGH,MAXIMUM
ACC_0073,USER_0013,24000.0,583.76,-12129.29,-0.5054,0.2787,12283.04,0,1,High-Yield Seeker Novice,ผู้แสวงหาผลตอบแทนสูง (เสี่ยง Ponzi/แชร์ลูกโซ่สูง),"มีเงินเก็บก้อนแรก 30,000–100,000 บาท มักมองหาผลตอบแทนเร็ว แต่ความเข้าใจความเสี่ยงจำกัด เสี่ยงต่อแอปหลอกลงทุน",0.12,HIGH,MAXIMUM
ACC_0074,USER_0014,36000.0,602.34,-9776.8,-0.2716,0.2675,5235.24,0,0,Paycheck-to-Paycheck Spender,มนุษย์เงินเดือนชนเดือน (สภาพคล่องจำกัดปลายเดือน),"รายได้ 18,000–35,000 บาท สภาพคล่องตึงตัวปลายเดือน ต้องการระบบออมเศษเงินอัตโนมัติแบบ Zero-Manual Effort",0.06,MODERATE,FLEXIBLE
ACC_0075,USER_0015,28000.0,580.14,-9206.46,-0.3288,0.2627,11103.04,0,0,Paycheck-to-Paycheck Spender,มนุษย์เงินเดือนชนเดือน (สภาพคล่องจำกัดปลายเดือน),"รายได้ 18,000–35,000 บาท สภาพคล่องตึงตัวปลายเดือน ต้องการระบบออมเศษเงินอัตโนมัติแบบ Zero-Manual Effort",0.06,MODERATE,FLEXIBLE
ACC_0076,USER_0016,20000.0,620.72,-20119.51,-1.006,0.189,6973.28,0,1,High-Yield Seeker Novice,ผู้แสวงหาผลตอบแทนสูง (เสี่ยง Ponzi/แชร์ลูกโซ่สูง),"มีเงินเก็บก้อนแรก 30,000–100,000 บาท มักมองหาผลตอบแทนเร็ว แต่ความเข้าใจความเสี่ยงจำกัด เสี่ยงต่อแอปหลอกลงทุน",0.12,HIGH,MAXIMUM
ACC_0077,USER_0017,28000.0,619.41,-10907.7,-0.3896,0.2586,16705.74,0,0,Paycheck-to-Paycheck Spender,มนุษย์เงินเดือนชนเดือน (สภาพคล่องจำกัดปลายเดือน),"รายได้ 18,000–35,000 บาท สภาพคล่องตึงตัวปลายเดือน ต้องการระบบออมเศษเงินอัตโนมัติแบบ Zero-Manual Effort",0.06,MODERATE,FLEXIBLE
ACC_0078,USER_0018,36000.0,653.75,-8724.98,-0.2424,0.2491,2770.9,0,0,Paycheck-to-Paycheck Spender,มนุษย์เงินเดือนชนเดือน (สภาพคล่องจำกัดปลายเดือน),"รายได้ 18,000–35,000 บาท สภาพคล่องตึงตัวปลายเดือน ต้องการระบบออมเศษเงินอัตโนมัติแบบ Zero-Manual Effort",0.06,MODERATE,FLEXIBLE
ACC_0079,USER_0019,28000.0,634.7,-9290.21,-0.3318,0.2931,10010.69,0,0,Paycheck-to-Paycheck Spender,มนุษย์เงินเดือนชนเดือน (สภาพคล่องจำกัดปลายเดือน),"รายได้ 18,000–35,000 บาท สภาพคล่องตึงตัวปลายเดือน ต้องการระบบออมเศษเงินอัตโนมัติแบบ Zero-Manual Effort",0.06,MODERATE,FLEXIBLE
ACC_0080,USER_0020,36000.0,618.23,-7738.1,-0.2149,0.2217,10350.65,0,0,Paycheck-to-Paycheck Spender,มนุษย์เงินเดือนชนเดือน (สภาพคล่องจำกัดปลายเดือน),"รายได้ 18,000–35,000 บาท สภาพคล่องตึงตัวปลายเดือน ต้องการระบบออมเศษเงินอัตโนมัติแบบ Zero-Manual Effort",0.06,MODERATE,FLEXIBLE
ACC_0081,USER_0021,24000.0,627.86,-18466.53,-0.7694,0.2491,7686.71,0,1,High-Yield Seeker Novice,ผู้แสวงหาผลตอบแทนสูง (เสี่ยง Ponzi/แชร์ลูกโซ่สูง),"มีเงินเก็บก้อนแรก 30,000–100,000 บาท มักมองหาผลตอบแทนเร็ว แต่ความเข้าใจความเสี่ยงจำกัด เสี่ยงต่อแอปหลอกลงทุน",0.12,HIGH,MAXIMUM
ACC_0082,USER_0022,32000.0,629.9,-13176.86,-0.4118,0.258,6403.61,0,0,Paycheck-to-Paycheck Spender,มนุษย์เงินเดือนชนเดือน (สภาพคล่องจำกัดปลายเดือน),"รายได้ 18,000–35,000 บาท สภาพคล่องตึงตัวปลายเดือน ต้องการระบบออมเศษเงินอัตโนมัติแบบ Zero-Manual Effort",0.06,MODERATE,FLEXIBLE
ACC_0083,USER_0023,20000.0,565.35,-14143.66,-0.7072,0.2316,6112.68,0,1,High-Yield Seeker Novice,ผู้แสวงหาผลตอบแทนสูง (เสี่ยง Ponzi/แชร์ลูกโซ่สูง),"มีเงินเก็บก้อนแรก 30,000–100,000 บาท มักมองหาผลตอบแทนเร็ว แต่ความเข้าใจความเสี่ยงจำกัด เสี่ยงต่อแอปหลอกลงทุน",0.12,HIGH,MAXIMUM
ACC_0084,USER_0024,36000.0,559.35,-10872.56,-0.302,0.2444,2736.66,0,0,Paycheck-to-Paycheck Spender,มนุษย์เงินเดือนชนเดือน (สภาพคล่องจำกัดปลายเดือน),"รายได้ 18,000–35,000 บาท สภาพคล่องตึงตัวปลายเดือน ต้องการระบบออมเศษเงินอัตโนมัติแบบ Zero-Manual Effort",0.06,MODERATE,FLEXIBLE
ACC_0085,USER_0025,28000.0,683.89,-17111.84,-0.6111,0.2573,11925.98,0,0,Paycheck-to-Paycheck Spender,มนุษย์เงินเดือนชนเดือน (สภาพคล่องจำกัดปลายเดือน),"รายได้ 18,000–35,000 บาท สภาพคล่องตึงตัวปลายเดือน ต้องการระบบออมเศษเงินอัตโนมัติแบบ Zero-Manual Effort",0.06,MODERATE,FLEXIBLE
ACC_0086,USER_0026,36000.0,684.13,-10173.18,-0.2826,0.2337,5241.71,0,0,Paycheck-to-Paycheck Spender,มนุษย์เงินเดือนชนเดือน (สภาพคล่องจำกัดปลายเดือน),"รายได้ 18,000–35,000 บาท สภาพคล่องตึงตัวปลายเดือน ต้องการระบบออมเศษเงินอัตโนมัติแบบ Zero-Manual Effort",0.06,MODERATE,FLEXIBLE
ACC_0087,USER_0027,24000.0,596.07,-11247.94,-0.4687,0.2222,12500.23,0,1,High-Yield Seeker Novice,ผู้แสวงหาผลตอบแทนสูง (เสี่ยง Ponzi/แชร์ลูกโซ่สูง),"มีเงินเก็บก้อนแรก 30,000–100,000 บาท มักมองหาผลตอบแทนเร็ว แต่ความเข้าใจความเสี่ยงจำกัด เสี่ยงต่อแอปหลอกลงทุน",0.12,HIGH,MAXIMUM
ACC_0088,USER_0028,28000.0,585.07,-7897.3,-0.282,0.2098,12360.82,0,0,Paycheck-to-Paycheck Spender,มนุษย์เงินเดือนชนเดือน (สภาพคล่องจำกัดปลายเดือน),"รายได้ 18,000–35,000 บาท สภาพคล่องตึงตัวปลายเดือน ต้องการระบบออมเศษเงินอัตโนมัติแบบ Zero-Manual Effort",0.06,MODERATE,FLEXIBLE
ACC_0089,USER_0029,24000.0,600.09,-14050.69,-0.5854,0.3235,9995.11,0,1,High-Yield Seeker Novice,ผู้แสวงหาผลตอบแทนสูง (เสี่ยง Ponzi/แชร์ลูกโซ่สูง),"มีเงินเก็บก้อนแรก 30,000–100,000 บาท มักมองหาผลตอบแทนเร็ว แต่ความเข้าใจความเสี่ยงจำกัด เสี่ยงต่อแอปหลอกลงทุน",0.12,HIGH,MAXIMUM
ACC_0090,USER_0030,28000.0,652.24,-10408.02,-0.3717,0.2188,4448.87,0,0,Paycheck-to-Paycheck Spender,มนุษย์เงินเดือนชนเดือน (สภาพคล่องจำกัดปลายเดือน),"รายได้ 18,000–35,000 บาท สภาพคล่องตึงตัวปลายเดือน ต้องการระบบออมเศษเงินอัตโนมัติแบบ Zero-Manual Effort",0.06,MODERATE,FLEXIBLE
ACC_0091,USER_0031,36000.0,554.28,-11615.75,-0.3227,0.2492,5216.06,0,0,Paycheck-to-Paycheck Spender,มนุษย์เงินเดือนชนเดือน (สภาพคล่องจำกัดปลายเดือน),"รายได้ 18,000–35,000 บาท สภาพคล่องตึงตัวปลายเดือน ต้องการระบบออมเศษเงินอัตโนมัติแบบ Zero-Manual Effort",0.06,MODERATE,FLEXIBLE
ACC_0092,USER_0032,28000.0,599.66,-9439.02,-0.3371,0.2195,16174.09,0,0,Paycheck-to-Paycheck Spender,มนุษย์เงินเดือนชนเดือน (สภาพคล่องจำกัดปลายเดือน),"รายได้ 18,000–35,000 บาท สภาพคล่องตึงตัวปลายเดือน ต้องการระบบออมเศษเงินอัตโนมัติแบบ Zero-Manual Effort",0.06,MODERATE,FLEXIBLE
ACC_0093,USER_0033,36000.0,645.28,-8056.49,-0.2238,0.174,11701.67,0,0,Paycheck-to-Paycheck Spender,มนุษย์เงินเดือนชนเดือน (สภาพคล่องจำกัดปลายเดือน),"รายได้ 18,000–35,000 บาท สภาพคล่องตึงตัวปลายเดือน ต้องการระบบออมเศษเงินอัตโนมัติแบบ Zero-Manual Effort",0.06,MODERATE,FLEXIBLE
ACC_0094,USER_0034,36000.0,584.73,-10727.41,-0.298,0.2935,13510.17,0,0,Paycheck-to-Paycheck Spender,มนุษย์เงินเดือนชนเดือน (สภาพคล่องจำกัดปลายเดือน),"รายได้ 18,000–35,000 บาท สภาพคล่องตึงตัวปลายเดือน ต้องการระบบออมเศษเงินอัตโนมัติแบบ Zero-Manual Effort",0.06,MODERATE,FLEXIBLE
ACC_0095,USER_0035,28000.0,546.1,-7595.35,-0.2713,0.181,5660.86,0,0,Paycheck-to-Paycheck Spender,มนุษย์เงินเดือนชนเดือน (สภาพคล่องจำกัดปลายเดือน),"รายได้ 18,000–35,000 บาท สภาพคล่องตึงตัวปลายเดือน ต้องการระบบออมเศษเงินอัตโนมัติแบบ Zero-Manual Effort",0.06,MODERATE,FLEXIBLE
ACC_0096,USER_0036,36000.0,605.64,-8662.4,-0.2406,0.2611,5434.99,0,0,Paycheck-to-Paycheck Spender,มนุษย์เงินเดือนชนเดือน (สภาพคล่องจำกัดปลายเดือน),"รายได้ 18,000–35,000 บาท สภาพคล่องตึงตัวปลายเดือน ต้องการระบบออมเศษเงินอัตโนมัติแบบ Zero-Manual Effort",0.06,MODERATE,FLEXIBLE
ACC_0097,USER_0037,24000.0,601.5,-14295.01,-0.5956,0.2094,15391.11,0,1,High-Yield Seeker Novice,ผู้แสวงหาผลตอบแทนสูง (เสี่ยง Ponzi/แชร์ลูกโซ่สูง),"มีเงินเก็บก้อนแรก 30,000–100,000 บาท มักมองหาผลตอบแทนเร็ว แต่ความเข้าใจความเสี่ยงจำกัด เสี่ยงต่อแอปหลอกลงทุน",0.12,HIGH,MAXIMUM
ACC_0098,USER_0038,20000.0,595.73,-19757.61,-0.9879,0.2054,13716.28,0,1,High-Yield Seeker Novice,ผู้แสวงหาผลตอบแทนสูง (เสี่ยง Ponzi/แชร์ลูกโซ่สูง),"มีเงินเก็บก้อนแรก 30,000–100,000 บาท มักมองหาผลตอบแทนเร็ว แต่ความเข้าใจความเสี่ยงจำกัด เสี่ยงต่อแอปหลอกลงทุน",0.12,HIGH,MAXIMUM
ACC_0099,USER_0039,32000.0,594.74,-9819.49,-0.3069,0.2524,12756.46,0,0,Paycheck-to-Paycheck Spender,มนุษย์เงินเดือนชนเดือน (สภาพคล่องจำกัดปลายเดือน),"รายได้ 18,000–35,000 บาท สภาพคล่องตึงตัวปลายเดือน ต้องการระบบออมเศษเงินอัตโนมัติแบบ Zero-Manual Effort",0.06,MODERATE,FLEXIBLE
ACC_0100,USER_0040,24000.0,681.58,-22045.62,-0.9186,0.2289,10694.48,0,1,High-Yield Seeker Novice,ผู้แสวงหาผลตอบแทนสูง (เสี่ยง Ponzi/แชร์ลูกโซ่สูง),"มีเงินเก็บก้อนแรก 30,000–100,000 บาท มักมองหาผลตอบแทนเร็ว แต่ความเข้าใจความเสี่ยงจำกัด เสี่ยงต่อแอปหลอกลงทุน",0.12,HIGH,MAXIMUM
ACC_0101,USER_0041,28000.0,584.79,-9756.08,-0.3484,0.2801,10262.38,0,0,Paycheck-to-Paycheck Spender,มนุษย์เงินเดือนชนเดือน (สภาพคล่องจำกัดปลายเดือน),"รายได้ 18,000–35,000 บาท สภาพคล่องตึงตัวปลายเดือน ต้องการระบบออมเศษเงินอัตโนมัติแบบ Zero-Manual Effort",0.06,MODERATE,FLEXIBLE
ACC_0102,USER_0042,36000.0,629.39,-9580.22,-0.2661,0.1914,11562.91,0,0,Paycheck-to-Paycheck Spender,มนุษย์เงินเดือนชนเดือน (สภาพคล่องจำกัดปลายเดือน),"รายได้ 18,000–35,000 บาท สภาพคล่องตึงตัวปลายเดือน ต้องการระบบออมเศษเงินอัตโนมัติแบบ Zero-Manual Effort",0.06,MODERATE,FLEXIBLE
ACC_0103,USER_0043,20000.0,554.81,-13561.67,-0.6781,0.2122,8913.78,0,1,High-Yield Seeker Novice,ผู้แสวงหาผลตอบแทนสูง (เสี่ยง Ponzi/แชร์ลูกโซ่สูง),"มีเงินเก็บก้อนแรก 30,000–100,000 บาท มักมองหาผลตอบแทนเร็ว แต่ความเข้าใจความเสี่ยงจำกัด เสี่ยงต่อแอปหลอกลงทุน",0.12,HIGH,MAXIMUM
ACC_0104,USER_0044,32000.0,593.95,-9958.25,-0.3112,0.2257,4366.73,0,0,Paycheck-to-Paycheck Spender,มนุษย์เงินเดือนชนเดือน (สภาพคล่องจำกัดปลายเดือน),"รายได้ 18,000–35,000 บาท สภาพคล่องตึงตัวปลายเดือน ต้องการระบบออมเศษเงินอัตโนมัติแบบ Zero-Manual Effort",0.06,MODERATE,FLEXIBLE
ACC_0105,USER_0045,32000.0,681.27,-9813.64,-0.3067,0.2552,3339.84,0,0,Paycheck-to-Paycheck Spender,มนุษย์เงินเดือนชนเดือน (สภาพคล่องจำกัดปลายเดือน),"รายได้ 18,000–35,000 บาท สภาพคล่องตึงตัวปลายเดือน ต้องการระบบออมเศษเงินอัตโนมัติแบบ Zero-Manual Effort",0.06,MODERATE,FLEXIBLE
ACC_0106,USER_0046,28000.0,571.24,-9524.68,-0.3402,0.2158,2137.04,0,0,Paycheck-to-Paycheck Spender,มนุษย์เงินเดือนชนเดือน (สภาพคล่องจำกัดปลายเดือน),"รายได้ 18,000–35,000 บาท สภาพคล่องตึงตัวปลายเดือน ต้องการระบบออมเศษเงินอัตโนมัติแบบ Zero-Manual Effort",0.06,MODERATE,FLEXIBLE
ACC_0107,USER_0047,36000.0,580.43,-8153.22,-0.2265,0.2215,4603.28,0,0,Paycheck-to-Paycheck Spender,มนุษย์เงินเดือนชนเดือน (สภาพคล่องจำกัดปลายเดือน),"รายได้ 18,000–35,000 บาท สภาพคล่องตึงตัวปลายเดือน ต้องการระบบออมเศษเงินอัตโนมัติแบบ Zero-Manual Effort",0.06,MODERATE,FLEXIBLE
ACC_0108,USER_0048,24000.0,609.46,-13042.07,-0.5434,0.2578,5737.78,0,1,High-Yield Seeker Novice,ผู้แสวงหาผลตอบแทนสูง (เสี่ยง Ponzi/แชร์ลูกโซ่สูง),"มีเงินเก็บก้อนแรก 30,000–100,000 บาท มักมองหาผลตอบแทนเร็ว แต่ความเข้าใจความเสี่ยงจำกัด เสี่ยงต่อแอปหลอกลงทุน",0.12,HIGH,MAXIMUM
ACC_0109,USER_0049,36000.0,618.64,-6637.15,-0.1844,0.2469,11783.37,0,0,Paycheck-to-Paycheck Spender,มนุษย์เงินเดือนชนเดือน (สภาพคล่องจำกัดปลายเดือน),"รายได้ 18,000–35,000 บาท สภาพคล่องตึงตัวปลายเดือน ต้องการระบบออมเศษเงินอัตโนมัติแบบ Zero-Manual Effort",0.06,MODERATE,FLEXIBLE
ACC_0110,USER_0050,36000.0,621.09,-9766.09,-0.2713,0.2838,3856.94,0,0,Paycheck-to-Paycheck Spender,มนุษย์เงินเดือนชนเดือน (สภาพคล่องจำกัดปลายเดือน),"รายได้ 18,000–35,000 บาท สภาพคล่องตึงตัวปลายเดือน ต้องการระบบออมเศษเงินอัตโนมัติแบบ Zero-Manual Effort",0.06,MODERATE,FLEXIBLE
ACC_0111,USER_0051,20000.0,630.72,-23141.06,-1.1571,0.1649,11794.72,0,1,High-Yield Seeker Novice,ผู้แสวงหาผลตอบแทนสูง (เสี่ยง Ponzi/แชร์ลูกโซ่สูง),"มีเงินเก็บก้อนแรก 30,000–100,000 บาท มักมองหาผลตอบแทนเร็ว แต่ความเข้าใจความเสี่ยงจำกัด เสี่ยงต่อแอปหลอกลงทุน",0.12,HIGH,MAXIMUM
ACC_0112,USER_0052,28000.0,637.32,-8728.89,-0.3117,0.1736,8000.91,0,0,Paycheck-to-Paycheck Spender,มนุษย์เงินเดือนชนเดือน (สภาพคล่องจำกัดปลายเดือน),"รายได้ 18,000–35,000 บาท สภาพคล่องตึงตัวปลายเดือน ต้องการระบบออมเศษเงินอัตโนมัติแบบ Zero-Manual Effort",0.06,MODERATE,FLEXIBLE
ACC_0113,USER_0053,28000.0,664.2,-11381.88,-0.4065,0.2227,15631.77,0,0,Paycheck-to-Paycheck Spender,มนุษย์เงินเดือนชนเดือน (สภาพคล่องจำกัดปลายเดือน),"รายได้ 18,000–35,000 บาท สภาพคล่องตึงตัวปลายเดือน ต้องการระบบออมเศษเงินอัตโนมัติแบบ Zero-Manual Effort",0.06,MODERATE,FLEXIBLE
ACC_0114,USER_0054,32000.0,566.37,-7695.41,-0.2405,0.2022,4426.11,0,0,Paycheck-to-Paycheck Spender,มนุษย์เงินเดือนชนเดือน (สภาพคล่องจำกัดปลายเดือน),"รายได้ 18,000–35,000 บาท สภาพคล่องตึงตัวปลายเดือน ต้องการระบบออมเศษเงินอัตโนมัติแบบ Zero-Manual Effort",0.06,MODERATE,FLEXIBLE
ACC_0115,USER_0055,24000.0,573.3,-7806.32,-0.3253,0.2168,5137.48,0,0,Paycheck-to-Paycheck Spender,มนุษย์เงินเดือนชนเดือน (สภาพคล่องจำกัดปลายเดือน),"รายได้ 18,000–35,000 บาท สภาพคล่องตึงตัวปลายเดือน ต้องการระบบออมเศษเงินอัตโนมัติแบบ Zero-Manual Effort",0.06,MODERATE,FLEXIBLE
ACC_0116,USER_0056,24000.0,537.15,-9922.93,-0.4135,0.2243,8002.7,0,1,High-Yield Seeker Novice,ผู้แสวงหาผลตอบแทนสูง (เสี่ยง Ponzi/แชร์ลูกโซ่สูง),"มีเงินเก็บก้อนแรก 30,000–100,000 บาท มักมองหาผลตอบแทนเร็ว แต่ความเข้าใจความเสี่ยงจำกัด เสี่ยงต่อแอปหลอกลงทุน",0.12,HIGH,MAXIMUM
ACC_0117,USER_0057,28000.0,546.6,-8172.39,-0.2919,0.2374,9222.58,0,0,Paycheck-to-Paycheck Spender,มนุษย์เงินเดือนชนเดือน (สภาพคล่องจำกัดปลายเดือน),"รายได้ 18,000–35,000 บาท สภาพคล่องตึงตัวปลายเดือน ต้องการระบบออมเศษเงินอัตโนมัติแบบ Zero-Manual Effort",0.06,MODERATE,FLEXIBLE
ACC_0118,USER_0058,36000.0,633.13,-9388.92,-0.2608,0.2531,17082.43,0,0,Paycheck-to-Paycheck Spender,มนุษย์เงินเดือนชนเดือน (สภาพคล่องจำกัดปลายเดือน),"รายได้ 18,000–35,000 บาท สภาพคล่องตึงตัวปลายเดือน ต้องการระบบออมเศษเงินอัตโนมัติแบบ Zero-Manual Effort",0.06,MODERATE,FLEXIBLE
ACC_0119,USER_0059,24000.0,602.32,-15075.07,-0.6281,0.2398,15565.5,0,1,High-Yield Seeker Novice,ผู้แสวงหาผลตอบแทนสูง (เสี่ยง Ponzi/แชร์ลูกโซ่สูง),"มีเงินเก็บก้อนแรก 30,000–100,000 บาท มักมองหาผลตอบแทนเร็ว แต่ความเข้าใจความเสี่ยงจำกัด เสี่ยงต่อแอปหลอกลงทุน",0.12,HIGH,MAXIMUM
ACC_0120,USER_0060,20000.0,607.84,-20379.78,-1.019,0.2331,12847.29,0,1,High-Yield Seeker Novice,ผู้แสวงหาผลตอบแทนสูง (เสี่ยง Ponzi/แชร์ลูกโซ่สูง),"มีเงินเก็บก้อนแรก 30,000–100,000 บาท มักมองหาผลตอบแทนเร็ว แต่ความเข้าใจความเสี่ยงจำกัด เสี่ยงต่อแอปหลอกลงทุน",0.12,HIGH,MAXIMUM
ACC_0121,USER_0061,32000.0,572.95,-8581.12,-0.2682,0.2057,3781.29,0,0,Paycheck-to-Paycheck Spender,มนุษย์เงินเดือนชนเดือน (สภาพคล่องจำกัดปลายเดือน),"รายได้ 18,000–35,000 บาท สภาพคล่องตึงตัวปลายเดือน ต้องการระบบออมเศษเงินอัตโนมัติแบบ Zero-Manual Effort",0.06,MODERATE,FLEXIBLE
ACC_0122,USER_0062,28000.0,670.92,-12793.21,-0.4569,0.218,4511.87,0,0,Paycheck-to-Paycheck Spender,มนุษย์เงินเดือนชนเดือน (สภาพคล่องจำกัดปลายเดือน),"รายได้ 18,000–35,000 บาท สภาพคล่องตึงตัวปลายเดือน ต้องการระบบออมเศษเงินอัตโนมัติแบบ Zero-Manual Effort",0.06,MODERATE,FLEXIBLE
ACC_0123,USER_0063,32000.0,581.58,-10467.42,-0.3271,0.266,13143.51,0,0,Paycheck-to-Paycheck Spender,มนุษย์เงินเดือนชนเดือน (สภาพคล่องจำกัดปลายเดือน),"รายได้ 18,000–35,000 บาท สภาพคล่องตึงตัวปลายเดือน ต้องการระบบออมเศษเงินอัตโนมัติแบบ Zero-Manual Effort",0.06,MODERATE,FLEXIBLE
ACC_0124,USER_0064,28000.0,662.49,-13322.17,-0.4758,0.2736,3697.04,0,0,Paycheck-to-Paycheck Spender,มนุษย์เงินเดือนชนเดือน (สภาพคล่องจำกัดปลายเดือน),"รายได้ 18,000–35,000 บาท สภาพคล่องตึงตัวปลายเดือน ต้องการระบบออมเศษเงินอัตโนมัติแบบ Zero-Manual Effort",0.06,MODERATE,FLEXIBLE
ACC_0125,USER_0065,24000.0,567.52,-11012.17,-0.4588,0.3006,10107.62,0,1,High-Yield Seeker Novice,ผู้แสวงหาผลตอบแทนสูง (เสี่ยง Ponzi/แชร์ลูกโซ่สูง),"มีเงินเก็บก้อนแรก 30,000–100,000 บาท มักมองหาผลตอบแทนเร็ว แต่ความเข้าใจความเสี่ยงจำกัด เสี่ยงต่อแอปหลอกลงทุน",0.12,HIGH,MAXIMUM
ACC_0126,USER_0066,32000.0,640.66,-10774.06,-0.3367,0.2795,3682.75,0,0,Paycheck-to-Paycheck Spender,มนุษย์เงินเดือนชนเดือน (สภาพคล่องจำกัดปลายเดือน),"รายได้ 18,000–35,000 บาท สภาพคล่องตึงตัวปลายเดือน ต้องการระบบออมเศษเงินอัตโนมัติแบบ Zero-Manual Effort",0.06,MODERATE,FLEXIBLE
ACC_0127,USER_0067,20000.0,557.06,-11232.69,-0.5616,0.1738,10381.33,0,1,High-Yield Seeker Novice,ผู้แสวงหาผลตอบแทนสูง (เสี่ยง Ponzi/แชร์ลูกโซ่สูง),"มีเงินเก็บก้อนแรก 30,000–100,000 บาท มักมองหาผลตอบแทนเร็ว แต่ความเข้าใจความเสี่ยงจำกัด เสี่ยงต่อแอปหลอกลงทุน",0.12,HIGH,MAXIMUM
ACC_0128,USER_0068,32000.0,691.61,-12652.82,-0.3954,0.2699,15866.19,0,0,Paycheck-to-Paycheck Spender,มนุษย์เงินเดือนชนเดือน (สภาพคล่องจำกัดปลายเดือน),"รายได้ 18,000–35,000 บาท สภาพคล่องตึงตัวปลายเดือน ต้องการระบบออมเศษเงินอัตโนมัติแบบ Zero-Manual Effort",0.06,MODERATE,FLEXIBLE
ACC_0129,USER_0069,28000.0,620.73,-9023.74,-0.3223,0.2781,11128.51,0,0,Paycheck-to-Paycheck Spender,มนุษย์เงินเดือนชนเดือน (สภาพคล่องจำกัดปลายเดือน),"รายได้ 18,000–35,000 บาท สภาพคล่องตึงตัวปลายเดือน ต้องการระบบออมเศษเงินอัตโนมัติแบบ Zero-Manual Effort",0.06,MODERATE,FLEXIBLE
ACC_0130,USER_0070,28000.0,561.11,-11192.7,-0.3997,0.2697,4266.08,0,0,Paycheck-to-Paycheck Spender,มนุษย์เงินเดือนชนเดือน (สภาพคล่องจำกัดปลายเดือน),"รายได้ 18,000–35,000 บาท สภาพคล่องตึงตัวปลายเดือน ต้องการระบบออมเศษเงินอัตโนมัติแบบ Zero-Manual Effort",0.06,MODERATE,FLEXIBLE
ACC_0131,USER_0071,32000.0,637.3,-9465.48,-0.2958,0.1937,12402.46,0,0,Paycheck-to-Paycheck Spender,มนุษย์เงินเดือนชนเดือน (สภาพคล่องจำกัดปลายเดือน),"รายได้ 18,000–35,000 บาท สภาพคล่องตึงตัวปลายเดือน ต้องการระบบออมเศษเงินอัตโนมัติแบบ Zero-Manual Effort",0.06,MODERATE,FLEXIBLE
ACC_0132,USER_0072,32000.0,638.68,-9406.56,-0.294,0.2109,14494.46,0,0,Paycheck-to-Paycheck Spender,มนุษย์เงินเดือนชนเดือน (สภาพคล่องจำกัดปลายเดือน),"รายได้ 18,000–35,000 บาท สภาพคล่องตึงตัวปลายเดือน ต้องการระบบออมเศษเงินอัตโนมัติแบบ Zero-Manual Effort",0.06,MODERATE,FLEXIBLE
ACC_0133,USER_0073,28000.0,645.23,-10947.73,-0.391,0.2815,8712.14,0,0,Paycheck-to-Paycheck Spender,มนุษย์เงินเดือนชนเดือน (สภาพคล่องจำกัดปลายเดือน),"รายได้ 18,000–35,000 บาท สภาพคล่องตึงตัวปลายเดือน ต้องการระบบออมเศษเงินอัตโนมัติแบบ Zero-Manual Effort",0.06,MODERATE,FLEXIBLE
ACC_0134,USER_0074,24000.0,613.66,-13209.55,-0.5504,0.2086,14982.46,0,1,High-Yield Seeker Novice,ผู้แสวงหาผลตอบแทนสูง (เสี่ยง Ponzi/แชร์ลูกโซ่สูง),"มีเงินเก็บก้อนแรก 30,000–100,000 บาท มักมองหาผลตอบแทนเร็ว แต่ความเข้าใจความเสี่ยงจำกัด เสี่ยงต่อแอปหลอกลงทุน",0.12,HIGH,MAXIMUM
ACC_0135,USER_0075,20000.0,554.35,-14713.44,-0.7357,0.2257,12581.26,0,1,High-Yield Seeker Novice,ผู้แสวงหาผลตอบแทนสูง (เสี่ยง Ponzi/แชร์ลูกโซ่สูง),"มีเงินเก็บก้อนแรก 30,000–100,000 บาท มักมองหาผลตอบแทนเร็ว แต่ความเข้าใจความเสี่ยงจำกัด เสี่ยงต่อแอปหลอกลงทุน",0.12,HIGH,MAXIMUM
ACC_0136,USER_0076,36000.0,582.86,-9995.24,-0.2776,0.2365,4451.45,0,0,Paycheck-to-Paycheck Spender,มนุษย์เงินเดือนชนเดือน (สภาพคล่องจำกัดปลายเดือน),"รายได้ 18,000–35,000 บาท สภาพคล่องตึงตัวปลายเดือน ต้องการระบบออมเศษเงินอัตโนมัติแบบ Zero-Manual Effort",0.06,MODERATE,FLEXIBLE
ACC_0137,USER_0077,36000.0,637.7,-10021.65,-0.2784,0.2955,17101.6,0,0,Paycheck-to-Paycheck Spender,มนุษย์เงินเดือนชนเดือน (สภาพคล่องจำกัดปลายเดือน),"รายได้ 18,000–35,000 บาท สภาพคล่องตึงตัวปลายเดือน ต้องการระบบออมเศษเงินอัตโนมัติแบบ Zero-Manual Effort",0.06,MODERATE,FLEXIBLE
ACC_0138,USER_0078,20000.0,614.68,-21204.17,-1.0602,0.257,13989.48,0,1,High-Yield Seeker Novice,ผู้แสวงหาผลตอบแทนสูง (เสี่ยง Ponzi/แชร์ลูกโซ่สูง),"มีเงินเก็บก้อนแรก 30,000–100,000 บาท มักมองหาผลตอบแทนเร็ว แต่ความเข้าใจความเสี่ยงจำกัด เสี่ยงต่อแอปหลอกลงทุน",0.12,HIGH,MAXIMUM
ACC_0139,USER_0079,36000.0,553.41,-9508.11,-0.2641,0.2785,9855.4,0,0,Paycheck-to-Paycheck Spender,มนุษย์เงินเดือนชนเดือน (สภาพคล่องจำกัดปลายเดือน),"รายได้ 18,000–35,000 บาท สภาพคล่องตึงตัวปลายเดือน ต้องการระบบออมเศษเงินอัตโนมัติแบบ Zero-Manual Effort",0.06,MODERATE,FLEXIBLE
ACC_0140,USER_0080,36000.0,607.42,-8060.38,-0.2239,0.2005,13966.49,0,0,Paycheck-to-Paycheck Spender,มนุษย์เงินเดือนชนเดือน (สภาพคล่องจำกัดปลายเดือน),"รายได้ 18,000–35,000 บาท สภาพคล่องตึงตัวปลายเดือน ต้องการระบบออมเศษเงินอัตโนมัติแบบ Zero-Manual Effort",0.06,MODERATE,FLEXIBLE
ACC_0141,USER_0081,20000.0,634.91,-24672.96,-1.2336,0.2753,16678.17,0,1,High-Yield Seeker Novice,ผู้แสวงหาผลตอบแทนสูง (เสี่ยง Ponzi/แชร์ลูกโซ่สูง),"มีเงินเก็บก้อนแรก 30,000–100,000 บาท มักมองหาผลตอบแทนเร็ว แต่ความเข้าใจความเสี่ยงจำกัด เสี่ยงต่อแอปหลอกลงทุน",0.12,HIGH,MAXIMUM
ACC_0142,USER_0082,28000.0,613.24,-8894.05,-0.3176,0.2405,16432.98,0,0,Paycheck-to-Paycheck Spender,มนุษย์เงินเดือนชนเดือน (สภาพคล่องจำกัดปลายเดือน),"รายได้ 18,000–35,000 บาท สภาพคล่องตึงตัวปลายเดือน ต้องการระบบออมเศษเงินอัตโนมัติแบบ Zero-Manual Effort",0.06,MODERATE,FLEXIBLE
ACC_0143,USER_0083,36000.0,626.15,-8888.03,-0.2469,0.1898,13804.08,0,0,Paycheck-to-Paycheck Spender,มนุษย์เงินเดือนชนเดือน (สภาพคล่องจำกัดปลายเดือน),"รายได้ 18,000–35,000 บาท สภาพคล่องตึงตัวปลายเดือน ต้องการระบบออมเศษเงินอัตโนมัติแบบ Zero-Manual Effort",0.06,MODERATE,FLEXIBLE
ACC_0144,USER_0084,32000.0,614.24,-9044.85,-0.2827,0.1863,3493.5,0,0,Paycheck-to-Paycheck Spender,มนุษย์เงินเดือนชนเดือน (สภาพคล่องจำกัดปลายเดือน),"รายได้ 18,000–35,000 บาท สภาพคล่องตึงตัวปลายเดือน ต้องการระบบออมเศษเงินอัตโนมัติแบบ Zero-Manual Effort",0.06,MODERATE,FLEXIBLE
ACC_0145,USER_0085,24000.0,595.74,-10057.54,-0.4191,0.2645,6528.67,0,1,High-Yield Seeker Novice,ผู้แสวงหาผลตอบแทนสูง (เสี่ยง Ponzi/แชร์ลูกโซ่สูง),"มีเงินเก็บก้อนแรก 30,000–100,000 บาท มักมองหาผลตอบแทนเร็ว แต่ความเข้าใจความเสี่ยงจำกัด เสี่ยงต่อแอปหลอกลงทุน",0.12,HIGH,MAXIMUM
ACC_0146,USER_0086,24000.0,540.99,-10863.3,-0.4526,0.2156,9969.75,0,1,High-Yield Seeker Novice,ผู้แสวงหาผลตอบแทนสูง (เสี่ยง Ponzi/แชร์ลูกโซ่สูง),"มีเงินเก็บก้อนแรก 30,000–100,000 บาท มักมองหาผลตอบแทนเร็ว แต่ความเข้าใจความเสี่ยงจำกัด เสี่ยงต่อแอปหลอกลงทุน",0.12,HIGH,MAXIMUM
ACC_0147,USER_0087,36000.0,584.67,-8072.0,-0.2242,0.2073,7867.13,0,0,Paycheck-to-Paycheck Spender,มนุษย์เงินเดือนชนเดือน (สภาพคล่องจำกัดปลายเดือน),"รายได้ 18,000–35,000 บาท สภาพคล่องตึงตัวปลายเดือน ต้องการระบบออมเศษเงินอัตโนมัติแบบ Zero-Manual Effort",0.06,MODERATE,FLEXIBLE
ACC_0148,USER_0088,24000.0,554.85,-9464.05,-0.3943,0.193,11206.49,0,1,High-Yield Seeker Novice,ผู้แสวงหาผลตอบแทนสูง (เสี่ยง Ponzi/แชร์ลูกโซ่สูง),"มีเงินเก็บก้อนแรก 30,000–100,000 บาท มักมองหาผลตอบแทนเร็ว แต่ความเข้าใจความเสี่ยงจำกัด เสี่ยงต่อแอปหลอกลงทุน",0.12,HIGH,MAXIMUM
ACC_0149,USER_0089,36000.0,641.46,-10898.29,-0.3027,0.2874,16100.92,0,0,Paycheck-to-Paycheck Spender,มนุษย์เงินเดือนชนเดือน (สภาพคล่องจำกัดปลายเดือน),"รายได้ 18,000–35,000 บาท สภาพคล่องตึงตัวปลายเดือน ต้องการระบบออมเศษเงินอัตโนมัติแบบ Zero-Manual Effort",0.06,MODERATE,FLEXIBLE
ACC_0150,USER_0090,20000.0,682.37,-31174.33,-1.5587,0.2155,16537.34,0,1,High-Yield Seeker Novice,ผู้แสวงหาผลตอบแทนสูง (เสี่ยง Ponzi/แชร์ลูกโซ่สูง),"มีเงินเก็บก้อนแรก 30,000–100,000 บาท มักมองหาผลตอบแทนเร็ว แต่ความเข้าใจความเสี่ยงจำกัด เสี่ยงต่อแอปหลอกลงทุน",0.12,HIGH,MAXIMUM
ACC_0151,USER_0091,32000.0,564.01,-8444.32,-0.2639,0.2859,14316.71,0,0,Paycheck-to-Paycheck Spender,มนุษย์เงินเดือนชนเดือน (สภาพคล่องจำกัดปลายเดือน),"รายได้ 18,000–35,000 บาท สภาพคล่องตึงตัวปลายเดือน ต้องการระบบออมเศษเงินอัตโนมัติแบบ Zero-Manual Effort",0.06,MODERATE,FLEXIBLE
ACC_0152,USER_0092,32000.0,577.47,-12735.33,-0.398,0.2468,17179.64,0,0,Paycheck-to-Paycheck Spender,มนุษย์เงินเดือนชนเดือน (สภาพคล่องจำกัดปลายเดือน),"รายได้ 18,000–35,000 บาท สภาพคล่องตึงตัวปลายเดือน ต้องการระบบออมเศษเงินอัตโนมัติแบบ Zero-Manual Effort",0.06,MODERATE,FLEXIBLE
ACC_0153,USER_0093,20000.0,647.18,-28072.93,-1.4036,0.2868,4363.2,0,1,High-Yield Seeker Novice,ผู้แสวงหาผลตอบแทนสูง (เสี่ยง Ponzi/แชร์ลูกโซ่สูง),"มีเงินเก็บก้อนแรก 30,000–100,000 บาท มักมองหาผลตอบแทนเร็ว แต่ความเข้าใจความเสี่ยงจำกัด เสี่ยงต่อแอปหลอกลงทุน",0.12,HIGH,MAXIMUM
ACC_0154,USER_0094,20000.0,629.01,-25691.59,-1.2846,0.2197,10123.58,0,1,High-Yield Seeker Novice,ผู้แสวงหาผลตอบแทนสูง (เสี่ยง Ponzi/แชร์ลูกโซ่สูง),"มีเงินเก็บก้อนแรก 30,000–100,000 บาท มักมองหาผลตอบแทนเร็ว แต่ความเข้าใจความเสี่ยงจำกัด เสี่ยงต่อแอปหลอกลงทุน",0.12,HIGH,MAXIMUM
ACC_0155,USER_0095,20000.0,598.3,-19351.28,-0.9676,0.2141,12437.22,0,1,High-Yield Seeker Novice,ผู้แสวงหาผลตอบแทนสูง (เสี่ยง Ponzi/แชร์ลูกโซ่สูง),"มีเงินเก็บก้อนแรก 30,000–100,000 บาท มักมองหาผลตอบแทนเร็ว แต่ความเข้าใจความเสี่ยงจำกัด เสี่ยงต่อแอปหลอกลงทุน",0.12,HIGH,MAXIMUM
ACC_0156,USER_0096,24000.0,599.79,-13720.25,-0.5717,0.1925,7017.91,0,1,High-Yield Seeker Novice,ผู้แสวงหาผลตอบแทนสูง (เสี่ยง Ponzi/แชร์ลูกโซ่สูง),"มีเงินเก็บก้อนแรก 30,000–100,000 บาท มักมองหาผลตอบแทนเร็ว แต่ความเข้าใจความเสี่ยงจำกัด เสี่ยงต่อแอปหลอกลงทุน",0.12,HIGH,MAXIMUM
ACC_0157,USER_0097,28000.0,584.78,-8990.13,-0.3211,0.2013,14758.43,0,0,Paycheck-to-Paycheck Spender,มนุษย์เงินเดือนชนเดือน (สภาพคล่องจำกัดปลายเดือน),"รายได้ 18,000–35,000 บาท สภาพคล่องตึงตัวปลายเดือน ต้องการระบบออมเศษเงินอัตโนมัติแบบ Zero-Manual Effort",0.06,MODERATE,FLEXIBLE
ACC_0158,USER_0098,36000.0,605.27,-12153.62,-0.3376,0.2741,3540.31,0,0,Paycheck-to-Paycheck Spender,มนุษย์เงินเดือนชนเดือน (สภาพคล่องจำกัดปลายเดือน),"รายได้ 18,000–35,000 บาท สภาพคล่องตึงตัวปลายเดือน ต้องการระบบออมเศษเงินอัตโนมัติแบบ Zero-Manual Effort",0.06,MODERATE,FLEXIBLE
ACC_0159,USER_0099,20000.0,607.81,-21833.02,-1.0917,0.2185,14621.54,0,1,High-Yield Seeker Novice,ผู้แสวงหาผลตอบแทนสูง (เสี่ยง Ponzi/แชร์ลูกโซ่สูง),"มีเงินเก็บก้อนแรก 30,000–100,000 บาท มักมองหาผลตอบแทนเร็ว แต่ความเข้าใจความเสี่ยงจำกัด เสี่ยงต่อแอปหลอกลงทุน",0.12,HIGH,MAXIMUM
ACC_0160,USER_0100,24000.0,624.73,-16326.81,-0.6803,0.2188,15334.29,0,1,High-Yield Seeker Novice,ผู้แสวงหาผลตอบแทนสูง (เสี่ยง Ponzi/แชร์ลูกโซ่สูง),"มีเงินเก็บก้อนแรก 30,000–100,000 บาท มักมองหาผลตอบแทนเร็ว แต่ความเข้าใจความเสี่ยงจำกัด เสี่ยงต่อแอปหลอกลงทุน",0.12,HIGH,MAXIMUM
ACC_0161,USER_0101,36000.0,595.56,-12694.04,-0.3526,0.2358,17050.78,0,0,Paycheck-to-Paycheck Spender,มนุษย์เงินเดือนชนเดือน (สภาพคล่องจำกัดปลายเดือน),"รายได้ 18,000–35,000 บาท สภาพคล่องตึงตัวปลายเดือน ต้องการระบบออมเศษเงินอัตโนมัติแบบ Zero-Manual Effort",0.06,MODERATE,FLEXIBLE
ACC_0162,USER_0102,20000.0,594.44,-19057.47,-0.9529,0.2124,7136.0,0,1,High-Yield Seeker Novice,ผู้แสวงหาผลตอบแทนสูง (เสี่ยง Ponzi/แชร์ลูกโซ่สูง),"มีเงินเก็บก้อนแรก 30,000–100,000 บาท มักมองหาผลตอบแทนเร็ว แต่ความเข้าใจความเสี่ยงจำกัด เสี่ยงต่อแอปหลอกลงทุน",0.12,HIGH,MAXIMUM
ACC_0163,USER_0103,32000.0,667.23,-12619.99,-0.3944,0.2975,13023.42,0,0,Paycheck-to-Paycheck Spender,มนุษย์เงินเดือนชนเดือน (สภาพคล่องจำกัดปลายเดือน),"รายได้ 18,000–35,000 บาท สภาพคล่องตึงตัวปลายเดือน ต้องการระบบออมเศษเงินอัตโนมัติแบบ Zero-Manual Effort",0.06,MODERATE,FLEXIBLE
ACC_0164,USER_0104,24000.0,585.08,-10934.03,-0.4556,0.1956,7711.72,0,1,High-Yield Seeker Novice,ผู้แสวงหาผลตอบแทนสูง (เสี่ยง Ponzi/แชร์ลูกโซ่สูง),"มีเงินเก็บก้อนแรก 30,000–100,000 บาท มักมองหาผลตอบแทนเร็ว แต่ความเข้าใจความเสี่ยงจำกัด เสี่ยงต่อแอปหลอกลงทุน",0.12,HIGH,MAXIMUM
ACC_0165,USER_0105,28000.0,641.08,-10121.42,-0.3615,0.2287,15219.57,0,0,Paycheck-to-Paycheck Spender,มนุษย์เงินเดือนชนเดือน (สภาพคล่องจำกัดปลายเดือน),"รายได้ 18,000–35,000 บาท สภาพคล่องตึงตัวปลายเดือน ต้องการระบบออมเศษเงินอัตโนมัติแบบ Zero-Manual Effort",0.06,MODERATE,FLEXIBLE
ACC_0166,USER_0106,20000.0,541.29,-13242.89,-0.6621,0.2314,6763.82,0,1,High-Yield Seeker Novice,ผู้แสวงหาผลตอบแทนสูง (เสี่ยง Ponzi/แชร์ลูกโซ่สูง),"มีเงินเก็บก้อนแรก 30,000–100,000 บาท มักมองหาผลตอบแทนเร็ว แต่ความเข้าใจความเสี่ยงจำกัด เสี่ยงต่อแอปหลอกลงทุน",0.12,HIGH,MAXIMUM
ACC_0167,USER_0107,24000.0,633.8,-15498.9,-0.6458,0.19,16374.06,0,1,High-Yield Seeker Novice,ผู้แสวงหาผลตอบแทนสูง (เสี่ยง Ponzi/แชร์ลูกโซ่สูง),"มีเงินเก็บก้อนแรก 30,000–100,000 บาท มักมองหาผลตอบแทนเร็ว แต่ความเข้าใจความเสี่ยงจำกัด เสี่ยงต่อแอปหลอกลงทุน",0.12,HIGH,MAXIMUM
ACC_0168,USER_0108,24000.0,601.94,-11935.62,-0.4973,0.2526,11564.78,0,1,High-Yield Seeker Novice,ผู้แสวงหาผลตอบแทนสูง (เสี่ยง Ponzi/แชร์ลูกโซ่สูง),"มีเงินเก็บก้อนแรก 30,000–100,000 บาท มักมองหาผลตอบแทนเร็ว แต่ความเข้าใจความเสี่ยงจำกัด เสี่ยงต่อแอปหลอกลงทุน",0.12,HIGH,MAXIMUM
ACC_0169,USER_0109,24000.0,632.0,-19430.48,-0.8096,0.2678,12713.45,0,1,High-Yield Seeker Novice,ผู้แสวงหาผลตอบแทนสูง (เสี่ยง Ponzi/แชร์ลูกโซ่สูง),"มีเงินเก็บก้อนแรก 30,000–100,000 บาท มักมองหาผลตอบแทนเร็ว แต่ความเข้าใจความเสี่ยงจำกัด เสี่ยงต่อแอปหลอกลงทุน",0.12,HIGH,MAXIMUM
ACC_0170,USER_0110,24000.0,571.45,-7813.27,-0.3256,0.1423,2842.33,0,0,Paycheck-to-Paycheck Spender,มนุษย์เงินเดือนชนเดือน (สภาพคล่องจำกัดปลายเดือน),"รายได้ 18,000–35,000 บาท สภาพคล่องตึงตัวปลายเดือน ต้องการระบบออมเศษเงินอัตโนมัติแบบ Zero-Manual Effort",0.06,MODERATE,FLEXIBLE
ACC_0171,USER_0111,36000.0,594.49,-9878.37,-0.2744,0.2843,12523.94,0,0,Paycheck-to-Paycheck Spender,มนุษย์เงินเดือนชนเดือน (สภาพคล่องจำกัดปลายเดือน),"รายได้ 18,000–35,000 บาท สภาพคล่องตึงตัวปลายเดือน ต้องการระบบออมเศษเงินอัตโนมัติแบบ Zero-Manual Effort",0.06,MODERATE,FLEXIBLE
ACC_0172,USER_0112,20000.0,584.21,-17563.18,-0.8782,0.2607,4390.43,0,1,High-Yield Seeker Novice,ผู้แสวงหาผลตอบแทนสูง (เสี่ยง Ponzi/แชร์ลูกโซ่สูง),"มีเงินเก็บก้อนแรก 30,000–100,000 บาท มักมองหาผลตอบแทนเร็ว แต่ความเข้าใจความเสี่ยงจำกัด เสี่ยงต่อแอปหลอกลงทุน",0.12,HIGH,MAXIMUM
ACC_0173,USER_0113,36000.0,569.47,-5857.0,-0.1627,0.1481,3492.12,0,0,Paycheck-to-Paycheck Spender,มนุษย์เงินเดือนชนเดือน (สภาพคล่องจำกัดปลายเดือน),"รายได้ 18,000–35,000 บาท สภาพคล่องตึงตัวปลายเดือน ต้องการระบบออมเศษเงินอัตโนมัติแบบ Zero-Manual Effort",0.06,MODERATE,FLEXIBLE
ACC_0174,USER_0114,28000.0,683.55,-14596.72,-0.5213,0.2601,9360.62,0,0,Paycheck-to-Paycheck Spender,มนุษย์เงินเดือนชนเดือน (สภาพคล่องจำกัดปลายเดือน),"รายได้ 18,000–35,000 บาท สภาพคล่องตึงตัวปลายเดือน ต้องการระบบออมเศษเงินอัตโนมัติแบบ Zero-Manual Effort",0.06,MODERATE,FLEXIBLE
ACC_0175,USER_0115,36000.0,584.84,-7845.83,-0.2179,0.256,14833.41,0,0,Paycheck-to-Paycheck Spender,มนุษย์เงินเดือนชนเดือน (สภาพคล่องจำกัดปลายเดือน),"รายได้ 18,000–35,000 บาท สภาพคล่องตึงตัวปลายเดือน ต้องการระบบออมเศษเงินอัตโนมัติแบบ Zero-Manual Effort",0.06,MODERATE,FLEXIBLE
ACC_0176,USER_0116,28000.0,648.89,-10578.34,-0.3778,0.1849,7719.0,0,0,Paycheck-to-Paycheck Spender,มนุษย์เงินเดือนชนเดือน (สภาพคล่องจำกัดปลายเดือน),"รายได้ 18,000–35,000 บาท สภาพคล่องตึงตัวปลายเดือน ต้องการระบบออมเศษเงินอัตโนมัติแบบ Zero-Manual Effort",0.06,MODERATE,FLEXIBLE
ACC_0177,USER_0117,32000.0,645.56,-8487.29,-0.2652,0.2135,10045.3,0,0,Paycheck-to-Paycheck Spender,มนุษย์เงินเดือนชนเดือน (สภาพคล่องจำกัดปลายเดือน),"รายได้ 18,000–35,000 บาท สภาพคล่องตึงตัวปลายเดือน ต้องการระบบออมเศษเงินอัตโนมัติแบบ Zero-Manual Effort",0.06,MODERATE,FLEXIBLE
ACC_0178,USER_0118,20000.0,568.59,-14350.34,-0.7175,0.1878,10393.54,0,1,High-Yield Seeker Novice,ผู้แสวงหาผลตอบแทนสูง (เสี่ยง Ponzi/แชร์ลูกโซ่สูง),"มีเงินเก็บก้อนแรก 30,000–100,000 บาท มักมองหาผลตอบแทนเร็ว แต่ความเข้าใจความเสี่ยงจำกัด เสี่ยงต่อแอปหลอกลงทุน",0.12,HIGH,MAXIMUM
ACC_0179,USER_0119,36000.0,656.37,-12996.49,-0.361,0.2589,17207.28,0,0,Paycheck-to-Paycheck Spender,มนุษย์เงินเดือนชนเดือน (สภาพคล่องจำกัดปลายเดือน),"รายได้ 18,000–35,000 บาท สภาพคล่องตึงตัวปลายเดือน ต้องการระบบออมเศษเงินอัตโนมัติแบบ Zero-Manual Effort",0.06,MODERATE,FLEXIBLE
ACC_0180,USER_0120,24000.0,607.87,-13818.8,-0.5758,0.2958,11003.57,0,1,High-Yield Seeker Novice,ผู้แสวงหาผลตอบแทนสูง (เสี่ยง Ponzi/แชร์ลูกโซ่สูง),"มีเงินเก็บก้อนแรก 30,000–100,000 บาท มักมองหาผลตอบแทนเร็ว แต่ความเข้าใจความเสี่ยงจำกัด เสี่ยงต่อแอปหลอกลงทุน",0.12,HIGH,MAXIMUM
ACC_0181,USER_0121,28000.0,604.03,-9702.74,-0.3465,0.2518,10384.37,0,0,Paycheck-to-Paycheck Spender,มนุษย์เงินเดือนชนเดือน (สภาพคล่องจำกัดปลายเดือน),"รายได้ 18,000–35,000 บาท สภาพคล่องตึงตัวปลายเดือน ต้องการระบบออมเศษเงินอัตโนมัติแบบ Zero-Manual Effort",0.06,MODERATE,FLEXIBLE
ACC_0182,USER_0122,20000.0,600.8,-20249.34,-1.0125,0.21,16025.08,0,1,High-Yield Seeker Novice,ผู้แสวงหาผลตอบแทนสูง (เสี่ยง Ponzi/แชร์ลูกโซ่สูง),"มีเงินเก็บก้อนแรก 30,000–100,000 บาท มักมองหาผลตอบแทนเร็ว แต่ความเข้าใจความเสี่ยงจำกัด เสี่ยงต่อแอปหลอกลงทุน",0.12,HIGH,MAXIMUM
ACC_0183,USER_0123,20000.0,590.5,-20552.59,-1.0276,0.3029,15173.65,0,1,High-Yield Seeker Novice,ผู้แสวงหาผลตอบแทนสูง (เสี่ยง Ponzi/แชร์ลูกโซ่สูง),"มีเงินเก็บก้อนแรก 30,000–100,000 บาท มักมองหาผลตอบแทนเร็ว แต่ความเข้าใจความเสี่ยงจำกัด เสี่ยงต่อแอปหลอกลงทุน",0.12,HIGH,MAXIMUM
ACC_0184,USER_0124,24000.0,612.0,-15525.02,-0.6469,0.2457,3095.3,0,1,High-Yield Seeker Novice,ผู้แสวงหาผลตอบแทนสูง (เสี่ยง Ponzi/แชร์ลูกโซ่สูง),"มีเงินเก็บก้อนแรก 30,000–100,000 บาท มักมองหาผลตอบแทนเร็ว แต่ความเข้าใจความเสี่ยงจำกัด เสี่ยงต่อแอปหลอกลงทุน",0.12,HIGH,MAXIMUM
ACC_0185,USER_0125,24000.0,591.8,-13222.85,-0.551,0.2653,4088.86,0,1,High-Yield Seeker Novice,ผู้แสวงหาผลตอบแทนสูง (เสี่ยง Ponzi/แชร์ลูกโซ่สูง),"มีเงินเก็บก้อนแรก 30,000–100,000 บาท มักมองหาผลตอบแทนเร็ว แต่ความเข้าใจความเสี่ยงจำกัด เสี่ยงต่อแอปหลอกลงทุน",0.12,HIGH,MAXIMUM
ACC_0186,USER_0126,36000.0,635.18,-9637.52,-0.2677,0.2451,10683.18,0,0,Paycheck-to-Paycheck Spender,มนุษย์เงินเดือนชนเดือน (สภาพคล่องจำกัดปลายเดือน),"รายได้ 18,000–35,000 บาท สภาพคล่องตึงตัวปลายเดือน ต้องการระบบออมเศษเงินอัตโนมัติแบบ Zero-Manual Effort",0.06,MODERATE,FLEXIBLE
ACC_0187,USER_0127,36000.0,624.64,-9519.57,-0.2644,0.2277,8720.66,0,0,Paycheck-to-Paycheck Spender,มนุษย์เงินเดือนชนเดือน (สภาพคล่องจำกัดปลายเดือน),"รายได้ 18,000–35,000 บาท สภาพคล่องตึงตัวปลายเดือน ต้องการระบบออมเศษเงินอัตโนมัติแบบ Zero-Manual Effort",0.06,MODERATE,FLEXIBLE
ACC_0188,USER_0128,28000.0,598.24,-9464.52,-0.338,0.2462,10191.64,0,0,Paycheck-to-Paycheck Spender,มนุษย์เงินเดือนชนเดือน (สภาพคล่องจำกัดปลายเดือน),"รายได้ 18,000–35,000 บาท สภาพคล่องตึงตัวปลายเดือน ต้องการระบบออมเศษเงินอัตโนมัติแบบ Zero-Manual Effort",0.06,MODERATE,FLEXIBLE
ACC_0189,USER_0129,32000.0,554.95,-7722.75,-0.2413,0.1878,8763.35,0,0,Paycheck-to-Paycheck Spender,มนุษย์เงินเดือนชนเดือน (สภาพคล่องจำกัดปลายเดือน),"รายได้ 18,000–35,000 บาท สภาพคล่องตึงตัวปลายเดือน ต้องการระบบออมเศษเงินอัตโนมัติแบบ Zero-Manual Effort",0.06,MODERATE,FLEXIBLE
ACC_0190,USER_0130,36000.0,608.24,-8045.37,-0.2235,0.2334,13922.05,0,0,Paycheck-to-Paycheck Spender,มนุษย์เงินเดือนชนเดือน (สภาพคล่องจำกัดปลายเดือน),"รายได้ 18,000–35,000 บาท สภาพคล่องตึงตัวปลายเดือน ต้องการระบบออมเศษเงินอัตโนมัติแบบ Zero-Manual Effort",0.06,MODERATE,FLEXIBLE
ACC_0191,USER_0131,36000.0,629.17,-7616.31,-0.2116,0.1841,10665.76,0,0,Paycheck-to-Paycheck Spender,มนุษย์เงินเดือนชนเดือน (สภาพคล่องจำกัดปลายเดือน),"รายได้ 18,000–35,000 บาท สภาพคล่องตึงตัวปลายเดือน ต้องการระบบออมเศษเงินอัตโนมัติแบบ Zero-Manual Effort",0.06,MODERATE,FLEXIBLE
ACC_0192,USER_0132,28000.0,651.34,-11218.99,-0.4007,0.223,14116.79,0,0,Paycheck-to-Paycheck Spender,มนุษย์เงินเดือนชนเดือน (สภาพคล่องจำกัดปลายเดือน),"รายได้ 18,000–35,000 บาท สภาพคล่องตึงตัวปลายเดือน ต้องการระบบออมเศษเงินอัตโนมัติแบบ Zero-Manual Effort",0.06,MODERATE,FLEXIBLE
ACC_0193,USER_0133,24000.0,613.19,-14500.75,-0.6042,0.2151,8431.82,0,1,High-Yield Seeker Novice,ผู้แสวงหาผลตอบแทนสูง (เสี่ยง Ponzi/แชร์ลูกโซ่สูง),"มีเงินเก็บก้อนแรก 30,000–100,000 บาท มักมองหาผลตอบแทนเร็ว แต่ความเข้าใจความเสี่ยงจำกัด เสี่ยงต่อแอปหลอกลงทุน",0.12,HIGH,MAXIMUM
ACC_0194,USER_0134,36000.0,634.65,-7800.5,-0.2167,0.1775,17483.18,0,0,Paycheck-to-Paycheck Spender,มนุษย์เงินเดือนชนเดือน (สภาพคล่องจำกัดปลายเดือน),"รายได้ 18,000–35,000 บาท สภาพคล่องตึงตัวปลายเดือน ต้องการระบบออมเศษเงินอัตโนมัติแบบ Zero-Manual Effort",0.06,MODERATE,FLEXIBLE
ACC_0195,USER_0135,32000.0,702.93,-8335.94,-0.2605,0.2481,16197.24,0,0,Paycheck-to-Paycheck Spender,มนุษย์เงินเดือนชนเดือน (สภาพคล่องจำกัดปลายเดือน),"รายได้ 18,000–35,000 บาท สภาพคล่องตึงตัวปลายเดือน ต้องการระบบออมเศษเงินอัตโนมัติแบบ Zero-Manual Effort",0.06,MODERATE,FLEXIBLE
ACC_0196,USER_0136,32000.0,593.33,-9682.24,-0.3026,0.252,13032.15,0,0,Paycheck-to-Paycheck Spender,มนุษย์เงินเดือนชนเดือน (สภาพคล่องจำกัดปลายเดือน),"รายได้ 18,000–35,000 บาท สภาพคล่องตึงตัวปลายเดือน ต้องการระบบออมเศษเงินอัตโนมัติแบบ Zero-Manual Effort",0.06,MODERATE,FLEXIBLE
ACC_0197,USER_0137,36000.0,592.73,-7167.27,-0.1991,0.1771,15886.51,0,0,Paycheck-to-Paycheck Spender,มนุษย์เงินเดือนชนเดือน (สภาพคล่องจำกัดปลายเดือน),"รายได้ 18,000–35,000 บาท สภาพคล่องตึงตัวปลายเดือน ต้องการระบบออมเศษเงินอัตโนมัติแบบ Zero-Manual Effort",0.06,MODERATE,FLEXIBLE
ACC_0198,USER_0138,28000.0,614.53,-9105.24,-0.3252,0.2031,11756.83,0,0,Paycheck-to-Paycheck Spender,มนุษย์เงินเดือนชนเดือน (สภาพคล่องจำกัดปลายเดือน),"รายได้ 18,000–35,000 บาท สภาพคล่องตึงตัวปลายเดือน ต้องการระบบออมเศษเงินอัตโนมัติแบบ Zero-Manual Effort",0.06,MODERATE,FLEXIBLE
ACC_0199,USER_0139,32000.0,628.39,-10099.13,-0.3156,0.2637,12476.67,0,0,Paycheck-to-Paycheck Spender,มนุษย์เงินเดือนชนเดือน (สภาพคล่องจำกัดปลายเดือน),"รายได้ 18,000–35,000 บาท สภาพคล่องตึงตัวปลายเดือน ต้องการระบบออมเศษเงินอัตโนมัติแบบ Zero-Manual Effort",0.06,MODERATE,FLEXIBLE
ACC_0200,USER_0140,36000.0,657.37,-9073.36,-0.252,0.1846,17162.12,0,0,Paycheck-to-Paycheck Spender,มนุษย์เงินเดือนชนเดือน (สภาพคล่องจำกัดปลายเดือน),"รายได้ 18,000–35,000 บาท สภาพคล่องตึงตัวปลายเดือน ต้องการระบบออมเศษเงินอัตโนมัติแบบ Zero-Manual Effort",0.06,MODERATE,FLEXIBLE
ACC_0201,USER_0141,20000.0,626.85,-22739.21,-1.137,0.2403,3822.47,0,1,High-Yield Seeker Novice,ผู้แสวงหาผลตอบแทนสูง (เสี่ยง Ponzi/แชร์ลูกโซ่สูง),"มีเงินเก็บก้อนแรก 30,000–100,000 บาท มักมองหาผลตอบแทนเร็ว แต่ความเข้าใจความเสี่ยงจำกัด เสี่ยงต่อแอปหลอกลงทุน",0.12,HIGH,MAXIMUM
ACC_0202,USER_0142,32000.0,590.19,-8747.08,-0.2733,0.231,5587.3,0,0,Paycheck-to-Paycheck Spender,มนุษย์เงินเดือนชนเดือน (สภาพคล่องจำกัดปลายเดือน),"รายได้ 18,000–35,000 บาท สภาพคล่องตึงตัวปลายเดือน ต้องการระบบออมเศษเงินอัตโนมัติแบบ Zero-Manual Effort",0.06,MODERATE,FLEXIBLE
ACC_0203,USER_0143,20000.0,555.86,-15978.85,-0.7989,0.2491,15566.4,0,1,High-Yield Seeker Novice,ผู้แสวงหาผลตอบแทนสูง (เสี่ยง Ponzi/แชร์ลูกโซ่สูง),"มีเงินเก็บก้อนแรก 30,000–100,000 บาท มักมองหาผลตอบแทนเร็ว แต่ความเข้าใจความเสี่ยงจำกัด เสี่ยงต่อแอปหลอกลงทุน",0.12,HIGH,MAXIMUM
ACC_0204,USER_0144,24000.0,646.22,-19218.1,-0.8008,0.2538,16888.9,0,1,High-Yield Seeker Novice,ผู้แสวงหาผลตอบแทนสูง (เสี่ยง Ponzi/แชร์ลูกโซ่สูง),"มีเงินเก็บก้อนแรก 30,000–100,000 บาท มักมองหาผลตอบแทนเร็ว แต่ความเข้าใจความเสี่ยงจำกัด เสี่ยงต่อแอปหลอกลงทุน",0.12,HIGH,MAXIMUM
ACC_0205,USER_0145,28000.0,569.23,-11144.15,-0.398,0.2739,17364.17,0,0,Paycheck-to-Paycheck Spender,มนุษย์เงินเดือนชนเดือน (สภาพคล่องจำกัดปลายเดือน),"รายได้ 18,000–35,000 บาท สภาพคล่องตึงตัวปลายเดือน ต้องการระบบออมเศษเงินอัตโนมัติแบบ Zero-Manual Effort",0.06,MODERATE,FLEXIBLE
ACC_0206,USER_0146,24000.0,662.61,-21724.83,-0.9052,0.293,8837.19,0,1,High-Yield Seeker Novice,ผู้แสวงหาผลตอบแทนสูง (เสี่ยง Ponzi/แชร์ลูกโซ่สูง),"มีเงินเก็บก้อนแรก 30,000–100,000 บาท มักมองหาผลตอบแทนเร็ว แต่ความเข้าใจความเสี่ยงจำกัด เสี่ยงต่อแอปหลอกลงทุน",0.12,HIGH,MAXIMUM
ACC_0207,USER_0147,28000.0,574.36,-10270.29,-0.3668,0.2275,10047.44,0,0,Paycheck-to-Paycheck Spender,มนุษย์เงินเดือนชนเดือน (สภาพคล่องจำกัดปลายเดือน),"รายได้ 18,000–35,000 บาท สภาพคล่องตึงตัวปลายเดือน ต้องการระบบออมเศษเงินอัตโนมัติแบบ Zero-Manual Effort",0.06,MODERATE,FLEXIBLE
ACC_0208,USER_0148,36000.0,617.58,-11023.29,-0.3062,0.2494,3774.5,0,0,Paycheck-to-Paycheck Spender,มนุษย์เงินเดือนชนเดือน (สภาพคล่องจำกัดปลายเดือน),"รายได้ 18,000–35,000 บาท สภาพคล่องตึงตัวปลายเดือน ต้องการระบบออมเศษเงินอัตโนมัติแบบ Zero-Manual Effort",0.06,MODERATE,FLEXIBLE
ACC_0209,USER_0149,36000.0,594.36,-12422.63,-0.3451,0.2962,15492.54,0,0,Paycheck-to-Paycheck Spender,มนุษย์เงินเดือนชนเดือน (สภาพคล่องจำกัดปลายเดือน),"รายได้ 18,000–35,000 บาท สภาพคล่องตึงตัวปลายเดือน ต้องการระบบออมเศษเงินอัตโนมัติแบบ Zero-Manual Effort",0.06,MODERATE,FLEXIBLE
ACC_0210,USER_0000,32000.0,618.08,-11777.98,-0.3681,0.2973,3598.79,0,0,Paycheck-to-Paycheck Spender,มนุษย์เงินเดือนชนเดือน (สภาพคล่องจำกัดปลายเดือน),"รายได้ 18,000–35,000 บาท สภาพคล่องตึงตัวปลายเดือน ต้องการระบบออมเศษเงินอัตโนมัติแบบ Zero-Manual Effort",0.06,MODERATE,FLEXIBLE
ACC_0211,USER_0001,36000.0,684.7,-10061.43,-0.2795,0.206,14501.89,0,0,Paycheck-to-Paycheck Spender,มนุษย์เงินเดือนชนเดือน (สภาพคล่องจำกัดปลายเดือน),"รายได้ 18,000–35,000 บาท สภาพคล่องตึงตัวปลายเดือน ต้องการระบบออมเศษเงินอัตโนมัติแบบ Zero-Manual Effort",0.06,MODERATE,FLEXIBLE
ACC_0212,USER_0002,36000.0,624.9,-10122.9,-0.2812,0.2983,5726.43,0,0,Paycheck-to-Paycheck Spender,มนุษย์เงินเดือนชนเดือน (สภาพคล่องจำกัดปลายเดือน),"รายได้ 18,000–35,000 บาท สภาพคล่องตึงตัวปลายเดือน ต้องการระบบออมเศษเงินอัตโนมัติแบบ Zero-Manual Effort",0.06,MODERATE,FLEXIBLE
ACC_0213,USER_0003,20000.0,656.66,-26088.76,-1.3044,0.1687,5494.82,0,1,High-Yield Seeker Novice,ผู้แสวงหาผลตอบแทนสูง (เสี่ยง Ponzi/แชร์ลูกโซ่สูง),"มีเงินเก็บก้อนแรก 30,000–100,000 บาท มักมองหาผลตอบแทนเร็ว แต่ความเข้าใจความเสี่ยงจำกัด เสี่ยงต่อแอปหลอกลงทุน",0.12,HIGH,MAXIMUM
ACC_0214,USER_0004,24000.0,558.39,-7451.24,-0.3105,0.2291,2771.9,0,0,Paycheck-to-Paycheck Spender,มนุษย์เงินเดือนชนเดือน (สภาพคล่องจำกัดปลายเดือน),"รายได้ 18,000–35,000 บาท สภาพคล่องตึงตัวปลายเดือน ต้องการระบบออมเศษเงินอัตโนมัติแบบ Zero-Manual Effort",0.06,MODERATE,FLEXIBLE
ACC_0215,USER_0005,24000.0,610.2,-16078.73,-0.6699,0.251,4462.75,0,1,High-Yield Seeker Novice,ผู้แสวงหาผลตอบแทนสูง (เสี่ยง Ponzi/แชร์ลูกโซ่สูง),"มีเงินเก็บก้อนแรก 30,000–100,000 บาท มักมองหาผลตอบแทนเร็ว แต่ความเข้าใจความเสี่ยงจำกัด เสี่ยงต่อแอปหลอกลงทุน",0.12,HIGH,MAXIMUM
ACC_0216,USER_0006,32000.0,564.54,-8964.84,-0.2802,0.1501,2569.42,0,0,Paycheck-to-Paycheck Spender,มนุษย์เงินเดือนชนเดือน (สภาพคล่องจำกัดปลายเดือน),"รายได้ 18,000–35,000 บาท สภาพคล่องตึงตัวปลายเดือน ต้องการระบบออมเศษเงินอัตโนมัติแบบ Zero-Manual Effort",0.06,MODERATE,FLEXIBLE
ACC_0217,USER_0007,28000.0,596.23,-8076.62,-0.2885,0.2589,3658.59,0,0,Paycheck-to-Paycheck Spender,มนุษย์เงินเดือนชนเดือน (สภาพคล่องจำกัดปลายเดือน),"รายได้ 18,000–35,000 บาท สภาพคล่องตึงตัวปลายเดือน ต้องการระบบออมเศษเงินอัตโนมัติแบบ Zero-Manual Effort",0.06,MODERATE,FLEXIBLE
ACC_0218,USER_0008,36000.0,523.34,-5319.03,-0.1478,0.1147,7348.06,0,0,Paycheck-to-Paycheck Spender,มนุษย์เงินเดือนชนเดือน (สภาพคล่องจำกัดปลายเดือน),"รายได้ 18,000–35,000 บาท สภาพคล่องตึงตัวปลายเดือน ต้องการระบบออมเศษเงินอัตโนมัติแบบ Zero-Manual Effort",0.06,MODERATE,FLEXIBLE
ACC_0219,USER_0009,24000.0,630.06,-15743.2,-0.656,0.2827,2215.89,0,1,High-Yield Seeker Novice,ผู้แสวงหาผลตอบแทนสูง (เสี่ยง Ponzi/แชร์ลูกโซ่สูง),"มีเงินเก็บก้อนแรก 30,000–100,000 บาท มักมองหาผลตอบแทนเร็ว แต่ความเข้าใจความเสี่ยงจำกัด เสี่ยงต่อแอปหลอกลงทุน",0.12,HIGH,MAXIMUM
ACC_0220,USER_0010,32000.0,578.04,-9504.06,-0.297,0.1621,7762.44,0,0,Paycheck-to-Paycheck Spender,มนุษย์เงินเดือนชนเดือน (สภาพคล่องจำกัดปลายเดือน),"รายได้ 18,000–35,000 บาท สภาพคล่องตึงตัวปลายเดือน ต้องการระบบออมเศษเงินอัตโนมัติแบบ Zero-Manual Effort",0.06,MODERATE,FLEXIBLE
ACC_0221,USER_0011,36000.0,603.13,-11350.22,-0.3153,0.2661,10745.13,0,0,Paycheck-to-Paycheck Spender,มนุษย์เงินเดือนชนเดือน (สภาพคล่องจำกัดปลายเดือน),"รายได้ 18,000–35,000 บาท สภาพคล่องตึงตัวปลายเดือน ต้องการระบบออมเศษเงินอัตโนมัติแบบ Zero-Manual Effort",0.06,MODERATE,FLEXIBLE
ACC_0222,USER_0012,24000.0,681.45,-21189.0,-0.8829,0.2616,10416.45,0,1,High-Yield Seeker Novice,ผู้แสวงหาผลตอบแทนสูง (เสี่ยง Ponzi/แชร์ลูกโซ่สูง),"มีเงินเก็บก้อนแรก 30,000–100,000 บาท มักมองหาผลตอบแทนเร็ว แต่ความเข้าใจความเสี่ยงจำกัด เสี่ยงต่อแอปหลอกลงทุน",0.12,HIGH,MAXIMUM
ACC_0223,USER_0013,24000.0,583.76,-12129.29,-0.5054,0.2787,15046.17,0,1,High-Yield Seeker Novice,ผู้แสวงหาผลตอบแทนสูง (เสี่ยง Ponzi/แชร์ลูกโซ่สูง),"มีเงินเก็บก้อนแรก 30,000–100,000 บาท มักมองหาผลตอบแทนเร็ว แต่ความเข้าใจความเสี่ยงจำกัด เสี่ยงต่อแอปหลอกลงทุน",0.12,HIGH,MAXIMUM
ACC_0224,USER_0014,36000.0,602.34,-9776.8,-0.2716,0.2675,9702.96,0,0,Paycheck-to-Paycheck Spender,มนุษย์เงินเดือนชนเดือน (สภาพคล่องจำกัดปลายเดือน),"รายได้ 18,000–35,000 บาท สภาพคล่องตึงตัวปลายเดือน ต้องการระบบออมเศษเงินอัตโนมัติแบบ Zero-Manual Effort",0.06,MODERATE,FLEXIBLE
ACC_0225,USER_0015,28000.0,580.14,-9206.46,-0.3288,0.2627,6674.65,0,0,Paycheck-to-Paycheck Spender,มนุษย์เงินเดือนชนเดือน (สภาพคล่องจำกัดปลายเดือน),"รายได้ 18,000–35,000 บาท สภาพคล่องตึงตัวปลายเดือน ต้องการระบบออมเศษเงินอัตโนมัติแบบ Zero-Manual Effort",0.06,MODERATE,FLEXIBLE
ACC_0226,USER_0016,20000.0,620.72,-20119.51,-1.006,0.189,16319.32,0,1,High-Yield Seeker Novice,ผู้แสวงหาผลตอบแทนสูง (เสี่ยง Ponzi/แชร์ลูกโซ่สูง),"มีเงินเก็บก้อนแรก 30,000–100,000 บาท มักมองหาผลตอบแทนเร็ว แต่ความเข้าใจความเสี่ยงจำกัด เสี่ยงต่อแอปหลอกลงทุน",0.12,HIGH,MAXIMUM
ACC_0227,USER_0017,28000.0,619.41,-10907.7,-0.3896,0.2586,4039.54,0,0,Paycheck-to-Paycheck Spender,มนุษย์เงินเดือนชนเดือน (สภาพคล่องจำกัดปลายเดือน),"รายได้ 18,000–35,000 บาท สภาพคล่องตึงตัวปลายเดือน ต้องการระบบออมเศษเงินอัตโนมัติแบบ Zero-Manual Effort",0.06,MODERATE,FLEXIBLE
ACC_0228,USER_0018,36000.0,653.75,-8724.98,-0.2424,0.2491,8780.97,0,0,Paycheck-to-Paycheck Spender,มนุษย์เงินเดือนชนเดือน (สภาพคล่องจำกัดปลายเดือน),"รายได้ 18,000–35,000 บาท สภาพคล่องตึงตัวปลายเดือน ต้องการระบบออมเศษเงินอัตโนมัติแบบ Zero-Manual Effort",0.06,MODERATE,FLEXIBLE
ACC_0229,USER_0019,28000.0,634.7,-9290.21,-0.3318,0.2931,3552.4,0,0,Paycheck-to-Paycheck Spender,มนุษย์เงินเดือนชนเดือน (สภาพคล่องจำกัดปลายเดือน),"รายได้ 18,000–35,000 บาท สภาพคล่องตึงตัวปลายเดือน ต้องการระบบออมเศษเงินอัตโนมัติแบบ Zero-Manual Effort",0.06,MODERATE,FLEXIBLE
ACC_0230,USER_0020,36000.0,618.23,-7738.1,-0.2149,0.2217,12096.0,0,0,Paycheck-to-Paycheck Spender,มนุษย์เงินเดือนชนเดือน (สภาพคล่องจำกัดปลายเดือน),"รายได้ 18,000–35,000 บาท สภาพคล่องตึงตัวปลายเดือน ต้องการระบบออมเศษเงินอัตโนมัติแบบ Zero-Manual Effort",0.06,MODERATE,FLEXIBLE
ACC_0231,USER_0021,24000.0,627.86,-18466.53,-0.7694,0.2491,14503.9,0,1,High-Yield Seeker Novice,ผู้แสวงหาผลตอบแทนสูง (เสี่ยง Ponzi/แชร์ลูกโซ่สูง),"มีเงินเก็บก้อนแรก 30,000–100,000 บาท มักมองหาผลตอบแทนเร็ว แต่ความเข้าใจความเสี่ยงจำกัด เสี่ยงต่อแอปหลอกลงทุน",0.12,HIGH,MAXIMUM
ACC_0232,USER_0022,32000.0,629.9,-13176.86,-0.4118,0.258,7233.54,0,0,Paycheck-to-Paycheck Spender,มนุษย์เงินเดือนชนเดือน (สภาพคล่องจำกัดปลายเดือน),"รายได้ 18,000–35,000 บาท สภาพคล่องตึงตัวปลายเดือน ต้องการระบบออมเศษเงินอัตโนมัติแบบ Zero-Manual Effort",0.06,MODERATE,FLEXIBLE
ACC_0233,USER_0023,20000.0,565.35,-14143.66,-0.7072,0.2316,4391.51,0,1,High-Yield Seeker Novice,ผู้แสวงหาผลตอบแทนสูง (เสี่ยง Ponzi/แชร์ลูกโซ่สูง),"มีเงินเก็บก้อนแรก 30,000–100,000 บาท มักมองหาผลตอบแทนเร็ว แต่ความเข้าใจความเสี่ยงจำกัด เสี่ยงต่อแอปหลอกลงทุน",0.12,HIGH,MAXIMUM
ACC_0234,USER_0024,36000.0,559.35,-10872.56,-0.302,0.2444,2495.48,0,0,Paycheck-to-Paycheck Spender,มนุษย์เงินเดือนชนเดือน (สภาพคล่องจำกัดปลายเดือน),"รายได้ 18,000–35,000 บาท สภาพคล่องตึงตัวปลายเดือน ต้องการระบบออมเศษเงินอัตโนมัติแบบ Zero-Manual Effort",0.06,MODERATE,FLEXIBLE
ACC_0235,USER_0025,28000.0,683.89,-17111.84,-0.6111,0.2573,16889.41,0,1,High-Yield Seeker Novice,ผู้แสวงหาผลตอบแทนสูง (เสี่ยง Ponzi/แชร์ลูกโซ่สูง),"มีเงินเก็บก้อนแรก 30,000–100,000 บาท มักมองหาผลตอบแทนเร็ว แต่ความเข้าใจความเสี่ยงจำกัด เสี่ยงต่อแอปหลอกลงทุน",0.12,HIGH,MAXIMUM
ACC_0236,USER_0026,36000.0,684.13,-10173.18,-0.2826,0.2337,3245.85,0,0,Paycheck-to-Paycheck Spender,มนุษย์เงินเดือนชนเดือน (สภาพคล่องจำกัดปลายเดือน),"รายได้ 18,000–35,000 บาท สภาพคล่องตึงตัวปลายเดือน ต้องการระบบออมเศษเงินอัตโนมัติแบบ Zero-Manual Effort",0.06,MODERATE,FLEXIBLE
ACC_0237,USER_0027,24000.0,596.07,-11247.94,-0.4687,0.2222,17804.94,0,1,High-Yield Seeker Novice,ผู้แสวงหาผลตอบแทนสูง (เสี่ยง Ponzi/แชร์ลูกโซ่สูง),"มีเงินเก็บก้อนแรก 30,000–100,000 บาท มักมองหาผลตอบแทนเร็ว แต่ความเข้าใจความเสี่ยงจำกัด เสี่ยงต่อแอปหลอกลงทุน",0.12,HIGH,MAXIMUM
ACC_0238,USER_0028,28000.0,585.07,-7897.3,-0.282,0.2098,3045.42,0,0,Paycheck-to-Paycheck Spender,มนุษย์เงินเดือนชนเดือน (สภาพคล่องจำกัดปลายเดือน),"รายได้ 18,000–35,000 บาท สภาพคล่องตึงตัวปลายเดือน ต้องการระบบออมเศษเงินอัตโนมัติแบบ Zero-Manual Effort",0.06,MODERATE,FLEXIBLE
ACC_0239,USER_0029,24000.0,600.09,-14050.69,-0.5854,0.3235,6957.3,0,1,High-Yield Seeker Novice,ผู้แสวงหาผลตอบแทนสูง (เสี่ยง Ponzi/แชร์ลูกโซ่สูง),"มีเงินเก็บก้อนแรก 30,000–100,000 บาท มักมองหาผลตอบแทนเร็ว แต่ความเข้าใจความเสี่ยงจำกัด เสี่ยงต่อแอปหลอกลงทุน",0.12,HIGH,MAXIMUM
ACC_0240,USER_0030,28000.0,652.24,-10408.02,-0.3717,0.2188,6696.1,0,0,Paycheck-to-Paycheck Spender,มนุษย์เงินเดือนชนเดือน (สภาพคล่องจำกัดปลายเดือน),"รายได้ 18,000–35,000 บาท สภาพคล่องตึงตัวปลายเดือน ต้องการระบบออมเศษเงินอัตโนมัติแบบ Zero-Manual Effort",0.06,MODERATE,FLEXIBLE
ACC_0241,USER_0031,36000.0,554.28,-11615.75,-0.3227,0.2492,11839.16,0,0,Paycheck-to-Paycheck Spender,มนุษย์เงินเดือนชนเดือน (สภาพคล่องจำกัดปลายเดือน),"รายได้ 18,000–35,000 บาท สภาพคล่องตึงตัวปลายเดือน ต้องการระบบออมเศษเงินอัตโนมัติแบบ Zero-Manual Effort",0.06,MODERATE,FLEXIBLE
ACC_0242,USER_0032,28000.0,599.66,-9439.02,-0.3371,0.2195,12954.98,0,0,Paycheck-to-Paycheck Spender,มนุษย์เงินเดือนชนเดือน (สภาพคล่องจำกัดปลายเดือน),"รายได้ 18,000–35,000 บาท สภาพคล่องตึงตัวปลายเดือน ต้องการระบบออมเศษเงินอัตโนมัติแบบ Zero-Manual Effort",0.06,MODERATE,FLEXIBLE
ACC_0243,USER_0033,36000.0,645.28,-8056.49,-0.2238,0.174,5322.17,0,0,Paycheck-to-Paycheck Spender,มนุษย์เงินเดือนชนเดือน (สภาพคล่องจำกัดปลายเดือน),"รายได้ 18,000–35,000 บาท สภาพคล่องตึงตัวปลายเดือน ต้องการระบบออมเศษเงินอัตโนมัติแบบ Zero-Manual Effort",0.06,MODERATE,FLEXIBLE
ACC_0244,USER_0034,36000.0,584.73,-10727.41,-0.298,0.2935,6650.84,0,0,Paycheck-to-Paycheck Spender,มนุษย์เงินเดือนชนเดือน (สภาพคล่องจำกัดปลายเดือน),"รายได้ 18,000–35,000 บาท สภาพคล่องตึงตัวปลายเดือน ต้องการระบบออมเศษเงินอัตโนมัติแบบ Zero-Manual Effort",0.06,MODERATE,FLEXIBLE
ACC_0245,USER_0035,28000.0,546.1,-7595.35,-0.2713,0.181,16509.66,0,0,Paycheck-to-Paycheck Spender,มนุษย์เงินเดือนชนเดือน (สภาพคล่องจำกัดปลายเดือน),"รายได้ 18,000–35,000 บาท สภาพคล่องตึงตัวปลายเดือน ต้องการระบบออมเศษเงินอัตโนมัติแบบ Zero-Manual Effort",0.06,MODERATE,FLEXIBLE
ACC_0246,USER_0036,36000.0,605.64,-8662.4,-0.2406,0.2611,9674.39,0,0,Paycheck-to-Paycheck Spender,มนุษย์เงินเดือนชนเดือน (สภาพคล่องจำกัดปลายเดือน),"รายได้ 18,000–35,000 บาท สภาพคล่องตึงตัวปลายเดือน ต้องการระบบออมเศษเงินอัตโนมัติแบบ Zero-Manual Effort",0.06,MODERATE,FLEXIBLE
ACC_0247,USER_0037,24000.0,601.5,-14295.01,-0.5956,0.2094,7858.89,0,1,High-Yield Seeker Novice,ผู้แสวงหาผลตอบแทนสูง (เสี่ยง Ponzi/แชร์ลูกโซ่สูง),"มีเงินเก็บก้อนแรก 30,000–100,000 บาท มักมองหาผลตอบแทนเร็ว แต่ความเข้าใจความเสี่ยงจำกัด เสี่ยงต่อแอปหลอกลงทุน",0.12,HIGH,MAXIMUM
ACC_0248,USER_0038,20000.0,595.73,-19757.61,-0.9879,0.2054,13071.79,0,1,High-Yield Seeker Novice,ผู้แสวงหาผลตอบแทนสูง (เสี่ยง Ponzi/แชร์ลูกโซ่สูง),"มีเงินเก็บก้อนแรก 30,000–100,000 บาท มักมองหาผลตอบแทนเร็ว แต่ความเข้าใจความเสี่ยงจำกัด เสี่ยงต่อแอปหลอกลงทุน",0.12,HIGH,MAXIMUM
ACC_0249,USER_0039,32000.0,594.74,-9819.49,-0.3069,0.2524,10270.99,0,0,Paycheck-to-Paycheck Spender,มนุษย์เงินเดือนชนเดือน (สภาพคล่องจำกัดปลายเดือน),"รายได้ 18,000–35,000 บาท สภาพคล่องตึงตัวปลายเดือน ต้องการระบบออมเศษเงินอัตโนมัติแบบ Zero-Manual Effort",0.06,MODERATE,FLEXIBLE
ACC_0250,USER_0040,24000.0,681.58,-22045.62,-0.9186,0.2289,5436.47,0,1,High-Yield Seeker Novice,ผู้แสวงหาผลตอบแทนสูง (เสี่ยง Ponzi/แชร์ลูกโซ่สูง),"มีเงินเก็บก้อนแรก 30,000–100,000 บาท มักมองหาผลตอบแทนเร็ว แต่ความเข้าใจความเสี่ยงจำกัด เสี่ยงต่อแอปหลอกลงทุน",0.12,HIGH,MAXIMUM
ACC_0251,USER_0041,28000.0,584.79,-9756.08,-0.3484,0.2801,12201.78,0,0,Paycheck-to-Paycheck Spender,มนุษย์เงินเดือนชนเดือน (สภาพคล่องจำกัดปลายเดือน),"รายได้ 18,000–35,000 บาท สภาพคล่องตึงตัวปลายเดือน ต้องการระบบออมเศษเงินอัตโนมัติแบบ Zero-Manual Effort",0.06,MODERATE,FLEXIBLE
ACC_0252,USER_0042,36000.0,629.39,-9580.22,-0.2661,0.1914,2086.61,0,0,Paycheck-to-Paycheck Spender,มนุษย์เงินเดือนชนเดือน (สภาพคล่องจำกัดปลายเดือน),"รายได้ 18,000–35,000 บาท สภาพคล่องตึงตัวปลายเดือน ต้องการระบบออมเศษเงินอัตโนมัติแบบ Zero-Manual Effort",0.06,MODERATE,FLEXIBLE
ACC_0253,USER_0043,20000.0,554.81,-13561.67,-0.6781,0.2122,6192.96,0,1,High-Yield Seeker Novice,ผู้แสวงหาผลตอบแทนสูง (เสี่ยง Ponzi/แชร์ลูกโซ่สูง),"มีเงินเก็บก้อนแรก 30,000–100,000 บาท มักมองหาผลตอบแทนเร็ว แต่ความเข้าใจความเสี่ยงจำกัด เสี่ยงต่อแอปหลอกลงทุน",0.12,HIGH,MAXIMUM
ACC_0254,USER_0044,32000.0,593.95,-9958.25,-0.3112,0.2257,10192.99,0,0,Paycheck-to-Paycheck Spender,มนุษย์เงินเดือนชนเดือน (สภาพคล่องจำกัดปลายเดือน),"รายได้ 18,000–35,000 บาท สภาพคล่องตึงตัวปลายเดือน ต้องการระบบออมเศษเงินอัตโนมัติแบบ Zero-Manual Effort",0.06,MODERATE,FLEXIBLE
ACC_0255,USER_0045,32000.0,681.27,-9813.64,-0.3067,0.2552,9422.98,0,0,Paycheck-to-Paycheck Spender,มนุษย์เงินเดือนชนเดือน (สภาพคล่องจำกัดปลายเดือน),"รายได้ 18,000–35,000 บาท สภาพคล่องตึงตัวปลายเดือน ต้องการระบบออมเศษเงินอัตโนมัติแบบ Zero-Manual Effort",0.06,MODERATE,FLEXIBLE
ACC_0256,USER_0046,28000.0,571.24,-9524.68,-0.3402,0.2158,2732.54,0,0,Paycheck-to-Paycheck Spender,มนุษย์เงินเดือนชนเดือน (สภาพคล่องจำกัดปลายเดือน),"รายได้ 18,000–35,000 บาท สภาพคล่องตึงตัวปลายเดือน ต้องการระบบออมเศษเงินอัตโนมัติแบบ Zero-Manual Effort",0.06,MODERATE,FLEXIBLE
ACC_0257,USER_0047,36000.0,580.43,-8153.22,-0.2265,0.2215,16877.22,0,0,Paycheck-to-Paycheck Spender,มนุษย์เงินเดือนชนเดือน (สภาพคล่องจำกัดปลายเดือน),"รายได้ 18,000–35,000 บาท สภาพคล่องตึงตัวปลายเดือน ต้องการระบบออมเศษเงินอัตโนมัติแบบ Zero-Manual Effort",0.06,MODERATE,FLEXIBLE
ACC_0258,USER_0048,24000.0,609.46,-13042.07,-0.5434,0.2578,3354.04,0,1,High-Yield Seeker Novice,ผู้แสวงหาผลตอบแทนสูง (เสี่ยง Ponzi/แชร์ลูกโซ่สูง),"มีเงินเก็บก้อนแรก 30,000–100,000 บาท มักมองหาผลตอบแทนเร็ว แต่ความเข้าใจความเสี่ยงจำกัด เสี่ยงต่อแอปหลอกลงทุน",0.12,HIGH,MAXIMUM
ACC_0259,USER_0049,36000.0,618.64,-6637.15,-0.1844,0.2469,13043.52,0,0,Paycheck-to-Paycheck Spender,มนุษย์เงินเดือนชนเดือน (สภาพคล่องจำกัดปลายเดือน),"รายได้ 18,000–35,000 บาท สภาพคล่องตึงตัวปลายเดือน ต้องการระบบออมเศษเงินอัตโนมัติแบบ Zero-Manual Effort",0.06,MODERATE,FLEXIBLE
ACC_0260,USER_0050,36000.0,621.09,-9766.09,-0.2713,0.2838,3545.79,0,0,Paycheck-to-Paycheck Spender,มนุษย์เงินเดือนชนเดือน (สภาพคล่องจำกัดปลายเดือน),"รายได้ 18,000–35,000 บาท สภาพคล่องตึงตัวปลายเดือน ต้องการระบบออมเศษเงินอัตโนมัติแบบ Zero-Manual Effort",0.06,MODERATE,FLEXIBLE
ACC_0261,USER_0051,20000.0,630.72,-23141.06,-1.1571,0.1649,14814.97,0,1,High-Yield Seeker Novice,ผู้แสวงหาผลตอบแทนสูง (เสี่ยง Ponzi/แชร์ลูกโซ่สูง),"มีเงินเก็บก้อนแรก 30,000–100,000 บาท มักมองหาผลตอบแทนเร็ว แต่ความเข้าใจความเสี่ยงจำกัด เสี่ยงต่อแอปหลอกลงทุน",0.12,HIGH,MAXIMUM
ACC_0262,USER_0052,28000.0,637.32,-8728.89,-0.3117,0.1736,8274.45,0,0,Paycheck-to-Paycheck Spender,มนุษย์เงินเดือนชนเดือน (สภาพคล่องจำกัดปลายเดือน),"รายได้ 18,000–35,000 บาท สภาพคล่องตึงตัวปลายเดือน ต้องการระบบออมเศษเงินอัตโนมัติแบบ Zero-Manual Effort",0.06,MODERATE,FLEXIBLE
ACC_0263,USER_0053,28000.0,664.2,-11381.88,-0.4065,0.2227,11172.54,0,0,Paycheck-to-Paycheck Spender,มนุษย์เงินเดือนชนเดือน (สภาพคล่องจำกัดปลายเดือน),"รายได้ 18,000–35,000 บาท สภาพคล่องตึงตัวปลายเดือน ต้องการระบบออมเศษเงินอัตโนมัติแบบ Zero-Manual Effort",0.06,MODERATE,FLEXIBLE
ACC_0264,USER_0054,32000.0,566.37,-7695.41,-0.2405,0.2022,14423.45,0,0,Paycheck-to-Paycheck Spender,มนุษย์เงินเดือนชนเดือน (สภาพคล่องจำกัดปลายเดือน),"รายได้ 18,000–35,000 บาท สภาพคล่องตึงตัวปลายเดือน ต้องการระบบออมเศษเงินอัตโนมัติแบบ Zero-Manual Effort",0.06,MODERATE,FLEXIBLE
ACC_0265,USER_0055,24000.0,573.3,-7806.32,-0.3253,0.2168,10350.77,0,0,Paycheck-to-Paycheck Spender,มนุษย์เงินเดือนชนเดือน (สภาพคล่องจำกัดปลายเดือน),"รายได้ 18,000–35,000 บาท สภาพคล่องตึงตัวปลายเดือน ต้องการระบบออมเศษเงินอัตโนมัติแบบ Zero-Manual Effort",0.06,MODERATE,FLEXIBLE
ACC_0266,USER_0056,24000.0,537.15,-9922.93,-0.4135,0.2243,3274.63,0,1,High-Yield Seeker Novice,ผู้แสวงหาผลตอบแทนสูง (เสี่ยง Ponzi/แชร์ลูกโซ่สูง),"มีเงินเก็บก้อนแรก 30,000–100,000 บาท มักมองหาผลตอบแทนเร็ว แต่ความเข้าใจความเสี่ยงจำกัด เสี่ยงต่อแอปหลอกลงทุน",0.12,HIGH,MAXIMUM
ACC_0267,USER_0057,28000.0,546.6,-8172.39,-0.2919,0.2374,4826.09,0,0,Paycheck-to-Paycheck Spender,มนุษย์เงินเดือนชนเดือน (สภาพคล่องจำกัดปลายเดือน),"รายได้ 18,000–35,000 บาท สภาพคล่องตึงตัวปลายเดือน ต้องการระบบออมเศษเงินอัตโนมัติแบบ Zero-Manual Effort",0.06,MODERATE,FLEXIBLE
ACC_0268,USER_0058,36000.0,633.13,-9388.92,-0.2608,0.2531,4383.65,0,0,Paycheck-to-Paycheck Spender,มนุษย์เงินเดือนชนเดือน (สภาพคล่องจำกัดปลายเดือน),"รายได้ 18,000–35,000 บาท สภาพคล่องตึงตัวปลายเดือน ต้องการระบบออมเศษเงินอัตโนมัติแบบ Zero-Manual Effort",0.06,MODERATE,FLEXIBLE
ACC_0269,USER_0059,24000.0,602.32,-15075.07,-0.6281,0.2398,6133.09,0,1,High-Yield Seeker Novice,ผู้แสวงหาผลตอบแทนสูง (เสี่ยง Ponzi/แชร์ลูกโซ่สูง),"มีเงินเก็บก้อนแรก 30,000–100,000 บาท มักมองหาผลตอบแทนเร็ว แต่ความเข้าใจความเสี่ยงจำกัด เสี่ยงต่อแอปหลอกลงทุน",0.12,HIGH,MAXIMUM
ACC_0270,USER_0060,20000.0,607.84,-20379.78,-1.019,0.2331,13106.0,0,1,High-Yield Seeker Novice,ผู้แสวงหาผลตอบแทนสูง (เสี่ยง Ponzi/แชร์ลูกโซ่สูง),"มีเงินเก็บก้อนแรก 30,000–100,000 บาท มักมองหาผลตอบแทนเร็ว แต่ความเข้าใจความเสี่ยงจำกัด เสี่ยงต่อแอปหลอกลงทุน",0.12,HIGH,MAXIMUM
ACC_0271,USER_0061,32000.0,572.95,-8581.12,-0.2682,0.2057,12222.16,0,0,Paycheck-to-Paycheck Spender,มนุษย์เงินเดือนชนเดือน (สภาพคล่องจำกัดปลายเดือน),"รายได้ 18,000–35,000 บาท สภาพคล่องตึงตัวปลายเดือน ต้องการระบบออมเศษเงินอัตโนมัติแบบ Zero-Manual Effort",0.06,MODERATE,FLEXIBLE
ACC_0272,USER_0062,28000.0,670.92,-12793.21,-0.4569,0.218,5963.53,0,0,Paycheck-to-Paycheck Spender,มนุษย์เงินเดือนชนเดือน (สภาพคล่องจำกัดปลายเดือน),"รายได้ 18,000–35,000 บาท สภาพคล่องตึงตัวปลายเดือน ต้องการระบบออมเศษเงินอัตโนมัติแบบ Zero-Manual Effort",0.06,MODERATE,FLEXIBLE
ACC_0273,USER_0063,32000.0,581.58,-10467.42,-0.3271,0.266,3163.66,0,0,Paycheck-to-Paycheck Spender,มนุษย์เงินเดือนชนเดือน (สภาพคล่องจำกัดปลายเดือน),"รายได้ 18,000–35,000 บาท สภาพคล่องตึงตัวปลายเดือน ต้องการระบบออมเศษเงินอัตโนมัติแบบ Zero-Manual Effort",0.06,MODERATE,FLEXIBLE
ACC_0274,USER_0064,28000.0,662.49,-13322.17,-0.4758,0.2736,6519.93,0,0,Paycheck-to-Paycheck Spender,มนุษย์เงินเดือนชนเดือน (สภาพคล่องจำกัดปลายเดือน),"รายได้ 18,000–35,000 บาท สภาพคล่องตึงตัวปลายเดือน ต้องการระบบออมเศษเงินอัตโนมัติแบบ Zero-Manual Effort",0.06,MODERATE,FLEXIBLE
ACC_0275,USER_0065,24000.0,567.52,-11012.17,-0.4588,0.3006,8997.15,0,1,High-Yield Seeker Novice,ผู้แสวงหาผลตอบแทนสูง (เสี่ยง Ponzi/แชร์ลูกโซ่สูง),"มีเงินเก็บก้อนแรก 30,000–100,000 บาท มักมองหาผลตอบแทนเร็ว แต่ความเข้าใจความเสี่ยงจำกัด เสี่ยงต่อแอปหลอกลงทุน",0.12,HIGH,MAXIMUM
ACC_0276,USER_0066,32000.0,640.66,-10774.06,-0.3367,0.2795,17420.46,0,0,Paycheck-to-Paycheck Spender,มนุษย์เงินเดือนชนเดือน (สภาพคล่องจำกัดปลายเดือน),"รายได้ 18,000–35,000 บาท สภาพคล่องตึงตัวปลายเดือน ต้องการระบบออมเศษเงินอัตโนมัติแบบ Zero-Manual Effort",0.06,MODERATE,FLEXIBLE
ACC_0277,USER_0067,20000.0,557.06,-11232.69,-0.5616,0.1738,9752.09,0,1,High-Yield Seeker Novice,ผู้แสวงหาผลตอบแทนสูง (เสี่ยง Ponzi/แชร์ลูกโซ่สูง),"มีเงินเก็บก้อนแรก 30,000–100,000 บาท มักมองหาผลตอบแทนเร็ว แต่ความเข้าใจความเสี่ยงจำกัด เสี่ยงต่อแอปหลอกลงทุน",0.12,HIGH,MAXIMUM
ACC_0278,USER_0068,32000.0,691.61,-12652.82,-0.3954,0.2699,5133.16,0,0,Paycheck-to-Paycheck Spender,มนุษย์เงินเดือนชนเดือน (สภาพคล่องจำกัดปลายเดือน),"รายได้ 18,000–35,000 บาท สภาพคล่องตึงตัวปลายเดือน ต้องการระบบออมเศษเงินอัตโนมัติแบบ Zero-Manual Effort",0.06,MODERATE,FLEXIBLE
ACC_0279,USER_0069,28000.0,620.73,-9023.74,-0.3223,0.2781,11372.6,0,0,Paycheck-to-Paycheck Spender,มนุษย์เงินเดือนชนเดือน (สภาพคล่องจำกัดปลายเดือน),"รายได้ 18,000–35,000 บาท สภาพคล่องตึงตัวปลายเดือน ต้องการระบบออมเศษเงินอัตโนมัติแบบ Zero-Manual Effort",0.06,MODERATE,FLEXIBLE
ACC_0280,USER_0070,28000.0,561.11,-11192.7,-0.3997,0.2697,4132.1,0,0,Paycheck-to-Paycheck Spender,มนุษย์เงินเดือนชนเดือน (สภาพคล่องจำกัดปลายเดือน),"รายได้ 18,000–35,000 บาท สภาพคล่องตึงตัวปลายเดือน ต้องการระบบออมเศษเงินอัตโนมัติแบบ Zero-Manual Effort",0.06,MODERATE,FLEXIBLE
ACC_0281,USER_0071,32000.0,637.3,-9465.48,-0.2958,0.1937,9271.03,0,0,Paycheck-to-Paycheck Spender,มนุษย์เงินเดือนชนเดือน (สภาพคล่องจำกัดปลายเดือน),"รายได้ 18,000–35,000 บาท สภาพคล่องตึงตัวปลายเดือน ต้องการระบบออมเศษเงินอัตโนมัติแบบ Zero-Manual Effort",0.06,MODERATE,FLEXIBLE
ACC_0282,USER_0072,32000.0,638.68,-9406.56,-0.294,0.2109,7894.82,0,0,Paycheck-to-Paycheck Spender,มนุษย์เงินเดือนชนเดือน (สภาพคล่องจำกัดปลายเดือน),"รายได้ 18,000–35,000 บาท สภาพคล่องตึงตัวปลายเดือน ต้องการระบบออมเศษเงินอัตโนมัติแบบ Zero-Manual Effort",0.06,MODERATE,FLEXIBLE
ACC_0283,USER_0073,28000.0,645.23,-10947.73,-0.391,0.2815,11558.64,0,0,Paycheck-to-Paycheck Spender,มนุษย์เงินเดือนชนเดือน (สภาพคล่องจำกัดปลายเดือน),"รายได้ 18,000–35,000 บาท สภาพคล่องตึงตัวปลายเดือน ต้องการระบบออมเศษเงินอัตโนมัติแบบ Zero-Manual Effort",0.06,MODERATE,FLEXIBLE
ACC_0284,USER_0074,24000.0,613.66,-13209.55,-0.5504,0.2086,15534.04,0,1,High-Yield Seeker Novice,ผู้แสวงหาผลตอบแทนสูง (เสี่ยง Ponzi/แชร์ลูกโซ่สูง),"มีเงินเก็บก้อนแรก 30,000–100,000 บาท มักมองหาผลตอบแทนเร็ว แต่ความเข้าใจความเสี่ยงจำกัด เสี่ยงต่อแอปหลอกลงทุน",0.12,HIGH,MAXIMUM
ACC_0285,USER_0075,20000.0,554.35,-14713.44,-0.7357,0.2257,6038.44,0,1,High-Yield Seeker Novice,ผู้แสวงหาผลตอบแทนสูง (เสี่ยง Ponzi/แชร์ลูกโซ่สูง),"มีเงินเก็บก้อนแรก 30,000–100,000 บาท มักมองหาผลตอบแทนเร็ว แต่ความเข้าใจความเสี่ยงจำกัด เสี่ยงต่อแอปหลอกลงทุน",0.12,HIGH,MAXIMUM
ACC_0286,USER_0076,36000.0,582.86,-9995.24,-0.2776,0.2365,4320.38,0,0,Paycheck-to-Paycheck Spender,มนุษย์เงินเดือนชนเดือน (สภาพคล่องจำกัดปลายเดือน),"รายได้ 18,000–35,000 บาท สภาพคล่องตึงตัวปลายเดือน ต้องการระบบออมเศษเงินอัตโนมัติแบบ Zero-Manual Effort",0.06,MODERATE,FLEXIBLE
ACC_0287,USER_0077,36000.0,637.7,-10021.65,-0.2784,0.2955,4311.76,0,0,Paycheck-to-Paycheck Spender,มนุษย์เงินเดือนชนเดือน (สภาพคล่องจำกัดปลายเดือน),"รายได้ 18,000–35,000 บาท สภาพคล่องตึงตัวปลายเดือน ต้องการระบบออมเศษเงินอัตโนมัติแบบ Zero-Manual Effort",0.06,MODERATE,FLEXIBLE
ACC_0288,USER_0078,20000.0,614.68,-21204.17,-1.0602,0.257,10852.31,0,1,High-Yield Seeker Novice,ผู้แสวงหาผลตอบแทนสูง (เสี่ยง Ponzi/แชร์ลูกโซ่สูง),"มีเงินเก็บก้อนแรก 30,000–100,000 บาท มักมองหาผลตอบแทนเร็ว แต่ความเข้าใจความเสี่ยงจำกัด เสี่ยงต่อแอปหลอกลงทุน",0.12,HIGH,MAXIMUM
ACC_0289,USER_0079,36000.0,553.41,-9508.11,-0.2641,0.2785,13634.1,0,0,Paycheck-to-Paycheck Spender,มนุษย์เงินเดือนชนเดือน (สภาพคล่องจำกัดปลายเดือน),"รายได้ 18,000–35,000 บาท สภาพคล่องตึงตัวปลายเดือน ต้องการระบบออมเศษเงินอัตโนมัติแบบ Zero-Manual Effort",0.06,MODERATE,FLEXIBLE
ACC_0290,USER_0080,36000.0,607.42,-8060.38,-0.2239,0.2005,6374.6,0,0,Paycheck-to-Paycheck Spender,มนุษย์เงินเดือนชนเดือน (สภาพคล่องจำกัดปลายเดือน),"รายได้ 18,000–35,000 บาท สภาพคล่องตึงตัวปลายเดือน ต้องการระบบออมเศษเงินอัตโนมัติแบบ Zero-Manual Effort",0.06,MODERATE,FLEXIBLE
ACC_0291,USER_0081,20000.0,634.91,-24672.96,-1.2336,0.2753,3573.11,0,1,High-Yield Seeker Novice,ผู้แสวงหาผลตอบแทนสูง (เสี่ยง Ponzi/แชร์ลูกโซ่สูง),"มีเงินเก็บก้อนแรก 30,000–100,000 บาท มักมองหาผลตอบแทนเร็ว แต่ความเข้าใจความเสี่ยงจำกัด เสี่ยงต่อแอปหลอกลงทุน",0.12,HIGH,MAXIMUM
ACC_0292,USER_0082,28000.0,613.24,-8894.05,-0.3176,0.2405,6020.73,0,0,Paycheck-to-Paycheck Spender,มนุษย์เงินเดือนชนเดือน (สภาพคล่องจำกัดปลายเดือน),"รายได้ 18,000–35,000 บาท สภาพคล่องตึงตัวปลายเดือน ต้องการระบบออมเศษเงินอัตโนมัติแบบ Zero-Manual Effort",0.06,MODERATE,FLEXIBLE
ACC_0293,USER_0083,36000.0,626.15,-8888.03,-0.2469,0.1898,15051.81,0,0,Paycheck-to-Paycheck Spender,มนุษย์เงินเดือนชนเดือน (สภาพคล่องจำกัดปลายเดือน),"รายได้ 18,000–35,000 บาท สภาพคล่องตึงตัวปลายเดือน ต้องการระบบออมเศษเงินอัตโนมัติแบบ Zero-Manual Effort",0.06,MODERATE,FLEXIBLE
ACC_0294,USER_0084,32000.0,614.24,-9044.85,-0.2827,0.1863,12688.41,0,0,Paycheck-to-Paycheck Spender,มนุษย์เงินเดือนชนเดือน (สภาพคล่องจำกัดปลายเดือน),"รายได้ 18,000–35,000 บาท สภาพคล่องตึงตัวปลายเดือน ต้องการระบบออมเศษเงินอัตโนมัติแบบ Zero-Manual Effort",0.06,MODERATE,FLEXIBLE
ACC_0295,USER_0085,24000.0,595.74,-10057.54,-0.4191,0.2645,11954.45,0,1,High-Yield Seeker Novice,ผู้แสวงหาผลตอบแทนสูง (เสี่ยง Ponzi/แชร์ลูกโซ่สูง),"มีเงินเก็บก้อนแรก 30,000–100,000 บาท มักมองหาผลตอบแทนเร็ว แต่ความเข้าใจความเสี่ยงจำกัด เสี่ยงต่อแอปหลอกลงทุน",0.12,HIGH,MAXIMUM
ACC_0296,USER_0086,24000.0,540.99,-10863.3,-0.4526,0.2156,6874.74,0,1,High-Yield Seeker Novice,ผู้แสวงหาผลตอบแทนสูง (เสี่ยง Ponzi/แชร์ลูกโซ่สูง),"มีเงินเก็บก้อนแรก 30,000–100,000 บาท มักมองหาผลตอบแทนเร็ว แต่ความเข้าใจความเสี่ยงจำกัด เสี่ยงต่อแอปหลอกลงทุน",0.12,HIGH,MAXIMUM
ACC_0297,USER_0087,36000.0,584.67,-8072.0,-0.2242,0.2073,17193.53,0,0,Paycheck-to-Paycheck Spender,มนุษย์เงินเดือนชนเดือน (สภาพคล่องจำกัดปลายเดือน),"รายได้ 18,000–35,000 บาท สภาพคล่องตึงตัวปลายเดือน ต้องการระบบออมเศษเงินอัตโนมัติแบบ Zero-Manual Effort",0.06,MODERATE,FLEXIBLE
ACC_0298,USER_0088,24000.0,554.85,-9464.05,-0.3943,0.193,13003.19,0,1,High-Yield Seeker Novice,ผู้แสวงหาผลตอบแทนสูง (เสี่ยง Ponzi/แชร์ลูกโซ่สูง),"มีเงินเก็บก้อนแรก 30,000–100,000 บาท มักมองหาผลตอบแทนเร็ว แต่ความเข้าใจความเสี่ยงจำกัด เสี่ยงต่อแอปหลอกลงทุน",0.12,HIGH,MAXIMUM
ACC_0299,USER_0089,36000.0,641.46,-10898.29,-0.3027,0.2874,6792.88,0,0,Paycheck-to-Paycheck Spender,มนุษย์เงินเดือนชนเดือน (สภาพคล่องจำกัดปลายเดือน),"รายได้ 18,000–35,000 บาท สภาพคล่องตึงตัวปลายเดือน ต้องการระบบออมเศษเงินอัตโนมัติแบบ Zero-Manual Effort",0.06,MODERATE,FLEXIBLE
ACC_0300,USER_0090,20000.0,682.37,-31174.33,-1.5587,0.2155,9217.96,0,1,High-Yield Seeker Novice,ผู้แสวงหาผลตอบแทนสูง (เสี่ยง Ponzi/แชร์ลูกโซ่สูง),"มีเงินเก็บก้อนแรก 30,000–100,000 บาท มักมองหาผลตอบแทนเร็ว แต่ความเข้าใจความเสี่ยงจำกัด เสี่ยงต่อแอปหลอกลงทุน",0.12,HIGH,MAXIMUM
ACC_0301,USER_0091,32000.0,564.01,-8444.32,-0.2639,0.2859,7396.48,0,0,Paycheck-to-Paycheck Spender,มนุษย์เงินเดือนชนเดือน (สภาพคล่องจำกัดปลายเดือน),"รายได้ 18,000–35,000 บาท สภาพคล่องตึงตัวปลายเดือน ต้องการระบบออมเศษเงินอัตโนมัติแบบ Zero-Manual Effort",0.06,MODERATE,FLEXIBLE
ACC_0302,USER_0092,32000.0,577.47,-12735.33,-0.398,0.2468,12180.5,0,0,Paycheck-to-Paycheck Spender,มนุษย์เงินเดือนชนเดือน (สภาพคล่องจำกัดปลายเดือน),"รายได้ 18,000–35,000 บาท สภาพคล่องตึงตัวปลายเดือน ต้องการระบบออมเศษเงินอัตโนมัติแบบ Zero-Manual Effort",0.06,MODERATE,FLEXIBLE
ACC_0303,USER_0093,20000.0,647.18,-28072.93,-1.4036,0.2868,14002.37,0,1,High-Yield Seeker Novice,ผู้แสวงหาผลตอบแทนสูง (เสี่ยง Ponzi/แชร์ลูกโซ่สูง),"มีเงินเก็บก้อนแรก 30,000–100,000 บาท มักมองหาผลตอบแทนเร็ว แต่ความเข้าใจความเสี่ยงจำกัด เสี่ยงต่อแอปหลอกลงทุน",0.12,HIGH,MAXIMUM
ACC_0304,USER_0094,20000.0,629.01,-25691.59,-1.2846,0.2197,8667.72,0,1,High-Yield Seeker Novice,ผู้แสวงหาผลตอบแทนสูง (เสี่ยง Ponzi/แชร์ลูกโซ่สูง),"มีเงินเก็บก้อนแรก 30,000–100,000 บาท มักมองหาผลตอบแทนเร็ว แต่ความเข้าใจความเสี่ยงจำกัด เสี่ยงต่อแอปหลอกลงทุน",0.12,HIGH,MAXIMUM
ACC_0305,USER_0095,20000.0,598.3,-19351.28,-0.9676,0.2141,4482.66,0,1,High-Yield Seeker Novice,ผู้แสวงหาผลตอบแทนสูง (เสี่ยง Ponzi/แชร์ลูกโซ่สูง),"มีเงินเก็บก้อนแรก 30,000–100,000 บาท มักมองหาผลตอบแทนเร็ว แต่ความเข้าใจความเสี่ยงจำกัด เสี่ยงต่อแอปหลอกลงทุน",0.12,HIGH,MAXIMUM
ACC_0306,USER_0096,24000.0,599.79,-13720.25,-0.5717,0.1925,6641.35,0,1,High-Yield Seeker Novice,ผู้แสวงหาผลตอบแทนสูง (เสี่ยง Ponzi/แชร์ลูกโซ่สูง),"มีเงินเก็บก้อนแรก 30,000–100,000 บาท มักมองหาผลตอบแทนเร็ว แต่ความเข้าใจความเสี่ยงจำกัด เสี่ยงต่อแอปหลอกลงทุน",0.12,HIGH,MAXIMUM
ACC_0307,USER_0097,28000.0,584.78,-8990.13,-0.3211,0.2013,7130.1,0,0,Paycheck-to-Paycheck Spender,มนุษย์เงินเดือนชนเดือน (สภาพคล่องจำกัดปลายเดือน),"รายได้ 18,000–35,000 บาท สภาพคล่องตึงตัวปลายเดือน ต้องการระบบออมเศษเงินอัตโนมัติแบบ Zero-Manual Effort",0.06,MODERATE,FLEXIBLE
ACC_0308,USER_0098,36000.0,605.27,-12153.62,-0.3376,0.2741,14551.41,0,0,Paycheck-to-Paycheck Spender,มนุษย์เงินเดือนชนเดือน (สภาพคล่องจำกัดปลายเดือน),"รายได้ 18,000–35,000 บาท สภาพคล่องตึงตัวปลายเดือน ต้องการระบบออมเศษเงินอัตโนมัติแบบ Zero-Manual Effort",0.06,MODERATE,FLEXIBLE
ACC_0309,USER_0099,20000.0,607.81,-21833.02,-1.0917,0.2185,14607.23,0,1,High-Yield Seeker Novice,ผู้แสวงหาผลตอบแทนสูง (เสี่ยง Ponzi/แชร์ลูกโซ่สูง),"มีเงินเก็บก้อนแรก 30,000–100,000 บาท มักมองหาผลตอบแทนเร็ว แต่ความเข้าใจความเสี่ยงจำกัด เสี่ยงต่อแอปหลอกลงทุน",0.12,HIGH,MAXIMUM
ACC_0310,USER_0100,24000.0,624.73,-16326.81,-0.6803,0.2188,15096.31,0,1,High-Yield Seeker Novice,ผู้แสวงหาผลตอบแทนสูง (เสี่ยง Ponzi/แชร์ลูกโซ่สูง),"มีเงินเก็บก้อนแรก 30,000–100,000 บาท มักมองหาผลตอบแทนเร็ว แต่ความเข้าใจความเสี่ยงจำกัด เสี่ยงต่อแอปหลอกลงทุน",0.12,HIGH,MAXIMUM
ACC_0311,USER_0101,36000.0,595.56,-12694.04,-0.3526,0.2358,9272.63,0,0,Paycheck-to-Paycheck Spender,มนุษย์เงินเดือนชนเดือน (สภาพคล่องจำกัดปลายเดือน),"รายได้ 18,000–35,000 บาท สภาพคล่องตึงตัวปลายเดือน ต้องการระบบออมเศษเงินอัตโนมัติแบบ Zero-Manual Effort",0.06,MODERATE,FLEXIBLE
ACC_0312,USER_0102,20000.0,594.44,-19057.47,-0.9529,0.2124,5467.63,0,1,High-Yield Seeker Novice,ผู้แสวงหาผลตอบแทนสูง (เสี่ยง Ponzi/แชร์ลูกโซ่สูง),"มีเงินเก็บก้อนแรก 30,000–100,000 บาท มักมองหาผลตอบแทนเร็ว แต่ความเข้าใจความเสี่ยงจำกัด เสี่ยงต่อแอปหลอกลงทุน",0.12,HIGH,MAXIMUM
ACC_0313,USER_0103,32000.0,667.23,-12619.99,-0.3944,0.2975,4648.63,0,0,Paycheck-to-Paycheck Spender,มนุษย์เงินเดือนชนเดือน (สภาพคล่องจำกัดปลายเดือน),"รายได้ 18,000–35,000 บาท สภาพคล่องตึงตัวปลายเดือน ต้องการระบบออมเศษเงินอัตโนมัติแบบ Zero-Manual Effort",0.06,MODERATE,FLEXIBLE
ACC_0314,USER_0104,24000.0,585.08,-10934.03,-0.4556,0.1956,16669.98,0,1,High-Yield Seeker Novice,ผู้แสวงหาผลตอบแทนสูง (เสี่ยง Ponzi/แชร์ลูกโซ่สูง),"มีเงินเก็บก้อนแรก 30,000–100,000 บาท มักมองหาผลตอบแทนเร็ว แต่ความเข้าใจความเสี่ยงจำกัด เสี่ยงต่อแอปหลอกลงทุน",0.12,HIGH,MAXIMUM
ACC_0315,USER_0105,28000.0,641.08,-10121.42,-0.3615,0.2287,11866.87,0,0,Paycheck-to-Paycheck Spender,มนุษย์เงินเดือนชนเดือน (สภาพคล่องจำกัดปลายเดือน),"รายได้ 18,000–35,000 บาท สภาพคล่องตึงตัวปลายเดือน ต้องการระบบออมเศษเงินอัตโนมัติแบบ Zero-Manual Effort",0.06,MODERATE,FLEXIBLE
ACC_0316,USER_0106,20000.0,541.29,-13242.89,-0.6621,0.2314,15289.13,0,1,High-Yield Seeker Novice,ผู้แสวงหาผลตอบแทนสูง (เสี่ยง Ponzi/แชร์ลูกโซ่สูง),"มีเงินเก็บก้อนแรก 30,000–100,000 บาท มักมองหาผลตอบแทนเร็ว แต่ความเข้าใจความเสี่ยงจำกัด เสี่ยงต่อแอปหลอกลงทุน",0.12,HIGH,MAXIMUM
ACC_0317,USER_0107,24000.0,633.8,-15498.9,-0.6458,0.19,6869.61,0,1,High-Yield Seeker Novice,ผู้แสวงหาผลตอบแทนสูง (เสี่ยง Ponzi/แชร์ลูกโซ่สูง),"มีเงินเก็บก้อนแรก 30,000–100,000 บาท มักมองหาผลตอบแทนเร็ว แต่ความเข้าใจความเสี่ยงจำกัด เสี่ยงต่อแอปหลอกลงทุน",0.12,HIGH,MAXIMUM
ACC_0318,USER_0108,24000.0,601.94,-11935.62,-0.4973,0.2526,11387.65,0,1,High-Yield Seeker Novice,ผู้แสวงหาผลตอบแทนสูง (เสี่ยง Ponzi/แชร์ลูกโซ่สูง),"มีเงินเก็บก้อนแรก 30,000–100,000 บาท มักมองหาผลตอบแทนเร็ว แต่ความเข้าใจความเสี่ยงจำกัด เสี่ยงต่อแอปหลอกลงทุน",0.12,HIGH,MAXIMUM
ACC_0319,USER_0109,24000.0,632.0,-19430.48,-0.8096,0.2678,17975.11,0,1,High-Yield Seeker Novice,ผู้แสวงหาผลตอบแทนสูง (เสี่ยง Ponzi/แชร์ลูกโซ่สูง),"มีเงินเก็บก้อนแรก 30,000–100,000 บาท มักมองหาผลตอบแทนเร็ว แต่ความเข้าใจความเสี่ยงจำกัด เสี่ยงต่อแอปหลอกลงทุน",0.12,HIGH,MAXIMUM
ACC_0320,USER_0110,24000.0,571.45,-7813.27,-0.3256,0.1423,13429.66,0,0,Paycheck-to-Paycheck Spender,มนุษย์เงินเดือนชนเดือน (สภาพคล่องจำกัดปลายเดือน),"รายได้ 18,000–35,000 บาท สภาพคล่องตึงตัวปลายเดือน ต้องการระบบออมเศษเงินอัตโนมัติแบบ Zero-Manual Effort",0.06,MODERATE,FLEXIBLE
ACC_0321,USER_0111,36000.0,594.49,-9878.37,-0.2744,0.2843,16175.17,0,0,Paycheck-to-Paycheck Spender,มนุษย์เงินเดือนชนเดือน (สภาพคล่องจำกัดปลายเดือน),"รายได้ 18,000–35,000 บาท สภาพคล่องตึงตัวปลายเดือน ต้องการระบบออมเศษเงินอัตโนมัติแบบ Zero-Manual Effort",0.06,MODERATE,FLEXIBLE
ACC_0322,USER_0112,20000.0,584.21,-17563.18,-0.8782,0.2607,8601.19,0,1,High-Yield Seeker Novice,ผู้แสวงหาผลตอบแทนสูง (เสี่ยง Ponzi/แชร์ลูกโซ่สูง),"มีเงินเก็บก้อนแรก 30,000–100,000 บาท มักมองหาผลตอบแทนเร็ว แต่ความเข้าใจความเสี่ยงจำกัด เสี่ยงต่อแอปหลอกลงทุน",0.12,HIGH,MAXIMUM
ACC_0323,USER_0113,36000.0,569.47,-5857.0,-0.1627,0.1481,17574.22,0,0,Paycheck-to-Paycheck Spender,มนุษย์เงินเดือนชนเดือน (สภาพคล่องจำกัดปลายเดือน),"รายได้ 18,000–35,000 บาท สภาพคล่องตึงตัวปลายเดือน ต้องการระบบออมเศษเงินอัตโนมัติแบบ Zero-Manual Effort",0.06,MODERATE,FLEXIBLE
ACC_0324,USER_0114,28000.0,683.55,-14596.72,-0.5213,0.2601,2965.07,0,0,Paycheck-to-Paycheck Spender,มนุษย์เงินเดือนชนเดือน (สภาพคล่องจำกัดปลายเดือน),"รายได้ 18,000–35,000 บาท สภาพคล่องตึงตัวปลายเดือน ต้องการระบบออมเศษเงินอัตโนมัติแบบ Zero-Manual Effort",0.06,MODERATE,FLEXIBLE
ACC_0325,USER_0115,36000.0,584.84,-7845.83,-0.2179,0.256,16843.75,0,0,Paycheck-to-Paycheck Spender,มนุษย์เงินเดือนชนเดือน (สภาพคล่องจำกัดปลายเดือน),"รายได้ 18,000–35,000 บาท สภาพคล่องตึงตัวปลายเดือน ต้องการระบบออมเศษเงินอัตโนมัติแบบ Zero-Manual Effort",0.06,MODERATE,FLEXIBLE
ACC_0326,USER_0116,28000.0,648.89,-10578.34,-0.3778,0.1849,10312.35,0,0,Paycheck-to-Paycheck Spender,มนุษย์เงินเดือนชนเดือน (สภาพคล่องจำกัดปลายเดือน),"รายได้ 18,000–35,000 บาท สภาพคล่องตึงตัวปลายเดือน ต้องการระบบออมเศษเงินอัตโนมัติแบบ Zero-Manual Effort",0.06,MODERATE,FLEXIBLE
ACC_0327,USER_0117,32000.0,645.56,-8487.29,-0.2652,0.2135,9167.34,0,0,Paycheck-to-Paycheck Spender,มนุษย์เงินเดือนชนเดือน (สภาพคล่องจำกัดปลายเดือน),"รายได้ 18,000–35,000 บาท สภาพคล่องตึงตัวปลายเดือน ต้องการระบบออมเศษเงินอัตโนมัติแบบ Zero-Manual Effort",0.06,MODERATE,FLEXIBLE
ACC_0328,USER_0118,20000.0,568.59,-14350.34,-0.7175,0.1878,5881.54,0,1,High-Yield Seeker Novice,ผู้แสวงหาผลตอบแทนสูง (เสี่ยง Ponzi/แชร์ลูกโซ่สูง),"มีเงินเก็บก้อนแรก 30,000–100,000 บาท มักมองหาผลตอบแทนเร็ว แต่ความเข้าใจความเสี่ยงจำกัด เสี่ยงต่อแอปหลอกลงทุน",0.12,HIGH,MAXIMUM
ACC_0329,USER_0119,36000.0,656.37,-12996.49,-0.361,0.2589,11181.18,0,0,Paycheck-to-Paycheck Spender,มนุษย์เงินเดือนชนเดือน (สภาพคล่องจำกัดปลายเดือน),"รายได้ 18,000–35,000 บาท สภาพคล่องตึงตัวปลายเดือน ต้องการระบบออมเศษเงินอัตโนมัติแบบ Zero-Manual Effort",0.06,MODERATE,FLEXIBLE
ACC_0330,USER_0120,24000.0,607.87,-13818.8,-0.5758,0.2958,9932.5,0,1,High-Yield Seeker Novice,ผู้แสวงหาผลตอบแทนสูง (เสี่ยง Ponzi/แชร์ลูกโซ่สูง),"มีเงินเก็บก้อนแรก 30,000–100,000 บาท มักมองหาผลตอบแทนเร็ว แต่ความเข้าใจความเสี่ยงจำกัด เสี่ยงต่อแอปหลอกลงทุน",0.12,HIGH,MAXIMUM
ACC_0331,USER_0121,28000.0,604.03,-9702.74,-0.3465,0.2518,17146.75,0,0,Paycheck-to-Paycheck Spender,มนุษย์เงินเดือนชนเดือน (สภาพคล่องจำกัดปลายเดือน),"รายได้ 18,000–35,000 บาท สภาพคล่องตึงตัวปลายเดือน ต้องการระบบออมเศษเงินอัตโนมัติแบบ Zero-Manual Effort",0.06,MODERATE,FLEXIBLE
ACC_0332,USER_0122,20000.0,600.8,-20249.34,-1.0125,0.21,16690.8,0,1,High-Yield Seeker Novice,ผู้แสวงหาผลตอบแทนสูง (เสี่ยง Ponzi/แชร์ลูกโซ่สูง),"มีเงินเก็บก้อนแรก 30,000–100,000 บาท มักมองหาผลตอบแทนเร็ว แต่ความเข้าใจความเสี่ยงจำกัด เสี่ยงต่อแอปหลอกลงทุน",0.12,HIGH,MAXIMUM
ACC_0333,USER_0123,20000.0,590.5,-20552.59,-1.0276,0.3029,10692.66,0,1,High-Yield Seeker Novice,ผู้แสวงหาผลตอบแทนสูง (เสี่ยง Ponzi/แชร์ลูกโซ่สูง),"มีเงินเก็บก้อนแรก 30,000–100,000 บาท มักมองหาผลตอบแทนเร็ว แต่ความเข้าใจความเสี่ยงจำกัด เสี่ยงต่อแอปหลอกลงทุน",0.12,HIGH,MAXIMUM
ACC_0334,USER_0124,24000.0,612.0,-15525.02,-0.6469,0.2457,5810.19,0,1,High-Yield Seeker Novice,ผู้แสวงหาผลตอบแทนสูง (เสี่ยง Ponzi/แชร์ลูกโซ่สูง),"มีเงินเก็บก้อนแรก 30,000–100,000 บาท มักมองหาผลตอบแทนเร็ว แต่ความเข้าใจความเสี่ยงจำกัด เสี่ยงต่อแอปหลอกลงทุน",0.12,HIGH,MAXIMUM
ACC_0335,USER_0125,24000.0,591.8,-13222.85,-0.551,0.2653,14168.26,0,1,High-Yield Seeker Novice,ผู้แสวงหาผลตอบแทนสูง (เสี่ยง Ponzi/แชร์ลูกโซ่สูง),"มีเงินเก็บก้อนแรก 30,000–100,000 บาท มักมองหาผลตอบแทนเร็ว แต่ความเข้าใจความเสี่ยงจำกัด เสี่ยงต่อแอปหลอกลงทุน",0.12,HIGH,MAXIMUM
ACC_0336,USER_0126,36000.0,635.18,-9637.52,-0.2677,0.2451,9046.38,0,0,Paycheck-to-Paycheck Spender,มนุษย์เงินเดือนชนเดือน (สภาพคล่องจำกัดปลายเดือน),"รายได้ 18,000–35,000 บาท สภาพคล่องตึงตัวปลายเดือน ต้องการระบบออมเศษเงินอัตโนมัติแบบ Zero-Manual Effort",0.06,MODERATE,FLEXIBLE
ACC_0337,USER_0127,36000.0,624.64,-9519.57,-0.2644,0.2277,14798.51,0,0,Paycheck-to-Paycheck Spender,มนุษย์เงินเดือนชนเดือน (สภาพคล่องจำกัดปลายเดือน),"รายได้ 18,000–35,000 บาท สภาพคล่องตึงตัวปลายเดือน ต้องการระบบออมเศษเงินอัตโนมัติแบบ Zero-Manual Effort",0.06,MODERATE,FLEXIBLE
ACC_0338,USER_0128,28000.0,598.24,-9464.52,-0.338,0.2462,3880.56,0,0,Paycheck-to-Paycheck Spender,มนุษย์เงินเดือนชนเดือน (สภาพคล่องจำกัดปลายเดือน),"รายได้ 18,000–35,000 บาท สภาพคล่องตึงตัวปลายเดือน ต้องการระบบออมเศษเงินอัตโนมัติแบบ Zero-Manual Effort",0.06,MODERATE,FLEXIBLE
ACC_0339,USER_0129,32000.0,554.95,-7722.75,-0.2413,0.1878,12203.96,0,0,Paycheck-to-Paycheck Spender,มนุษย์เงินเดือนชนเดือน (สภาพคล่องจำกัดปลายเดือน),"รายได้ 18,000–35,000 บาท สภาพคล่องตึงตัวปลายเดือน ต้องการระบบออมเศษเงินอัตโนมัติแบบ Zero-Manual Effort",0.06,MODERATE,FLEXIBLE
ACC_0340,USER_0130,36000.0,608.24,-8045.37,-0.2235,0.2334,6502.72,0,0,Paycheck-to-Paycheck Spender,มนุษย์เงินเดือนชนเดือน (สภาพคล่องจำกัดปลายเดือน),"รายได้ 18,000–35,000 บาท สภาพคล่องตึงตัวปลายเดือน ต้องการระบบออมเศษเงินอัตโนมัติแบบ Zero-Manual Effort",0.06,MODERATE,FLEXIBLE
ACC_0341,USER_0131,36000.0,629.17,-7616.31,-0.2116,0.1841,6242.67,0,0,Paycheck-to-Paycheck Spender,มนุษย์เงินเดือนชนเดือน (สภาพคล่องจำกัดปลายเดือน),"รายได้ 18,000–35,000 บาท สภาพคล่องตึงตัวปลายเดือน ต้องการระบบออมเศษเงินอัตโนมัติแบบ Zero-Manual Effort",0.06,MODERATE,FLEXIBLE
ACC_0342,USER_0132,28000.0,651.34,-11218.99,-0.4007,0.223,3040.55,0,0,Paycheck-to-Paycheck Spender,มนุษย์เงินเดือนชนเดือน (สภาพคล่องจำกัดปลายเดือน),"รายได้ 18,000–35,000 บาท สภาพคล่องตึงตัวปลายเดือน ต้องการระบบออมเศษเงินอัตโนมัติแบบ Zero-Manual Effort",0.06,MODERATE,FLEXIBLE
ACC_0343,USER_0133,24000.0,613.19,-14500.75,-0.6042,0.2151,3200.9,0,1,High-Yield Seeker Novice,ผู้แสวงหาผลตอบแทนสูง (เสี่ยง Ponzi/แชร์ลูกโซ่สูง),"มีเงินเก็บก้อนแรก 30,000–100,000 บาท มักมองหาผลตอบแทนเร็ว แต่ความเข้าใจความเสี่ยงจำกัด เสี่ยงต่อแอปหลอกลงทุน",0.12,HIGH,MAXIMUM
ACC_0344,USER_0134,36000.0,634.65,-7800.5,-0.2167,0.1775,7022.17,0,0,Paycheck-to-Paycheck Spender,มนุษย์เงินเดือนชนเดือน (สภาพคล่องจำกัดปลายเดือน),"รายได้ 18,000–35,000 บาท สภาพคล่องตึงตัวปลายเดือน ต้องการระบบออมเศษเงินอัตโนมัติแบบ Zero-Manual Effort",0.06,MODERATE,FLEXIBLE
ACC_0345,USER_0135,32000.0,702.93,-8335.94,-0.2605,0.2481,7934.83,0,0,Paycheck-to-Paycheck Spender,มนุษย์เงินเดือนชนเดือน (สภาพคล่องจำกัดปลายเดือน),"รายได้ 18,000–35,000 บาท สภาพคล่องตึงตัวปลายเดือน ต้องการระบบออมเศษเงินอัตโนมัติแบบ Zero-Manual Effort",0.06,MODERATE,FLEXIBLE
ACC_0346,USER_0136,32000.0,593.33,-9682.24,-0.3026,0.252,11497.91,0,0,Paycheck-to-Paycheck Spender,มนุษย์เงินเดือนชนเดือน (สภาพคล่องจำกัดปลายเดือน),"รายได้ 18,000–35,000 บาท สภาพคล่องตึงตัวปลายเดือน ต้องการระบบออมเศษเงินอัตโนมัติแบบ Zero-Manual Effort",0.06,MODERATE,FLEXIBLE
ACC_0347,USER_0137,36000.0,592.73,-7167.27,-0.1991,0.1771,6263.39,0,0,Paycheck-to-Paycheck Spender,มนุษย์เงินเดือนชนเดือน (สภาพคล่องจำกัดปลายเดือน),"รายได้ 18,000–35,000 บาท สภาพคล่องตึงตัวปลายเดือน ต้องการระบบออมเศษเงินอัตโนมัติแบบ Zero-Manual Effort",0.06,MODERATE,FLEXIBLE
ACC_0348,USER_0138,28000.0,614.53,-9105.24,-0.3252,0.2031,6365.72,0,0,Paycheck-to-Paycheck Spender,มนุษย์เงินเดือนชนเดือน (สภาพคล่องจำกัดปลายเดือน),"รายได้ 18,000–35,000 บาท สภาพคล่องตึงตัวปลายเดือน ต้องการระบบออมเศษเงินอัตโนมัติแบบ Zero-Manual Effort",0.06,MODERATE,FLEXIBLE
ACC_0349,USER_0139,32000.0,628.39,-10099.13,-0.3156,0.2637,5424.79,0,0,Paycheck-to-Paycheck Spender,มนุษย์เงินเดือนชนเดือน (สภาพคล่องจำกัดปลายเดือน),"รายได้ 18,000–35,000 บาท สภาพคล่องตึงตัวปลายเดือน ต้องการระบบออมเศษเงินอัตโนมัติแบบ Zero-Manual Effort",0.06,MODERATE,FLEXIBLE
ACC_0350,USER_0140,36000.0,657.37,-9073.36,-0.252,0.1846,8914.1,0,0,Paycheck-to-Paycheck Spender,มนุษย์เงินเดือนชนเดือน (สภาพคล่องจำกัดปลายเดือน),"รายได้ 18,000–35,000 บาท สภาพคล่องตึงตัวปลายเดือน ต้องการระบบออมเศษเงินอัตโนมัติแบบ Zero-Manual Effort",0.06,MODERATE,FLEXIBLE
ACC_0351,USER_0141,20000.0,626.85,-22739.21,-1.137,0.2403,2180.25,0,1,High-Yield Seeker Novice,ผู้แสวงหาผลตอบแทนสูง (เสี่ยง Ponzi/แชร์ลูกโซ่สูง),"มีเงินเก็บก้อนแรก 30,000–100,000 บาท มักมองหาผลตอบแทนเร็ว แต่ความเข้าใจความเสี่ยงจำกัด เสี่ยงต่อแอปหลอกลงทุน",0.12,HIGH,MAXIMUM
ACC_0352,USER_0142,32000.0,590.19,-8747.08,-0.2733,0.231,15966.96,0,0,Paycheck-to-Paycheck Spender,มนุษย์เงินเดือนชนเดือน (สภาพคล่องจำกัดปลายเดือน),"รายได้ 18,000–35,000 บาท สภาพคล่องตึงตัวปลายเดือน ต้องการระบบออมเศษเงินอัตโนมัติแบบ Zero-Manual Effort",0.06,MODERATE,FLEXIBLE
ACC_0353,USER_0143,20000.0,555.86,-15978.85,-0.7989,0.2491,8978.88,0,1,High-Yield Seeker Novice,ผู้แสวงหาผลตอบแทนสูง (เสี่ยง Ponzi/แชร์ลูกโซ่สูง),"มีเงินเก็บก้อนแรก 30,000–100,000 บาท มักมองหาผลตอบแทนเร็ว แต่ความเข้าใจความเสี่ยงจำกัด เสี่ยงต่อแอปหลอกลงทุน",0.12,HIGH,MAXIMUM
ACC_0354,USER_0144,24000.0,646.22,-19218.1,-0.8008,0.2538,13703.63,0,1,High-Yield Seeker Novice,ผู้แสวงหาผลตอบแทนสูง (เสี่ยง Ponzi/แชร์ลูกโซ่สูง),"มีเงินเก็บก้อนแรก 30,000–100,000 บาท มักมองหาผลตอบแทนเร็ว แต่ความเข้าใจความเสี่ยงจำกัด เสี่ยงต่อแอปหลอกลงทุน",0.12,HIGH,MAXIMUM
ACC_0355,USER_0145,28000.0,569.23,-11144.15,-0.398,0.2739,5699.67,0,0,Paycheck-to-Paycheck Spender,มนุษย์เงินเดือนชนเดือน (สภาพคล่องจำกัดปลายเดือน),"รายได้ 18,000–35,000 บาท สภาพคล่องตึงตัวปลายเดือน ต้องการระบบออมเศษเงินอัตโนมัติแบบ Zero-Manual Effort",0.06,MODERATE,FLEXIBLE
ACC_0356,USER_0146,24000.0,662.61,-21724.83,-0.9052,0.293,9791.47,0,1,High-Yield Seeker Novice,ผู้แสวงหาผลตอบแทนสูง (เสี่ยง Ponzi/แชร์ลูกโซ่สูง),"มีเงินเก็บก้อนแรก 30,000–100,000 บาท มักมองหาผลตอบแทนเร็ว แต่ความเข้าใจความเสี่ยงจำกัด เสี่ยงต่อแอปหลอกลงทุน",0.12,HIGH,MAXIMUM
ACC_0357,USER_0147,28000.0,574.36,-10270.29,-0.3668,0.2275,13572.23,0,0,Paycheck-to-Paycheck Spender,มนุษย์เงินเดือนชนเดือน (สภาพคล่องจำกัดปลายเดือน),"รายได้ 18,000–35,000 บาท สภาพคล่องตึงตัวปลายเดือน ต้องการระบบออมเศษเงินอัตโนมัติแบบ Zero-Manual Effort",0.06,MODERATE,FLEXIBLE
ACC_0358,USER_0148,36000.0,617.58,-11023.29,-0.3062,0.2494,13417.8,0,0,Paycheck-to-Paycheck Spender,มนุษย์เงินเดือนชนเดือน (สภาพคล่องจำกัดปลายเดือน),"รายได้ 18,000–35,000 บาท สภาพคล่องตึงตัวปลายเดือน ต้องการระบบออมเศษเงินอัตโนมัติแบบ Zero-Manual Effort",0.06,MODERATE,FLEXIBLE
ACC_0359,USER_0149,36000.0,594.36,-12422.63,-0.3451,0.2962,16063.13,0,0,Paycheck-to-Paycheck Spender,มนุษย์เงินเดือนชนเดือน (สภาพคล่องจำกัดปลายเดือน),"รายได้ 18,000–35,000 บาท สภาพคล่องตึงตัวปลายเดือน ต้องการระบบออมเศษเงินอัตโนมัติแบบ Zero-Manual Effort",0.06,MODERATE,FLEXIBLE
ACC_0360,USER_0000,32000.0,618.08,-11777.98,-0.3681,0.2973,9964.45,0,0,Paycheck-to-Paycheck Spender,มนุษย์เงินเดือนชนเดือน (สภาพคล่องจำกัดปลายเดือน),"รายได้ 18,000–35,000 บาท สภาพคล่องตึงตัวปลายเดือน ต้องการระบบออมเศษเงินอัตโนมัติแบบ Zero-Manual Effort",0.06,MODERATE,FLEXIBLE
ACC_0361,USER_0001,36000.0,684.7,-10061.43,-0.2795,0.206,3763.18,0,0,Paycheck-to-Paycheck Spender,มนุษย์เงินเดือนชนเดือน (สภาพคล่องจำกัดปลายเดือน),"รายได้ 18,000–35,000 บาท สภาพคล่องตึงตัวปลายเดือน ต้องการระบบออมเศษเงินอัตโนมัติแบบ Zero-Manual Effort",0.06,MODERATE,FLEXIBLE
ACC_0362,USER_0002,36000.0,624.9,-10122.9,-0.2812,0.2983,2255.22,0,0,Paycheck-to-Paycheck Spender,มนุษย์เงินเดือนชนเดือน (สภาพคล่องจำกัดปลายเดือน),"รายได้ 18,000–35,000 บาท สภาพคล่องตึงตัวปลายเดือน ต้องการระบบออมเศษเงินอัตโนมัติแบบ Zero-Manual Effort",0.06,MODERATE,FLEXIBLE
ACC_0363,USER_0003,20000.0,656.66,-26088.76,-1.3044,0.1687,3686.52,0,1,High-Yield Seeker Novice,ผู้แสวงหาผลตอบแทนสูง (เสี่ยง Ponzi/แชร์ลูกโซ่สูง),"มีเงินเก็บก้อนแรก 30,000–100,000 บาท มักมองหาผลตอบแทนเร็ว แต่ความเข้าใจความเสี่ยงจำกัด เสี่ยงต่อแอปหลอกลงทุน",0.12,HIGH,MAXIMUM
ACC_0364,USER_0004,24000.0,558.39,-7451.24,-0.3105,0.2291,8803.78,0,0,Paycheck-to-Paycheck Spender,มนุษย์เงินเดือนชนเดือน (สภาพคล่องจำกัดปลายเดือน),"รายได้ 18,000–35,000 บาท สภาพคล่องตึงตัวปลายเดือน ต้องการระบบออมเศษเงินอัตโนมัติแบบ Zero-Manual Effort",0.06,MODERATE,FLEXIBLE
ACC_0365,USER_0005,24000.0,610.2,-16078.73,-0.6699,0.251,17063.29,0,1,High-Yield Seeker Novice,ผู้แสวงหาผลตอบแทนสูง (เสี่ยง Ponzi/แชร์ลูกโซ่สูง),"มีเงินเก็บก้อนแรก 30,000–100,000 บาท มักมองหาผลตอบแทนเร็ว แต่ความเข้าใจความเสี่ยงจำกัด เสี่ยงต่อแอปหลอกลงทุน",0.12,HIGH,MAXIMUM
ACC_0366,USER_0006,32000.0,564.54,-8964.84,-0.2802,0.1501,3677.48,0,0,Paycheck-to-Paycheck Spender,มนุษย์เงินเดือนชนเดือน (สภาพคล่องจำกัดปลายเดือน),"รายได้ 18,000–35,000 บาท สภาพคล่องตึงตัวปลายเดือน ต้องการระบบออมเศษเงินอัตโนมัติแบบ Zero-Manual Effort",0.06,MODERATE,FLEXIBLE
ACC_0367,USER_0007,28000.0,596.23,-8076.62,-0.2885,0.2589,3451.4,0,0,Paycheck-to-Paycheck Spender,มนุษย์เงินเดือนชนเดือน (สภาพคล่องจำกัดปลายเดือน),"รายได้ 18,000–35,000 บาท สภาพคล่องตึงตัวปลายเดือน ต้องการระบบออมเศษเงินอัตโนมัติแบบ Zero-Manual Effort",0.06,MODERATE,FLEXIBLE
ACC_0368,USER_0008,36000.0,523.34,-5319.03,-0.1478,0.1147,8642.55,0,0,Paycheck-to-Paycheck Spender,มนุษย์เงินเดือนชนเดือน (สภาพคล่องจำกัดปลายเดือน),"รายได้ 18,000–35,000 บาท สภาพคล่องตึงตัวปลายเดือน ต้องการระบบออมเศษเงินอัตโนมัติแบบ Zero-Manual Effort",0.06,MODERATE,FLEXIBLE
ACC_0369,USER_0009,24000.0,630.06,-15743.2,-0.656,0.2827,12399.99,0,1,High-Yield Seeker Novice,ผู้แสวงหาผลตอบแทนสูง (เสี่ยง Ponzi/แชร์ลูกโซ่สูง),"มีเงินเก็บก้อนแรก 30,000–100,000 บาท มักมองหาผลตอบแทนเร็ว แต่ความเข้าใจความเสี่ยงจำกัด เสี่ยงต่อแอปหลอกลงทุน",0.12,HIGH,MAXIMUM
ACC_0370,USER_0010,32000.0,578.04,-9504.06,-0.297,0.1621,7852.72,0,0,Paycheck-to-Paycheck Spender,มนุษย์เงินเดือนชนเดือน (สภาพคล่องจำกัดปลายเดือน),"รายได้ 18,000–35,000 บาท สภาพคล่องตึงตัวปลายเดือน ต้องการระบบออมเศษเงินอัตโนมัติแบบ Zero-Manual Effort",0.06,MODERATE,FLEXIBLE
ACC_0371,USER_0011,36000.0,603.13,-11350.22,-0.3153,0.2661,12732.12,0,0,Paycheck-to-Paycheck Spender,มนุษย์เงินเดือนชนเดือน (สภาพคล่องจำกัดปลายเดือน),"รายได้ 18,000–35,000 บาท สภาพคล่องตึงตัวปลายเดือน ต้องการระบบออมเศษเงินอัตโนมัติแบบ Zero-Manual Effort",0.06,MODERATE,FLEXIBLE
ACC_0372,USER_0012,24000.0,681.45,-21189.0,-0.8829,0.2616,5677.66,0,1,High-Yield Seeker Novice,ผู้แสวงหาผลตอบแทนสูง (เสี่ยง Ponzi/แชร์ลูกโซ่สูง),"มีเงินเก็บก้อนแรก 30,000–100,000 บาท มักมองหาผลตอบแทนเร็ว แต่ความเข้าใจความเสี่ยงจำกัด เสี่ยงต่อแอปหลอกลงทุน",0.12,HIGH,MAXIMUM
ACC_0373,USER_0013,24000.0,583.76,-12129.29,-0.5054,0.2787,13109.31,0,1,High-Yield Seeker Novice,ผู้แสวงหาผลตอบแทนสูง (เสี่ยง Ponzi/แชร์ลูกโซ่สูง),"มีเงินเก็บก้อนแรก 30,000–100,000 บาท มักมองหาผลตอบแทนเร็ว แต่ความเข้าใจความเสี่ยงจำกัด เสี่ยงต่อแอปหลอกลงทุน",0.12,HIGH,MAXIMUM
ACC_0374,USER_0014,36000.0,602.34,-9776.8,-0.2716,0.2675,4169.9,0,0,Paycheck-to-Paycheck Spender,มนุษย์เงินเดือนชนเดือน (สภาพคล่องจำกัดปลายเดือน),"รายได้ 18,000–35,000 บาท สภาพคล่องตึงตัวปลายเดือน ต้องการระบบออมเศษเงินอัตโนมัติแบบ Zero-Manual Effort",0.06,MODERATE,FLEXIBLE
ACC_0375,USER_0015,28000.0,580.14,-9206.46,-0.3288,0.2627,5250.81,0,0,Paycheck-to-Paycheck Spender,มนุษย์เงินเดือนชนเดือน (สภาพคล่องจำกัดปลายเดือน),"รายได้ 18,000–35,000 บาท สภาพคล่องตึงตัวปลายเดือน ต้องการระบบออมเศษเงินอัตโนมัติแบบ Zero-Manual Effort",0.06,MODERATE,FLEXIBLE
ACC_0376,USER_0016,20000.0,620.72,-20119.51,-1.006,0.189,8466.75,0,1,High-Yield Seeker Novice,ผู้แสวงหาผลตอบแทนสูง (เสี่ยง Ponzi/แชร์ลูกโซ่สูง),"มีเงินเก็บก้อนแรก 30,000–100,000 บาท มักมองหาผลตอบแทนเร็ว แต่ความเข้าใจความเสี่ยงจำกัด เสี่ยงต่อแอปหลอกลงทุน",0.12,HIGH,MAXIMUM
ACC_0377,USER_0017,28000.0,619.41,-10907.7,-0.3896,0.2586,3895.75,0,0,Paycheck-to-Paycheck Spender,มนุษย์เงินเดือนชนเดือน (สภาพคล่องจำกัดปลายเดือน),"รายได้ 18,000–35,000 บาท สภาพคล่องตึงตัวปลายเดือน ต้องการระบบออมเศษเงินอัตโนมัติแบบ Zero-Manual Effort",0.06,MODERATE,FLEXIBLE
ACC_0378,USER_0018,36000.0,653.75,-8724.98,-0.2424,0.2491,11509.19,0,0,Paycheck-to-Paycheck Spender,มนุษย์เงินเดือนชนเดือน (สภาพคล่องจำกัดปลายเดือน),"รายได้ 18,000–35,000 บาท สภาพคล่องตึงตัวปลายเดือน ต้องการระบบออมเศษเงินอัตโนมัติแบบ Zero-Manual Effort",0.06,MODERATE,FLEXIBLE
ACC_0379,USER_0019,28000.0,634.7,-9290.21,-0.3318,0.2931,14864.64,0,0,Paycheck-to-Paycheck Spender,มนุษย์เงินเดือนชนเดือน (สภาพคล่องจำกัดปลายเดือน),"รายได้ 18,000–35,000 บาท สภาพคล่องตึงตัวปลายเดือน ต้องการระบบออมเศษเงินอัตโนมัติแบบ Zero-Manual Effort",0.06,MODERATE,FLEXIBLE
ACC_0380,USER_0020,36000.0,618.23,-7738.1,-0.2149,0.2217,5279.1,0,0,Paycheck-to-Paycheck Spender,มนุษย์เงินเดือนชนเดือน (สภาพคล่องจำกัดปลายเดือน),"รายได้ 18,000–35,000 บาท สภาพคล่องตึงตัวปลายเดือน ต้องการระบบออมเศษเงินอัตโนมัติแบบ Zero-Manual Effort",0.06,MODERATE,FLEXIBLE
ACC_0381,USER_0021,24000.0,627.86,-18466.53,-0.7694,0.2491,11364.84,0,1,High-Yield Seeker Novice,ผู้แสวงหาผลตอบแทนสูง (เสี่ยง Ponzi/แชร์ลูกโซ่สูง),"มีเงินเก็บก้อนแรก 30,000–100,000 บาท มักมองหาผลตอบแทนเร็ว แต่ความเข้าใจความเสี่ยงจำกัด เสี่ยงต่อแอปหลอกลงทุน",0.12,HIGH,MAXIMUM
ACC_0382,USER_0022,32000.0,629.9,-13176.86,-0.4118,0.258,14063.67,0,0,Paycheck-to-Paycheck Spender,มนุษย์เงินเดือนชนเดือน (สภาพคล่องจำกัดปลายเดือน),"รายได้ 18,000–35,000 บาท สภาพคล่องตึงตัวปลายเดือน ต้องการระบบออมเศษเงินอัตโนมัติแบบ Zero-Manual Effort",0.06,MODERATE,FLEXIBLE
ACC_0383,USER_0023,20000.0,565.35,-14143.66,-0.7072,0.2316,9038.66,0,1,High-Yield Seeker Novice,ผู้แสวงหาผลตอบแทนสูง (เสี่ยง Ponzi/แชร์ลูกโซ่สูง),"มีเงินเก็บก้อนแรก 30,000–100,000 บาท มักมองหาผลตอบแทนเร็ว แต่ความเข้าใจความเสี่ยงจำกัด เสี่ยงต่อแอปหลอกลงทุน",0.12,HIGH,MAXIMUM
ACC_0384,USER_0024,36000.0,559.35,-10872.56,-0.302,0.2444,14569.57,0,0,Paycheck-to-Paycheck Spender,มนุษย์เงินเดือนชนเดือน (สภาพคล่องจำกัดปลายเดือน),"รายได้ 18,000–35,000 บาท สภาพคล่องตึงตัวปลายเดือน ต้องการระบบออมเศษเงินอัตโนมัติแบบ Zero-Manual Effort",0.06,MODERATE,FLEXIBLE
ACC_0385,USER_0025,28000.0,683.89,-17111.84,-0.6111,0.2573,3328.4,0,0,Paycheck-to-Paycheck Spender,มนุษย์เงินเดือนชนเดือน (สภาพคล่องจำกัดปลายเดือน),"รายได้ 18,000–35,000 บาท สภาพคล่องตึงตัวปลายเดือน ต้องการระบบออมเศษเงินอัตโนมัติแบบ Zero-Manual Effort",0.06,MODERATE,FLEXIBLE
ACC_0386,USER_0026,36000.0,684.13,-10173.18,-0.2826,0.2337,13811.25,0,0,Paycheck-to-Paycheck Spender,มนุษย์เงินเดือนชนเดือน (สภาพคล่องจำกัดปลายเดือน),"รายได้ 18,000–35,000 บาท สภาพคล่องตึงตัวปลายเดือน ต้องการระบบออมเศษเงินอัตโนมัติแบบ Zero-Manual Effort",0.06,MODERATE,FLEXIBLE
ACC_0387,USER_0027,24000.0,596.07,-11247.94,-0.4687,0.2222,11471.69,0,1,High-Yield Seeker Novice,ผู้แสวงหาผลตอบแทนสูง (เสี่ยง Ponzi/แชร์ลูกโซ่สูง),"มีเงินเก็บก้อนแรก 30,000–100,000 บาท มักมองหาผลตอบแทนเร็ว แต่ความเข้าใจความเสี่ยงจำกัด เสี่ยงต่อแอปหลอกลงทุน",0.12,HIGH,MAXIMUM
ACC_0388,USER_0028,28000.0,585.07,-7897.3,-0.282,0.2098,7360.61,0,0,Paycheck-to-Paycheck Spender,มนุษย์เงินเดือนชนเดือน (สภาพคล่องจำกัดปลายเดือน),"รายได้ 18,000–35,000 บาท สภาพคล่องตึงตัวปลายเดือน ต้องการระบบออมเศษเงินอัตโนมัติแบบ Zero-Manual Effort",0.06,MODERATE,FLEXIBLE
ACC_0389,USER_0029,24000.0,600.09,-14050.69,-0.5854,0.3235,6659.41,0,1,High-Yield Seeker Novice,ผู้แสวงหาผลตอบแทนสูง (เสี่ยง Ponzi/แชร์ลูกโซ่สูง),"มีเงินเก็บก้อนแรก 30,000–100,000 บาท มักมองหาผลตอบแทนเร็ว แต่ความเข้าใจความเสี่ยงจำกัด เสี่ยงต่อแอปหลอกลงทุน",0.12,HIGH,MAXIMUM
ACC_0390,USER_0030,28000.0,652.24,-10408.02,-0.3717,0.2188,16356.03,0,0,Paycheck-to-Paycheck Spender,มนุษย์เงินเดือนชนเดือน (สภาพคล่องจำกัดปลายเดือน),"รายได้ 18,000–35,000 บาท สภาพคล่องตึงตัวปลายเดือน ต้องการระบบออมเศษเงินอัตโนมัติแบบ Zero-Manual Effort",0.06,MODERATE,FLEXIBLE
ACC_0391,USER_0031,36000.0,554.28,-11615.75,-0.3227,0.2492,2936.9,0,0,Paycheck-to-Paycheck Spender,มนุษย์เงินเดือนชนเดือน (สภาพคล่องจำกัดปลายเดือน),"รายได้ 18,000–35,000 บาท สภาพคล่องตึงตัวปลายเดือน ต้องการระบบออมเศษเงินอัตโนมัติแบบ Zero-Manual Effort",0.06,MODERATE,FLEXIBLE
ACC_0392,USER_0032,28000.0,599.66,-9439.02,-0.3371,0.2195,7840.57,0,0,Paycheck-to-Paycheck Spender,มนุษย์เงินเดือนชนเดือน (สภาพคล่องจำกัดปลายเดือน),"รายได้ 18,000–35,000 บาท สภาพคล่องตึงตัวปลายเดือน ต้องการระบบออมเศษเงินอัตโนมัติแบบ Zero-Manual Effort",0.06,MODERATE,FLEXIBLE
ACC_0393,USER_0033,36000.0,645.28,-8056.49,-0.2238,0.174,5190.81,0,0,Paycheck-to-Paycheck Spender,มนุษย์เงินเดือนชนเดือน (สภาพคล่องจำกัดปลายเดือน),"รายได้ 18,000–35,000 บาท สภาพคล่องตึงตัวปลายเดือน ต้องการระบบออมเศษเงินอัตโนมัติแบบ Zero-Manual Effort",0.06,MODERATE,FLEXIBLE
ACC_0394,USER_0034,36000.0,584.73,-10727.41,-0.298,0.2935,10149.6,0,0,Paycheck-to-Paycheck Spender,มนุษย์เงินเดือนชนเดือน (สภาพคล่องจำกัดปลายเดือน),"รายได้ 18,000–35,000 บาท สภาพคล่องตึงตัวปลายเดือน ต้องการระบบออมเศษเงินอัตโนมัติแบบ Zero-Manual Effort",0.06,MODERATE,FLEXIBLE
ACC_0395,USER_0035,28000.0,546.1,-7595.35,-0.2713,0.181,9774.7,0,0,Paycheck-to-Paycheck Spender,มนุษย์เงินเดือนชนเดือน (สภาพคล่องจำกัดปลายเดือน),"รายได้ 18,000–35,000 บาท สภาพคล่องตึงตัวปลายเดือน ต้องการระบบออมเศษเงินอัตโนมัติแบบ Zero-Manual Effort",0.06,MODERATE,FLEXIBLE
ACC_0396,USER_0036,36000.0,605.64,-8662.4,-0.2406,0.2611,6929.22,0,0,Paycheck-to-Paycheck Spender,มนุษย์เงินเดือนชนเดือน (สภาพคล่องจำกัดปลายเดือน),"รายได้ 18,000–35,000 บาท สภาพคล่องตึงตัวปลายเดือน ต้องการระบบออมเศษเงินอัตโนมัติแบบ Zero-Manual Effort",0.06,MODERATE,FLEXIBLE
ACC_0397,USER_0037,24000.0,601.5,-14295.01,-0.5956,0.2094,5397.13,0,1,High-Yield Seeker Novice,ผู้แสวงหาผลตอบแทนสูง (เสี่ยง Ponzi/แชร์ลูกโซ่สูง),"มีเงินเก็บก้อนแรก 30,000–100,000 บาท มักมองหาผลตอบแทนเร็ว แต่ความเข้าใจความเสี่ยงจำกัด เสี่ยงต่อแอปหลอกลงทุน",0.12,HIGH,MAXIMUM
ACC_0398,USER_0038,20000.0,595.73,-19757.61,-0.9879,0.2054,13861.42,0,1,High-Yield Seeker Novice,ผู้แสวงหาผลตอบแทนสูง (เสี่ยง Ponzi/แชร์ลูกโซ่สูง),"มีเงินเก็บก้อนแรก 30,000–100,000 บาท มักมองหาผลตอบแทนเร็ว แต่ความเข้าใจความเสี่ยงจำกัด เสี่ยงต่อแอปหลอกลงทุน",0.12,HIGH,MAXIMUM
ACC_0399,USER_0039,32000.0,594.74,-9819.49,-0.3069,0.2524,8000.93,0,0,Paycheck-to-Paycheck Spender,มนุษย์เงินเดือนชนเดือน (สภาพคล่องจำกัดปลายเดือน),"รายได้ 18,000–35,000 บาท สภาพคล่องตึงตัวปลายเดือน ต้องการระบบออมเศษเงินอัตโนมัติแบบ Zero-Manual Effort",0.06,MODERATE,FLEXIBLE
ACC_0400,USER_0040,24000.0,681.58,-22045.62,-0.9186,0.2289,12699.66,0,1,High-Yield Seeker Novice,ผู้แสวงหาผลตอบแทนสูง (เสี่ยง Ponzi/แชร์ลูกโซ่สูง),"มีเงินเก็บก้อนแรก 30,000–100,000 บาท มักมองหาผลตอบแทนเร็ว แต่ความเข้าใจความเสี่ยงจำกัด เสี่ยงต่อแอปหลอกลงทุน",0.12,HIGH,MAXIMUM
ACC_0401,USER_0041,28000.0,584.79,-9756.08,-0.3484,0.2801,13667.24,0,0,Paycheck-to-Paycheck Spender,มนุษย์เงินเดือนชนเดือน (สภาพคล่องจำกัดปลายเดือน),"รายได้ 18,000–35,000 บาท สภาพคล่องตึงตัวปลายเดือน ต้องการระบบออมเศษเงินอัตโนมัติแบบ Zero-Manual Effort",0.06,MODERATE,FLEXIBLE
ACC_0402,USER_0042,36000.0,629.39,-9580.22,-0.2661,0.1914,2813.72,0,0,Paycheck-to-Paycheck Spender,มนุษย์เงินเดือนชนเดือน (สภาพคล่องจำกัดปลายเดือน),"รายได้ 18,000–35,000 บาท สภาพคล่องตึงตัวปลายเดือน ต้องการระบบออมเศษเงินอัตโนมัติแบบ Zero-Manual Effort",0.06,MODERATE,FLEXIBLE
ACC_0403,USER_0043,20000.0,554.81,-13561.67,-0.6781,0.2122,4917.98,0,1,High-Yield Seeker Novice,ผู้แสวงหาผลตอบแทนสูง (เสี่ยง Ponzi/แชร์ลูกโซ่สูง),"มีเงินเก็บก้อนแรก 30,000–100,000 บาท มักมองหาผลตอบแทนเร็ว แต่ความเข้าใจความเสี่ยงจำกัด เสี่ยงต่อแอปหลอกลงทุน",0.12,HIGH,MAXIMUM
ACC_0404,USER_0044,32000.0,593.95,-9958.25,-0.3112,0.2257,12701.2,0,0,Paycheck-to-Paycheck Spender,มนุษย์เงินเดือนชนเดือน (สภาพคล่องจำกัดปลายเดือน),"รายได้ 18,000–35,000 บาท สภาพคล่องตึงตัวปลายเดือน ต้องการระบบออมเศษเงินอัตโนมัติแบบ Zero-Manual Effort",0.06,MODERATE,FLEXIBLE
ACC_0405,USER_0045,32000.0,681.27,-9813.64,-0.3067,0.2552,13225.33,0,0,Paycheck-to-Paycheck Spender,มนุษย์เงินเดือนชนเดือน (สภาพคล่องจำกัดปลายเดือน),"รายได้ 18,000–35,000 บาท สภาพคล่องตึงตัวปลายเดือน ต้องการระบบออมเศษเงินอัตโนมัติแบบ Zero-Manual Effort",0.06,MODERATE,FLEXIBLE
ACC_0406,USER_0046,28000.0,571.24,-9524.68,-0.3402,0.2158,16691.43,0,0,Paycheck-to-Paycheck Spender,มนุษย์เงินเดือนชนเดือน (สภาพคล่องจำกัดปลายเดือน),"รายได้ 18,000–35,000 บาท สภาพคล่องตึงตัวปลายเดือน ต้องการระบบออมเศษเงินอัตโนมัติแบบ Zero-Manual Effort",0.06,MODERATE,FLEXIBLE
ACC_0407,USER_0047,36000.0,580.43,-8153.22,-0.2265,0.2215,15637.95,0,0,Paycheck-to-Paycheck Spender,มนุษย์เงินเดือนชนเดือน (สภาพคล่องจำกัดปลายเดือน),"รายได้ 18,000–35,000 บาท สภาพคล่องตึงตัวปลายเดือน ต้องการระบบออมเศษเงินอัตโนมัติแบบ Zero-Manual Effort",0.06,MODERATE,FLEXIBLE
ACC_0408,USER_0048,24000.0,609.46,-13042.07,-0.5434,0.2578,9898.31,0,1,High-Yield Seeker Novice,ผู้แสวงหาผลตอบแทนสูง (เสี่ยง Ponzi/แชร์ลูกโซ่สูง),"มีเงินเก็บก้อนแรก 30,000–100,000 บาท มักมองหาผลตอบแทนเร็ว แต่ความเข้าใจความเสี่ยงจำกัด เสี่ยงต่อแอปหลอกลงทุน",0.12,HIGH,MAXIMUM
ACC_0409,USER_0049,36000.0,618.64,-6637.15,-0.1844,0.2469,5379.81,0,0,Paycheck-to-Paycheck Spender,มนุษย์เงินเดือนชนเดือน (สภาพคล่องจำกัดปลายเดือน),"รายได้ 18,000–35,000 บาท สภาพคล่องตึงตัวปลายเดือน ต้องการระบบออมเศษเงินอัตโนมัติแบบ Zero-Manual Effort",0.06,MODERATE,FLEXIBLE
ACC_0410,USER_0050,36000.0,621.09,-9766.09,-0.2713,0.2838,16198.43,0,0,Paycheck-to-Paycheck Spender,มนุษย์เงินเดือนชนเดือน (สภาพคล่องจำกัดปลายเดือน),"รายได้ 18,000–35,000 บาท สภาพคล่องตึงตัวปลายเดือน ต้องการระบบออมเศษเงินอัตโนมัติแบบ Zero-Manual Effort",0.06,MODERATE,FLEXIBLE
ACC_0411,USER_0051,20000.0,630.72,-23141.06,-1.1571,0.1649,15525.78,0,1,High-Yield Seeker Novice,ผู้แสวงหาผลตอบแทนสูง (เสี่ยง Ponzi/แชร์ลูกโซ่สูง),"มีเงินเก็บก้อนแรก 30,000–100,000 บาท มักมองหาผลตอบแทนเร็ว แต่ความเข้าใจความเสี่ยงจำกัด เสี่ยงต่อแอปหลอกลงทุน",0.12,HIGH,MAXIMUM
ACC_0412,USER_0052,28000.0,637.32,-8728.89,-0.3117,0.1736,17119.48,0,0,Paycheck-to-Paycheck Spender,มนุษย์เงินเดือนชนเดือน (สภาพคล่องจำกัดปลายเดือน),"รายได้ 18,000–35,000 บาท สภาพคล่องตึงตัวปลายเดือน ต้องการระบบออมเศษเงินอัตโนมัติแบบ Zero-Manual Effort",0.06,MODERATE,FLEXIBLE
ACC_0413,USER_0053,28000.0,664.2,-11381.88,-0.4065,0.2227,12508.55,0,0,Paycheck-to-Paycheck Spender,มนุษย์เงินเดือนชนเดือน (สภาพคล่องจำกัดปลายเดือน),"รายได้ 18,000–35,000 บาท สภาพคล่องตึงตัวปลายเดือน ต้องการระบบออมเศษเงินอัตโนมัติแบบ Zero-Manual Effort",0.06,MODERATE,FLEXIBLE
ACC_0414,USER_0054,32000.0,566.37,-7695.41,-0.2405,0.2022,2459.73,0,0,Paycheck-to-Paycheck Spender,มนุษย์เงินเดือนชนเดือน (สภาพคล่องจำกัดปลายเดือน),"รายได้ 18,000–35,000 บาท สภาพคล่องตึงตัวปลายเดือน ต้องการระบบออมเศษเงินอัตโนมัติแบบ Zero-Manual Effort",0.06,MODERATE,FLEXIBLE
ACC_0415,USER_0055,24000.0,573.3,-7806.32,-0.3253,0.2168,3007.75,0,0,Paycheck-to-Paycheck Spender,มนุษย์เงินเดือนชนเดือน (สภาพคล่องจำกัดปลายเดือน),"รายได้ 18,000–35,000 บาท สภาพคล่องตึงตัวปลายเดือน ต้องการระบบออมเศษเงินอัตโนมัติแบบ Zero-Manual Effort",0.06,MODERATE,FLEXIBLE
ACC_0416,USER_0056,24000.0,537.15,-9922.93,-0.4135,0.2243,8041.75,0,1,High-Yield Seeker Novice,ผู้แสวงหาผลตอบแทนสูง (เสี่ยง Ponzi/แชร์ลูกโซ่สูง),"มีเงินเก็บก้อนแรก 30,000–100,000 บาท มักมองหาผลตอบแทนเร็ว แต่ความเข้าใจความเสี่ยงจำกัด เสี่ยงต่อแอปหลอกลงทุน",0.12,HIGH,MAXIMUM
ACC_0417,USER_0057,28000.0,546.6,-8172.39,-0.2919,0.2374,2303.64,0,0,Paycheck-to-Paycheck Spender,มนุษย์เงินเดือนชนเดือน (สภาพคล่องจำกัดปลายเดือน),"รายได้ 18,000–35,000 บาท สภาพคล่องตึงตัวปลายเดือน ต้องการระบบออมเศษเงินอัตโนมัติแบบ Zero-Manual Effort",0.06,MODERATE,FLEXIBLE
ACC_0418,USER_0058,36000.0,633.13,-9388.92,-0.2608,0.2531,7128.4,0,0,Paycheck-to-Paycheck Spender,มนุษย์เงินเดือนชนเดือน (สภาพคล่องจำกัดปลายเดือน),"รายได้ 18,000–35,000 บาท สภาพคล่องตึงตัวปลายเดือน ต้องการระบบออมเศษเงินอัตโนมัติแบบ Zero-Manual Effort",0.06,MODERATE,FLEXIBLE
ACC_0419,USER_0059,24000.0,602.32,-15075.07,-0.6281,0.2398,6642.7,0,1,High-Yield Seeker Novice,ผู้แสวงหาผลตอบแทนสูง (เสี่ยง Ponzi/แชร์ลูกโซ่สูง),"มีเงินเก็บก้อนแรก 30,000–100,000 บาท มักมองหาผลตอบแทนเร็ว แต่ความเข้าใจความเสี่ยงจำกัด เสี่ยงต่อแอปหลอกลงทุน",0.12,HIGH,MAXIMUM
ACC_0420,USER_0060,20000.0,607.84,-20379.78,-1.019,0.2331,7050.33,0,1,High-Yield Seeker Novice,ผู้แสวงหาผลตอบแทนสูง (เสี่ยง Ponzi/แชร์ลูกโซ่สูง),"มีเงินเก็บก้อนแรก 30,000–100,000 บาท มักมองหาผลตอบแทนเร็ว แต่ความเข้าใจความเสี่ยงจำกัด เสี่ยงต่อแอปหลอกลงทุน",0.12,HIGH,MAXIMUM
ACC_0421,USER_0061,32000.0,572.95,-8581.12,-0.2682,0.2057,12924.51,0,0,Paycheck-to-Paycheck Spender,มนุษย์เงินเดือนชนเดือน (สภาพคล่องจำกัดปลายเดือน),"รายได้ 18,000–35,000 บาท สภาพคล่องตึงตัวปลายเดือน ต้องการระบบออมเศษเงินอัตโนมัติแบบ Zero-Manual Effort",0.06,MODERATE,FLEXIBLE
ACC_0422,USER_0062,28000.0,670.92,-12793.21,-0.4569,0.218,5956.12,0,0,Paycheck-to-Paycheck Spender,มนุษย์เงินเดือนชนเดือน (สภาพคล่องจำกัดปลายเดือน),"รายได้ 18,000–35,000 บาท สภาพคล่องตึงตัวปลายเดือน ต้องการระบบออมเศษเงินอัตโนมัติแบบ Zero-Manual Effort",0.06,MODERATE,FLEXIBLE
ACC_0423,USER_0063,32000.0,581.58,-10467.42,-0.3271,0.266,7394.22,0,0,Paycheck-to-Paycheck Spender,มนุษย์เงินเดือนชนเดือน (สภาพคล่องจำกัดปลายเดือน),"รายได้ 18,000–35,000 บาท สภาพคล่องตึงตัวปลายเดือน ต้องการระบบออมเศษเงินอัตโนมัติแบบ Zero-Manual Effort",0.06,MODERATE,FLEXIBLE
ACC_0424,USER_0064,28000.0,662.49,-13322.17,-0.4758,0.2736,15060.14,0,0,Paycheck-to-Paycheck Spender,มนุษย์เงินเดือนชนเดือน (สภาพคล่องจำกัดปลายเดือน),"รายได้ 18,000–35,000 บาท สภาพคล่องตึงตัวปลายเดือน ต้องการระบบออมเศษเงินอัตโนมัติแบบ Zero-Manual Effort",0.06,MODERATE,FLEXIBLE
ACC_0425,USER_0065,24000.0,567.52,-11012.17,-0.4588,0.3006,14128.87,0,1,High-Yield Seeker Novice,ผู้แสวงหาผลตอบแทนสูง (เสี่ยง Ponzi/แชร์ลูกโซ่สูง),"มีเงินเก็บก้อนแรก 30,000–100,000 บาท มักมองหาผลตอบแทนเร็ว แต่ความเข้าใจความเสี่ยงจำกัด เสี่ยงต่อแอปหลอกลงทุน",0.12,HIGH,MAXIMUM
ACC_0426,USER_0066,32000.0,640.66,-10774.06,-0.3367,0.2795,15947.72,0,0,Paycheck-to-Paycheck Spender,มนุษย์เงินเดือนชนเดือน (สภาพคล่องจำกัดปลายเดือน),"รายได้ 18,000–35,000 บาท สภาพคล่องตึงตัวปลายเดือน ต้องการระบบออมเศษเงินอัตโนมัติแบบ Zero-Manual Effort",0.06,MODERATE,FLEXIBLE
ACC_0427,USER_0067,20000.0,557.06,-11232.69,-0.5616,0.1738,17264.97,0,1,High-Yield Seeker Novice,ผู้แสวงหาผลตอบแทนสูง (เสี่ยง Ponzi/แชร์ลูกโซ่สูง),"มีเงินเก็บก้อนแรก 30,000–100,000 บาท มักมองหาผลตอบแทนเร็ว แต่ความเข้าใจความเสี่ยงจำกัด เสี่ยงต่อแอปหลอกลงทุน",0.12,HIGH,MAXIMUM
ACC_0428,USER_0068,32000.0,691.61,-12652.82,-0.3954,0.2699,15094.79,0,0,Paycheck-to-Paycheck Spender,มนุษย์เงินเดือนชนเดือน (สภาพคล่องจำกัดปลายเดือน),"รายได้ 18,000–35,000 บาท สภาพคล่องตึงตัวปลายเดือน ต้องการระบบออมเศษเงินอัตโนมัติแบบ Zero-Manual Effort",0.06,MODERATE,FLEXIBLE
ACC_0429,USER_0069,28000.0,620.73,-9023.74,-0.3223,0.2781,7810.01,0,0,Paycheck-to-Paycheck Spender,มนุษย์เงินเดือนชนเดือน (สภาพคล่องจำกัดปลายเดือน),"รายได้ 18,000–35,000 บาท สภาพคล่องตึงตัวปลายเดือน ต้องการระบบออมเศษเงินอัตโนมัติแบบ Zero-Manual Effort",0.06,MODERATE,FLEXIBLE
ACC_0430,USER_0070,28000.0,561.11,-11192.7,-0.3997,0.2697,4494.96,0,0,Paycheck-to-Paycheck Spender,มนุษย์เงินเดือนชนเดือน (สภาพคล่องจำกัดปลายเดือน),"รายได้ 18,000–35,000 บาท สภาพคล่องตึงตัวปลายเดือน ต้องการระบบออมเศษเงินอัตโนมัติแบบ Zero-Manual Effort",0.06,MODERATE,FLEXIBLE
ACC_0431,USER_0071,32000.0,637.3,-9465.48,-0.2958,0.1937,16793.11,0,0,Paycheck-to-Paycheck Spender,มนุษย์เงินเดือนชนเดือน (สภาพคล่องจำกัดปลายเดือน),"รายได้ 18,000–35,000 บาท สภาพคล่องตึงตัวปลายเดือน ต้องการระบบออมเศษเงินอัตโนมัติแบบ Zero-Manual Effort",0.06,MODERATE,FLEXIBLE
ACC_0432,USER_0072,32000.0,638.68,-9406.56,-0.294,0.2109,16458.57,0,0,Paycheck-to-Paycheck Spender,มนุษย์เงินเดือนชนเดือน (สภาพคล่องจำกัดปลายเดือน),"รายได้ 18,000–35,000 บาท สภาพคล่องตึงตัวปลายเดือน ต้องการระบบออมเศษเงินอัตโนมัติแบบ Zero-Manual Effort",0.06,MODERATE,FLEXIBLE
ACC_0433,USER_0073,28000.0,645.23,-10947.73,-0.391,0.2815,9650.54,0,0,Paycheck-to-Paycheck Spender,มนุษย์เงินเดือนชนเดือน (สภาพคล่องจำกัดปลายเดือน),"รายได้ 18,000–35,000 บาท สภาพคล่องตึงตัวปลายเดือน ต้องการระบบออมเศษเงินอัตโนมัติแบบ Zero-Manual Effort",0.06,MODERATE,FLEXIBLE
ACC_0434,USER_0074,24000.0,613.66,-13209.55,-0.5504,0.2086,7655.89,0,1,High-Yield Seeker Novice,ผู้แสวงหาผลตอบแทนสูง (เสี่ยง Ponzi/แชร์ลูกโซ่สูง),"มีเงินเก็บก้อนแรก 30,000–100,000 บาท มักมองหาผลตอบแทนเร็ว แต่ความเข้าใจความเสี่ยงจำกัด เสี่ยงต่อแอปหลอกลงทุน",0.12,HIGH,MAXIMUM
ACC_0435,USER_0075,20000.0,554.35,-14713.44,-0.7357,0.2257,16931.39,0,1,High-Yield Seeker Novice,ผู้แสวงหาผลตอบแทนสูง (เสี่ยง Ponzi/แชร์ลูกโซ่สูง),"มีเงินเก็บก้อนแรก 30,000–100,000 บาท มักมองหาผลตอบแทนเร็ว แต่ความเข้าใจความเสี่ยงจำกัด เสี่ยงต่อแอปหลอกลงทุน",0.12,HIGH,MAXIMUM
ACC_0436,USER_0076,36000.0,582.86,-9995.24,-0.2776,0.2365,5793.2,0,0,Paycheck-to-Paycheck Spender,มนุษย์เงินเดือนชนเดือน (สภาพคล่องจำกัดปลายเดือน),"รายได้ 18,000–35,000 บาท สภาพคล่องตึงตัวปลายเดือน ต้องการระบบออมเศษเงินอัตโนมัติแบบ Zero-Manual Effort",0.06,MODERATE,FLEXIBLE
ACC_0437,USER_0077,36000.0,637.7,-10021.65,-0.2784,0.2955,10611.36,0,0,Paycheck-to-Paycheck Spender,มนุษย์เงินเดือนชนเดือน (สภาพคล่องจำกัดปลายเดือน),"รายได้ 18,000–35,000 บาท สภาพคล่องตึงตัวปลายเดือน ต้องการระบบออมเศษเงินอัตโนมัติแบบ Zero-Manual Effort",0.06,MODERATE,FLEXIBLE
ACC_0438,USER_0078,20000.0,614.68,-21204.17,-1.0602,0.257,4649.78,0,1,High-Yield Seeker Novice,ผู้แสวงหาผลตอบแทนสูง (เสี่ยง Ponzi/แชร์ลูกโซ่สูง),"มีเงินเก็บก้อนแรก 30,000–100,000 บาท มักมองหาผลตอบแทนเร็ว แต่ความเข้าใจความเสี่ยงจำกัด เสี่ยงต่อแอปหลอกลงทุน",0.12,HIGH,MAXIMUM
ACC_0439,USER_0079,36000.0,553.41,-9508.11,-0.2641,0.2785,11437.72,0,0,Paycheck-to-Paycheck Spender,มนุษย์เงินเดือนชนเดือน (สภาพคล่องจำกัดปลายเดือน),"รายได้ 18,000–35,000 บาท สภาพคล่องตึงตัวปลายเดือน ต้องการระบบออมเศษเงินอัตโนมัติแบบ Zero-Manual Effort",0.06,MODERATE,FLEXIBLE
ACC_0440,USER_0080,36000.0,607.42,-8060.38,-0.2239,0.2005,4749.74,0,0,Paycheck-to-Paycheck Spender,มนุษย์เงินเดือนชนเดือน (สภาพคล่องจำกัดปลายเดือน),"รายได้ 18,000–35,000 บาท สภาพคล่องตึงตัวปลายเดือน ต้องการระบบออมเศษเงินอัตโนมัติแบบ Zero-Manual Effort",0.06,MODERATE,FLEXIBLE
ACC_0441,USER_0081,20000.0,634.91,-24672.96,-1.2336,0.2753,17538.22,0,1,High-Yield Seeker Novice,ผู้แสวงหาผลตอบแทนสูง (เสี่ยง Ponzi/แชร์ลูกโซ่สูง),"มีเงินเก็บก้อนแรก 30,000–100,000 บาท มักมองหาผลตอบแทนเร็ว แต่ความเข้าใจความเสี่ยงจำกัด เสี่ยงต่อแอปหลอกลงทุน",0.12,HIGH,MAXIMUM
ACC_0442,USER_0082,28000.0,613.24,-8894.05,-0.3176,0.2405,8314.82,0,0,Paycheck-to-Paycheck Spender,มนุษย์เงินเดือนชนเดือน (สภาพคล่องจำกัดปลายเดือน),"รายได้ 18,000–35,000 บาท สภาพคล่องตึงตัวปลายเดือน ต้องการระบบออมเศษเงินอัตโนมัติแบบ Zero-Manual Effort",0.06,MODERATE,FLEXIBLE
ACC_0443,USER_0083,36000.0,626.15,-8888.03,-0.2469,0.1898,13217.04,0,0,Paycheck-to-Paycheck Spender,มนุษย์เงินเดือนชนเดือน (สภาพคล่องจำกัดปลายเดือน),"รายได้ 18,000–35,000 บาท สภาพคล่องตึงตัวปลายเดือน ต้องการระบบออมเศษเงินอัตโนมัติแบบ Zero-Manual Effort",0.06,MODERATE,FLEXIBLE
ACC_0444,USER_0084,32000.0,614.24,-9044.85,-0.2827,0.1863,15429.78,0,0,Paycheck-to-Paycheck Spender,มนุษย์เงินเดือนชนเดือน (สภาพคล่องจำกัดปลายเดือน),"รายได้ 18,000–35,000 บาท สภาพคล่องตึงตัวปลายเดือน ต้องการระบบออมเศษเงินอัตโนมัติแบบ Zero-Manual Effort",0.06,MODERATE,FLEXIBLE
ACC_0445,USER_0085,24000.0,595.74,-10057.54,-0.4191,0.2645,12292.18,0,1,High-Yield Seeker Novice,ผู้แสวงหาผลตอบแทนสูง (เสี่ยง Ponzi/แชร์ลูกโซ่สูง),"มีเงินเก็บก้อนแรก 30,000–100,000 บาท มักมองหาผลตอบแทนเร็ว แต่ความเข้าใจความเสี่ยงจำกัด เสี่ยงต่อแอปหลอกลงทุน",0.12,HIGH,MAXIMUM
ACC_0446,USER_0086,24000.0,540.99,-10863.3,-0.4526,0.2156,14262.56,0,1,High-Yield Seeker Novice,ผู้แสวงหาผลตอบแทนสูง (เสี่ยง Ponzi/แชร์ลูกโซ่สูง),"มีเงินเก็บก้อนแรก 30,000–100,000 บาท มักมองหาผลตอบแทนเร็ว แต่ความเข้าใจความเสี่ยงจำกัด เสี่ยงต่อแอปหลอกลงทุน",0.12,HIGH,MAXIMUM
ACC_0447,USER_0087,36000.0,584.67,-8072.0,-0.2242,0.2073,7016.8,0,0,Paycheck-to-Paycheck Spender,มนุษย์เงินเดือนชนเดือน (สภาพคล่องจำกัดปลายเดือน),"รายได้ 18,000–35,000 บาท สภาพคล่องตึงตัวปลายเดือน ต้องการระบบออมเศษเงินอัตโนมัติแบบ Zero-Manual Effort",0.06,MODERATE,FLEXIBLE
ACC_0448,USER_0088,24000.0,554.85,-9464.05,-0.3943,0.193,11224.9,0,1,High-Yield Seeker Novice,ผู้แสวงหาผลตอบแทนสูง (เสี่ยง Ponzi/แชร์ลูกโซ่สูง),"มีเงินเก็บก้อนแรก 30,000–100,000 บาท มักมองหาผลตอบแทนเร็ว แต่ความเข้าใจความเสี่ยงจำกัด เสี่ยงต่อแอปหลอกลงทุน",0.12,HIGH,MAXIMUM
ACC_0449,USER_0089,36000.0,641.46,-10898.29,-0.3027,0.2874,10938.09,0,0,Paycheck-to-Paycheck Spender,มนุษย์เงินเดือนชนเดือน (สภาพคล่องจำกัดปลายเดือน),"รายได้ 18,000–35,000 บาท สภาพคล่องตึงตัวปลายเดือน ต้องการระบบออมเศษเงินอัตโนมัติแบบ Zero-Manual Effort",0.06,MODERATE,FLEXIBLE
ACC_0450,USER_0090,20000.0,682.37,-31174.33,-1.5587,0.2155,14486.67,0,1,High-Yield Seeker Novice,ผู้แสวงหาผลตอบแทนสูง (เสี่ยง Ponzi/แชร์ลูกโซ่สูง),"มีเงินเก็บก้อนแรก 30,000–100,000 บาท มักมองหาผลตอบแทนเร็ว แต่ความเข้าใจความเสี่ยงจำกัด เสี่ยงต่อแอปหลอกลงทุน",0.12,HIGH,MAXIMUM
ACC_0451,USER_0091,32000.0,564.01,-8444.32,-0.2639,0.2859,14367.82,0,0,Paycheck-to-Paycheck Spender,มนุษย์เงินเดือนชนเดือน (สภาพคล่องจำกัดปลายเดือน),"รายได้ 18,000–35,000 บาท สภาพคล่องตึงตัวปลายเดือน ต้องการระบบออมเศษเงินอัตโนมัติแบบ Zero-Manual Effort",0.06,MODERATE,FLEXIBLE
ACC_0452,USER_0092,32000.0,577.47,-12735.33,-0.398,0.2468,16182.86,0,0,Paycheck-to-Paycheck Spender,มนุษย์เงินเดือนชนเดือน (สภาพคล่องจำกัดปลายเดือน),"รายได้ 18,000–35,000 บาท สภาพคล่องตึงตัวปลายเดือน ต้องการระบบออมเศษเงินอัตโนมัติแบบ Zero-Manual Effort",0.06,MODERATE,FLEXIBLE
ACC_0453,USER_0093,20000.0,647.18,-28072.93,-1.4036,0.2868,16400.18,0,1,High-Yield Seeker Novice,ผู้แสวงหาผลตอบแทนสูง (เสี่ยง Ponzi/แชร์ลูกโซ่สูง),"มีเงินเก็บก้อนแรก 30,000–100,000 บาท มักมองหาผลตอบแทนเร็ว แต่ความเข้าใจความเสี่ยงจำกัด เสี่ยงต่อแอปหลอกลงทุน",0.12,HIGH,MAXIMUM
ACC_0454,USER_0094,20000.0,629.01,-25691.59,-1.2846,0.2197,12699.23,0,1,High-Yield Seeker Novice,ผู้แสวงหาผลตอบแทนสูง (เสี่ยง Ponzi/แชร์ลูกโซ่สูง),"มีเงินเก็บก้อนแรก 30,000–100,000 บาท มักมองหาผลตอบแทนเร็ว แต่ความเข้าใจความเสี่ยงจำกัด เสี่ยงต่อแอปหลอกลงทุน",0.12,HIGH,MAXIMUM
ACC_0455,USER_0095,20000.0,598.3,-19351.28,-0.9676,0.2141,8595.74,0,1,High-Yield Seeker Novice,ผู้แสวงหาผลตอบแทนสูง (เสี่ยง Ponzi/แชร์ลูกโซ่สูง),"มีเงินเก็บก้อนแรก 30,000–100,000 บาท มักมองหาผลตอบแทนเร็ว แต่ความเข้าใจความเสี่ยงจำกัด เสี่ยงต่อแอปหลอกลงทุน",0.12,HIGH,MAXIMUM
ACC_0456,USER_0096,24000.0,599.79,-13720.25,-0.5717,0.1925,5980.09,0,1,High-Yield Seeker Novice,ผู้แสวงหาผลตอบแทนสูง (เสี่ยง Ponzi/แชร์ลูกโซ่สูง),"มีเงินเก็บก้อนแรก 30,000–100,000 บาท มักมองหาผลตอบแทนเร็ว แต่ความเข้าใจความเสี่ยงจำกัด เสี่ยงต่อแอปหลอกลงทุน",0.12,HIGH,MAXIMUM
ACC_0457,USER_0097,28000.0,584.78,-8990.13,-0.3211,0.2013,4910.51,0,0,Paycheck-to-Paycheck Spender,มนุษย์เงินเดือนชนเดือน (สภาพคล่องจำกัดปลายเดือน),"รายได้ 18,000–35,000 บาท สภาพคล่องตึงตัวปลายเดือน ต้องการระบบออมเศษเงินอัตโนมัติแบบ Zero-Manual Effort",0.06,MODERATE,FLEXIBLE
ACC_0458,USER_0098,36000.0,605.27,-12153.62,-0.3376,0.2741,14895.47,0,0,Paycheck-to-Paycheck Spender,มนุษย์เงินเดือนชนเดือน (สภาพคล่องจำกัดปลายเดือน),"รายได้ 18,000–35,000 บาท สภาพคล่องตึงตัวปลายเดือน ต้องการระบบออมเศษเงินอัตโนมัติแบบ Zero-Manual Effort",0.06,MODERATE,FLEXIBLE
ACC_0459,USER_0099,20000.0,607.81,-21833.02,-1.0917,0.2185,8021.17,0,1,High-Yield Seeker Novice,ผู้แสวงหาผลตอบแทนสูง (เสี่ยง Ponzi/แชร์ลูกโซ่สูง),"มีเงินเก็บก้อนแรก 30,000–100,000 บาท มักมองหาผลตอบแทนเร็ว แต่ความเข้าใจความเสี่ยงจำกัด เสี่ยงต่อแอปหลอกลงทุน",0.12,HIGH,MAXIMUM
ACC_0460,USER_0100,24000.0,624.73,-16326.81,-0.6803,0.2188,16022.46,0,1,High-Yield Seeker Novice,ผู้แสวงหาผลตอบแทนสูง (เสี่ยง Ponzi/แชร์ลูกโซ่สูง),"มีเงินเก็บก้อนแรก 30,000–100,000 บาท มักมองหาผลตอบแทนเร็ว แต่ความเข้าใจความเสี่ยงจำกัด เสี่ยงต่อแอปหลอกลงทุน",0.12,HIGH,MAXIMUM
ACC_0461,USER_0101,36000.0,595.56,-12694.04,-0.3526,0.2358,7594.57,0,0,Paycheck-to-Paycheck Spender,มนุษย์เงินเดือนชนเดือน (สภาพคล่องจำกัดปลายเดือน),"รายได้ 18,000–35,000 บาท สภาพคล่องตึงตัวปลายเดือน ต้องการระบบออมเศษเงินอัตโนมัติแบบ Zero-Manual Effort",0.06,MODERATE,FLEXIBLE
ACC_0462,USER_0102,20000.0,594.44,-19057.47,-0.9529,0.2124,9408.53,0,1,High-Yield Seeker Novice,ผู้แสวงหาผลตอบแทนสูง (เสี่ยง Ponzi/แชร์ลูกโซ่สูง),"มีเงินเก็บก้อนแรก 30,000–100,000 บาท มักมองหาผลตอบแทนเร็ว แต่ความเข้าใจความเสี่ยงจำกัด เสี่ยงต่อแอปหลอกลงทุน",0.12,HIGH,MAXIMUM
ACC_0463,USER_0103,32000.0,667.23,-12619.99,-0.3944,0.2975,14940.82,0,0,Paycheck-to-Paycheck Spender,มนุษย์เงินเดือนชนเดือน (สภาพคล่องจำกัดปลายเดือน),"รายได้ 18,000–35,000 บาท สภาพคล่องตึงตัวปลายเดือน ต้องการระบบออมเศษเงินอัตโนมัติแบบ Zero-Manual Effort",0.06,MODERATE,FLEXIBLE
ACC_0464,USER_0104,24000.0,585.08,-10934.03,-0.4556,0.1956,13333.32,0,1,High-Yield Seeker Novice,ผู้แสวงหาผลตอบแทนสูง (เสี่ยง Ponzi/แชร์ลูกโซ่สูง),"มีเงินเก็บก้อนแรก 30,000–100,000 บาท มักมองหาผลตอบแทนเร็ว แต่ความเข้าใจความเสี่ยงจำกัด เสี่ยงต่อแอปหลอกลงทุน",0.12,HIGH,MAXIMUM
ACC_0465,USER_0105,28000.0,641.08,-10121.42,-0.3615,0.2287,15853.69,0,0,Paycheck-to-Paycheck Spender,มนุษย์เงินเดือนชนเดือน (สภาพคล่องจำกัดปลายเดือน),"รายได้ 18,000–35,000 บาท สภาพคล่องตึงตัวปลายเดือน ต้องการระบบออมเศษเงินอัตโนมัติแบบ Zero-Manual Effort",0.06,MODERATE,FLEXIBLE
ACC_0466,USER_0106,20000.0,541.29,-13242.89,-0.6621,0.2314,8723.39,0,1,High-Yield Seeker Novice,ผู้แสวงหาผลตอบแทนสูง (เสี่ยง Ponzi/แชร์ลูกโซ่สูง),"มีเงินเก็บก้อนแรก 30,000–100,000 บาท มักมองหาผลตอบแทนเร็ว แต่ความเข้าใจความเสี่ยงจำกัด เสี่ยงต่อแอปหลอกลงทุน",0.12,HIGH,MAXIMUM
ACC_0467,USER_0107,24000.0,633.8,-15498.9,-0.6458,0.19,14046.01,0,1,High-Yield Seeker Novice,ผู้แสวงหาผลตอบแทนสูง (เสี่ยง Ponzi/แชร์ลูกโซ่สูง),"มีเงินเก็บก้อนแรก 30,000–100,000 บาท มักมองหาผลตอบแทนเร็ว แต่ความเข้าใจความเสี่ยงจำกัด เสี่ยงต่อแอปหลอกลงทุน",0.12,HIGH,MAXIMUM
ACC_0468,USER_0108,24000.0,601.94,-11935.62,-0.4973,0.2526,3669.93,0,1,High-Yield Seeker Novice,ผู้แสวงหาผลตอบแทนสูง (เสี่ยง Ponzi/แชร์ลูกโซ่สูง),"มีเงินเก็บก้อนแรก 30,000–100,000 บาท มักมองหาผลตอบแทนเร็ว แต่ความเข้าใจความเสี่ยงจำกัด เสี่ยงต่อแอปหลอกลงทุน",0.12,HIGH,MAXIMUM
ACC_0469,USER_0109,24000.0,632.0,-19430.48,-0.8096,0.2678,13058.45,0,1,High-Yield Seeker Novice,ผู้แสวงหาผลตอบแทนสูง (เสี่ยง Ponzi/แชร์ลูกโซ่สูง),"มีเงินเก็บก้อนแรก 30,000–100,000 บาท มักมองหาผลตอบแทนเร็ว แต่ความเข้าใจความเสี่ยงจำกัด เสี่ยงต่อแอปหลอกลงทุน",0.12,HIGH,MAXIMUM
ACC_0470,USER_0110,24000.0,571.45,-7813.27,-0.3256,0.1423,2322.79,0,0,Paycheck-to-Paycheck Spender,มนุษย์เงินเดือนชนเดือน (สภาพคล่องจำกัดปลายเดือน),"รายได้ 18,000–35,000 บาท สภาพคล่องตึงตัวปลายเดือน ต้องการระบบออมเศษเงินอัตโนมัติแบบ Zero-Manual Effort",0.06,MODERATE,FLEXIBLE
ACC_0471,USER_0111,36000.0,594.49,-9878.37,-0.2744,0.2843,11381.11,0,0,Paycheck-to-Paycheck Spender,มนุษย์เงินเดือนชนเดือน (สภาพคล่องจำกัดปลายเดือน),"รายได้ 18,000–35,000 บาท สภาพคล่องตึงตัวปลายเดือน ต้องการระบบออมเศษเงินอัตโนมัติแบบ Zero-Manual Effort",0.06,MODERATE,FLEXIBLE
ACC_0472,USER_0112,20000.0,584.21,-17563.18,-0.8782,0.2607,12277.45,0,1,High-Yield Seeker Novice,ผู้แสวงหาผลตอบแทนสูง (เสี่ยง Ponzi/แชร์ลูกโซ่สูง),"มีเงินเก็บก้อนแรก 30,000–100,000 บาท มักมองหาผลตอบแทนเร็ว แต่ความเข้าใจความเสี่ยงจำกัด เสี่ยงต่อแอปหลอกลงทุน",0.12,HIGH,MAXIMUM
ACC_0473,USER_0113,36000.0,569.47,-5857.0,-0.1627,0.1481,2748.28,0,0,Paycheck-to-Paycheck Spender,มนุษย์เงินเดือนชนเดือน (สภาพคล่องจำกัดปลายเดือน),"รายได้ 18,000–35,000 บาท สภาพคล่องตึงตัวปลายเดือน ต้องการระบบออมเศษเงินอัตโนมัติแบบ Zero-Manual Effort",0.06,MODERATE,FLEXIBLE
ACC_0474,USER_0114,28000.0,683.55,-14596.72,-0.5213,0.2601,7058.29,0,0,Paycheck-to-Paycheck Spender,มนุษย์เงินเดือนชนเดือน (สภาพคล่องจำกัดปลายเดือน),"รายได้ 18,000–35,000 บาท สภาพคล่องตึงตัวปลายเดือน ต้องการระบบออมเศษเงินอัตโนมัติแบบ Zero-Manual Effort",0.06,MODERATE,FLEXIBLE
ACC_0475,USER_0115,36000.0,584.84,-7845.83,-0.2179,0.256,2141.51,0,0,Paycheck-to-Paycheck Spender,มนุษย์เงินเดือนชนเดือน (สภาพคล่องจำกัดปลายเดือน),"รายได้ 18,000–35,000 บาท สภาพคล่องตึงตัวปลายเดือน ต้องการระบบออมเศษเงินอัตโนมัติแบบ Zero-Manual Effort",0.06,MODERATE,FLEXIBLE
ACC_0476,USER_0116,28000.0,648.89,-10578.34,-0.3778,0.1849,12984.08,0,0,Paycheck-to-Paycheck Spender,มนุษย์เงินเดือนชนเดือน (สภาพคล่องจำกัดปลายเดือน),"รายได้ 18,000–35,000 บาท สภาพคล่องตึงตัวปลายเดือน ต้องการระบบออมเศษเงินอัตโนมัติแบบ Zero-Manual Effort",0.06,MODERATE,FLEXIBLE
ACC_0477,USER_0117,32000.0,645.56,-8487.29,-0.2652,0.2135,5400.53,0,0,Paycheck-to-Paycheck Spender,มนุษย์เงินเดือนชนเดือน (สภาพคล่องจำกัดปลายเดือน),"รายได้ 18,000–35,000 บาท สภาพคล่องตึงตัวปลายเดือน ต้องการระบบออมเศษเงินอัตโนมัติแบบ Zero-Manual Effort",0.06,MODERATE,FLEXIBLE
ACC_0478,USER_0118,20000.0,568.59,-14350.34,-0.7175,0.1878,16845.17,0,1,High-Yield Seeker Novice,ผู้แสวงหาผลตอบแทนสูง (เสี่ยง Ponzi/แชร์ลูกโซ่สูง),"มีเงินเก็บก้อนแรก 30,000–100,000 บาท มักมองหาผลตอบแทนเร็ว แต่ความเข้าใจความเสี่ยงจำกัด เสี่ยงต่อแอปหลอกลงทุน",0.12,HIGH,MAXIMUM
ACC_0479,USER_0119,36000.0,656.37,-12996.49,-0.361,0.2589,2462.58,0,0,Paycheck-to-Paycheck Spender,มนุษย์เงินเดือนชนเดือน (สภาพคล่องจำกัดปลายเดือน),"รายได้ 18,000–35,000 บาท สภาพคล่องตึงตัวปลายเดือน ต้องการระบบออมเศษเงินอัตโนมัติแบบ Zero-Manual Effort",0.06,MODERATE,FLEXIBLE
ACC_0480,USER_0120,24000.0,607.87,-13818.8,-0.5758,0.2958,14885.74,0,1,High-Yield Seeker Novice,ผู้แสวงหาผลตอบแทนสูง (เสี่ยง Ponzi/แชร์ลูกโซ่สูง),"มีเงินเก็บก้อนแรก 30,000–100,000 บาท มักมองหาผลตอบแทนเร็ว แต่ความเข้าใจความเสี่ยงจำกัด เสี่ยงต่อแอปหลอกลงทุน",0.12,HIGH,MAXIMUM
ACC_0481,USER_0121,28000.0,604.03,-9702.74,-0.3465,0.2518,2120.86,0,0,Paycheck-to-Paycheck Spender,มนุษย์เงินเดือนชนเดือน (สภาพคล่องจำกัดปลายเดือน),"รายได้ 18,000–35,000 บาท สภาพคล่องตึงตัวปลายเดือน ต้องการระบบออมเศษเงินอัตโนมัติแบบ Zero-Manual Effort",0.06,MODERATE,FLEXIBLE
ACC_0482,USER_0122,20000.0,600.8,-20249.34,-1.0125,0.21,15857.33,0,1,High-Yield Seeker Novice,ผู้แสวงหาผลตอบแทนสูง (เสี่ยง Ponzi/แชร์ลูกโซ่สูง),"มีเงินเก็บก้อนแรก 30,000–100,000 บาท มักมองหาผลตอบแทนเร็ว แต่ความเข้าใจความเสี่ยงจำกัด เสี่ยงต่อแอปหลอกลงทุน",0.12,HIGH,MAXIMUM
ACC_0483,USER_0123,20000.0,590.5,-20552.59,-1.0276,0.3029,12460.84,0,1,High-Yield Seeker Novice,ผู้แสวงหาผลตอบแทนสูง (เสี่ยง Ponzi/แชร์ลูกโซ่สูง),"มีเงินเก็บก้อนแรก 30,000–100,000 บาท มักมองหาผลตอบแทนเร็ว แต่ความเข้าใจความเสี่ยงจำกัด เสี่ยงต่อแอปหลอกลงทุน",0.12,HIGH,MAXIMUM
ACC_0484,USER_0124,24000.0,612.0,-15525.02,-0.6469,0.2457,10374.29,0,1,High-Yield Seeker Novice,ผู้แสวงหาผลตอบแทนสูง (เสี่ยง Ponzi/แชร์ลูกโซ่สูง),"มีเงินเก็บก้อนแรก 30,000–100,000 บาท มักมองหาผลตอบแทนเร็ว แต่ความเข้าใจความเสี่ยงจำกัด เสี่ยงต่อแอปหลอกลงทุน",0.12,HIGH,MAXIMUM
ACC_0485,USER_0125,24000.0,591.8,-13222.85,-0.551,0.2653,15636.05,0,1,High-Yield Seeker Novice,ผู้แสวงหาผลตอบแทนสูง (เสี่ยง Ponzi/แชร์ลูกโซ่สูง),"มีเงินเก็บก้อนแรก 30,000–100,000 บาท มักมองหาผลตอบแทนเร็ว แต่ความเข้าใจความเสี่ยงจำกัด เสี่ยงต่อแอปหลอกลงทุน",0.12,HIGH,MAXIMUM
ACC_0486,USER_0126,36000.0,635.18,-9637.52,-0.2677,0.2451,10876.54,0,0,Paycheck-to-Paycheck Spender,มนุษย์เงินเดือนชนเดือน (สภาพคล่องจำกัดปลายเดือน),"รายได้ 18,000–35,000 บาท สภาพคล่องตึงตัวปลายเดือน ต้องการระบบออมเศษเงินอัตโนมัติแบบ Zero-Manual Effort",0.06,MODERATE,FLEXIBLE
ACC_0487,USER_0127,36000.0,624.64,-9519.57,-0.2644,0.2277,7661.69,0,0,Paycheck-to-Paycheck Spender,มนุษย์เงินเดือนชนเดือน (สภาพคล่องจำกัดปลายเดือน),"รายได้ 18,000–35,000 บาท สภาพคล่องตึงตัวปลายเดือน ต้องการระบบออมเศษเงินอัตโนมัติแบบ Zero-Manual Effort",0.06,MODERATE,FLEXIBLE
ACC_0488,USER_0128,28000.0,598.24,-9464.52,-0.338,0.2462,9444.63,0,0,Paycheck-to-Paycheck Spender,มนุษย์เงินเดือนชนเดือน (สภาพคล่องจำกัดปลายเดือน),"รายได้ 18,000–35,000 บาท สภาพคล่องตึงตัวปลายเดือน ต้องการระบบออมเศษเงินอัตโนมัติแบบ Zero-Manual Effort",0.06,MODERATE,FLEXIBLE
ACC_0489,USER_0129,32000.0,554.95,-7722.75,-0.2413,0.1878,17647.9,0,0,Paycheck-to-Paycheck Spender,มนุษย์เงินเดือนชนเดือน (สภาพคล่องจำกัดปลายเดือน),"รายได้ 18,000–35,000 บาท สภาพคล่องตึงตัวปลายเดือน ต้องการระบบออมเศษเงินอัตโนมัติแบบ Zero-Manual Effort",0.06,MODERATE,FLEXIBLE
ACC_0490,USER_0130,36000.0,608.24,-8045.37,-0.2235,0.2334,11689.89,0,0,Paycheck-to-Paycheck Spender,มนุษย์เงินเดือนชนเดือน (สภาพคล่องจำกัดปลายเดือน),"รายได้ 18,000–35,000 บาท สภาพคล่องตึงตัวปลายเดือน ต้องการระบบออมเศษเงินอัตโนมัติแบบ Zero-Manual Effort",0.06,MODERATE,FLEXIBLE
ACC_0491,USER_0131,36000.0,629.17,-7616.31,-0.2116,0.1841,7753.9,0,0,Paycheck-to-Paycheck Spender,มนุษย์เงินเดือนชนเดือน (สภาพคล่องจำกัดปลายเดือน),"รายได้ 18,000–35,000 บาท สภาพคล่องตึงตัวปลายเดือน ต้องการระบบออมเศษเงินอัตโนมัติแบบ Zero-Manual Effort",0.06,MODERATE,FLEXIBLE
ACC_0492,USER_0132,28000.0,651.34,-11218.99,-0.4007,0.223,9241.48,0,0,Paycheck-to-Paycheck Spender,มนุษย์เงินเดือนชนเดือน (สภาพคล่องจำกัดปลายเดือน),"รายได้ 18,000–35,000 บาท สภาพคล่องตึงตัวปลายเดือน ต้องการระบบออมเศษเงินอัตโนมัติแบบ Zero-Manual Effort",0.06,MODERATE,FLEXIBLE
ACC_0493,USER_0133,24000.0,613.19,-14500.75,-0.6042,0.2151,16788.64,0,1,High-Yield Seeker Novice,ผู้แสวงหาผลตอบแทนสูง (เสี่ยง Ponzi/แชร์ลูกโซ่สูง),"มีเงินเก็บก้อนแรก 30,000–100,000 บาท มักมองหาผลตอบแทนเร็ว แต่ความเข้าใจความเสี่ยงจำกัด เสี่ยงต่อแอปหลอกลงทุน",0.12,HIGH,MAXIMUM
ACC_0494,USER_0134,36000.0,634.65,-7800.5,-0.2167,0.1775,3189.29,0,0,Paycheck-to-Paycheck Spender,มนุษย์เงินเดือนชนเดือน (สภาพคล่องจำกัดปลายเดือน),"รายได้ 18,000–35,000 บาท สภาพคล่องตึงตัวปลายเดือน ต้องการระบบออมเศษเงินอัตโนมัติแบบ Zero-Manual Effort",0.06,MODERATE,FLEXIBLE
ACC_0495,USER_0135,32000.0,702.93,-8335.94,-0.2605,0.2481,6609.01,0,0,Paycheck-to-Paycheck Spender,มนุษย์เงินเดือนชนเดือน (สภาพคล่องจำกัดปลายเดือน),"รายได้ 18,000–35,000 บาท สภาพคล่องตึงตัวปลายเดือน ต้องการระบบออมเศษเงินอัตโนมัติแบบ Zero-Manual Effort",0.06,MODERATE,FLEXIBLE
ACC_0496,USER_0136,32000.0,593.33,-9682.24,-0.3026,0.252,3494.87,0,0,Paycheck-to-Paycheck Spender,มนุษย์เงินเดือนชนเดือน (สภาพคล่องจำกัดปลายเดือน),"รายได้ 18,000–35,000 บาท สภาพคล่องตึงตัวปลายเดือน ต้องการระบบออมเศษเงินอัตโนมัติแบบ Zero-Manual Effort",0.06,MODERATE,FLEXIBLE
ACC_0497,USER_0137,36000.0,592.73,-7167.27,-0.1991,0.1771,16694.72,0,0,Paycheck-to-Paycheck Spender,มนุษย์เงินเดือนชนเดือน (สภาพคล่องจำกัดปลายเดือน),"รายได้ 18,000–35,000 บาท สภาพคล่องตึงตัวปลายเดือน ต้องการระบบออมเศษเงินอัตโนมัติแบบ Zero-Manual Effort",0.06,MODERATE,FLEXIBLE
ACC_0498,USER_0138,28000.0,614.53,-9105.24,-0.3252,0.2031,5344.86,0,0,Paycheck-to-Paycheck Spender,มนุษย์เงินเดือนชนเดือน (สภาพคล่องจำกัดปลายเดือน),"รายได้ 18,000–35,000 บาท สภาพคล่องตึงตัวปลายเดือน ต้องการระบบออมเศษเงินอัตโนมัติแบบ Zero-Manual Effort",0.06,MODERATE,FLEXIBLE
ACC_0499,USER_0139,32000.0,628.39,-10099.13,-0.3156,0.2637,17260.97,0,0,Paycheck-to-Paycheck Spender,มนุษย์เงินเดือนชนเดือน (สภาพคล่องจำกัดปลายเดือน),"รายได้ 18,000–35,000 บาท สภาพคล่องตึงตัวปลายเดือน ต้องการระบบออมเศษเงินอัตโนมัติแบบ Zero-Manual Effort",0.06,MODERATE,FLEXIBLE
ACC_0500,USER_0140,36000.0,657.37,-9073.36,-0.252,0.1846,13098.87,0,0,Paycheck-to-Paycheck Spender,มนุษย์เงินเดือนชนเดือน (สภาพคล่องจำกัดปลายเดือน),"รายได้ 18,000–35,000 บาท สภาพคล่องตึงตัวปลายเดือน ต้องการระบบออมเศษเงินอัตโนมัติแบบ Zero-Manual Effort",0.06,MODERATE,FLEXIBLE
ACC_0501,USER_0141,20000.0,626.85,-22739.21,-1.137,0.2403,5320.4,0,1,High-Yield Seeker Novice,ผู้แสวงหาผลตอบแทนสูง (เสี่ยง Ponzi/แชร์ลูกโซ่สูง),"มีเงินเก็บก้อนแรก 30,000–100,000 บาท มักมองหาผลตอบแทนเร็ว แต่ความเข้าใจความเสี่ยงจำกัด เสี่ยงต่อแอปหลอกลงทุน",0.12,HIGH,MAXIMUM
ACC_0502,USER_0142,32000.0,590.19,-8747.08,-0.2733,0.231,3424.73,0,0,Paycheck-to-Paycheck Spender,มนุษย์เงินเดือนชนเดือน (สภาพคล่องจำกัดปลายเดือน),"รายได้ 18,000–35,000 บาท สภาพคล่องตึงตัวปลายเดือน ต้องการระบบออมเศษเงินอัตโนมัติแบบ Zero-Manual Effort",0.06,MODERATE,FLEXIBLE
ACC_0503,USER_0143,20000.0,555.86,-15978.85,-0.7989,0.2491,2333.1,0,1,High-Yield Seeker Novice,ผู้แสวงหาผลตอบแทนสูง (เสี่ยง Ponzi/แชร์ลูกโซ่สูง),"มีเงินเก็บก้อนแรก 30,000–100,000 บาท มักมองหาผลตอบแทนเร็ว แต่ความเข้าใจความเสี่ยงจำกัด เสี่ยงต่อแอปหลอกลงทุน",0.12,HIGH,MAXIMUM
ACC_0504,USER_0144,24000.0,646.22,-19218.1,-0.8008,0.2538,14979.85,0,1,High-Yield Seeker Novice,ผู้แสวงหาผลตอบแทนสูง (เสี่ยง Ponzi/แชร์ลูกโซ่สูง),"มีเงินเก็บก้อนแรก 30,000–100,000 บาท มักมองหาผลตอบแทนเร็ว แต่ความเข้าใจความเสี่ยงจำกัด เสี่ยงต่อแอปหลอกลงทุน",0.12,HIGH,MAXIMUM
ACC_0505,USER_0145,28000.0,569.23,-11144.15,-0.398,0.2739,15609.89,0,0,Paycheck-to-Paycheck Spender,มนุษย์เงินเดือนชนเดือน (สภาพคล่องจำกัดปลายเดือน),"รายได้ 18,000–35,000 บาท สภาพคล่องตึงตัวปลายเดือน ต้องการระบบออมเศษเงินอัตโนมัติแบบ Zero-Manual Effort",0.06,MODERATE,FLEXIBLE
ACC_0506,USER_0146,24000.0,662.61,-21724.83,-0.9052,0.293,15566.21,0,1,High-Yield Seeker Novice,ผู้แสวงหาผลตอบแทนสูง (เสี่ยง Ponzi/แชร์ลูกโซ่สูง),"มีเงินเก็บก้อนแรก 30,000–100,000 บาท มักมองหาผลตอบแทนเร็ว แต่ความเข้าใจความเสี่ยงจำกัด เสี่ยงต่อแอปหลอกลงทุน",0.12,HIGH,MAXIMUM
ACC_0507,USER_0147,28000.0,574.36,-10270.29,-0.3668,0.2275,2243.2,0,0,Paycheck-to-Paycheck Spender,มนุษย์เงินเดือนชนเดือน (สภาพคล่องจำกัดปลายเดือน),"รายได้ 18,000–35,000 บาท สภาพคล่องตึงตัวปลายเดือน ต้องการระบบออมเศษเงินอัตโนมัติแบบ Zero-Manual Effort",0.06,MODERATE,FLEXIBLE
ACC_0508,USER_0148,36000.0,617.58,-11023.29,-0.3062,0.2494,7207.12,0,0,Paycheck-to-Paycheck Spender,มนุษย์เงินเดือนชนเดือน (สภาพคล่องจำกัดปลายเดือน),"รายได้ 18,000–35,000 บาท สภาพคล่องตึงตัวปลายเดือน ต้องการระบบออมเศษเงินอัตโนมัติแบบ Zero-Manual Effort",0.06,MODERATE,FLEXIBLE
ACC_0509,USER_0149,36000.0,594.36,-12422.63,-0.3451,0.2962,14093.97,0,0,Paycheck-to-Paycheck Spender,มนุษย์เงินเดือนชนเดือน (สภาพคล่องจำกัดปลายเดือน),"รายได้ 18,000–35,000 บาท สภาพคล่องตึงตัวปลายเดือน ต้องการระบบออมเศษเงินอัตโนมัติแบบ Zero-Manual Effort",0.06,MODERATE,FLEXIBLE
ACC_0510,USER_0000,32000.0,618.08,-11777.98,-0.3681,0.2973,10957.38,0,0,Paycheck-to-Paycheck Spender,มนุษย์เงินเดือนชนเดือน (สภาพคล่องจำกัดปลายเดือน),"รายได้ 18,000–35,000 บาท สภาพคล่องตึงตัวปลายเดือน ต้องการระบบออมเศษเงินอัตโนมัติแบบ Zero-Manual Effort",0.06,MODERATE,FLEXIBLE
ACC_0511,USER_0001,36000.0,684.7,-10061.43,-0.2795,0.206,6309.8,0,0,Paycheck-to-Paycheck Spender,มนุษย์เงินเดือนชนเดือน (สภาพคล่องจำกัดปลายเดือน),"รายได้ 18,000–35,000 บาท สภาพคล่องตึงตัวปลายเดือน ต้องการระบบออมเศษเงินอัตโนมัติแบบ Zero-Manual Effort",0.06,MODERATE,FLEXIBLE
ACC_0512,USER_0002,36000.0,624.9,-10122.9,-0.2812,0.2983,3716.73,0,0,Paycheck-to-Paycheck Spender,มนุษย์เงินเดือนชนเดือน (สภาพคล่องจำกัดปลายเดือน),"รายได้ 18,000–35,000 บาท สภาพคล่องตึงตัวปลายเดือน ต้องการระบบออมเศษเงินอัตโนมัติแบบ Zero-Manual Effort",0.06,MODERATE,FLEXIBLE
ACC_0513,USER_0003,20000.0,656.66,-26088.76,-1.3044,0.1687,3583.56,0,1,High-Yield Seeker Novice,ผู้แสวงหาผลตอบแทนสูง (เสี่ยง Ponzi/แชร์ลูกโซ่สูง),"มีเงินเก็บก้อนแรก 30,000–100,000 บาท มักมองหาผลตอบแทนเร็ว แต่ความเข้าใจความเสี่ยงจำกัด เสี่ยงต่อแอปหลอกลงทุน",0.12,HIGH,MAXIMUM
ACC_0514,USER_0004,24000.0,558.39,-7451.24,-0.3105,0.2291,9642.43,0,0,Paycheck-to-Paycheck Spender,มนุษย์เงินเดือนชนเดือน (สภาพคล่องจำกัดปลายเดือน),"รายได้ 18,000–35,000 บาท สภาพคล่องตึงตัวปลายเดือน ต้องการระบบออมเศษเงินอัตโนมัติแบบ Zero-Manual Effort",0.06,MODERATE,FLEXIBLE
ACC_0515,USER_0005,24000.0,610.2,-16078.73,-0.6699,0.251,9912.99,0,1,High-Yield Seeker Novice,ผู้แสวงหาผลตอบแทนสูง (เสี่ยง Ponzi/แชร์ลูกโซ่สูง),"มีเงินเก็บก้อนแรก 30,000–100,000 บาท มักมองหาผลตอบแทนเร็ว แต่ความเข้าใจความเสี่ยงจำกัด เสี่ยงต่อแอปหลอกลงทุน",0.12,HIGH,MAXIMUM
ACC_0516,USER_0006,32000.0,564.54,-8964.84,-0.2802,0.1501,14985.06,0,0,Paycheck-to-Paycheck Spender,มนุษย์เงินเดือนชนเดือน (สภาพคล่องจำกัดปลายเดือน),"รายได้ 18,000–35,000 บาท สภาพคล่องตึงตัวปลายเดือน ต้องการระบบออมเศษเงินอัตโนมัติแบบ Zero-Manual Effort",0.06,MODERATE,FLEXIBLE
ACC_0517,USER_0007,28000.0,596.23,-8076.62,-0.2885,0.2589,8475.65,0,0,Paycheck-to-Paycheck Spender,มนุษย์เงินเดือนชนเดือน (สภาพคล่องจำกัดปลายเดือน),"รายได้ 18,000–35,000 บาท สภาพคล่องตึงตัวปลายเดือน ต้องการระบบออมเศษเงินอัตโนมัติแบบ Zero-Manual Effort",0.06,MODERATE,FLEXIBLE
ACC_0518,USER_0008,36000.0,523.34,-5319.03,-0.1478,0.1147,2244.99,0,0,Paycheck-to-Paycheck Spender,มนุษย์เงินเดือนชนเดือน (สภาพคล่องจำกัดปลายเดือน),"รายได้ 18,000–35,000 บาท สภาพคล่องตึงตัวปลายเดือน ต้องการระบบออมเศษเงินอัตโนมัติแบบ Zero-Manual Effort",0.06,MODERATE,FLEXIBLE
ACC_0519,USER_0009,24000.0,630.06,-15743.2,-0.656,0.2827,11895.61,0,1,High-Yield Seeker Novice,ผู้แสวงหาผลตอบแทนสูง (เสี่ยง Ponzi/แชร์ลูกโซ่สูง),"มีเงินเก็บก้อนแรก 30,000–100,000 บาท มักมองหาผลตอบแทนเร็ว แต่ความเข้าใจความเสี่ยงจำกัด เสี่ยงต่อแอปหลอกลงทุน",0.12,HIGH,MAXIMUM
ACC_0520,USER_0010,32000.0,578.04,-9504.06,-0.297,0.1621,9070.7,0,0,Paycheck-to-Paycheck Spender,มนุษย์เงินเดือนชนเดือน (สภาพคล่องจำกัดปลายเดือน),"รายได้ 18,000–35,000 บาท สภาพคล่องตึงตัวปลายเดือน ต้องการระบบออมเศษเงินอัตโนมัติแบบ Zero-Manual Effort",0.06,MODERATE,FLEXIBLE
ACC_0521,USER_0011,36000.0,603.13,-11350.22,-0.3153,0.2661,13299.46,0,0,Paycheck-to-Paycheck Spender,มนุษย์เงินเดือนชนเดือน (สภาพคล่องจำกัดปลายเดือน),"รายได้ 18,000–35,000 บาท สภาพคล่องตึงตัวปลายเดือน ต้องการระบบออมเศษเงินอัตโนมัติแบบ Zero-Manual Effort",0.06,MODERATE,FLEXIBLE
ACC_0522,USER_0012,24000.0,681.45,-21189.0,-0.8829,0.2616,6098.86,0,1,High-Yield Seeker Novice,ผู้แสวงหาผลตอบแทนสูง (เสี่ยง Ponzi/แชร์ลูกโซ่สูง),"มีเงินเก็บก้อนแรก 30,000–100,000 บาท มักมองหาผลตอบแทนเร็ว แต่ความเข้าใจความเสี่ยงจำกัด เสี่ยงต่อแอปหลอกลงทุน",0.12,HIGH,MAXIMUM
ACC_0523,USER_0013,24000.0,583.76,-12129.29,-0.5054,0.2787,2540.85,0,1,High-Yield Seeker Novice,ผู้แสวงหาผลตอบแทนสูง (เสี่ยง Ponzi/แชร์ลูกโซ่สูง),"มีเงินเก็บก้อนแรก 30,000–100,000 บาท มักมองหาผลตอบแทนเร็ว แต่ความเข้าใจความเสี่ยงจำกัด เสี่ยงต่อแอปหลอกลงทุน",0.12,HIGH,MAXIMUM
ACC_0524,USER_0014,36000.0,602.34,-9776.8,-0.2716,0.2675,11898.99,0,0,Paycheck-to-Paycheck Spender,มนุษย์เงินเดือนชนเดือน (สภาพคล่องจำกัดปลายเดือน),"รายได้ 18,000–35,000 บาท สภาพคล่องตึงตัวปลายเดือน ต้องการระบบออมเศษเงินอัตโนมัติแบบ Zero-Manual Effort",0.06,MODERATE,FLEXIBLE
ACC_0525,USER_0015,28000.0,580.14,-9206.46,-0.3288,0.2627,14004.51,0,0,Paycheck-to-Paycheck Spender,มนุษย์เงินเดือนชนเดือน (สภาพคล่องจำกัดปลายเดือน),"รายได้ 18,000–35,000 บาท สภาพคล่องตึงตัวปลายเดือน ต้องการระบบออมเศษเงินอัตโนมัติแบบ Zero-Manual Effort",0.06,MODERATE,FLEXIBLE
ACC_0526,USER_0016,20000.0,620.72,-20119.51,-1.006,0.189,3229.59,0,1,High-Yield Seeker Novice,ผู้แสวงหาผลตอบแทนสูง (เสี่ยง Ponzi/แชร์ลูกโซ่สูง),"มีเงินเก็บก้อนแรก 30,000–100,000 บาท มักมองหาผลตอบแทนเร็ว แต่ความเข้าใจความเสี่ยงจำกัด เสี่ยงต่อแอปหลอกลงทุน",0.12,HIGH,MAXIMUM
ACC_0527,USER_0017,28000.0,619.41,-10907.7,-0.3896,0.2586,17883.72,0,0,Paycheck-to-Paycheck Spender,มนุษย์เงินเดือนชนเดือน (สภาพคล่องจำกัดปลายเดือน),"รายได้ 18,000–35,000 บาท สภาพคล่องตึงตัวปลายเดือน ต้องการระบบออมเศษเงินอัตโนมัติแบบ Zero-Manual Effort",0.06,MODERATE,FLEXIBLE
ACC_0528,USER_0018,36000.0,653.75,-8724.98,-0.2424,0.2491,6537.26,0,0,Paycheck-to-Paycheck Spender,มนุษย์เงินเดือนชนเดือน (สภาพคล่องจำกัดปลายเดือน),"รายได้ 18,000–35,000 บาท สภาพคล่องตึงตัวปลายเดือน ต้องการระบบออมเศษเงินอัตโนมัติแบบ Zero-Manual Effort",0.06,MODERATE,FLEXIBLE
ACC_0529,USER_0019,28000.0,634.7,-9290.21,-0.3318,0.2931,5608.42,0,0,Paycheck-to-Paycheck Spender,มนุษย์เงินเดือนชนเดือน (สภาพคล่องจำกัดปลายเดือน),"รายได้ 18,000–35,000 บาท สภาพคล่องตึงตัวปลายเดือน ต้องการระบบออมเศษเงินอัตโนมัติแบบ Zero-Manual Effort",0.06,MODERATE,FLEXIBLE
ACC_0530,USER_0020,36000.0,618.23,-7738.1,-0.2149,0.2217,14951.48,0,0,Paycheck-to-Paycheck Spender,มนุษย์เงินเดือนชนเดือน (สภาพคล่องจำกัดปลายเดือน),"รายได้ 18,000–35,000 บาท สภาพคล่องตึงตัวปลายเดือน ต้องการระบบออมเศษเงินอัตโนมัติแบบ Zero-Manual Effort",0.06,MODERATE,FLEXIBLE
ACC_0531,USER_0021,24000.0,627.86,-18466.53,-0.7694,0.2491,13036.93,0,1,High-Yield Seeker Novice,ผู้แสวงหาผลตอบแทนสูง (เสี่ยง Ponzi/แชร์ลูกโซ่สูง),"มีเงินเก็บก้อนแรก 30,000–100,000 บาท มักมองหาผลตอบแทนเร็ว แต่ความเข้าใจความเสี่ยงจำกัด เสี่ยงต่อแอปหลอกลงทุน",0.12,HIGH,MAXIMUM
ACC_0532,USER_0022,32000.0,629.9,-13176.86,-0.4118,0.258,8541.99,0,0,Paycheck-to-Paycheck Spender,มนุษย์เงินเดือนชนเดือน (สภาพคล่องจำกัดปลายเดือน),"รายได้ 18,000–35,000 บาท สภาพคล่องตึงตัวปลายเดือน ต้องการระบบออมเศษเงินอัตโนมัติแบบ Zero-Manual Effort",0.06,MODERATE,FLEXIBLE
ACC_0533,USER_0023,20000.0,565.35,-14143.66,-0.7072,0.2316,16184.72,0,1,High-Yield Seeker Novice,ผู้แสวงหาผลตอบแทนสูง (เสี่ยง Ponzi/แชร์ลูกโซ่สูง),"มีเงินเก็บก้อนแรก 30,000–100,000 บาท มักมองหาผลตอบแทนเร็ว แต่ความเข้าใจความเสี่ยงจำกัด เสี่ยงต่อแอปหลอกลงทุน",0.12,HIGH,MAXIMUM
ACC_0534,USER_0024,36000.0,559.35,-10872.56,-0.302,0.2444,4769.99,0,0,Paycheck-to-Paycheck Spender,มนุษย์เงินเดือนชนเดือน (สภาพคล่องจำกัดปลายเดือน),"รายได้ 18,000–35,000 บาท สภาพคล่องตึงตัวปลายเดือน ต้องการระบบออมเศษเงินอัตโนมัติแบบ Zero-Manual Effort",0.06,MODERATE,FLEXIBLE
ACC_0535,USER_0025,28000.0,683.89,-17111.84,-0.6111,0.2573,7794.56,0,0,Paycheck-to-Paycheck Spender,มนุษย์เงินเดือนชนเดือน (สภาพคล่องจำกัดปลายเดือน),"รายได้ 18,000–35,000 บาท สภาพคล่องตึงตัวปลายเดือน ต้องการระบบออมเศษเงินอัตโนมัติแบบ Zero-Manual Effort",0.06,MODERATE,FLEXIBLE
ACC_0536,USER_0026,36000.0,684.13,-10173.18,-0.2826,0.2337,2127.35,0,0,Paycheck-to-Paycheck Spender,มนุษย์เงินเดือนชนเดือน (สภาพคล่องจำกัดปลายเดือน),"รายได้ 18,000–35,000 บาท สภาพคล่องตึงตัวปลายเดือน ต้องการระบบออมเศษเงินอัตโนมัติแบบ Zero-Manual Effort",0.06,MODERATE,FLEXIBLE
ACC_0537,USER_0027,24000.0,596.07,-11247.94,-0.4687,0.2222,8360.14,0,1,High-Yield Seeker Novice,ผู้แสวงหาผลตอบแทนสูง (เสี่ยง Ponzi/แชร์ลูกโซ่สูง),"มีเงินเก็บก้อนแรก 30,000–100,000 บาท มักมองหาผลตอบแทนเร็ว แต่ความเข้าใจความเสี่ยงจำกัด เสี่ยงต่อแอปหลอกลงทุน",0.12,HIGH,MAXIMUM
ACC_0538,USER_0028,28000.0,585.07,-7897.3,-0.282,0.2098,14518.61,0,0,Paycheck-to-Paycheck Spender,มนุษย์เงินเดือนชนเดือน (สภาพคล่องจำกัดปลายเดือน),"รายได้ 18,000–35,000 บาท สภาพคล่องตึงตัวปลายเดือน ต้องการระบบออมเศษเงินอัตโนมัติแบบ Zero-Manual Effort",0.06,MODERATE,FLEXIBLE
ACC_0539,USER_0029,24000.0,600.09,-14050.69,-0.5854,0.3235,3782.11,0,1,High-Yield Seeker Novice,ผู้แสวงหาผลตอบแทนสูง (เสี่ยง Ponzi/แชร์ลูกโซ่สูง),"มีเงินเก็บก้อนแรก 30,000–100,000 บาท มักมองหาผลตอบแทนเร็ว แต่ความเข้าใจความเสี่ยงจำกัด เสี่ยงต่อแอปหลอกลงทุน",0.12,HIGH,MAXIMUM
ACC_0540,USER_0030,28000.0,652.24,-10408.02,-0.3717,0.2188,13470.11,0,0,Paycheck-to-Paycheck Spender,มนุษย์เงินเดือนชนเดือน (สภาพคล่องจำกัดปลายเดือน),"รายได้ 18,000–35,000 บาท สภาพคล่องตึงตัวปลายเดือน ต้องการระบบออมเศษเงินอัตโนมัติแบบ Zero-Manual Effort",0.06,MODERATE,FLEXIBLE
ACC_0541,USER_0031,36000.0,554.28,-11615.75,-0.3227,0.2492,10331.15,0,0,Paycheck-to-Paycheck Spender,มนุษย์เงินเดือนชนเดือน (สภาพคล่องจำกัดปลายเดือน),"รายได้ 18,000–35,000 บาท สภาพคล่องตึงตัวปลายเดือน ต้องการระบบออมเศษเงินอัตโนมัติแบบ Zero-Manual Effort",0.06,MODERATE,FLEXIBLE
ACC_0542,USER_0032,28000.0,599.66,-9439.02,-0.3371,0.2195,3314.29,0,0,Paycheck-to-Paycheck Spender,มนุษย์เงินเดือนชนเดือน (สภาพคล่องจำกัดปลายเดือน),"รายได้ 18,000–35,000 บาท สภาพคล่องตึงตัวปลายเดือน ต้องการระบบออมเศษเงินอัตโนมัติแบบ Zero-Manual Effort",0.06,MODERATE,FLEXIBLE
ACC_0543,USER_0033,36000.0,645.28,-8056.49,-0.2238,0.174,17956.4,0,0,Paycheck-to-Paycheck Spender,มนุษย์เงินเดือนชนเดือน (สภาพคล่องจำกัดปลายเดือน),"รายได้ 18,000–35,000 บาท สภาพคล่องตึงตัวปลายเดือน ต้องการระบบออมเศษเงินอัตโนมัติแบบ Zero-Manual Effort",0.06,MODERATE,FLEXIBLE
ACC_0544,USER_0034,36000.0,584.73,-10727.41,-0.298,0.2935,8610.57,0,0,Paycheck-to-Paycheck Spender,มนุษย์เงินเดือนชนเดือน (สภาพคล่องจำกัดปลายเดือน),"รายได้ 18,000–35,000 บาท สภาพคล่องตึงตัวปลายเดือน ต้องการระบบออมเศษเงินอัตโนมัติแบบ Zero-Manual Effort",0.06,MODERATE,FLEXIBLE
ACC_0545,USER_0035,28000.0,546.1,-7595.35,-0.2713,0.181,3380.91,0,0,Paycheck-to-Paycheck Spender,มนุษย์เงินเดือนชนเดือน (สภาพคล่องจำกัดปลายเดือน),"รายได้ 18,000–35,000 บาท สภาพคล่องตึงตัวปลายเดือน ต้องการระบบออมเศษเงินอัตโนมัติแบบ Zero-Manual Effort",0.06,MODERATE,FLEXIBLE
ACC_0546,USER_0036,36000.0,605.64,-8662.4,-0.2406,0.2611,3454.58,0,0,Paycheck-to-Paycheck Spender,มนุษย์เงินเดือนชนเดือน (สภาพคล่องจำกัดปลายเดือน),"รายได้ 18,000–35,000 บาท สภาพคล่องตึงตัวปลายเดือน ต้องการระบบออมเศษเงินอัตโนมัติแบบ Zero-Manual Effort",0.06,MODERATE,FLEXIBLE
ACC_0547,USER_0037,24000.0,601.5,-14295.01,-0.5956,0.2094,15819.73,0,1,High-Yield Seeker Novice,ผู้แสวงหาผลตอบแทนสูง (เสี่ยง Ponzi/แชร์ลูกโซ่สูง),"มีเงินเก็บก้อนแรก 30,000–100,000 บาท มักมองหาผลตอบแทนเร็ว แต่ความเข้าใจความเสี่ยงจำกัด เสี่ยงต่อแอปหลอกลงทุน",0.12,HIGH,MAXIMUM
ACC_0548,USER_0038,20000.0,595.73,-19757.61,-0.9879,0.2054,9179.76,0,1,High-Yield Seeker Novice,ผู้แสวงหาผลตอบแทนสูง (เสี่ยง Ponzi/แชร์ลูกโซ่สูง),"มีเงินเก็บก้อนแรก 30,000–100,000 บาท มักมองหาผลตอบแทนเร็ว แต่ความเข้าใจความเสี่ยงจำกัด เสี่ยงต่อแอปหลอกลงทุน",0.12,HIGH,MAXIMUM
ACC_0549,USER_0039,32000.0,594.74,-9819.49,-0.3069,0.2524,2773.92,0,0,Paycheck-to-Paycheck Spender,มนุษย์เงินเดือนชนเดือน (สภาพคล่องจำกัดปลายเดือน),"รายได้ 18,000–35,000 บาท สภาพคล่องตึงตัวปลายเดือน ต้องการระบบออมเศษเงินอัตโนมัติแบบ Zero-Manual Effort",0.06,MODERATE,FLEXIBLE
ACC_0550,USER_0040,24000.0,681.58,-22045.62,-0.9186,0.2289,7879.42,0,1,High-Yield Seeker Novice,ผู้แสวงหาผลตอบแทนสูง (เสี่ยง Ponzi/แชร์ลูกโซ่สูง),"มีเงินเก็บก้อนแรก 30,000–100,000 บาท มักมองหาผลตอบแทนเร็ว แต่ความเข้าใจความเสี่ยงจำกัด เสี่ยงต่อแอปหลอกลงทุน",0.12,HIGH,MAXIMUM
ACC_0551,USER_0041,28000.0,584.79,-9756.08,-0.3484,0.2801,12241.02,0,0,Paycheck-to-Paycheck Spender,มนุษย์เงินเดือนชนเดือน (สภาพคล่องจำกัดปลายเดือน),"รายได้ 18,000–35,000 บาท สภาพคล่องตึงตัวปลายเดือน ต้องการระบบออมเศษเงินอัตโนมัติแบบ Zero-Manual Effort",0.06,MODERATE,FLEXIBLE
ACC_0552,USER_0042,36000.0,629.39,-9580.22,-0.2661,0.1914,2949.48,0,0,Paycheck-to-Paycheck Spender,มนุษย์เงินเดือนชนเดือน (สภาพคล่องจำกัดปลายเดือน),"รายได้ 18,000–35,000 บาท สภาพคล่องตึงตัวปลายเดือน ต้องการระบบออมเศษเงินอัตโนมัติแบบ Zero-Manual Effort",0.06,MODERATE,FLEXIBLE
ACC_0553,USER_0043,20000.0,554.81,-13561.67,-0.6781,0.2122,16285.02,0,1,High-Yield Seeker Novice,ผู้แสวงหาผลตอบแทนสูง (เสี่ยง Ponzi/แชร์ลูกโซ่สูง),"มีเงินเก็บก้อนแรก 30,000–100,000 บาท มักมองหาผลตอบแทนเร็ว แต่ความเข้าใจความเสี่ยงจำกัด เสี่ยงต่อแอปหลอกลงทุน",0.12,HIGH,MAXIMUM
ACC_0554,USER_0044,32000.0,593.95,-9958.25,-0.3112,0.2257,9000.07,0,0,Paycheck-to-Paycheck Spender,มนุษย์เงินเดือนชนเดือน (สภาพคล่องจำกัดปลายเดือน),"รายได้ 18,000–35,000 บาท สภาพคล่องตึงตัวปลายเดือน ต้องการระบบออมเศษเงินอัตโนมัติแบบ Zero-Manual Effort",0.06,MODERATE,FLEXIBLE
ACC_0555,USER_0045,32000.0,681.27,-9813.64,-0.3067,0.2552,13485.35,0,0,Paycheck-to-Paycheck Spender,มนุษย์เงินเดือนชนเดือน (สภาพคล่องจำกัดปลายเดือน),"รายได้ 18,000–35,000 บาท สภาพคล่องตึงตัวปลายเดือน ต้องการระบบออมเศษเงินอัตโนมัติแบบ Zero-Manual Effort",0.06,MODERATE,FLEXIBLE
ACC_0556,USER_0046,28000.0,571.24,-9524.68,-0.3402,0.2158,15282.06,0,0,Paycheck-to-Paycheck Spender,มนุษย์เงินเดือนชนเดือน (สภาพคล่องจำกัดปลายเดือน),"รายได้ 18,000–35,000 บาท สภาพคล่องตึงตัวปลายเดือน ต้องการระบบออมเศษเงินอัตโนมัติแบบ Zero-Manual Effort",0.06,MODERATE,FLEXIBLE
ACC_0557,USER_0047,36000.0,580.43,-8153.22,-0.2265,0.2215,16553.11,0,0,Paycheck-to-Paycheck Spender,มนุษย์เงินเดือนชนเดือน (สภาพคล่องจำกัดปลายเดือน),"รายได้ 18,000–35,000 บาท สภาพคล่องตึงตัวปลายเดือน ต้องการระบบออมเศษเงินอัตโนมัติแบบ Zero-Manual Effort",0.06,MODERATE,FLEXIBLE
ACC_0558,USER_0048,24000.0,609.46,-13042.07,-0.5434,0.2578,3944.44,0,1,High-Yield Seeker Novice,ผู้แสวงหาผลตอบแทนสูง (เสี่ยง Ponzi/แชร์ลูกโซ่สูง),"มีเงินเก็บก้อนแรก 30,000–100,000 บาท มักมองหาผลตอบแทนเร็ว แต่ความเข้าใจความเสี่ยงจำกัด เสี่ยงต่อแอปหลอกลงทุน",0.12,HIGH,MAXIMUM
ACC_0559,USER_0049,36000.0,618.64,-6637.15,-0.1844,0.2469,10924.36,0,0,Paycheck-to-Paycheck Spender,มนุษย์เงินเดือนชนเดือน (สภาพคล่องจำกัดปลายเดือน),"รายได้ 18,000–35,000 บาท สภาพคล่องตึงตัวปลายเดือน ต้องการระบบออมเศษเงินอัตโนมัติแบบ Zero-Manual Effort",0.06,MODERATE,FLEXIBLE
ACC_0560,USER_0050,36000.0,621.09,-9766.09,-0.2713,0.2838,15279.58,0,0,Paycheck-to-Paycheck Spender,มนุษย์เงินเดือนชนเดือน (สภาพคล่องจำกัดปลายเดือน),"รายได้ 18,000–35,000 บาท สภาพคล่องตึงตัวปลายเดือน ต้องการระบบออมเศษเงินอัตโนมัติแบบ Zero-Manual Effort",0.06,MODERATE,FLEXIBLE
ACC_0561,USER_0051,20000.0,630.72,-23141.06,-1.1571,0.1649,17282.97,0,1,High-Yield Seeker Novice,ผู้แสวงหาผลตอบแทนสูง (เสี่ยง Ponzi/แชร์ลูกโซ่สูง),"มีเงินเก็บก้อนแรก 30,000–100,000 บาท มักมองหาผลตอบแทนเร็ว แต่ความเข้าใจความเสี่ยงจำกัด เสี่ยงต่อแอปหลอกลงทุน",0.12,HIGH,MAXIMUM
ACC_0562,USER_0052,28000.0,637.32,-8728.89,-0.3117,0.1736,2570.39,0,0,Paycheck-to-Paycheck Spender,มนุษย์เงินเดือนชนเดือน (สภาพคล่องจำกัดปลายเดือน),"รายได้ 18,000–35,000 บาท สภาพคล่องตึงตัวปลายเดือน ต้องการระบบออมเศษเงินอัตโนมัติแบบ Zero-Manual Effort",0.06,MODERATE,FLEXIBLE
ACC_0563,USER_0053,28000.0,664.2,-11381.88,-0.4065,0.2227,14913.45,0,0,Paycheck-to-Paycheck Spender,มนุษย์เงินเดือนชนเดือน (สภาพคล่องจำกัดปลายเดือน),"รายได้ 18,000–35,000 บาท สภาพคล่องตึงตัวปลายเดือน ต้องการระบบออมเศษเงินอัตโนมัติแบบ Zero-Manual Effort",0.06,MODERATE,FLEXIBLE
ACC_0564,USER_0054,32000.0,566.37,-7695.41,-0.2405,0.2022,6836.79,0,0,Paycheck-to-Paycheck Spender,มนุษย์เงินเดือนชนเดือน (สภาพคล่องจำกัดปลายเดือน),"รายได้ 18,000–35,000 บาท สภาพคล่องตึงตัวปลายเดือน ต้องการระบบออมเศษเงินอัตโนมัติแบบ Zero-Manual Effort",0.06,MODERATE,FLEXIBLE
ACC_0565,USER_0055,24000.0,573.3,-7806.32,-0.3253,0.2168,13252.99,0,0,Paycheck-to-Paycheck Spender,มนุษย์เงินเดือนชนเดือน (สภาพคล่องจำกัดปลายเดือน),"รายได้ 18,000–35,000 บาท สภาพคล่องตึงตัวปลายเดือน ต้องการระบบออมเศษเงินอัตโนมัติแบบ Zero-Manual Effort",0.06,MODERATE,FLEXIBLE
ACC_0566,USER_0056,24000.0,537.15,-9922.93,-0.4135,0.2243,12279.37,0,1,High-Yield Seeker Novice,ผู้แสวงหาผลตอบแทนสูง (เสี่ยง Ponzi/แชร์ลูกโซ่สูง),"มีเงินเก็บก้อนแรก 30,000–100,000 บาท มักมองหาผลตอบแทนเร็ว แต่ความเข้าใจความเสี่ยงจำกัด เสี่ยงต่อแอปหลอกลงทุน",0.12,HIGH,MAXIMUM
ACC_0567,USER_0057,28000.0,546.6,-8172.39,-0.2919,0.2374,6876.51,0,0,Paycheck-to-Paycheck Spender,มนุษย์เงินเดือนชนเดือน (สภาพคล่องจำกัดปลายเดือน),"รายได้ 18,000–35,000 บาท สภาพคล่องตึงตัวปลายเดือน ต้องการระบบออมเศษเงินอัตโนมัติแบบ Zero-Manual Effort",0.06,MODERATE,FLEXIBLE
ACC_0568,USER_0058,36000.0,633.13,-9388.92,-0.2608,0.2531,6921.78,0,0,Paycheck-to-Paycheck Spender,มนุษย์เงินเดือนชนเดือน (สภาพคล่องจำกัดปลายเดือน),"รายได้ 18,000–35,000 บาท สภาพคล่องตึงตัวปลายเดือน ต้องการระบบออมเศษเงินอัตโนมัติแบบ Zero-Manual Effort",0.06,MODERATE,FLEXIBLE
ACC_0569,USER_0059,24000.0,602.32,-15075.07,-0.6281,0.2398,16017.81,0,1,High-Yield Seeker Novice,ผู้แสวงหาผลตอบแทนสูง (เสี่ยง Ponzi/แชร์ลูกโซ่สูง),"มีเงินเก็บก้อนแรก 30,000–100,000 บาท มักมองหาผลตอบแทนเร็ว แต่ความเข้าใจความเสี่ยงจำกัด เสี่ยงต่อแอปหลอกลงทุน",0.12,HIGH,MAXIMUM
ACC_0570,USER_0060,20000.0,607.84,-20379.78,-1.019,0.2331,9233.45,0,1,High-Yield Seeker Novice,ผู้แสวงหาผลตอบแทนสูง (เสี่ยง Ponzi/แชร์ลูกโซ่สูง),"มีเงินเก็บก้อนแรก 30,000–100,000 บาท มักมองหาผลตอบแทนเร็ว แต่ความเข้าใจความเสี่ยงจำกัด เสี่ยงต่อแอปหลอกลงทุน",0.12,HIGH,MAXIMUM
ACC_0571,USER_0061,32000.0,572.95,-8581.12,-0.2682,0.2057,4702.01,0,0,Paycheck-to-Paycheck Spender,มนุษย์เงินเดือนชนเดือน (สภาพคล่องจำกัดปลายเดือน),"รายได้ 18,000–35,000 บาท สภาพคล่องตึงตัวปลายเดือน ต้องการระบบออมเศษเงินอัตโนมัติแบบ Zero-Manual Effort",0.06,MODERATE,FLEXIBLE
ACC_0572,USER_0062,28000.0,670.92,-12793.21,-0.4569,0.218,10186.16,0,0,Paycheck-to-Paycheck Spender,มนุษย์เงินเดือนชนเดือน (สภาพคล่องจำกัดปลายเดือน),"รายได้ 18,000–35,000 บาท สภาพคล่องตึงตัวปลายเดือน ต้องการระบบออมเศษเงินอัตโนมัติแบบ Zero-Manual Effort",0.06,MODERATE,FLEXIBLE
ACC_0573,USER_0063,32000.0,581.58,-10467.42,-0.3271,0.266,9512.64,0,0,Paycheck-to-Paycheck Spender,มนุษย์เงินเดือนชนเดือน (สภาพคล่องจำกัดปลายเดือน),"รายได้ 18,000–35,000 บาท สภาพคล่องตึงตัวปลายเดือน ต้องการระบบออมเศษเงินอัตโนมัติแบบ Zero-Manual Effort",0.06,MODERATE,FLEXIBLE
ACC_0574,USER_0064,28000.0,662.49,-13322.17,-0.4758,0.2736,10920.9,0,0,Paycheck-to-Paycheck Spender,มนุษย์เงินเดือนชนเดือน (สภาพคล่องจำกัดปลายเดือน),"รายได้ 18,000–35,000 บาท สภาพคล่องตึงตัวปลายเดือน ต้องการระบบออมเศษเงินอัตโนมัติแบบ Zero-Manual Effort",0.06,MODERATE,FLEXIBLE
ACC_0575,USER_0065,24000.0,567.52,-11012.17,-0.4588,0.3006,12345.17,0,1,High-Yield Seeker Novice,ผู้แสวงหาผลตอบแทนสูง (เสี่ยง Ponzi/แชร์ลูกโซ่สูง),"มีเงินเก็บก้อนแรก 30,000–100,000 บาท มักมองหาผลตอบแทนเร็ว แต่ความเข้าใจความเสี่ยงจำกัด เสี่ยงต่อแอปหลอกลงทุน",0.12,HIGH,MAXIMUM
ACC_0576,USER_0066,32000.0,640.66,-10774.06,-0.3367,0.2795,12140.17,0,0,Paycheck-to-Paycheck Spender,มนุษย์เงินเดือนชนเดือน (สภาพคล่องจำกัดปลายเดือน),"รายได้ 18,000–35,000 บาท สภาพคล่องตึงตัวปลายเดือน ต้องการระบบออมเศษเงินอัตโนมัติแบบ Zero-Manual Effort",0.06,MODERATE,FLEXIBLE
ACC_0577,USER_0067,20000.0,557.06,-11232.69,-0.5616,0.1738,13359.43,0,1,High-Yield Seeker Novice,ผู้แสวงหาผลตอบแทนสูง (เสี่ยง Ponzi/แชร์ลูกโซ่สูง),"มีเงินเก็บก้อนแรก 30,000–100,000 บาท มักมองหาผลตอบแทนเร็ว แต่ความเข้าใจความเสี่ยงจำกัด เสี่ยงต่อแอปหลอกลงทุน",0.12,HIGH,MAXIMUM
ACC_0578,USER_0068,32000.0,691.61,-12652.82,-0.3954,0.2699,16061.03,0,0,Paycheck-to-Paycheck Spender,มนุษย์เงินเดือนชนเดือน (สภาพคล่องจำกัดปลายเดือน),"รายได้ 18,000–35,000 บาท สภาพคล่องตึงตัวปลายเดือน ต้องการระบบออมเศษเงินอัตโนมัติแบบ Zero-Manual Effort",0.06,MODERATE,FLEXIBLE
ACC_0579,USER_0069,28000.0,620.73,-9023.74,-0.3223,0.2781,8653.19,0,0,Paycheck-to-Paycheck Spender,มนุษย์เงินเดือนชนเดือน (สภาพคล่องจำกัดปลายเดือน),"รายได้ 18,000–35,000 บาท สภาพคล่องตึงตัวปลายเดือน ต้องการระบบออมเศษเงินอัตโนมัติแบบ Zero-Manual Effort",0.06,MODERATE,FLEXIBLE
ACC_0580,USER_0070,28000.0,561.11,-11192.7,-0.3997,0.2697,14222.08,0,0,Paycheck-to-Paycheck Spender,มนุษย์เงินเดือนชนเดือน (สภาพคล่องจำกัดปลายเดือน),"รายได้ 18,000–35,000 บาท สภาพคล่องตึงตัวปลายเดือน ต้องการระบบออมเศษเงินอัตโนมัติแบบ Zero-Manual Effort",0.06,MODERATE,FLEXIBLE
ACC_0581,USER_0071,32000.0,637.3,-9465.48,-0.2958,0.1937,3875.19,0,0,Paycheck-to-Paycheck Spender,มนุษย์เงินเดือนชนเดือน (สภาพคล่องจำกัดปลายเดือน),"รายได้ 18,000–35,000 บาท สภาพคล่องตึงตัวปลายเดือน ต้องการระบบออมเศษเงินอัตโนมัติแบบ Zero-Manual Effort",0.06,MODERATE,FLEXIBLE
ACC_0582,USER_0072,32000.0,638.68,-9406.56,-0.294,0.2109,15608.81,0,0,Paycheck-to-Paycheck Spender,มนุษย์เงินเดือนชนเดือน (สภาพคล่องจำกัดปลายเดือน),"รายได้ 18,000–35,000 บาท สภาพคล่องตึงตัวปลายเดือน ต้องการระบบออมเศษเงินอัตโนมัติแบบ Zero-Manual Effort",0.06,MODERATE,FLEXIBLE
ACC_0583,USER_0073,28000.0,645.23,-10947.73,-0.391,0.2815,4060.43,0,0,Paycheck-to-Paycheck Spender,มนุษย์เงินเดือนชนเดือน (สภาพคล่องจำกัดปลายเดือน),"รายได้ 18,000–35,000 บาท สภาพคล่องตึงตัวปลายเดือน ต้องการระบบออมเศษเงินอัตโนมัติแบบ Zero-Manual Effort",0.06,MODERATE,FLEXIBLE
ACC_0584,USER_0074,24000.0,613.66,-13209.55,-0.5504,0.2086,7645.21,0,1,High-Yield Seeker Novice,ผู้แสวงหาผลตอบแทนสูง (เสี่ยง Ponzi/แชร์ลูกโซ่สูง),"มีเงินเก็บก้อนแรก 30,000–100,000 บาท มักมองหาผลตอบแทนเร็ว แต่ความเข้าใจความเสี่ยงจำกัด เสี่ยงต่อแอปหลอกลงทุน",0.12,HIGH,MAXIMUM
ACC_0585,USER_0075,20000.0,554.35,-14713.44,-0.7357,0.2257,6606.04,0,1,High-Yield Seeker Novice,ผู้แสวงหาผลตอบแทนสูง (เสี่ยง Ponzi/แชร์ลูกโซ่สูง),"มีเงินเก็บก้อนแรก 30,000–100,000 บาท มักมองหาผลตอบแทนเร็ว แต่ความเข้าใจความเสี่ยงจำกัด เสี่ยงต่อแอปหลอกลงทุน",0.12,HIGH,MAXIMUM
ACC_0586,USER_0076,36000.0,582.86,-9995.24,-0.2776,0.2365,4952.41,0,0,Paycheck-to-Paycheck Spender,มนุษย์เงินเดือนชนเดือน (สภาพคล่องจำกัดปลายเดือน),"รายได้ 18,000–35,000 บาท สภาพคล่องตึงตัวปลายเดือน ต้องการระบบออมเศษเงินอัตโนมัติแบบ Zero-Manual Effort",0.06,MODERATE,FLEXIBLE
ACC_0587,USER_0077,36000.0,637.7,-10021.65,-0.2784,0.2955,9277.5,0,0,Paycheck-to-Paycheck Spender,มนุษย์เงินเดือนชนเดือน (สภาพคล่องจำกัดปลายเดือน),"รายได้ 18,000–35,000 บาท สภาพคล่องตึงตัวปลายเดือน ต้องการระบบออมเศษเงินอัตโนมัติแบบ Zero-Manual Effort",0.06,MODERATE,FLEXIBLE
ACC_0588,USER_0078,20000.0,614.68,-21204.17,-1.0602,0.257,5562.06,0,1,High-Yield Seeker Novice,ผู้แสวงหาผลตอบแทนสูง (เสี่ยง Ponzi/แชร์ลูกโซ่สูง),"มีเงินเก็บก้อนแรก 30,000–100,000 บาท มักมองหาผลตอบแทนเร็ว แต่ความเข้าใจความเสี่ยงจำกัด เสี่ยงต่อแอปหลอกลงทุน",0.12,HIGH,MAXIMUM
ACC_0589,USER_0079,36000.0,553.41,-9508.11,-0.2641,0.2785,3503.58,0,0,Paycheck-to-Paycheck Spender,มนุษย์เงินเดือนชนเดือน (สภาพคล่องจำกัดปลายเดือน),"รายได้ 18,000–35,000 บาท สภาพคล่องตึงตัวปลายเดือน ต้องการระบบออมเศษเงินอัตโนมัติแบบ Zero-Manual Effort",0.06,MODERATE,FLEXIBLE
ACC_0590,USER_0080,36000.0,607.42,-8060.38,-0.2239,0.2005,15094.46,0,0,Paycheck-to-Paycheck Spender,มนุษย์เงินเดือนชนเดือน (สภาพคล่องจำกัดปลายเดือน),"รายได้ 18,000–35,000 บาท สภาพคล่องตึงตัวปลายเดือน ต้องการระบบออมเศษเงินอัตโนมัติแบบ Zero-Manual Effort",0.06,MODERATE,FLEXIBLE
ACC_0591,USER_0081,20000.0,634.91,-24672.96,-1.2336,0.2753,11017.72,0,1,High-Yield Seeker Novice,ผู้แสวงหาผลตอบแทนสูง (เสี่ยง Ponzi/แชร์ลูกโซ่สูง),"มีเงินเก็บก้อนแรก 30,000–100,000 บาท มักมองหาผลตอบแทนเร็ว แต่ความเข้าใจความเสี่ยงจำกัด เสี่ยงต่อแอปหลอกลงทุน",0.12,HIGH,MAXIMUM
ACC_0592,USER_0082,28000.0,613.24,-8894.05,-0.3176,0.2405,4044.68,0,0,Paycheck-to-Paycheck Spender,มนุษย์เงินเดือนชนเดือน (สภาพคล่องจำกัดปลายเดือน),"รายได้ 18,000–35,000 บาท สภาพคล่องตึงตัวปลายเดือน ต้องการระบบออมเศษเงินอัตโนมัติแบบ Zero-Manual Effort",0.06,MODERATE,FLEXIBLE
ACC_0593,USER_0083,36000.0,626.15,-8888.03,-0.2469,0.1898,3886.42,0,0,Paycheck-to-Paycheck Spender,มนุษย์เงินเดือนชนเดือน (สภาพคล่องจำกัดปลายเดือน),"รายได้ 18,000–35,000 บาท สภาพคล่องตึงตัวปลายเดือน ต้องการระบบออมเศษเงินอัตโนมัติแบบ Zero-Manual Effort",0.06,MODERATE,FLEXIBLE
ACC_0594,USER_0084,32000.0,614.24,-9044.85,-0.2827,0.1863,5584.28,0,0,Paycheck-to-Paycheck Spender,มนุษย์เงินเดือนชนเดือน (สภาพคล่องจำกัดปลายเดือน),"รายได้ 18,000–35,000 บาท สภาพคล่องตึงตัวปลายเดือน ต้องการระบบออมเศษเงินอัตโนมัติแบบ Zero-Manual Effort",0.06,MODERATE,FLEXIBLE
ACC_0595,USER_0085,24000.0,595.74,-10057.54,-0.4191,0.2645,10326.3,0,1,High-Yield Seeker Novice,ผู้แสวงหาผลตอบแทนสูง (เสี่ยง Ponzi/แชร์ลูกโซ่สูง),"มีเงินเก็บก้อนแรก 30,000–100,000 บาท มักมองหาผลตอบแทนเร็ว แต่ความเข้าใจความเสี่ยงจำกัด เสี่ยงต่อแอปหลอกลงทุน",0.12,HIGH,MAXIMUM
ACC_0596,USER_0086,24000.0,540.99,-10863.3,-0.4526,0.2156,4412.6,0,1,High-Yield Seeker Novice,ผู้แสวงหาผลตอบแทนสูง (เสี่ยง Ponzi/แชร์ลูกโซ่สูง),"มีเงินเก็บก้อนแรก 30,000–100,000 บาท มักมองหาผลตอบแทนเร็ว แต่ความเข้าใจความเสี่ยงจำกัด เสี่ยงต่อแอปหลอกลงทุน",0.12,HIGH,MAXIMUM
ACC_0597,USER_0087,36000.0,584.67,-8072.0,-0.2242,0.2073,13337.38,0,0,Paycheck-to-Paycheck Spender,มนุษย์เงินเดือนชนเดือน (สภาพคล่องจำกัดปลายเดือน),"รายได้ 18,000–35,000 บาท สภาพคล่องตึงตัวปลายเดือน ต้องการระบบออมเศษเงินอัตโนมัติแบบ Zero-Manual Effort",0.06,MODERATE,FLEXIBLE
ACC_0598,USER_0088,24000.0,554.85,-9464.05,-0.3943,0.193,14774.7,0,1,High-Yield Seeker Novice,ผู้แสวงหาผลตอบแทนสูง (เสี่ยง Ponzi/แชร์ลูกโซ่สูง),"มีเงินเก็บก้อนแรก 30,000–100,000 บาท มักมองหาผลตอบแทนเร็ว แต่ความเข้าใจความเสี่ยงจำกัด เสี่ยงต่อแอปหลอกลงทุน",0.12,HIGH,MAXIMUM
ACC_0599,USER_0089,36000.0,641.46,-10898.29,-0.3027,0.2874,13230.77,0,0,Paycheck-to-Paycheck Spender,มนุษย์เงินเดือนชนเดือน (สภาพคล่องจำกัดปลายเดือน),"รายได้ 18,000–35,000 บาท สภาพคล่องตึงตัวปลายเดือน ต้องการระบบออมเศษเงินอัตโนมัติแบบ Zero-Manual Effort",0.06,MODERATE,FLEXIBLE
ACC_0600,USER_0090,20000.0,682.37,-31174.33,-1.5587,0.2155,2517.88,0,1,High-Yield Seeker Novice,ผู้แสวงหาผลตอบแทนสูง (เสี่ยง Ponzi/แชร์ลูกโซ่สูง),"มีเงินเก็บก้อนแรก 30,000–100,000 บาท มักมองหาผลตอบแทนเร็ว แต่ความเข้าใจความเสี่ยงจำกัด เสี่ยงต่อแอปหลอกลงทุน",0.12,HIGH,MAXIMUM
ACC_0601,USER_0091,32000.0,564.01,-8444.32,-0.2639,0.2859,4217.71,0,0,Paycheck-to-Paycheck Spender,มนุษย์เงินเดือนชนเดือน (สภาพคล่องจำกัดปลายเดือน),"รายได้ 18,000–35,000 บาท สภาพคล่องตึงตัวปลายเดือน ต้องการระบบออมเศษเงินอัตโนมัติแบบ Zero-Manual Effort",0.06,MODERATE,FLEXIBLE
ACC_0602,USER_0092,32000.0,577.47,-12735.33,-0.398,0.2468,9536.64,0,0,Paycheck-to-Paycheck Spender,มนุษย์เงินเดือนชนเดือน (สภาพคล่องจำกัดปลายเดือน),"รายได้ 18,000–35,000 บาท สภาพคล่องตึงตัวปลายเดือน ต้องการระบบออมเศษเงินอัตโนมัติแบบ Zero-Manual Effort",0.06,MODERATE,FLEXIBLE
ACC_0603,USER_0093,20000.0,647.18,-28072.93,-1.4036,0.2868,3032.03,0,1,High-Yield Seeker Novice,ผู้แสวงหาผลตอบแทนสูง (เสี่ยง Ponzi/แชร์ลูกโซ่สูง),"มีเงินเก็บก้อนแรก 30,000–100,000 บาท มักมองหาผลตอบแทนเร็ว แต่ความเข้าใจความเสี่ยงจำกัด เสี่ยงต่อแอปหลอกลงทุน",0.12,HIGH,MAXIMUM
ACC_0604,USER_0094,20000.0,629.01,-25691.59,-1.2846,0.2197,6671.92,0,1,High-Yield Seeker Novice,ผู้แสวงหาผลตอบแทนสูง (เสี่ยง Ponzi/แชร์ลูกโซ่สูง),"มีเงินเก็บก้อนแรก 30,000–100,000 บาท มักมองหาผลตอบแทนเร็ว แต่ความเข้าใจความเสี่ยงจำกัด เสี่ยงต่อแอปหลอกลงทุน",0.12,HIGH,MAXIMUM
ACC_0605,USER_0095,20000.0,598.3,-19351.28,-0.9676,0.2141,7850.56,0,1,High-Yield Seeker Novice,ผู้แสวงหาผลตอบแทนสูง (เสี่ยง Ponzi/แชร์ลูกโซ่สูง),"มีเงินเก็บก้อนแรก 30,000–100,000 บาท มักมองหาผลตอบแทนเร็ว แต่ความเข้าใจความเสี่ยงจำกัด เสี่ยงต่อแอปหลอกลงทุน",0.12,HIGH,MAXIMUM
ACC_0606,USER_0096,24000.0,599.79,-13720.25,-0.5717,0.1925,5814.13,0,1,High-Yield Seeker Novice,ผู้แสวงหาผลตอบแทนสูง (เสี่ยง Ponzi/แชร์ลูกโซ่สูง),"มีเงินเก็บก้อนแรก 30,000–100,000 บาท มักมองหาผลตอบแทนเร็ว แต่ความเข้าใจความเสี่ยงจำกัด เสี่ยงต่อแอปหลอกลงทุน",0.12,HIGH,MAXIMUM
ACC_0607,USER_0097,28000.0,584.78,-8990.13,-0.3211,0.2013,16786.31,0,0,Paycheck-to-Paycheck Spender,มนุษย์เงินเดือนชนเดือน (สภาพคล่องจำกัดปลายเดือน),"รายได้ 18,000–35,000 บาท สภาพคล่องตึงตัวปลายเดือน ต้องการระบบออมเศษเงินอัตโนมัติแบบ Zero-Manual Effort",0.06,MODERATE,FLEXIBLE
ACC_0608,USER_0098,36000.0,605.27,-12153.62,-0.3376,0.2741,13364.31,0,0,Paycheck-to-Paycheck Spender,มนุษย์เงินเดือนชนเดือน (สภาพคล่องจำกัดปลายเดือน),"รายได้ 18,000–35,000 บาท สภาพคล่องตึงตัวปลายเดือน ต้องการระบบออมเศษเงินอัตโนมัติแบบ Zero-Manual Effort",0.06,MODERATE,FLEXIBLE
ACC_0609,USER_0099,20000.0,607.81,-21833.02,-1.0917,0.2185,13854.95,0,1,High-Yield Seeker Novice,ผู้แสวงหาผลตอบแทนสูง (เสี่ยง Ponzi/แชร์ลูกโซ่สูง),"มีเงินเก็บก้อนแรก 30,000–100,000 บาท มักมองหาผลตอบแทนเร็ว แต่ความเข้าใจความเสี่ยงจำกัด เสี่ยงต่อแอปหลอกลงทุน",0.12,HIGH,MAXIMUM
ACC_0610,USER_0100,24000.0,624.73,-16326.81,-0.6803,0.2188,7418.7,0,1,High-Yield Seeker Novice,ผู้แสวงหาผลตอบแทนสูง (เสี่ยง Ponzi/แชร์ลูกโซ่สูง),"มีเงินเก็บก้อนแรก 30,000–100,000 บาท มักมองหาผลตอบแทนเร็ว แต่ความเข้าใจความเสี่ยงจำกัด เสี่ยงต่อแอปหลอกลงทุน",0.12,HIGH,MAXIMUM
ACC_0611,USER_0101,36000.0,595.56,-12694.04,-0.3526,0.2358,6900.94,0,0,Paycheck-to-Paycheck Spender,มนุษย์เงินเดือนชนเดือน (สภาพคล่องจำกัดปลายเดือน),"รายได้ 18,000–35,000 บาท สภาพคล่องตึงตัวปลายเดือน ต้องการระบบออมเศษเงินอัตโนมัติแบบ Zero-Manual Effort",0.06,MODERATE,FLEXIBLE
ACC_0612,USER_0102,20000.0,594.44,-19057.47,-0.9529,0.2124,4295.55,0,1,High-Yield Seeker Novice,ผู้แสวงหาผลตอบแทนสูง (เสี่ยง Ponzi/แชร์ลูกโซ่สูง),"มีเงินเก็บก้อนแรก 30,000–100,000 บาท มักมองหาผลตอบแทนเร็ว แต่ความเข้าใจความเสี่ยงจำกัด เสี่ยงต่อแอปหลอกลงทุน",0.12,HIGH,MAXIMUM
ACC_0613,USER_0103,32000.0,667.23,-12619.99,-0.3944,0.2975,14607.93,0,0,Paycheck-to-Paycheck Spender,มนุษย์เงินเดือนชนเดือน (สภาพคล่องจำกัดปลายเดือน),"รายได้ 18,000–35,000 บาท สภาพคล่องตึงตัวปลายเดือน ต้องการระบบออมเศษเงินอัตโนมัติแบบ Zero-Manual Effort",0.06,MODERATE,FLEXIBLE
ACC_0614,USER_0104,24000.0,585.08,-10934.03,-0.4556,0.1956,15463.14,0,1,High-Yield Seeker Novice,ผู้แสวงหาผลตอบแทนสูง (เสี่ยง Ponzi/แชร์ลูกโซ่สูง),"มีเงินเก็บก้อนแรก 30,000–100,000 บาท มักมองหาผลตอบแทนเร็ว แต่ความเข้าใจความเสี่ยงจำกัด เสี่ยงต่อแอปหลอกลงทุน",0.12,HIGH,MAXIMUM
ACC_0615,USER_0105,28000.0,641.08,-10121.42,-0.3615,0.2287,17245.79,0,0,Paycheck-to-Paycheck Spender,มนุษย์เงินเดือนชนเดือน (สภาพคล่องจำกัดปลายเดือน),"รายได้ 18,000–35,000 บาท สภาพคล่องตึงตัวปลายเดือน ต้องการระบบออมเศษเงินอัตโนมัติแบบ Zero-Manual Effort",0.06,MODERATE,FLEXIBLE
ACC_0616,USER_0106,20000.0,541.29,-13242.89,-0.6621,0.2314,14338.95,0,1,High-Yield Seeker Novice,ผู้แสวงหาผลตอบแทนสูง (เสี่ยง Ponzi/แชร์ลูกโซ่สูง),"มีเงินเก็บก้อนแรก 30,000–100,000 บาท มักมองหาผลตอบแทนเร็ว แต่ความเข้าใจความเสี่ยงจำกัด เสี่ยงต่อแอปหลอกลงทุน",0.12,HIGH,MAXIMUM
ACC_0617,USER_0107,24000.0,633.8,-15498.9,-0.6458,0.19,14012.16,0,1,High-Yield Seeker Novice,ผู้แสวงหาผลตอบแทนสูง (เสี่ยง Ponzi/แชร์ลูกโซ่สูง),"มีเงินเก็บก้อนแรก 30,000–100,000 บาท มักมองหาผลตอบแทนเร็ว แต่ความเข้าใจความเสี่ยงจำกัด เสี่ยงต่อแอปหลอกลงทุน",0.12,HIGH,MAXIMUM
ACC_0618,USER_0108,24000.0,601.94,-11935.62,-0.4973,0.2526,2717.17,0,1,High-Yield Seeker Novice,ผู้แสวงหาผลตอบแทนสูง (เสี่ยง Ponzi/แชร์ลูกโซ่สูง),"มีเงินเก็บก้อนแรก 30,000–100,000 บาท มักมองหาผลตอบแทนเร็ว แต่ความเข้าใจความเสี่ยงจำกัด เสี่ยงต่อแอปหลอกลงทุน",0.12,HIGH,MAXIMUM
ACC_0619,USER_0109,24000.0,632.0,-19430.48,-0.8096,0.2678,5293.77,0,1,High-Yield Seeker Novice,ผู้แสวงหาผลตอบแทนสูง (เสี่ยง Ponzi/แชร์ลูกโซ่สูง),"มีเงินเก็บก้อนแรก 30,000–100,000 บาท มักมองหาผลตอบแทนเร็ว แต่ความเข้าใจความเสี่ยงจำกัด เสี่ยงต่อแอปหลอกลงทุน",0.12,HIGH,MAXIMUM
ACC_0620,USER_0110,24000.0,571.45,-7813.27,-0.3256,0.1423,14903.69,0,1,High-Yield Seeker Novice,ผู้แสวงหาผลตอบแทนสูง (เสี่ยง Ponzi/แชร์ลูกโซ่สูง),"มีเงินเก็บก้อนแรก 30,000–100,000 บาท มักมองหาผลตอบแทนเร็ว แต่ความเข้าใจความเสี่ยงจำกัด เสี่ยงต่อแอปหลอกลงทุน",0.12,HIGH,MAXIMUM
ACC_0621,USER_0111,36000.0,594.49,-9878.37,-0.2744,0.2843,6664.12,0,0,Paycheck-to-Paycheck Spender,มนุษย์เงินเดือนชนเดือน (สภาพคล่องจำกัดปลายเดือน),"รายได้ 18,000–35,000 บาท สภาพคล่องตึงตัวปลายเดือน ต้องการระบบออมเศษเงินอัตโนมัติแบบ Zero-Manual Effort",0.06,MODERATE,FLEXIBLE
ACC_0622,USER_0112,20000.0,584.21,-17563.18,-0.8782,0.2607,12570.51,0,1,High-Yield Seeker Novice,ผู้แสวงหาผลตอบแทนสูง (เสี่ยง Ponzi/แชร์ลูกโซ่สูง),"มีเงินเก็บก้อนแรก 30,000–100,000 บาท มักมองหาผลตอบแทนเร็ว แต่ความเข้าใจความเสี่ยงจำกัด เสี่ยงต่อแอปหลอกลงทุน",0.12,HIGH,MAXIMUM
ACC_0623,USER_0113,36000.0,569.47,-5857.0,-0.1627,0.1481,13259.69,0,0,Paycheck-to-Paycheck Spender,มนุษย์เงินเดือนชนเดือน (สภาพคล่องจำกัดปลายเดือน),"รายได้ 18,000–35,000 บาท สภาพคล่องตึงตัวปลายเดือน ต้องการระบบออมเศษเงินอัตโนมัติแบบ Zero-Manual Effort",0.06,MODERATE,FLEXIBLE
ACC_0624,USER_0114,28000.0,683.55,-14596.72,-0.5213,0.2601,3684.17,0,0,Paycheck-to-Paycheck Spender,มนุษย์เงินเดือนชนเดือน (สภาพคล่องจำกัดปลายเดือน),"รายได้ 18,000–35,000 บาท สภาพคล่องตึงตัวปลายเดือน ต้องการระบบออมเศษเงินอัตโนมัติแบบ Zero-Manual Effort",0.06,MODERATE,FLEXIBLE
ACC_0625,USER_0115,36000.0,584.84,-7845.83,-0.2179,0.256,6200.36,0,0,Paycheck-to-Paycheck Spender,มนุษย์เงินเดือนชนเดือน (สภาพคล่องจำกัดปลายเดือน),"รายได้ 18,000–35,000 บาท สภาพคล่องตึงตัวปลายเดือน ต้องการระบบออมเศษเงินอัตโนมัติแบบ Zero-Manual Effort",0.06,MODERATE,FLEXIBLE
ACC_0626,USER_0116,28000.0,648.89,-10578.34,-0.3778,0.1849,2219.16,0,0,Paycheck-to-Paycheck Spender,มนุษย์เงินเดือนชนเดือน (สภาพคล่องจำกัดปลายเดือน),"รายได้ 18,000–35,000 บาท สภาพคล่องตึงตัวปลายเดือน ต้องการระบบออมเศษเงินอัตโนมัติแบบ Zero-Manual Effort",0.06,MODERATE,FLEXIBLE
ACC_0627,USER_0117,32000.0,645.56,-8487.29,-0.2652,0.2135,5402.92,0,0,Paycheck-to-Paycheck Spender,มนุษย์เงินเดือนชนเดือน (สภาพคล่องจำกัดปลายเดือน),"รายได้ 18,000–35,000 บาท สภาพคล่องตึงตัวปลายเดือน ต้องการระบบออมเศษเงินอัตโนมัติแบบ Zero-Manual Effort",0.06,MODERATE,FLEXIBLE
ACC_0628,USER_0118,20000.0,568.59,-14350.34,-0.7175,0.1878,3215.91,0,1,High-Yield Seeker Novice,ผู้แสวงหาผลตอบแทนสูง (เสี่ยง Ponzi/แชร์ลูกโซ่สูง),"มีเงินเก็บก้อนแรก 30,000–100,000 บาท มักมองหาผลตอบแทนเร็ว แต่ความเข้าใจความเสี่ยงจำกัด เสี่ยงต่อแอปหลอกลงทุน",0.12,HIGH,MAXIMUM
ACC_0629,USER_0119,36000.0,656.37,-12996.49,-0.361,0.2589,17183.06,0,0,Paycheck-to-Paycheck Spender,มนุษย์เงินเดือนชนเดือน (สภาพคล่องจำกัดปลายเดือน),"รายได้ 18,000–35,000 บาท สภาพคล่องตึงตัวปลายเดือน ต้องการระบบออมเศษเงินอัตโนมัติแบบ Zero-Manual Effort",0.06,MODERATE,FLEXIBLE
ACC_0630,USER_0120,24000.0,607.87,-13818.8,-0.5758,0.2958,2857.62,0,1,High-Yield Seeker Novice,ผู้แสวงหาผลตอบแทนสูง (เสี่ยง Ponzi/แชร์ลูกโซ่สูง),"มีเงินเก็บก้อนแรก 30,000–100,000 บาท มักมองหาผลตอบแทนเร็ว แต่ความเข้าใจความเสี่ยงจำกัด เสี่ยงต่อแอปหลอกลงทุน",0.12,HIGH,MAXIMUM
ACC_0631,USER_0121,28000.0,604.03,-9702.74,-0.3465,0.2518,11999.05,0,0,Paycheck-to-Paycheck Spender,มนุษย์เงินเดือนชนเดือน (สภาพคล่องจำกัดปลายเดือน),"รายได้ 18,000–35,000 บาท สภาพคล่องตึงตัวปลายเดือน ต้องการระบบออมเศษเงินอัตโนมัติแบบ Zero-Manual Effort",0.06,MODERATE,FLEXIBLE
ACC_0632,USER_0122,20000.0,600.8,-20249.34,-1.0125,0.21,15304.84,0,1,High-Yield Seeker Novice,ผู้แสวงหาผลตอบแทนสูง (เสี่ยง Ponzi/แชร์ลูกโซ่สูง),"มีเงินเก็บก้อนแรก 30,000–100,000 บาท มักมองหาผลตอบแทนเร็ว แต่ความเข้าใจความเสี่ยงจำกัด เสี่ยงต่อแอปหลอกลงทุน",0.12,HIGH,MAXIMUM
ACC_0633,USER_0123,20000.0,590.5,-20552.59,-1.0276,0.3029,5271.18,0,1,High-Yield Seeker Novice,ผู้แสวงหาผลตอบแทนสูง (เสี่ยง Ponzi/แชร์ลูกโซ่สูง),"มีเงินเก็บก้อนแรก 30,000–100,000 บาท มักมองหาผลตอบแทนเร็ว แต่ความเข้าใจความเสี่ยงจำกัด เสี่ยงต่อแอปหลอกลงทุน",0.12,HIGH,MAXIMUM
ACC_0634,USER_0124,24000.0,612.0,-15525.02,-0.6469,0.2457,16173.15,0,1,High-Yield Seeker Novice,ผู้แสวงหาผลตอบแทนสูง (เสี่ยง Ponzi/แชร์ลูกโซ่สูง),"มีเงินเก็บก้อนแรก 30,000–100,000 บาท มักมองหาผลตอบแทนเร็ว แต่ความเข้าใจความเสี่ยงจำกัด เสี่ยงต่อแอปหลอกลงทุน",0.12,HIGH,MAXIMUM
ACC_0635,USER_0125,24000.0,591.8,-13222.85,-0.551,0.2653,15771.8,0,1,High-Yield Seeker Novice,ผู้แสวงหาผลตอบแทนสูง (เสี่ยง Ponzi/แชร์ลูกโซ่สูง),"มีเงินเก็บก้อนแรก 30,000–100,000 บาท มักมองหาผลตอบแทนเร็ว แต่ความเข้าใจความเสี่ยงจำกัด เสี่ยงต่อแอปหลอกลงทุน",0.12,HIGH,MAXIMUM
ACC_0636,USER_0126,36000.0,635.18,-9637.52,-0.2677,0.2451,9131.35,0,0,Paycheck-to-Paycheck Spender,มนุษย์เงินเดือนชนเดือน (สภาพคล่องจำกัดปลายเดือน),"รายได้ 18,000–35,000 บาท สภาพคล่องตึงตัวปลายเดือน ต้องการระบบออมเศษเงินอัตโนมัติแบบ Zero-Manual Effort",0.06,MODERATE,FLEXIBLE
ACC_0637,USER_0127,36000.0,624.64,-9519.57,-0.2644,0.2277,9207.18,0,0,Paycheck-to-Paycheck Spender,มนุษย์เงินเดือนชนเดือน (สภาพคล่องจำกัดปลายเดือน),"รายได้ 18,000–35,000 บาท สภาพคล่องตึงตัวปลายเดือน ต้องการระบบออมเศษเงินอัตโนมัติแบบ Zero-Manual Effort",0.06,MODERATE,FLEXIBLE
ACC_0638,USER_0128,28000.0,598.24,-9464.52,-0.338,0.2462,9058.39,0,0,Paycheck-to-Paycheck Spender,มนุษย์เงินเดือนชนเดือน (สภาพคล่องจำกัดปลายเดือน),"รายได้ 18,000–35,000 บาท สภาพคล่องตึงตัวปลายเดือน ต้องการระบบออมเศษเงินอัตโนมัติแบบ Zero-Manual Effort",0.06,MODERATE,FLEXIBLE
ACC_0639,USER_0129,32000.0,554.95,-7722.75,-0.2413,0.1878,8633.34,0,0,Paycheck-to-Paycheck Spender,มนุษย์เงินเดือนชนเดือน (สภาพคล่องจำกัดปลายเดือน),"รายได้ 18,000–35,000 บาท สภาพคล่องตึงตัวปลายเดือน ต้องการระบบออมเศษเงินอัตโนมัติแบบ Zero-Manual Effort",0.06,MODERATE,FLEXIBLE
ACC_0640,USER_0130,36000.0,608.24,-8045.37,-0.2235,0.2334,9847.49,0,0,Paycheck-to-Paycheck Spender,มนุษย์เงินเดือนชนเดือน (สภาพคล่องจำกัดปลายเดือน),"รายได้ 18,000–35,000 บาท สภาพคล่องตึงตัวปลายเดือน ต้องการระบบออมเศษเงินอัตโนมัติแบบ Zero-Manual Effort",0.06,MODERATE,FLEXIBLE
ACC_0641,USER_0131,36000.0,629.17,-7616.31,-0.2116,0.1841,4772.49,0,0,Paycheck-to-Paycheck Spender,มนุษย์เงินเดือนชนเดือน (สภาพคล่องจำกัดปลายเดือน),"รายได้ 18,000–35,000 บาท สภาพคล่องตึงตัวปลายเดือน ต้องการระบบออมเศษเงินอัตโนมัติแบบ Zero-Manual Effort",0.06,MODERATE,FLEXIBLE
ACC_0642,USER_0132,28000.0,651.34,-11218.99,-0.4007,0.223,10577.79,0,0,Paycheck-to-Paycheck Spender,มนุษย์เงินเดือนชนเดือน (สภาพคล่องจำกัดปลายเดือน),"รายได้ 18,000–35,000 บาท สภาพคล่องตึงตัวปลายเดือน ต้องการระบบออมเศษเงินอัตโนมัติแบบ Zero-Manual Effort",0.06,MODERATE,FLEXIBLE
ACC_0643,USER_0133,24000.0,613.19,-14500.75,-0.6042,0.2151,10901.54,0,1,High-Yield Seeker Novice,ผู้แสวงหาผลตอบแทนสูง (เสี่ยง Ponzi/แชร์ลูกโซ่สูง),"มีเงินเก็บก้อนแรก 30,000–100,000 บาท มักมองหาผลตอบแทนเร็ว แต่ความเข้าใจความเสี่ยงจำกัด เสี่ยงต่อแอปหลอกลงทุน",0.12,HIGH,MAXIMUM
ACC_0644,USER_0134,36000.0,634.65,-7800.5,-0.2167,0.1775,10891.73,0,0,Paycheck-to-Paycheck Spender,มนุษย์เงินเดือนชนเดือน (สภาพคล่องจำกัดปลายเดือน),"รายได้ 18,000–35,000 บาท สภาพคล่องตึงตัวปลายเดือน ต้องการระบบออมเศษเงินอัตโนมัติแบบ Zero-Manual Effort",0.06,MODERATE,FLEXIBLE
ACC_0645,USER_0135,32000.0,702.93,-8335.94,-0.2605,0.2481,14975.0,0,0,Paycheck-to-Paycheck Spender,มนุษย์เงินเดือนชนเดือน (สภาพคล่องจำกัดปลายเดือน),"รายได้ 18,000–35,000 บาท สภาพคล่องตึงตัวปลายเดือน ต้องการระบบออมเศษเงินอัตโนมัติแบบ Zero-Manual Effort",0.06,MODERATE,FLEXIBLE
ACC_0646,USER_0136,32000.0,593.33,-9682.24,-0.3026,0.252,17513.22,0,0,Paycheck-to-Paycheck Spender,มนุษย์เงินเดือนชนเดือน (สภาพคล่องจำกัดปลายเดือน),"รายได้ 18,000–35,000 บาท สภาพคล่องตึงตัวปลายเดือน ต้องการระบบออมเศษเงินอัตโนมัติแบบ Zero-Manual Effort",0.06,MODERATE,FLEXIBLE
ACC_0647,USER_0137,36000.0,592.73,-7167.27,-0.1991,0.1771,8820.14,0,0,Paycheck-to-Paycheck Spender,มนุษย์เงินเดือนชนเดือน (สภาพคล่องจำกัดปลายเดือน),"รายได้ 18,000–35,000 บาท สภาพคล่องตึงตัวปลายเดือน ต้องการระบบออมเศษเงินอัตโนมัติแบบ Zero-Manual Effort",0.06,MODERATE,FLEXIBLE
ACC_0648,USER_0138,28000.0,614.53,-9105.24,-0.3252,0.2031,8391.37,0,0,Paycheck-to-Paycheck Spender,มนุษย์เงินเดือนชนเดือน (สภาพคล่องจำกัดปลายเดือน),"รายได้ 18,000–35,000 บาท สภาพคล่องตึงตัวปลายเดือน ต้องการระบบออมเศษเงินอัตโนมัติแบบ Zero-Manual Effort",0.06,MODERATE,FLEXIBLE
ACC_0649,USER_0139,32000.0,628.39,-10099.13,-0.3156,0.2637,2929.77,0,0,Paycheck-to-Paycheck Spender,มนุษย์เงินเดือนชนเดือน (สภาพคล่องจำกัดปลายเดือน),"รายได้ 18,000–35,000 บาท สภาพคล่องตึงตัวปลายเดือน ต้องการระบบออมเศษเงินอัตโนมัติแบบ Zero-Manual Effort",0.06,MODERATE,FLEXIBLE
ACC_0650,USER_0140,36000.0,657.37,-9073.36,-0.252,0.1846,16079.02,0,0,Paycheck-to-Paycheck Spender,มนุษย์เงินเดือนชนเดือน (สภาพคล่องจำกัดปลายเดือน),"รายได้ 18,000–35,000 บาท สภาพคล่องตึงตัวปลายเดือน ต้องการระบบออมเศษเงินอัตโนมัติแบบ Zero-Manual Effort",0.06,MODERATE,FLEXIBLE
ACC_0651,USER_0141,20000.0,626.85,-22739.21,-1.137,0.2403,7189.55,0,1,High-Yield Seeker Novice,ผู้แสวงหาผลตอบแทนสูง (เสี่ยง Ponzi/แชร์ลูกโซ่สูง),"มีเงินเก็บก้อนแรก 30,000–100,000 บาท มักมองหาผลตอบแทนเร็ว แต่ความเข้าใจความเสี่ยงจำกัด เสี่ยงต่อแอปหลอกลงทุน",0.12,HIGH,MAXIMUM
ACC_0652,USER_0142,32000.0,590.19,-8747.08,-0.2733,0.231,8756.68,0,0,Paycheck-to-Paycheck Spender,มนุษย์เงินเดือนชนเดือน (สภาพคล่องจำกัดปลายเดือน),"รายได้ 18,000–35,000 บาท สภาพคล่องตึงตัวปลายเดือน ต้องการระบบออมเศษเงินอัตโนมัติแบบ Zero-Manual Effort",0.06,MODERATE,FLEXIBLE
ACC_0653,USER_0143,20000.0,555.86,-15978.85,-0.7989,0.2491,9872.71,0,1,High-Yield Seeker Novice,ผู้แสวงหาผลตอบแทนสูง (เสี่ยง Ponzi/แชร์ลูกโซ่สูง),"มีเงินเก็บก้อนแรก 30,000–100,000 บาท มักมองหาผลตอบแทนเร็ว แต่ความเข้าใจความเสี่ยงจำกัด เสี่ยงต่อแอปหลอกลงทุน",0.12,HIGH,MAXIMUM
ACC_0654,USER_0144,24000.0,646.22,-19218.1,-0.8008,0.2538,8367.5,0,1,High-Yield Seeker Novice,ผู้แสวงหาผลตอบแทนสูง (เสี่ยง Ponzi/แชร์ลูกโซ่สูง),"มีเงินเก็บก้อนแรก 30,000–100,000 บาท มักมองหาผลตอบแทนเร็ว แต่ความเข้าใจความเสี่ยงจำกัด เสี่ยงต่อแอปหลอกลงทุน",0.12,HIGH,MAXIMUM
ACC_0655,USER_0145,28000.0,569.23,-11144.15,-0.398,0.2739,5201.38,0,0,Paycheck-to-Paycheck Spender,มนุษย์เงินเดือนชนเดือน (สภาพคล่องจำกัดปลายเดือน),"รายได้ 18,000–35,000 บาท สภาพคล่องตึงตัวปลายเดือน ต้องการระบบออมเศษเงินอัตโนมัติแบบ Zero-Manual Effort",0.06,MODERATE,FLEXIBLE
ACC_0656,USER_0146,24000.0,662.61,-21724.83,-0.9052,0.293,6950.44,0,1,High-Yield Seeker Novice,ผู้แสวงหาผลตอบแทนสูง (เสี่ยง Ponzi/แชร์ลูกโซ่สูง),"มีเงินเก็บก้อนแรก 30,000–100,000 บาท มักมองหาผลตอบแทนเร็ว แต่ความเข้าใจความเสี่ยงจำกัด เสี่ยงต่อแอปหลอกลงทุน",0.12,HIGH,MAXIMUM
ACC_0657,USER_0147,28000.0,574.36,-10270.29,-0.3668,0.2275,8083.94,0,0,Paycheck-to-Paycheck Spender,มนุษย์เงินเดือนชนเดือน (สภาพคล่องจำกัดปลายเดือน),"รายได้ 18,000–35,000 บาท สภาพคล่องตึงตัวปลายเดือน ต้องการระบบออมเศษเงินอัตโนมัติแบบ Zero-Manual Effort",0.06,MODERATE,FLEXIBLE
ACC_0658,USER_0148,36000.0,617.58,-11023.29,-0.3062,0.2494,12503.65,0,0,Paycheck-to-Paycheck Spender,มนุษย์เงินเดือนชนเดือน (สภาพคล่องจำกัดปลายเดือน),"รายได้ 18,000–35,000 บาท สภาพคล่องตึงตัวปลายเดือน ต้องการระบบออมเศษเงินอัตโนมัติแบบ Zero-Manual Effort",0.06,MODERATE,FLEXIBLE
ACC_0659,USER_0149,36000.0,594.36,-12422.63,-0.3451,0.2962,10992.46,0,0,Paycheck-to-Paycheck Spender,มนุษย์เงินเดือนชนเดือน (สภาพคล่องจำกัดปลายเดือน),"รายได้ 18,000–35,000 บาท สภาพคล่องตึงตัวปลายเดือน ต้องการระบบออมเศษเงินอัตโนมัติแบบ Zero-Manual Effort",0.06,MODERATE,FLEXIBLE
ACC_0660,USER_0000,32000.0,618.08,-11777.98,-0.3681,0.2973,13122.61,0,0,Paycheck-to-Paycheck Spender,มนุษย์เงินเดือนชนเดือน (สภาพคล่องจำกัดปลายเดือน),"รายได้ 18,000–35,000 บาท สภาพคล่องตึงตัวปลายเดือน ต้องการระบบออมเศษเงินอัตโนมัติแบบ Zero-Manual Effort",0.06,MODERATE,FLEXIBLE
ACC_0661,USER_0001,36000.0,684.7,-10061.43,-0.2795,0.206,7156.56,0,0,Paycheck-to-Paycheck Spender,มนุษย์เงินเดือนชนเดือน (สภาพคล่องจำกัดปลายเดือน),"รายได้ 18,000–35,000 บาท สภาพคล่องตึงตัวปลายเดือน ต้องการระบบออมเศษเงินอัตโนมัติแบบ Zero-Manual Effort",0.06,MODERATE,FLEXIBLE
ACC_0662,USER_0002,36000.0,624.9,-10122.9,-0.2812,0.2983,2565.85,0,0,Paycheck-to-Paycheck Spender,มนุษย์เงินเดือนชนเดือน (สภาพคล่องจำกัดปลายเดือน),"รายได้ 18,000–35,000 บาท สภาพคล่องตึงตัวปลายเดือน ต้องการระบบออมเศษเงินอัตโนมัติแบบ Zero-Manual Effort",0.06,MODERATE,FLEXIBLE
ACC_0663,USER_0003,20000.0,656.66,-26088.76,-1.3044,0.1687,10091.16,0,1,High-Yield Seeker Novice,ผู้แสวงหาผลตอบแทนสูง (เสี่ยง Ponzi/แชร์ลูกโซ่สูง),"มีเงินเก็บก้อนแรก 30,000–100,000 บาท มักมองหาผลตอบแทนเร็ว แต่ความเข้าใจความเสี่ยงจำกัด เสี่ยงต่อแอปหลอกลงทุน",0.12,HIGH,MAXIMUM
ACC_0664,USER_0004,24000.0,558.39,-7451.24,-0.3105,0.2291,7097.44,0,0,Paycheck-to-Paycheck Spender,มนุษย์เงินเดือนชนเดือน (สภาพคล่องจำกัดปลายเดือน),"รายได้ 18,000–35,000 บาท สภาพคล่องตึงตัวปลายเดือน ต้องการระบบออมเศษเงินอัตโนมัติแบบ Zero-Manual Effort",0.06,MODERATE,FLEXIBLE
ACC_0665,USER_0005,24000.0,610.2,-16078.73,-0.6699,0.251,10944.66,0,1,High-Yield Seeker Novice,ผู้แสวงหาผลตอบแทนสูง (เสี่ยง Ponzi/แชร์ลูกโซ่สูง),"มีเงินเก็บก้อนแรก 30,000–100,000 บาท มักมองหาผลตอบแทนเร็ว แต่ความเข้าใจความเสี่ยงจำกัด เสี่ยงต่อแอปหลอกลงทุน",0.12,HIGH,MAXIMUM
ACC_0666,USER_0006,32000.0,564.54,-8964.84,-0.2802,0.1501,13206.99,0,0,Paycheck-to-Paycheck Spender,มนุษย์เงินเดือนชนเดือน (สภาพคล่องจำกัดปลายเดือน),"รายได้ 18,000–35,000 บาท สภาพคล่องตึงตัวปลายเดือน ต้องการระบบออมเศษเงินอัตโนมัติแบบ Zero-Manual Effort",0.06,MODERATE,FLEXIBLE
ACC_0667,USER_0007,28000.0,596.23,-8076.62,-0.2885,0.2589,9785.77,0,0,Paycheck-to-Paycheck Spender,มนุษย์เงินเดือนชนเดือน (สภาพคล่องจำกัดปลายเดือน),"รายได้ 18,000–35,000 บาท สภาพคล่องตึงตัวปลายเดือน ต้องการระบบออมเศษเงินอัตโนมัติแบบ Zero-Manual Effort",0.06,MODERATE,FLEXIBLE
ACC_0668,USER_0008,36000.0,523.34,-5319.03,-0.1478,0.1147,13724.22,0,0,Paycheck-to-Paycheck Spender,มนุษย์เงินเดือนชนเดือน (สภาพคล่องจำกัดปลายเดือน),"รายได้ 18,000–35,000 บาท สภาพคล่องตึงตัวปลายเดือน ต้องการระบบออมเศษเงินอัตโนมัติแบบ Zero-Manual Effort",0.06,MODERATE,FLEXIBLE
ACC_0669,USER_0009,24000.0,630.06,-15743.2,-0.656,0.2827,11494.34,0,1,High-Yield Seeker Novice,ผู้แสวงหาผลตอบแทนสูง (เสี่ยง Ponzi/แชร์ลูกโซ่สูง),"มีเงินเก็บก้อนแรก 30,000–100,000 บาท มักมองหาผลตอบแทนเร็ว แต่ความเข้าใจความเสี่ยงจำกัด เสี่ยงต่อแอปหลอกลงทุน",0.12,HIGH,MAXIMUM
ACC_0670,USER_0010,32000.0,578.04,-9504.06,-0.297,0.1621,2909.16,0,0,Paycheck-to-Paycheck Spender,มนุษย์เงินเดือนชนเดือน (สภาพคล่องจำกัดปลายเดือน),"รายได้ 18,000–35,000 บาท สภาพคล่องตึงตัวปลายเดือน ต้องการระบบออมเศษเงินอัตโนมัติแบบ Zero-Manual Effort",0.06,MODERATE,FLEXIBLE
ACC_0671,USER_0011,36000.0,603.13,-11350.22,-0.3153,0.2661,13883.08,0,0,Paycheck-to-Paycheck Spender,มนุษย์เงินเดือนชนเดือน (สภาพคล่องจำกัดปลายเดือน),"รายได้ 18,000–35,000 บาท สภาพคล่องตึงตัวปลายเดือน ต้องการระบบออมเศษเงินอัตโนมัติแบบ Zero-Manual Effort",0.06,MODERATE,FLEXIBLE
ACC_0672,USER_0012,24000.0,681.45,-21189.0,-0.8829,0.2616,15278.87,0,1,High-Yield Seeker Novice,ผู้แสวงหาผลตอบแทนสูง (เสี่ยง Ponzi/แชร์ลูกโซ่สูง),"มีเงินเก็บก้อนแรก 30,000–100,000 บาท มักมองหาผลตอบแทนเร็ว แต่ความเข้าใจความเสี่ยงจำกัด เสี่ยงต่อแอปหลอกลงทุน",0.12,HIGH,MAXIMUM
ACC_0673,USER_0013,24000.0,583.76,-12129.29,-0.5054,0.2787,5015.46,0,1,High-Yield Seeker Novice,ผู้แสวงหาผลตอบแทนสูง (เสี่ยง Ponzi/แชร์ลูกโซ่สูง),"มีเงินเก็บก้อนแรก 30,000–100,000 บาท มักมองหาผลตอบแทนเร็ว แต่ความเข้าใจความเสี่ยงจำกัด เสี่ยงต่อแอปหลอกลงทุน",0.12,HIGH,MAXIMUM
ACC_0674,USER_0014,36000.0,602.34,-9776.8,-0.2716,0.2675,6544.76,0,0,Paycheck-to-Paycheck Spender,มนุษย์เงินเดือนชนเดือน (สภาพคล่องจำกัดปลายเดือน),"รายได้ 18,000–35,000 บาท สภาพคล่องตึงตัวปลายเดือน ต้องการระบบออมเศษเงินอัตโนมัติแบบ Zero-Manual Effort",0.06,MODERATE,FLEXIBLE
ACC_0675,USER_0015,28000.0,580.14,-9206.46,-0.3288,0.2627,10235.12,0,0,Paycheck-to-Paycheck Spender,มนุษย์เงินเดือนชนเดือน (สภาพคล่องจำกัดปลายเดือน),"รายได้ 18,000–35,000 บาท สภาพคล่องตึงตัวปลายเดือน ต้องการระบบออมเศษเงินอัตโนมัติแบบ Zero-Manual Effort",0.06,MODERATE,FLEXIBLE
ACC_0676,USER_0016,20000.0,620.72,-20119.51,-1.006,0.189,17951.67,0,1,High-Yield Seeker Novice,ผู้แสวงหาผลตอบแทนสูง (เสี่ยง Ponzi/แชร์ลูกโซ่สูง),"มีเงินเก็บก้อนแรก 30,000–100,000 บาท มักมองหาผลตอบแทนเร็ว แต่ความเข้าใจความเสี่ยงจำกัด เสี่ยงต่อแอปหลอกลงทุน",0.12,HIGH,MAXIMUM
ACC_0677,USER_0017,28000.0,619.41,-10907.7,-0.3896,0.2586,6088.28,0,0,Paycheck-to-Paycheck Spender,มนุษย์เงินเดือนชนเดือน (สภาพคล่องจำกัดปลายเดือน),"รายได้ 18,000–35,000 บาท สภาพคล่องตึงตัวปลายเดือน ต้องการระบบออมเศษเงินอัตโนมัติแบบ Zero-Manual Effort",0.06,MODERATE,FLEXIBLE
ACC_0678,USER_0018,36000.0,653.75,-8724.98,-0.2424,0.2491,10350.25,0,0,Paycheck-to-Paycheck Spender,มนุษย์เงินเดือนชนเดือน (สภาพคล่องจำกัดปลายเดือน),"รายได้ 18,000–35,000 บาท สภาพคล่องตึงตัวปลายเดือน ต้องการระบบออมเศษเงินอัตโนมัติแบบ Zero-Manual Effort",0.06,MODERATE,FLEXIBLE
ACC_0679,USER_0019,28000.0,634.7,-9290.21,-0.3318,0.2931,17583.28,0,0,Paycheck-to-Paycheck Spender,มนุษย์เงินเดือนชนเดือน (สภาพคล่องจำกัดปลายเดือน),"รายได้ 18,000–35,000 บาท สภาพคล่องตึงตัวปลายเดือน ต้องการระบบออมเศษเงินอัตโนมัติแบบ Zero-Manual Effort",0.06,MODERATE,FLEXIBLE
ACC_0680,USER_0020,36000.0,618.23,-7738.1,-0.2149,0.2217,9469.57,0,0,Paycheck-to-Paycheck Spender,มนุษย์เงินเดือนชนเดือน (สภาพคล่องจำกัดปลายเดือน),"รายได้ 18,000–35,000 บาท สภาพคล่องตึงตัวปลายเดือน ต้องการระบบออมเศษเงินอัตโนมัติแบบ Zero-Manual Effort",0.06,MODERATE,FLEXIBLE
ACC_0681,USER_0021,24000.0,627.86,-18466.53,-0.7694,0.2491,4033.12,0,1,High-Yield Seeker Novice,ผู้แสวงหาผลตอบแทนสูง (เสี่ยง Ponzi/แชร์ลูกโซ่สูง),"มีเงินเก็บก้อนแรก 30,000–100,000 บาท มักมองหาผลตอบแทนเร็ว แต่ความเข้าใจความเสี่ยงจำกัด เสี่ยงต่อแอปหลอกลงทุน",0.12,HIGH,MAXIMUM
ACC_0682,USER_0022,32000.0,629.9,-13176.86,-0.4118,0.258,8636.48,0,0,Paycheck-to-Paycheck Spender,มนุษย์เงินเดือนชนเดือน (สภาพคล่องจำกัดปลายเดือน),"รายได้ 18,000–35,000 บาท สภาพคล่องตึงตัวปลายเดือน ต้องการระบบออมเศษเงินอัตโนมัติแบบ Zero-Manual Effort",0.06,MODERATE,FLEXIBLE
ACC_0683,USER_0023,20000.0,565.35,-14143.66,-0.7072,0.2316,5801.36,0,1,High-Yield Seeker Novice,ผู้แสวงหาผลตอบแทนสูง (เสี่ยง Ponzi/แชร์ลูกโซ่สูง),"มีเงินเก็บก้อนแรก 30,000–100,000 บาท มักมองหาผลตอบแทนเร็ว แต่ความเข้าใจความเสี่ยงจำกัด เสี่ยงต่อแอปหลอกลงทุน",0.12,HIGH,MAXIMUM
ACC_0684,USER_0024,36000.0,559.35,-10872.56,-0.302,0.2444,13818.43,0,0,Paycheck-to-Paycheck Spender,มนุษย์เงินเดือนชนเดือน (สภาพคล่องจำกัดปลายเดือน),"รายได้ 18,000–35,000 บาท สภาพคล่องตึงตัวปลายเดือน ต้องการระบบออมเศษเงินอัตโนมัติแบบ Zero-Manual Effort",0.06,MODERATE,FLEXIBLE
ACC_0685,USER_0025,28000.0,683.89,-17111.84,-0.6111,0.2573,11300.29,0,0,Paycheck-to-Paycheck Spender,มนุษย์เงินเดือนชนเดือน (สภาพคล่องจำกัดปลายเดือน),"รายได้ 18,000–35,000 บาท สภาพคล่องตึงตัวปลายเดือน ต้องการระบบออมเศษเงินอัตโนมัติแบบ Zero-Manual Effort",0.06,MODERATE,FLEXIBLE
ACC_0686,USER_0026,36000.0,684.13,-10173.18,-0.2826,0.2337,7167.14,0,0,Paycheck-to-Paycheck Spender,มนุษย์เงินเดือนชนเดือน (สภาพคล่องจำกัดปลายเดือน),"รายได้ 18,000–35,000 บาท สภาพคล่องตึงตัวปลายเดือน ต้องการระบบออมเศษเงินอัตโนมัติแบบ Zero-Manual Effort",0.06,MODERATE,FLEXIBLE
ACC_0687,USER_0027,24000.0,596.07,-11247.94,-0.4687,0.2222,3724.69,0,1,High-Yield Seeker Novice,ผู้แสวงหาผลตอบแทนสูง (เสี่ยง Ponzi/แชร์ลูกโซ่สูง),"มีเงินเก็บก้อนแรก 30,000–100,000 บาท มักมองหาผลตอบแทนเร็ว แต่ความเข้าใจความเสี่ยงจำกัด เสี่ยงต่อแอปหลอกลงทุน",0.12,HIGH,MAXIMUM
ACC_0688,USER_0028,28000.0,585.07,-7897.3,-0.282,0.2098,12969.92,0,0,Paycheck-to-Paycheck Spender,มนุษย์เงินเดือนชนเดือน (สภาพคล่องจำกัดปลายเดือน),"รายได้ 18,000–35,000 บาท สภาพคล่องตึงตัวปลายเดือน ต้องการระบบออมเศษเงินอัตโนมัติแบบ Zero-Manual Effort",0.06,MODERATE,FLEXIBLE
ACC_0689,USER_0029,24000.0,600.09,-14050.69,-0.5854,0.3235,6443.14,0,1,High-Yield Seeker Novice,ผู้แสวงหาผลตอบแทนสูง (เสี่ยง Ponzi/แชร์ลูกโซ่สูง),"มีเงินเก็บก้อนแรก 30,000–100,000 บาท มักมองหาผลตอบแทนเร็ว แต่ความเข้าใจความเสี่ยงจำกัด เสี่ยงต่อแอปหลอกลงทุน",0.12,HIGH,MAXIMUM
ACC_0690,USER_0030,28000.0,652.24,-10408.02,-0.3717,0.2188,11820.63,0,0,Paycheck-to-Paycheck Spender,มนุษย์เงินเดือนชนเดือน (สภาพคล่องจำกัดปลายเดือน),"รายได้ 18,000–35,000 บาท สภาพคล่องตึงตัวปลายเดือน ต้องการระบบออมเศษเงินอัตโนมัติแบบ Zero-Manual Effort",0.06,MODERATE,FLEXIBLE
ACC_0691,USER_0031,36000.0,554.28,-11615.75,-0.3227,0.2492,2733.44,0,0,Paycheck-to-Paycheck Spender,มนุษย์เงินเดือนชนเดือน (สภาพคล่องจำกัดปลายเดือน),"รายได้ 18,000–35,000 บาท สภาพคล่องตึงตัวปลายเดือน ต้องการระบบออมเศษเงินอัตโนมัติแบบ Zero-Manual Effort",0.06,MODERATE,FLEXIBLE
ACC_0692,USER_0032,28000.0,599.66,-9439.02,-0.3371,0.2195,2630.04,0,0,Paycheck-to-Paycheck Spender,มนุษย์เงินเดือนชนเดือน (สภาพคล่องจำกัดปลายเดือน),"รายได้ 18,000–35,000 บาท สภาพคล่องตึงตัวปลายเดือน ต้องการระบบออมเศษเงินอัตโนมัติแบบ Zero-Manual Effort",0.06,MODERATE,FLEXIBLE
ACC_0693,USER_0033,36000.0,645.28,-8056.49,-0.2238,0.174,15817.01,0,0,Paycheck-to-Paycheck Spender,มนุษย์เงินเดือนชนเดือน (สภาพคล่องจำกัดปลายเดือน),"รายได้ 18,000–35,000 บาท สภาพคล่องตึงตัวปลายเดือน ต้องการระบบออมเศษเงินอัตโนมัติแบบ Zero-Manual Effort",0.06,MODERATE,FLEXIBLE
ACC_0694,USER_0034,36000.0,584.73,-10727.41,-0.298,0.2935,16568.94,0,0,Paycheck-to-Paycheck Spender,มนุษย์เงินเดือนชนเดือน (สภาพคล่องจำกัดปลายเดือน),"รายได้ 18,000–35,000 บาท สภาพคล่องตึงตัวปลายเดือน ต้องการระบบออมเศษเงินอัตโนมัติแบบ Zero-Manual Effort",0.06,MODERATE,FLEXIBLE
ACC_0695,USER_0035,28000.0,546.1,-7595.35,-0.2713,0.181,13673.68,0,0,Paycheck-to-Paycheck Spender,มนุษย์เงินเดือนชนเดือน (สภาพคล่องจำกัดปลายเดือน),"รายได้ 18,000–35,000 บาท สภาพคล่องตึงตัวปลายเดือน ต้องการระบบออมเศษเงินอัตโนมัติแบบ Zero-Manual Effort",0.06,MODERATE,FLEXIBLE
ACC_0696,USER_0036,36000.0,605.64,-8662.4,-0.2406,0.2611,14655.67,0,0,Paycheck-to-Paycheck Spender,มนุษย์เงินเดือนชนเดือน (สภาพคล่องจำกัดปลายเดือน),"รายได้ 18,000–35,000 บาท สภาพคล่องตึงตัวปลายเดือน ต้องการระบบออมเศษเงินอัตโนมัติแบบ Zero-Manual Effort",0.06,MODERATE,FLEXIBLE
ACC_0697,USER_0037,24000.0,601.5,-14295.01,-0.5956,0.2094,5167.31,0,1,High-Yield Seeker Novice,ผู้แสวงหาผลตอบแทนสูง (เสี่ยง Ponzi/แชร์ลูกโซ่สูง),"มีเงินเก็บก้อนแรก 30,000–100,000 บาท มักมองหาผลตอบแทนเร็ว แต่ความเข้าใจความเสี่ยงจำกัด เสี่ยงต่อแอปหลอกลงทุน",0.12,HIGH,MAXIMUM
ACC_0698,USER_0038,20000.0,595.73,-19757.61,-0.9879,0.2054,3344.19,0,1,High-Yield Seeker Novice,ผู้แสวงหาผลตอบแทนสูง (เสี่ยง Ponzi/แชร์ลูกโซ่สูง),"มีเงินเก็บก้อนแรก 30,000–100,000 บาท มักมองหาผลตอบแทนเร็ว แต่ความเข้าใจความเสี่ยงจำกัด เสี่ยงต่อแอปหลอกลงทุน",0.12,HIGH,MAXIMUM
ACC_0699,USER_0039,32000.0,594.74,-9819.49,-0.3069,0.2524,3320.76,0,0,Paycheck-to-Paycheck Spender,มนุษย์เงินเดือนชนเดือน (สภาพคล่องจำกัดปลายเดือน),"รายได้ 18,000–35,000 บาท สภาพคล่องตึงตัวปลายเดือน ต้องการระบบออมเศษเงินอัตโนมัติแบบ Zero-Manual Effort",0.06,MODERATE,FLEXIBLE
ACC_0700,USER_0040,24000.0,681.58,-22045.62,-0.9186,0.2289,4504.74,0,1,High-Yield Seeker Novice,ผู้แสวงหาผลตอบแทนสูง (เสี่ยง Ponzi/แชร์ลูกโซ่สูง),"มีเงินเก็บก้อนแรก 30,000–100,000 บาท มักมองหาผลตอบแทนเร็ว แต่ความเข้าใจความเสี่ยงจำกัด เสี่ยงต่อแอปหลอกลงทุน",0.12,HIGH,MAXIMUM
ACC_0701,USER_0041,28000.0,584.79,-9756.08,-0.3484,0.2801,3922.31,0,0,Paycheck-to-Paycheck Spender,มนุษย์เงินเดือนชนเดือน (สภาพคล่องจำกัดปลายเดือน),"รายได้ 18,000–35,000 บาท สภาพคล่องตึงตัวปลายเดือน ต้องการระบบออมเศษเงินอัตโนมัติแบบ Zero-Manual Effort",0.06,MODERATE,FLEXIBLE
ACC_0702,USER_0042,36000.0,629.39,-9580.22,-0.2661,0.1914,4476.39,0,0,Paycheck-to-Paycheck Spender,มนุษย์เงินเดือนชนเดือน (สภาพคล่องจำกัดปลายเดือน),"รายได้ 18,000–35,000 บาท สภาพคล่องตึงตัวปลายเดือน ต้องการระบบออมเศษเงินอัตโนมัติแบบ Zero-Manual Effort",0.06,MODERATE,FLEXIBLE
ACC_0703,USER_0043,20000.0,554.81,-13561.67,-0.6781,0.2122,16988.11,0,1,High-Yield Seeker Novice,ผู้แสวงหาผลตอบแทนสูง (เสี่ยง Ponzi/แชร์ลูกโซ่สูง),"มีเงินเก็บก้อนแรก 30,000–100,000 บาท มักมองหาผลตอบแทนเร็ว แต่ความเข้าใจความเสี่ยงจำกัด เสี่ยงต่อแอปหลอกลงทุน",0.12,HIGH,MAXIMUM
ACC_0704,USER_0044,32000.0,593.95,-9958.25,-0.3112,0.2257,6450.27,0,0,Paycheck-to-Paycheck Spender,มนุษย์เงินเดือนชนเดือน (สภาพคล่องจำกัดปลายเดือน),"รายได้ 18,000–35,000 บาท สภาพคล่องตึงตัวปลายเดือน ต้องการระบบออมเศษเงินอัตโนมัติแบบ Zero-Manual Effort",0.06,MODERATE,FLEXIBLE
ACC_0705,USER_0045,32000.0,681.27,-9813.64,-0.3067,0.2552,11972.67,0,0,Paycheck-to-Paycheck Spender,มนุษย์เงินเดือนชนเดือน (สภาพคล่องจำกัดปลายเดือน),"รายได้ 18,000–35,000 บาท สภาพคล่องตึงตัวปลายเดือน ต้องการระบบออมเศษเงินอัตโนมัติแบบ Zero-Manual Effort",0.06,MODERATE,FLEXIBLE
ACC_0706,USER_0046,28000.0,571.24,-9524.68,-0.3402,0.2158,9511.18,0,0,Paycheck-to-Paycheck Spender,มนุษย์เงินเดือนชนเดือน (สภาพคล่องจำกัดปลายเดือน),"รายได้ 18,000–35,000 บาท สภาพคล่องตึงตัวปลายเดือน ต้องการระบบออมเศษเงินอัตโนมัติแบบ Zero-Manual Effort",0.06,MODERATE,FLEXIBLE
ACC_0707,USER_0047,36000.0,580.43,-8153.22,-0.2265,0.2215,5395.24,0,0,Paycheck-to-Paycheck Spender,มนุษย์เงินเดือนชนเดือน (สภาพคล่องจำกัดปลายเดือน),"รายได้ 18,000–35,000 บาท สภาพคล่องตึงตัวปลายเดือน ต้องการระบบออมเศษเงินอัตโนมัติแบบ Zero-Manual Effort",0.06,MODERATE,FLEXIBLE
ACC_0708,USER_0048,24000.0,609.46,-13042.07,-0.5434,0.2578,2242.41,0,1,High-Yield Seeker Novice,ผู้แสวงหาผลตอบแทนสูง (เสี่ยง Ponzi/แชร์ลูกโซ่สูง),"มีเงินเก็บก้อนแรก 30,000–100,000 บาท มักมองหาผลตอบแทนเร็ว แต่ความเข้าใจความเสี่ยงจำกัด เสี่ยงต่อแอปหลอกลงทุน",0.12,HIGH,MAXIMUM
ACC_0709,USER_0049,36000.0,618.64,-6637.15,-0.1844,0.2469,13982.56,0,0,Paycheck-to-Paycheck Spender,มนุษย์เงินเดือนชนเดือน (สภาพคล่องจำกัดปลายเดือน),"รายได้ 18,000–35,000 บาท สภาพคล่องตึงตัวปลายเดือน ต้องการระบบออมเศษเงินอัตโนมัติแบบ Zero-Manual Effort",0.06,MODERATE,FLEXIBLE
ACC_0710,USER_0050,36000.0,621.09,-9766.09,-0.2713,0.2838,15652.2,0,0,Paycheck-to-Paycheck Spender,มนุษย์เงินเดือนชนเดือน (สภาพคล่องจำกัดปลายเดือน),"รายได้ 18,000–35,000 บาท สภาพคล่องตึงตัวปลายเดือน ต้องการระบบออมเศษเงินอัตโนมัติแบบ Zero-Manual Effort",0.06,MODERATE,FLEXIBLE
ACC_0711,USER_0051,20000.0,630.72,-23141.06,-1.1571,0.1649,10917.7,0,1,High-Yield Seeker Novice,ผู้แสวงหาผลตอบแทนสูง (เสี่ยง Ponzi/แชร์ลูกโซ่สูง),"มีเงินเก็บก้อนแรก 30,000–100,000 บาท มักมองหาผลตอบแทนเร็ว แต่ความเข้าใจความเสี่ยงจำกัด เสี่ยงต่อแอปหลอกลงทุน",0.12,HIGH,MAXIMUM
ACC_0712,USER_0052,28000.0,637.32,-8728.89,-0.3117,0.1736,12699.16,0,0,Paycheck-to-Paycheck Spender,มนุษย์เงินเดือนชนเดือน (สภาพคล่องจำกัดปลายเดือน),"รายได้ 18,000–35,000 บาท สภาพคล่องตึงตัวปลายเดือน ต้องการระบบออมเศษเงินอัตโนมัติแบบ Zero-Manual Effort",0.06,MODERATE,FLEXIBLE
ACC_0713,USER_0053,28000.0,664.2,-11381.88,-0.4065,0.2227,17698.32,0,0,Paycheck-to-Paycheck Spender,มนุษย์เงินเดือนชนเดือน (สภาพคล่องจำกัดปลายเดือน),"รายได้ 18,000–35,000 บาท สภาพคล่องตึงตัวปลายเดือน ต้องการระบบออมเศษเงินอัตโนมัติแบบ Zero-Manual Effort",0.06,MODERATE,FLEXIBLE
ACC_0714,USER_0054,32000.0,566.37,-7695.41,-0.2405,0.2022,10273.03,0,0,Paycheck-to-Paycheck Spender,มนุษย์เงินเดือนชนเดือน (สภาพคล่องจำกัดปลายเดือน),"รายได้ 18,000–35,000 บาท สภาพคล่องตึงตัวปลายเดือน ต้องการระบบออมเศษเงินอัตโนมัติแบบ Zero-Manual Effort",0.06,MODERATE,FLEXIBLE
ACC_0715,USER_0055,24000.0,573.3,-7806.32,-0.3253,0.2168,8304.76,0,0,Paycheck-to-Paycheck Spender,มนุษย์เงินเดือนชนเดือน (สภาพคล่องจำกัดปลายเดือน),"รายได้ 18,000–35,000 บาท สภาพคล่องตึงตัวปลายเดือน ต้องการระบบออมเศษเงินอัตโนมัติแบบ Zero-Manual Effort",0.06,MODERATE,FLEXIBLE
ACC_0716,USER_0056,24000.0,537.15,-9922.93,-0.4135,0.2243,7526.84,0,1,High-Yield Seeker Novice,ผู้แสวงหาผลตอบแทนสูง (เสี่ยง Ponzi/แชร์ลูกโซ่สูง),"มีเงินเก็บก้อนแรก 30,000–100,000 บาท มักมองหาผลตอบแทนเร็ว แต่ความเข้าใจความเสี่ยงจำกัด เสี่ยงต่อแอปหลอกลงทุน",0.12,HIGH,MAXIMUM
ACC_0717,USER_0057,28000.0,546.6,-8172.39,-0.2919,0.2374,12429.18,0,0,Paycheck-to-Paycheck Spender,มนุษย์เงินเดือนชนเดือน (สภาพคล่องจำกัดปลายเดือน),"รายได้ 18,000–35,000 บาท สภาพคล่องตึงตัวปลายเดือน ต้องการระบบออมเศษเงินอัตโนมัติแบบ Zero-Manual Effort",0.06,MODERATE,FLEXIBLE
ACC_0718,USER_0058,36000.0,633.13,-9388.92,-0.2608,0.2531,4230.32,0,0,Paycheck-to-Paycheck Spender,มนุษย์เงินเดือนชนเดือน (สภาพคล่องจำกัดปลายเดือน),"รายได้ 18,000–35,000 บาท สภาพคล่องตึงตัวปลายเดือน ต้องการระบบออมเศษเงินอัตโนมัติแบบ Zero-Manual Effort",0.06,MODERATE,FLEXIBLE
ACC_0719,USER_0059,24000.0,602.32,-15075.07,-0.6281,0.2398,12966.29,0,1,High-Yield Seeker Novice,ผู้แสวงหาผลตอบแทนสูง (เสี่ยง Ponzi/แชร์ลูกโซ่สูง),"มีเงินเก็บก้อนแรก 30,000–100,000 บาท มักมองหาผลตอบแทนเร็ว แต่ความเข้าใจความเสี่ยงจำกัด เสี่ยงต่อแอปหลอกลงทุน",0.12,HIGH,MAXIMUM
ACC_0720,USER_0060,20000.0,607.84,-20379.78,-1.019,0.2331,11724.34,0,1,High-Yield Seeker Novice,ผู้แสวงหาผลตอบแทนสูง (เสี่ยง Ponzi/แชร์ลูกโซ่สูง),"มีเงินเก็บก้อนแรก 30,000–100,000 บาท มักมองหาผลตอบแทนเร็ว แต่ความเข้าใจความเสี่ยงจำกัด เสี่ยงต่อแอปหลอกลงทุน",0.12,HIGH,MAXIMUM
ACC_0721,USER_0061,32000.0,572.95,-8581.12,-0.2682,0.2057,3171.03,0,0,Paycheck-to-Paycheck Spender,มนุษย์เงินเดือนชนเดือน (สภาพคล่องจำกัดปลายเดือน),"รายได้ 18,000–35,000 บาท สภาพคล่องตึงตัวปลายเดือน ต้องการระบบออมเศษเงินอัตโนมัติแบบ Zero-Manual Effort",0.06,MODERATE,FLEXIBLE
ACC_0722,USER_0062,28000.0,670.92,-12793.21,-0.4569,0.218,4166.84,0,0,Paycheck-to-Paycheck Spender,มนุษย์เงินเดือนชนเดือน (สภาพคล่องจำกัดปลายเดือน),"รายได้ 18,000–35,000 บาท สภาพคล่องตึงตัวปลายเดือน ต้องการระบบออมเศษเงินอัตโนมัติแบบ Zero-Manual Effort",0.06,MODERATE,FLEXIBLE
ACC_0723,USER_0063,32000.0,581.58,-10467.42,-0.3271,0.266,5566.3,0,0,Paycheck-to-Paycheck Spender,มนุษย์เงินเดือนชนเดือน (สภาพคล่องจำกัดปลายเดือน),"รายได้ 18,000–35,000 บาท สภาพคล่องตึงตัวปลายเดือน ต้องการระบบออมเศษเงินอัตโนมัติแบบ Zero-Manual Effort",0.06,MODERATE,FLEXIBLE
ACC_0724,USER_0064,28000.0,662.49,-13322.17,-0.4758,0.2736,16194.52,0,0,Paycheck-to-Paycheck Spender,มนุษย์เงินเดือนชนเดือน (สภาพคล่องจำกัดปลายเดือน),"รายได้ 18,000–35,000 บาท สภาพคล่องตึงตัวปลายเดือน ต้องการระบบออมเศษเงินอัตโนมัติแบบ Zero-Manual Effort",0.06,MODERATE,FLEXIBLE
ACC_0725,USER_0065,24000.0,567.52,-11012.17,-0.4588,0.3006,9927.24,0,1,High-Yield Seeker Novice,ผู้แสวงหาผลตอบแทนสูง (เสี่ยง Ponzi/แชร์ลูกโซ่สูง),"มีเงินเก็บก้อนแรก 30,000–100,000 บาท มักมองหาผลตอบแทนเร็ว แต่ความเข้าใจความเสี่ยงจำกัด เสี่ยงต่อแอปหลอกลงทุน",0.12,HIGH,MAXIMUM
ACC_0726,USER_0066,32000.0,640.66,-10774.06,-0.3367,0.2795,14497.29,0,0,Paycheck-to-Paycheck Spender,มนุษย์เงินเดือนชนเดือน (สภาพคล่องจำกัดปลายเดือน),"รายได้ 18,000–35,000 บาท สภาพคล่องตึงตัวปลายเดือน ต้องการระบบออมเศษเงินอัตโนมัติแบบ Zero-Manual Effort",0.06,MODERATE,FLEXIBLE
ACC_0727,USER_0067,20000.0,557.06,-11232.69,-0.5616,0.1738,2589.64,0,1,High-Yield Seeker Novice,ผู้แสวงหาผลตอบแทนสูง (เสี่ยง Ponzi/แชร์ลูกโซ่สูง),"มีเงินเก็บก้อนแรก 30,000–100,000 บาท มักมองหาผลตอบแทนเร็ว แต่ความเข้าใจความเสี่ยงจำกัด เสี่ยงต่อแอปหลอกลงทุน",0.12,HIGH,MAXIMUM
ACC_0728,USER_0068,32000.0,691.61,-12652.82,-0.3954,0.2699,2200.28,0,0,Paycheck-to-Paycheck Spender,มนุษย์เงินเดือนชนเดือน (สภาพคล่องจำกัดปลายเดือน),"รายได้ 18,000–35,000 บาท สภาพคล่องตึงตัวปลายเดือน ต้องการระบบออมเศษเงินอัตโนมัติแบบ Zero-Manual Effort",0.06,MODERATE,FLEXIBLE
ACC_0729,USER_0069,28000.0,620.73,-9023.74,-0.3223,0.2781,2543.06,0,0,Paycheck-to-Paycheck Spender,มนุษย์เงินเดือนชนเดือน (สภาพคล่องจำกัดปลายเดือน),"รายได้ 18,000–35,000 บาท สภาพคล่องตึงตัวปลายเดือน ต้องการระบบออมเศษเงินอัตโนมัติแบบ Zero-Manual Effort",0.06,MODERATE,FLEXIBLE
ACC_0730,USER_0070,28000.0,561.11,-11192.7,-0.3997,0.2697,6855.99,0,0,Paycheck-to-Paycheck Spender,มนุษย์เงินเดือนชนเดือน (สภาพคล่องจำกัดปลายเดือน),"รายได้ 18,000–35,000 บาท สภาพคล่องตึงตัวปลายเดือน ต้องการระบบออมเศษเงินอัตโนมัติแบบ Zero-Manual Effort",0.06,MODERATE,FLEXIBLE
ACC_0731,USER_0071,32000.0,637.3,-9465.48,-0.2958,0.1937,8692.79,0,0,Paycheck-to-Paycheck Spender,มนุษย์เงินเดือนชนเดือน (สภาพคล่องจำกัดปลายเดือน),"รายได้ 18,000–35,000 บาท สภาพคล่องตึงตัวปลายเดือน ต้องการระบบออมเศษเงินอัตโนมัติแบบ Zero-Manual Effort",0.06,MODERATE,FLEXIBLE
ACC_0732,USER_0072,32000.0,638.68,-9406.56,-0.294,0.2109,16622.96,0,0,Paycheck-to-Paycheck Spender,มนุษย์เงินเดือนชนเดือน (สภาพคล่องจำกัดปลายเดือน),"รายได้ 18,000–35,000 บาท สภาพคล่องตึงตัวปลายเดือน ต้องการระบบออมเศษเงินอัตโนมัติแบบ Zero-Manual Effort",0.06,MODERATE,FLEXIBLE
ACC_0733,USER_0073,28000.0,645.23,-10947.73,-0.391,0.2815,14828.6,0,0,Paycheck-to-Paycheck Spender,มนุษย์เงินเดือนชนเดือน (สภาพคล่องจำกัดปลายเดือน),"รายได้ 18,000–35,000 บาท สภาพคล่องตึงตัวปลายเดือน ต้องการระบบออมเศษเงินอัตโนมัติแบบ Zero-Manual Effort",0.06,MODERATE,FLEXIBLE
ACC_0734,USER_0074,24000.0,613.66,-13209.55,-0.5504,0.2086,14647.77,0,1,High-Yield Seeker Novice,ผู้แสวงหาผลตอบแทนสูง (เสี่ยง Ponzi/แชร์ลูกโซ่สูง),"มีเงินเก็บก้อนแรก 30,000–100,000 บาท มักมองหาผลตอบแทนเร็ว แต่ความเข้าใจความเสี่ยงจำกัด เสี่ยงต่อแอปหลอกลงทุน",0.12,HIGH,MAXIMUM
ACC_0735,USER_0075,20000.0,554.35,-14713.44,-0.7357,0.2257,12844.41,0,1,High-Yield Seeker Novice,ผู้แสวงหาผลตอบแทนสูง (เสี่ยง Ponzi/แชร์ลูกโซ่สูง),"มีเงินเก็บก้อนแรก 30,000–100,000 บาท มักมองหาผลตอบแทนเร็ว แต่ความเข้าใจความเสี่ยงจำกัด เสี่ยงต่อแอปหลอกลงทุน",0.12,HIGH,MAXIMUM
ACC_0736,USER_0076,36000.0,582.86,-9995.24,-0.2776,0.2365,8541.42,0,0,Paycheck-to-Paycheck Spender,มนุษย์เงินเดือนชนเดือน (สภาพคล่องจำกัดปลายเดือน),"รายได้ 18,000–35,000 บาท สภาพคล่องตึงตัวปลายเดือน ต้องการระบบออมเศษเงินอัตโนมัติแบบ Zero-Manual Effort",0.06,MODERATE,FLEXIBLE
ACC_0737,USER_0077,36000.0,637.7,-10021.65,-0.2784,0.2955,7443.59,0,0,Paycheck-to-Paycheck Spender,มนุษย์เงินเดือนชนเดือน (สภาพคล่องจำกัดปลายเดือน),"รายได้ 18,000–35,000 บาท สภาพคล่องตึงตัวปลายเดือน ต้องการระบบออมเศษเงินอัตโนมัติแบบ Zero-Manual Effort",0.06,MODERATE,FLEXIBLE
ACC_0738,USER_0078,20000.0,614.68,-21204.17,-1.0602,0.257,7500.43,0,1,High-Yield Seeker Novice,ผู้แสวงหาผลตอบแทนสูง (เสี่ยง Ponzi/แชร์ลูกโซ่สูง),"มีเงินเก็บก้อนแรก 30,000–100,000 บาท มักมองหาผลตอบแทนเร็ว แต่ความเข้าใจความเสี่ยงจำกัด เสี่ยงต่อแอปหลอกลงทุน",0.12,HIGH,MAXIMUM
ACC_0739,USER_0079,36000.0,553.41,-9508.11,-0.2641,0.2785,16153.63,0,0,Paycheck-to-Paycheck Spender,มนุษย์เงินเดือนชนเดือน (สภาพคล่องจำกัดปลายเดือน),"รายได้ 18,000–35,000 บาท สภาพคล่องตึงตัวปลายเดือน ต้องการระบบออมเศษเงินอัตโนมัติแบบ Zero-Manual Effort",0.06,MODERATE,FLEXIBLE
ACC_0740,USER_0080,36000.0,607.42,-8060.38,-0.2239,0.2005,11300.22,0,0,Paycheck-to-Paycheck Spender,มนุษย์เงินเดือนชนเดือน (สภาพคล่องจำกัดปลายเดือน),"รายได้ 18,000–35,000 บาท สภาพคล่องตึงตัวปลายเดือน ต้องการระบบออมเศษเงินอัตโนมัติแบบ Zero-Manual Effort",0.06,MODERATE,FLEXIBLE
ACC_0741,USER_0081,20000.0,634.91,-24672.96,-1.2336,0.2753,11461.85,0,1,High-Yield Seeker Novice,ผู้แสวงหาผลตอบแทนสูง (เสี่ยง Ponzi/แชร์ลูกโซ่สูง),"มีเงินเก็บก้อนแรก 30,000–100,000 บาท มักมองหาผลตอบแทนเร็ว แต่ความเข้าใจความเสี่ยงจำกัด เสี่ยงต่อแอปหลอกลงทุน",0.12,HIGH,MAXIMUM
ACC_0742,USER_0082,28000.0,613.24,-8894.05,-0.3176,0.2405,2020.53,0,0,Paycheck-to-Paycheck Spender,มนุษย์เงินเดือนชนเดือน (สภาพคล่องจำกัดปลายเดือน),"รายได้ 18,000–35,000 บาท สภาพคล่องตึงตัวปลายเดือน ต้องการระบบออมเศษเงินอัตโนมัติแบบ Zero-Manual Effort",0.06,MODERATE,FLEXIBLE
ACC_0743,USER_0083,36000.0,626.15,-8888.03,-0.2469,0.1898,15319.05,0,0,Paycheck-to-Paycheck Spender,มนุษย์เงินเดือนชนเดือน (สภาพคล่องจำกัดปลายเดือน),"รายได้ 18,000–35,000 บาท สภาพคล่องตึงตัวปลายเดือน ต้องการระบบออมเศษเงินอัตโนมัติแบบ Zero-Manual Effort",0.06,MODERATE,FLEXIBLE
ACC_0744,USER_0084,32000.0,614.24,-9044.85,-0.2827,0.1863,6395.96,0,0,Paycheck-to-Paycheck Spender,มนุษย์เงินเดือนชนเดือน (สภาพคล่องจำกัดปลายเดือน),"รายได้ 18,000–35,000 บาท สภาพคล่องตึงตัวปลายเดือน ต้องการระบบออมเศษเงินอัตโนมัติแบบ Zero-Manual Effort",0.06,MODERATE,FLEXIBLE
ACC_0745,USER_0085,24000.0,595.74,-10057.54,-0.4191,0.2645,17280.32,0,1,High-Yield Seeker Novice,ผู้แสวงหาผลตอบแทนสูง (เสี่ยง Ponzi/แชร์ลูกโซ่สูง),"มีเงินเก็บก้อนแรก 30,000–100,000 บาท มักมองหาผลตอบแทนเร็ว แต่ความเข้าใจความเสี่ยงจำกัด เสี่ยงต่อแอปหลอกลงทุน",0.12,HIGH,MAXIMUM
ACC_0746,USER_0086,24000.0,540.99,-10863.3,-0.4526,0.2156,15373.98,0,1,High-Yield Seeker Novice,ผู้แสวงหาผลตอบแทนสูง (เสี่ยง Ponzi/แชร์ลูกโซ่สูง),"มีเงินเก็บก้อนแรก 30,000–100,000 บาท มักมองหาผลตอบแทนเร็ว แต่ความเข้าใจความเสี่ยงจำกัด เสี่ยงต่อแอปหลอกลงทุน",0.12,HIGH,MAXIMUM
ACC_0747,USER_0087,36000.0,584.67,-8072.0,-0.2242,0.2073,8826.76,0,0,Paycheck-to-Paycheck Spender,มนุษย์เงินเดือนชนเดือน (สภาพคล่องจำกัดปลายเดือน),"รายได้ 18,000–35,000 บาท สภาพคล่องตึงตัวปลายเดือน ต้องการระบบออมเศษเงินอัตโนมัติแบบ Zero-Manual Effort",0.06,MODERATE,FLEXIBLE
ACC_0748,USER_0088,24000.0,554.85,-9464.05,-0.3943,0.193,16734.31,0,1,High-Yield Seeker Novice,ผู้แสวงหาผลตอบแทนสูง (เสี่ยง Ponzi/แชร์ลูกโซ่สูง),"มีเงินเก็บก้อนแรก 30,000–100,000 บาท มักมองหาผลตอบแทนเร็ว แต่ความเข้าใจความเสี่ยงจำกัด เสี่ยงต่อแอปหลอกลงทุน",0.12,HIGH,MAXIMUM
ACC_0749,USER_0089,36000.0,641.46,-10898.29,-0.3027,0.2874,14331.97,0,0,Paycheck-to-Paycheck Spender,มนุษย์เงินเดือนชนเดือน (สภาพคล่องจำกัดปลายเดือน),"รายได้ 18,000–35,000 บาท สภาพคล่องตึงตัวปลายเดือน ต้องการระบบออมเศษเงินอัตโนมัติแบบ Zero-Manual Effort",0.06,MODERATE,FLEXIBLE
ACC_0750,USER_0090,20000.0,682.37,-31174.33,-1.5587,0.2155,17334.69,0,1,High-Yield Seeker Novice,ผู้แสวงหาผลตอบแทนสูง (เสี่ยง Ponzi/แชร์ลูกโซ่สูง),"มีเงินเก็บก้อนแรก 30,000–100,000 บาท มักมองหาผลตอบแทนเร็ว แต่ความเข้าใจความเสี่ยงจำกัด เสี่ยงต่อแอปหลอกลงทุน",0.12,HIGH,MAXIMUM
ACC_0751,USER_0091,32000.0,564.01,-8444.32,-0.2639,0.2859,7409.08,0,0,Paycheck-to-Paycheck Spender,มนุษย์เงินเดือนชนเดือน (สภาพคล่องจำกัดปลายเดือน),"รายได้ 18,000–35,000 บาท สภาพคล่องตึงตัวปลายเดือน ต้องการระบบออมเศษเงินอัตโนมัติแบบ Zero-Manual Effort",0.06,MODERATE,FLEXIBLE
ACC_0752,USER_0092,32000.0,577.47,-12735.33,-0.398,0.2468,2306.35,0,0,Paycheck-to-Paycheck Spender,มนุษย์เงินเดือนชนเดือน (สภาพคล่องจำกัดปลายเดือน),"รายได้ 18,000–35,000 บาท สภาพคล่องตึงตัวปลายเดือน ต้องการระบบออมเศษเงินอัตโนมัติแบบ Zero-Manual Effort",0.06,MODERATE,FLEXIBLE
ACC_0753,USER_0093,20000.0,647.18,-28072.93,-1.4036,0.2868,6672.68,0,1,High-Yield Seeker Novice,ผู้แสวงหาผลตอบแทนสูง (เสี่ยง Ponzi/แชร์ลูกโซ่สูง),"มีเงินเก็บก้อนแรก 30,000–100,000 บาท มักมองหาผลตอบแทนเร็ว แต่ความเข้าใจความเสี่ยงจำกัด เสี่ยงต่อแอปหลอกลงทุน",0.12,HIGH,MAXIMUM
ACC_0754,USER_0094,20000.0,629.01,-25691.59,-1.2846,0.2197,12892.3,0,1,High-Yield Seeker Novice,ผู้แสวงหาผลตอบแทนสูง (เสี่ยง Ponzi/แชร์ลูกโซ่สูง),"มีเงินเก็บก้อนแรก 30,000–100,000 บาท มักมองหาผลตอบแทนเร็ว แต่ความเข้าใจความเสี่ยงจำกัด เสี่ยงต่อแอปหลอกลงทุน",0.12,HIGH,MAXIMUM
ACC_0755,USER_0095,20000.0,598.3,-19351.28,-0.9676,0.2141,16095.35,0,1,High-Yield Seeker Novice,ผู้แสวงหาผลตอบแทนสูง (เสี่ยง Ponzi/แชร์ลูกโซ่สูง),"มีเงินเก็บก้อนแรก 30,000–100,000 บาท มักมองหาผลตอบแทนเร็ว แต่ความเข้าใจความเสี่ยงจำกัด เสี่ยงต่อแอปหลอกลงทุน",0.12,HIGH,MAXIMUM
ACC_0756,USER_0096,24000.0,599.79,-13720.25,-0.5717,0.1925,17895.9,0,1,High-Yield Seeker Novice,ผู้แสวงหาผลตอบแทนสูง (เสี่ยง Ponzi/แชร์ลูกโซ่สูง),"มีเงินเก็บก้อนแรก 30,000–100,000 บาท มักมองหาผลตอบแทนเร็ว แต่ความเข้าใจความเสี่ยงจำกัด เสี่ยงต่อแอปหลอกลงทุน",0.12,HIGH,MAXIMUM
ACC_0757,USER_0097,28000.0,584.78,-8990.13,-0.3211,0.2013,17154.74,0,0,Paycheck-to-Paycheck Spender,มนุษย์เงินเดือนชนเดือน (สภาพคล่องจำกัดปลายเดือน),"รายได้ 18,000–35,000 บาท สภาพคล่องตึงตัวปลายเดือน ต้องการระบบออมเศษเงินอัตโนมัติแบบ Zero-Manual Effort",0.06,MODERATE,FLEXIBLE
ACC_0758,USER_0098,36000.0,605.27,-12153.62,-0.3376,0.2741,6920.13,0,0,Paycheck-to-Paycheck Spender,มนุษย์เงินเดือนชนเดือน (สภาพคล่องจำกัดปลายเดือน),"รายได้ 18,000–35,000 บาท สภาพคล่องตึงตัวปลายเดือน ต้องการระบบออมเศษเงินอัตโนมัติแบบ Zero-Manual Effort",0.06,MODERATE,FLEXIBLE
ACC_0759,USER_0099,20000.0,607.81,-21833.02,-1.0917,0.2185,9338.93,0,1,High-Yield Seeker Novice,ผู้แสวงหาผลตอบแทนสูง (เสี่ยง Ponzi/แชร์ลูกโซ่สูง),"มีเงินเก็บก้อนแรก 30,000–100,000 บาท มักมองหาผลตอบแทนเร็ว แต่ความเข้าใจความเสี่ยงจำกัด เสี่ยงต่อแอปหลอกลงทุน",0.12,HIGH,MAXIMUM
ACC_0760,USER_0100,24000.0,624.73,-16326.81,-0.6803,0.2188,3993.49,0,1,High-Yield Seeker Novice,ผู้แสวงหาผลตอบแทนสูง (เสี่ยง Ponzi/แชร์ลูกโซ่สูง),"มีเงินเก็บก้อนแรก 30,000–100,000 บาท มักมองหาผลตอบแทนเร็ว แต่ความเข้าใจความเสี่ยงจำกัด เสี่ยงต่อแอปหลอกลงทุน",0.12,HIGH,MAXIMUM
ACC_0761,USER_0101,36000.0,595.56,-12694.04,-0.3526,0.2358,6218.38,0,0,Paycheck-to-Paycheck Spender,มนุษย์เงินเดือนชนเดือน (สภาพคล่องจำกัดปลายเดือน),"รายได้ 18,000–35,000 บาท สภาพคล่องตึงตัวปลายเดือน ต้องการระบบออมเศษเงินอัตโนมัติแบบ Zero-Manual Effort",0.06,MODERATE,FLEXIBLE
ACC_0762,USER_0102,20000.0,594.44,-19057.47,-0.9529,0.2124,12880.99,0,1,High-Yield Seeker Novice,ผู้แสวงหาผลตอบแทนสูง (เสี่ยง Ponzi/แชร์ลูกโซ่สูง),"มีเงินเก็บก้อนแรก 30,000–100,000 บาท มักมองหาผลตอบแทนเร็ว แต่ความเข้าใจความเสี่ยงจำกัด เสี่ยงต่อแอปหลอกลงทุน",0.12,HIGH,MAXIMUM
ACC_0763,USER_0103,32000.0,667.23,-12619.99,-0.3944,0.2975,2923.49,0,0,Paycheck-to-Paycheck Spender,มนุษย์เงินเดือนชนเดือน (สภาพคล่องจำกัดปลายเดือน),"รายได้ 18,000–35,000 บาท สภาพคล่องตึงตัวปลายเดือน ต้องการระบบออมเศษเงินอัตโนมัติแบบ Zero-Manual Effort",0.06,MODERATE,FLEXIBLE
ACC_0764,USER_0104,24000.0,585.08,-10934.03,-0.4556,0.1956,9420.13,0,1,High-Yield Seeker Novice,ผู้แสวงหาผลตอบแทนสูง (เสี่ยง Ponzi/แชร์ลูกโซ่สูง),"มีเงินเก็บก้อนแรก 30,000–100,000 บาท มักมองหาผลตอบแทนเร็ว แต่ความเข้าใจความเสี่ยงจำกัด เสี่ยงต่อแอปหลอกลงทุน",0.12,HIGH,MAXIMUM
ACC_0765,USER_0105,28000.0,641.08,-10121.42,-0.3615,0.2287,9619.67,0,0,Paycheck-to-Paycheck Spender,มนุษย์เงินเดือนชนเดือน (สภาพคล่องจำกัดปลายเดือน),"รายได้ 18,000–35,000 บาท สภาพคล่องตึงตัวปลายเดือน ต้องการระบบออมเศษเงินอัตโนมัติแบบ Zero-Manual Effort",0.06,MODERATE,FLEXIBLE
ACC_0766,USER_0106,20000.0,541.29,-13242.89,-0.6621,0.2314,11425.34,0,1,High-Yield Seeker Novice,ผู้แสวงหาผลตอบแทนสูง (เสี่ยง Ponzi/แชร์ลูกโซ่สูง),"มีเงินเก็บก้อนแรก 30,000–100,000 บาท มักมองหาผลตอบแทนเร็ว แต่ความเข้าใจความเสี่ยงจำกัด เสี่ยงต่อแอปหลอกลงทุน",0.12,HIGH,MAXIMUM
ACC_0767,USER_0107,24000.0,633.8,-15498.9,-0.6458,0.19,2199.64,0,1,High-Yield Seeker Novice,ผู้แสวงหาผลตอบแทนสูง (เสี่ยง Ponzi/แชร์ลูกโซ่สูง),"มีเงินเก็บก้อนแรก 30,000–100,000 บาท มักมองหาผลตอบแทนเร็ว แต่ความเข้าใจความเสี่ยงจำกัด เสี่ยงต่อแอปหลอกลงทุน",0.12,HIGH,MAXIMUM
ACC_0768,USER_0108,24000.0,601.94,-11935.62,-0.4973,0.2526,11811.42,0,1,High-Yield Seeker Novice,ผู้แสวงหาผลตอบแทนสูง (เสี่ยง Ponzi/แชร์ลูกโซ่สูง),"มีเงินเก็บก้อนแรก 30,000–100,000 บาท มักมองหาผลตอบแทนเร็ว แต่ความเข้าใจความเสี่ยงจำกัด เสี่ยงต่อแอปหลอกลงทุน",0.12,HIGH,MAXIMUM
ACC_0769,USER_0109,24000.0,632.0,-19430.48,-0.8096,0.2678,4972.86,0,1,High-Yield Seeker Novice,ผู้แสวงหาผลตอบแทนสูง (เสี่ยง Ponzi/แชร์ลูกโซ่สูง),"มีเงินเก็บก้อนแรก 30,000–100,000 บาท มักมองหาผลตอบแทนเร็ว แต่ความเข้าใจความเสี่ยงจำกัด เสี่ยงต่อแอปหลอกลงทุน",0.12,HIGH,MAXIMUM
ACC_0770,USER_0110,24000.0,571.45,-7813.27,-0.3256,0.1423,12233.61,0,0,Paycheck-to-Paycheck Spender,มนุษย์เงินเดือนชนเดือน (สภาพคล่องจำกัดปลายเดือน),"รายได้ 18,000–35,000 บาท สภาพคล่องตึงตัวปลายเดือน ต้องการระบบออมเศษเงินอัตโนมัติแบบ Zero-Manual Effort",0.06,MODERATE,FLEXIBLE
ACC_0771,USER_0111,36000.0,594.49,-9878.37,-0.2744,0.2843,8087.25,0,0,Paycheck-to-Paycheck Spender,มนุษย์เงินเดือนชนเดือน (สภาพคล่องจำกัดปลายเดือน),"รายได้ 18,000–35,000 บาท สภาพคล่องตึงตัวปลายเดือน ต้องการระบบออมเศษเงินอัตโนมัติแบบ Zero-Manual Effort",0.06,MODERATE,FLEXIBLE
ACC_0772,USER_0112,20000.0,584.21,-17563.18,-0.8782,0.2607,6267.96,0,1,High-Yield Seeker Novice,ผู้แสวงหาผลตอบแทนสูง (เสี่ยง Ponzi/แชร์ลูกโซ่สูง),"มีเงินเก็บก้อนแรก 30,000–100,000 บาท มักมองหาผลตอบแทนเร็ว แต่ความเข้าใจความเสี่ยงจำกัด เสี่ยงต่อแอปหลอกลงทุน",0.12,HIGH,MAXIMUM
ACC_0773,USER_0113,36000.0,569.47,-5857.0,-0.1627,0.1481,16284.16,0,0,Paycheck-to-Paycheck Spender,มนุษย์เงินเดือนชนเดือน (สภาพคล่องจำกัดปลายเดือน),"รายได้ 18,000–35,000 บาท สภาพคล่องตึงตัวปลายเดือน ต้องการระบบออมเศษเงินอัตโนมัติแบบ Zero-Manual Effort",0.06,MODERATE,FLEXIBLE
ACC_0774,USER_0114,28000.0,683.55,-14596.72,-0.5213,0.2601,16024.58,0,0,Paycheck-to-Paycheck Spender,มนุษย์เงินเดือนชนเดือน (สภาพคล่องจำกัดปลายเดือน),"รายได้ 18,000–35,000 บาท สภาพคล่องตึงตัวปลายเดือน ต้องการระบบออมเศษเงินอัตโนมัติแบบ Zero-Manual Effort",0.06,MODERATE,FLEXIBLE
ACC_0775,USER_0115,36000.0,584.84,-7845.83,-0.2179,0.256,8011.76,0,0,Paycheck-to-Paycheck Spender,มนุษย์เงินเดือนชนเดือน (สภาพคล่องจำกัดปลายเดือน),"รายได้ 18,000–35,000 บาท สภาพคล่องตึงตัวปลายเดือน ต้องการระบบออมเศษเงินอัตโนมัติแบบ Zero-Manual Effort",0.06,MODERATE,FLEXIBLE
ACC_0776,USER_0116,28000.0,648.89,-10578.34,-0.3778,0.1849,14082.24,0,0,Paycheck-to-Paycheck Spender,มนุษย์เงินเดือนชนเดือน (สภาพคล่องจำกัดปลายเดือน),"รายได้ 18,000–35,000 บาท สภาพคล่องตึงตัวปลายเดือน ต้องการระบบออมเศษเงินอัตโนมัติแบบ Zero-Manual Effort",0.06,MODERATE,FLEXIBLE
ACC_0777,USER_0117,32000.0,645.56,-8487.29,-0.2652,0.2135,4442.62,0,0,Paycheck-to-Paycheck Spender,มนุษย์เงินเดือนชนเดือน (สภาพคล่องจำกัดปลายเดือน),"รายได้ 18,000–35,000 บาท สภาพคล่องตึงตัวปลายเดือน ต้องการระบบออมเศษเงินอัตโนมัติแบบ Zero-Manual Effort",0.06,MODERATE,FLEXIBLE
ACC_0778,USER_0118,20000.0,568.59,-14350.34,-0.7175,0.1878,16675.81,0,1,High-Yield Seeker Novice,ผู้แสวงหาผลตอบแทนสูง (เสี่ยง Ponzi/แชร์ลูกโซ่สูง),"มีเงินเก็บก้อนแรก 30,000–100,000 บาท มักมองหาผลตอบแทนเร็ว แต่ความเข้าใจความเสี่ยงจำกัด เสี่ยงต่อแอปหลอกลงทุน",0.12,HIGH,MAXIMUM
ACC_0779,USER_0119,36000.0,656.37,-12996.49,-0.361,0.2589,4573.8,0,0,Paycheck-to-Paycheck Spender,มนุษย์เงินเดือนชนเดือน (สภาพคล่องจำกัดปลายเดือน),"รายได้ 18,000–35,000 บาท สภาพคล่องตึงตัวปลายเดือน ต้องการระบบออมเศษเงินอัตโนมัติแบบ Zero-Manual Effort",0.06,MODERATE,FLEXIBLE
ACC_0780,USER_0120,24000.0,607.87,-13818.8,-0.5758,0.2958,13719.39,0,1,High-Yield Seeker Novice,ผู้แสวงหาผลตอบแทนสูง (เสี่ยง Ponzi/แชร์ลูกโซ่สูง),"มีเงินเก็บก้อนแรก 30,000–100,000 บาท มักมองหาผลตอบแทนเร็ว แต่ความเข้าใจความเสี่ยงจำกัด เสี่ยงต่อแอปหลอกลงทุน",0.12,HIGH,MAXIMUM
ACC_0781,USER_0121,28000.0,604.03,-9702.74,-0.3465,0.2518,13192.44,0,0,Paycheck-to-Paycheck Spender,มนุษย์เงินเดือนชนเดือน (สภาพคล่องจำกัดปลายเดือน),"รายได้ 18,000–35,000 บาท สภาพคล่องตึงตัวปลายเดือน ต้องการระบบออมเศษเงินอัตโนมัติแบบ Zero-Manual Effort",0.06,MODERATE,FLEXIBLE
ACC_0782,USER_0122,20000.0,600.8,-20249.34,-1.0125,0.21,17446.96,0,1,High-Yield Seeker Novice,ผู้แสวงหาผลตอบแทนสูง (เสี่ยง Ponzi/แชร์ลูกโซ่สูง),"มีเงินเก็บก้อนแรก 30,000–100,000 บาท มักมองหาผลตอบแทนเร็ว แต่ความเข้าใจความเสี่ยงจำกัด เสี่ยงต่อแอปหลอกลงทุน",0.12,HIGH,MAXIMUM
ACC_0783,USER_0123,20000.0,590.5,-20552.59,-1.0276,0.3029,8688.26,0,1,High-Yield Seeker Novice,ผู้แสวงหาผลตอบแทนสูง (เสี่ยง Ponzi/แชร์ลูกโซ่สูง),"มีเงินเก็บก้อนแรก 30,000–100,000 บาท มักมองหาผลตอบแทนเร็ว แต่ความเข้าใจความเสี่ยงจำกัด เสี่ยงต่อแอปหลอกลงทุน",0.12,HIGH,MAXIMUM
ACC_0784,USER_0124,24000.0,612.0,-15525.02,-0.6469,0.2457,8993.72,0,1,High-Yield Seeker Novice,ผู้แสวงหาผลตอบแทนสูง (เสี่ยง Ponzi/แชร์ลูกโซ่สูง),"มีเงินเก็บก้อนแรก 30,000–100,000 บาท มักมองหาผลตอบแทนเร็ว แต่ความเข้าใจความเสี่ยงจำกัด เสี่ยงต่อแอปหลอกลงทุน",0.12,HIGH,MAXIMUM
ACC_0785,USER_0125,24000.0,591.8,-13222.85,-0.551,0.2653,2955.61,0,1,High-Yield Seeker Novice,ผู้แสวงหาผลตอบแทนสูง (เสี่ยง Ponzi/แชร์ลูกโซ่สูง),"มีเงินเก็บก้อนแรก 30,000–100,000 บาท มักมองหาผลตอบแทนเร็ว แต่ความเข้าใจความเสี่ยงจำกัด เสี่ยงต่อแอปหลอกลงทุน",0.12,HIGH,MAXIMUM
ACC_0786,USER_0126,36000.0,635.18,-9637.52,-0.2677,0.2451,14106.91,0,0,Paycheck-to-Paycheck Spender,มนุษย์เงินเดือนชนเดือน (สภาพคล่องจำกัดปลายเดือน),"รายได้ 18,000–35,000 บาท สภาพคล่องตึงตัวปลายเดือน ต้องการระบบออมเศษเงินอัตโนมัติแบบ Zero-Manual Effort",0.06,MODERATE,FLEXIBLE
ACC_0787,USER_0127,36000.0,624.64,-9519.57,-0.2644,0.2277,11689.5,0,0,Paycheck-to-Paycheck Spender,มนุษย์เงินเดือนชนเดือน (สภาพคล่องจำกัดปลายเดือน),"รายได้ 18,000–35,000 บาท สภาพคล่องตึงตัวปลายเดือน ต้องการระบบออมเศษเงินอัตโนมัติแบบ Zero-Manual Effort",0.06,MODERATE,FLEXIBLE
ACC_0788,USER_0128,28000.0,598.24,-9464.52,-0.338,0.2462,4805.3,0,0,Paycheck-to-Paycheck Spender,มนุษย์เงินเดือนชนเดือน (สภาพคล่องจำกัดปลายเดือน),"รายได้ 18,000–35,000 บาท สภาพคล่องตึงตัวปลายเดือน ต้องการระบบออมเศษเงินอัตโนมัติแบบ Zero-Manual Effort",0.06,MODERATE,FLEXIBLE
ACC_0789,USER_0129,32000.0,554.95,-7722.75,-0.2413,0.1878,7173.36,0,0,Paycheck-to-Paycheck Spender,มนุษย์เงินเดือนชนเดือน (สภาพคล่องจำกัดปลายเดือน),"รายได้ 18,000–35,000 บาท สภาพคล่องตึงตัวปลายเดือน ต้องการระบบออมเศษเงินอัตโนมัติแบบ Zero-Manual Effort",0.06,MODERATE,FLEXIBLE
ACC_0790,USER_0130,36000.0,608.24,-8045.37,-0.2235,0.2334,10636.57,0,0,Paycheck-to-Paycheck Spender,มนุษย์เงินเดือนชนเดือน (สภาพคล่องจำกัดปลายเดือน),"รายได้ 18,000–35,000 บาท สภาพคล่องตึงตัวปลายเดือน ต้องการระบบออมเศษเงินอัตโนมัติแบบ Zero-Manual Effort",0.06,MODERATE,FLEXIBLE
ACC_0791,USER_0131,36000.0,629.17,-7616.31,-0.2116,0.1841,13334.6,0,0,Paycheck-to-Paycheck Spender,มนุษย์เงินเดือนชนเดือน (สภาพคล่องจำกัดปลายเดือน),"รายได้ 18,000–35,000 บาท สภาพคล่องตึงตัวปลายเดือน ต้องการระบบออมเศษเงินอัตโนมัติแบบ Zero-Manual Effort",0.06,MODERATE,FLEXIBLE
ACC_0792,USER_0132,28000.0,651.34,-11218.99,-0.4007,0.223,17223.59,0,0,Paycheck-to-Paycheck Spender,มนุษย์เงินเดือนชนเดือน (สภาพคล่องจำกัดปลายเดือน),"รายได้ 18,000–35,000 บาท สภาพคล่องตึงตัวปลายเดือน ต้องการระบบออมเศษเงินอัตโนมัติแบบ Zero-Manual Effort",0.06,MODERATE,FLEXIBLE
ACC_0793,USER_0133,24000.0,613.19,-14500.75,-0.6042,0.2151,14570.51,0,1,High-Yield Seeker Novice,ผู้แสวงหาผลตอบแทนสูง (เสี่ยง Ponzi/แชร์ลูกโซ่สูง),"มีเงินเก็บก้อนแรก 30,000–100,000 บาท มักมองหาผลตอบแทนเร็ว แต่ความเข้าใจความเสี่ยงจำกัด เสี่ยงต่อแอปหลอกลงทุน",0.12,HIGH,MAXIMUM
ACC_0794,USER_0134,36000.0,634.65,-7800.5,-0.2167,0.1775,15408.22,0,0,Paycheck-to-Paycheck Spender,มนุษย์เงินเดือนชนเดือน (สภาพคล่องจำกัดปลายเดือน),"รายได้ 18,000–35,000 บาท สภาพคล่องตึงตัวปลายเดือน ต้องการระบบออมเศษเงินอัตโนมัติแบบ Zero-Manual Effort",0.06,MODERATE,FLEXIBLE
ACC_0795,USER_0135,32000.0,702.93,-8335.94,-0.2605,0.2481,15661.45,0,0,Paycheck-to-Paycheck Spender,มนุษย์เงินเดือนชนเดือน (สภาพคล่องจำกัดปลายเดือน),"รายได้ 18,000–35,000 บาท สภาพคล่องตึงตัวปลายเดือน ต้องการระบบออมเศษเงินอัตโนมัติแบบ Zero-Manual Effort",0.06,MODERATE,FLEXIBLE
ACC_0796,USER_0136,32000.0,593.33,-9682.24,-0.3026,0.252,7067.49,0,0,Paycheck-to-Paycheck Spender,มนุษย์เงินเดือนชนเดือน (สภาพคล่องจำกัดปลายเดือน),"รายได้ 18,000–35,000 บาท สภาพคล่องตึงตัวปลายเดือน ต้องการระบบออมเศษเงินอัตโนมัติแบบ Zero-Manual Effort",0.06,MODERATE,FLEXIBLE
ACC_0797,USER_0137,36000.0,592.73,-7167.27,-0.1991,0.1771,6238.7,0,0,Paycheck-to-Paycheck Spender,มนุษย์เงินเดือนชนเดือน (สภาพคล่องจำกัดปลายเดือน),"รายได้ 18,000–35,000 บาท สภาพคล่องตึงตัวปลายเดือน ต้องการระบบออมเศษเงินอัตโนมัติแบบ Zero-Manual Effort",0.06,MODERATE,FLEXIBLE
ACC_0798,USER_0138,28000.0,614.53,-9105.24,-0.3252,0.2031,12596.71,0,0,Paycheck-to-Paycheck Spender,มนุษย์เงินเดือนชนเดือน (สภาพคล่องจำกัดปลายเดือน),"รายได้ 18,000–35,000 บาท สภาพคล่องตึงตัวปลายเดือน ต้องการระบบออมเศษเงินอัตโนมัติแบบ Zero-Manual Effort",0.06,MODERATE,FLEXIBLE
ACC_0799,USER_0139,32000.0,628.39,-10099.13,-0.3156,0.2637,17945.76,0,0,Paycheck-to-Paycheck Spender,มนุษย์เงินเดือนชนเดือน (สภาพคล่องจำกัดปลายเดือน),"รายได้ 18,000–35,000 บาท สภาพคล่องตึงตัวปลายเดือน ต้องการระบบออมเศษเงินอัตโนมัติแบบ Zero-Manual Effort",0.06,MODERATE,FLEXIBLE
ACC_0800,USER_0140,36000.0,657.37,-9073.36,-0.252,0.1846,3302.06,0,0,Paycheck-to-Paycheck Spender,มนุษย์เงินเดือนชนเดือน (สภาพคล่องจำกัดปลายเดือน),"รายได้ 18,000–35,000 บาท สภาพคล่องตึงตัวปลายเดือน ต้องการระบบออมเศษเงินอัตโนมัติแบบ Zero-Manual Effort",0.06,MODERATE,FLEXIBLE
ACC_0801,USER_0141,20000.0,626.85,-22739.21,-1.137,0.2403,10132.72,0,1,High-Yield Seeker Novice,ผู้แสวงหาผลตอบแทนสูง (เสี่ยง Ponzi/แชร์ลูกโซ่สูง),"มีเงินเก็บก้อนแรก 30,000–100,000 บาท มักมองหาผลตอบแทนเร็ว แต่ความเข้าใจความเสี่ยงจำกัด เสี่ยงต่อแอปหลอกลงทุน",0.12,HIGH,MAXIMUM
ACC_0802,USER_0142,32000.0,590.19,-8747.08,-0.2733,0.231,9537.47,0,0,Paycheck-to-Paycheck Spender,มนุษย์เงินเดือนชนเดือน (สภาพคล่องจำกัดปลายเดือน),"รายได้ 18,000–35,000 บาท สภาพคล่องตึงตัวปลายเดือน ต้องการระบบออมเศษเงินอัตโนมัติแบบ Zero-Manual Effort",0.06,MODERATE,FLEXIBLE
ACC_0803,USER_0143,20000.0,555.86,-15978.85,-0.7989,0.2491,4954.89,0,1,High-Yield Seeker Novice,ผู้แสวงหาผลตอบแทนสูง (เสี่ยง Ponzi/แชร์ลูกโซ่สูง),"มีเงินเก็บก้อนแรก 30,000–100,000 บาท มักมองหาผลตอบแทนเร็ว แต่ความเข้าใจความเสี่ยงจำกัด เสี่ยงต่อแอปหลอกลงทุน",0.12,HIGH,MAXIMUM
ACC_0804,USER_0144,24000.0,646.22,-19218.1,-0.8008,0.2538,5497.66,0,1,High-Yield Seeker Novice,ผู้แสวงหาผลตอบแทนสูง (เสี่ยง Ponzi/แชร์ลูกโซ่สูง),"มีเงินเก็บก้อนแรก 30,000–100,000 บาท มักมองหาผลตอบแทนเร็ว แต่ความเข้าใจความเสี่ยงจำกัด เสี่ยงต่อแอปหลอกลงทุน",0.12,HIGH,MAXIMUM
ACC_0805,USER_0145,28000.0,569.23,-11144.15,-0.398,0.2739,2418.33,0,0,Paycheck-to-Paycheck Spender,มนุษย์เงินเดือนชนเดือน (สภาพคล่องจำกัดปลายเดือน),"รายได้ 18,000–35,000 บาท สภาพคล่องตึงตัวปลายเดือน ต้องการระบบออมเศษเงินอัตโนมัติแบบ Zero-Manual Effort",0.06,MODERATE,FLEXIBLE
ACC_0806,USER_0146,24000.0,662.61,-21724.83,-0.9052,0.293,4709.8,0,1,High-Yield Seeker Novice,ผู้แสวงหาผลตอบแทนสูง (เสี่ยง Ponzi/แชร์ลูกโซ่สูง),"มีเงินเก็บก้อนแรก 30,000–100,000 บาท มักมองหาผลตอบแทนเร็ว แต่ความเข้าใจความเสี่ยงจำกัด เสี่ยงต่อแอปหลอกลงทุน",0.12,HIGH,MAXIMUM
ACC_0807,USER_0147,28000.0,574.36,-10270.29,-0.3668,0.2275,16261.71,0,0,Paycheck-to-Paycheck Spender,มนุษย์เงินเดือนชนเดือน (สภาพคล่องจำกัดปลายเดือน),"รายได้ 18,000–35,000 บาท สภาพคล่องตึงตัวปลายเดือน ต้องการระบบออมเศษเงินอัตโนมัติแบบ Zero-Manual Effort",0.06,MODERATE,FLEXIBLE
ACC_0808,USER_0148,36000.0,617.58,-11023.29,-0.3062,0.2494,17341.59,0,0,Paycheck-to-Paycheck Spender,มนุษย์เงินเดือนชนเดือน (สภาพคล่องจำกัดปลายเดือน),"รายได้ 18,000–35,000 บาท สภาพคล่องตึงตัวปลายเดือน ต้องการระบบออมเศษเงินอัตโนมัติแบบ Zero-Manual Effort",0.06,MODERATE,FLEXIBLE
ACC_0809,USER_0149,36000.0,594.36,-12422.63,-0.3451,0.2962,2738.68,0,0,Paycheck-to-Paycheck Spender,มนุษย์เงินเดือนชนเดือน (สภาพคล่องจำกัดปลายเดือน),"รายได้ 18,000–35,000 บาท สภาพคล่องตึงตัวปลายเดือน ต้องการระบบออมเศษเงินอัตโนมัติแบบ Zero-Manual Effort",0.06,MODERATE,FLEXIBLE
ACC_0810,USER_0000,32000.0,618.08,-11777.98,-0.3681,0.2973,2716.63,0,0,Paycheck-to-Paycheck Spender,มนุษย์เงินเดือนชนเดือน (สภาพคล่องจำกัดปลายเดือน),"รายได้ 18,000–35,000 บาท สภาพคล่องตึงตัวปลายเดือน ต้องการระบบออมเศษเงินอัตโนมัติแบบ Zero-Manual Effort",0.06,MODERATE,FLEXIBLE
ACC_0811,USER_0001,36000.0,684.7,-10061.43,-0.2795,0.206,11495.99,0,0,Paycheck-to-Paycheck Spender,มนุษย์เงินเดือนชนเดือน (สภาพคล่องจำกัดปลายเดือน),"รายได้ 18,000–35,000 บาท สภาพคล่องตึงตัวปลายเดือน ต้องการระบบออมเศษเงินอัตโนมัติแบบ Zero-Manual Effort",0.06,MODERATE,FLEXIBLE
ACC_0812,USER_0002,36000.0,624.9,-10122.9,-0.2812,0.2983,10079.69,0,0,Paycheck-to-Paycheck Spender,มนุษย์เงินเดือนชนเดือน (สภาพคล่องจำกัดปลายเดือน),"รายได้ 18,000–35,000 บาท สภาพคล่องตึงตัวปลายเดือน ต้องการระบบออมเศษเงินอัตโนมัติแบบ Zero-Manual Effort",0.06,MODERATE,FLEXIBLE
ACC_0813,USER_0003,20000.0,656.66,-26088.76,-1.3044,0.1687,17685.46,0,1,High-Yield Seeker Novice,ผู้แสวงหาผลตอบแทนสูง (เสี่ยง Ponzi/แชร์ลูกโซ่สูง),"มีเงินเก็บก้อนแรก 30,000–100,000 บาท มักมองหาผลตอบแทนเร็ว แต่ความเข้าใจความเสี่ยงจำกัด เสี่ยงต่อแอปหลอกลงทุน",0.12,HIGH,MAXIMUM
ACC_0814,USER_0004,24000.0,558.39,-7451.24,-0.3105,0.2291,4867.31,0,0,Paycheck-to-Paycheck Spender,มนุษย์เงินเดือนชนเดือน (สภาพคล่องจำกัดปลายเดือน),"รายได้ 18,000–35,000 บาท สภาพคล่องตึงตัวปลายเดือน ต้องการระบบออมเศษเงินอัตโนมัติแบบ Zero-Manual Effort",0.06,MODERATE,FLEXIBLE
ACC_0815,USER_0005,24000.0,610.2,-16078.73,-0.6699,0.251,14925.27,0,1,High-Yield Seeker Novice,ผู้แสวงหาผลตอบแทนสูง (เสี่ยง Ponzi/แชร์ลูกโซ่สูง),"มีเงินเก็บก้อนแรก 30,000–100,000 บาท มักมองหาผลตอบแทนเร็ว แต่ความเข้าใจความเสี่ยงจำกัด เสี่ยงต่อแอปหลอกลงทุน",0.12,HIGH,MAXIMUM
ACC_0816,USER_0006,32000.0,564.54,-8964.84,-0.2802,0.1501,6185.05,0,0,Paycheck-to-Paycheck Spender,มนุษย์เงินเดือนชนเดือน (สภาพคล่องจำกัดปลายเดือน),"รายได้ 18,000–35,000 บาท สภาพคล่องตึงตัวปลายเดือน ต้องการระบบออมเศษเงินอัตโนมัติแบบ Zero-Manual Effort",0.06,MODERATE,FLEXIBLE
ACC_0817,USER_0007,28000.0,596.23,-8076.62,-0.2885,0.2589,9970.26,0,0,Paycheck-to-Paycheck Spender,มนุษย์เงินเดือนชนเดือน (สภาพคล่องจำกัดปลายเดือน),"รายได้ 18,000–35,000 บาท สภาพคล่องตึงตัวปลายเดือน ต้องการระบบออมเศษเงินอัตโนมัติแบบ Zero-Manual Effort",0.06,MODERATE,FLEXIBLE
ACC_0818,USER_0008,36000.0,523.34,-5319.03,-0.1478,0.1147,15811.57,0,0,Paycheck-to-Paycheck Spender,มนุษย์เงินเดือนชนเดือน (สภาพคล่องจำกัดปลายเดือน),"รายได้ 18,000–35,000 บาท สภาพคล่องตึงตัวปลายเดือน ต้องการระบบออมเศษเงินอัตโนมัติแบบ Zero-Manual Effort",0.06,MODERATE,FLEXIBLE
ACC_0819,USER_0009,24000.0,630.06,-15743.2,-0.656,0.2827,5398.68,0,1,High-Yield Seeker Novice,ผู้แสวงหาผลตอบแทนสูง (เสี่ยง Ponzi/แชร์ลูกโซ่สูง),"มีเงินเก็บก้อนแรก 30,000–100,000 บาท มักมองหาผลตอบแทนเร็ว แต่ความเข้าใจความเสี่ยงจำกัด เสี่ยงต่อแอปหลอกลงทุน",0.12,HIGH,MAXIMUM
ACC_0820,USER_0010,32000.0,578.04,-9504.06,-0.297,0.1621,2669.58,0,0,Paycheck-to-Paycheck Spender,มนุษย์เงินเดือนชนเดือน (สภาพคล่องจำกัดปลายเดือน),"รายได้ 18,000–35,000 บาท สภาพคล่องตึงตัวปลายเดือน ต้องการระบบออมเศษเงินอัตโนมัติแบบ Zero-Manual Effort",0.06,MODERATE,FLEXIBLE
ACC_0821,USER_0011,36000.0,603.13,-11350.22,-0.3153,0.2661,10194.86,0,0,Paycheck-to-Paycheck Spender,มนุษย์เงินเดือนชนเดือน (สภาพคล่องจำกัดปลายเดือน),"รายได้ 18,000–35,000 บาท สภาพคล่องตึงตัวปลายเดือน ต้องการระบบออมเศษเงินอัตโนมัติแบบ Zero-Manual Effort",0.06,MODERATE,FLEXIBLE
ACC_0822,USER_0012,24000.0,681.45,-21189.0,-0.8829,0.2616,5204.79,0,1,High-Yield Seeker Novice,ผู้แสวงหาผลตอบแทนสูง (เสี่ยง Ponzi/แชร์ลูกโซ่สูง),"มีเงินเก็บก้อนแรก 30,000–100,000 บาท มักมองหาผลตอบแทนเร็ว แต่ความเข้าใจความเสี่ยงจำกัด เสี่ยงต่อแอปหลอกลงทุน",0.12,HIGH,MAXIMUM
ACC_0823,USER_0013,24000.0,583.76,-12129.29,-0.5054,0.2787,2726.85,0,1,High-Yield Seeker Novice,ผู้แสวงหาผลตอบแทนสูง (เสี่ยง Ponzi/แชร์ลูกโซ่สูง),"มีเงินเก็บก้อนแรก 30,000–100,000 บาท มักมองหาผลตอบแทนเร็ว แต่ความเข้าใจความเสี่ยงจำกัด เสี่ยงต่อแอปหลอกลงทุน",0.12,HIGH,MAXIMUM
ACC_0824,USER_0014,36000.0,602.34,-9776.8,-0.2716,0.2675,8918.08,0,0,Paycheck-to-Paycheck Spender,มนุษย์เงินเดือนชนเดือน (สภาพคล่องจำกัดปลายเดือน),"รายได้ 18,000–35,000 บาท สภาพคล่องตึงตัวปลายเดือน ต้องการระบบออมเศษเงินอัตโนมัติแบบ Zero-Manual Effort",0.06,MODERATE,FLEXIBLE
ACC_0825,USER_0015,28000.0,580.14,-9206.46,-0.3288,0.2627,13794.92,0,0,Paycheck-to-Paycheck Spender,มนุษย์เงินเดือนชนเดือน (สภาพคล่องจำกัดปลายเดือน),"รายได้ 18,000–35,000 บาท สภาพคล่องตึงตัวปลายเดือน ต้องการระบบออมเศษเงินอัตโนมัติแบบ Zero-Manual Effort",0.06,MODERATE,FLEXIBLE
ACC_0826,USER_0016,20000.0,620.72,-20119.51,-1.006,0.189,17950.92,0,1,High-Yield Seeker Novice,ผู้แสวงหาผลตอบแทนสูง (เสี่ยง Ponzi/แชร์ลูกโซ่สูง),"มีเงินเก็บก้อนแรก 30,000–100,000 บาท มักมองหาผลตอบแทนเร็ว แต่ความเข้าใจความเสี่ยงจำกัด เสี่ยงต่อแอปหลอกลงทุน",0.12,HIGH,MAXIMUM
ACC_0827,USER_0017,28000.0,619.41,-10907.7,-0.3896,0.2586,7075.05,0,0,Paycheck-to-Paycheck Spender,มนุษย์เงินเดือนชนเดือน (สภาพคล่องจำกัดปลายเดือน),"รายได้ 18,000–35,000 บาท สภาพคล่องตึงตัวปลายเดือน ต้องการระบบออมเศษเงินอัตโนมัติแบบ Zero-Manual Effort",0.06,MODERATE,FLEXIBLE
ACC_0828,USER_0018,36000.0,653.75,-8724.98,-0.2424,0.2491,10848.0,0,0,Paycheck-to-Paycheck Spender,มนุษย์เงินเดือนชนเดือน (สภาพคล่องจำกัดปลายเดือน),"รายได้ 18,000–35,000 บาท สภาพคล่องตึงตัวปลายเดือน ต้องการระบบออมเศษเงินอัตโนมัติแบบ Zero-Manual Effort",0.06,MODERATE,FLEXIBLE
ACC_0829,USER_0019,28000.0,634.7,-9290.21,-0.3318,0.2931,2673.53,0,0,Paycheck-to-Paycheck Spender,มนุษย์เงินเดือนชนเดือน (สภาพคล่องจำกัดปลายเดือน),"รายได้ 18,000–35,000 บาท สภาพคล่องตึงตัวปลายเดือน ต้องการระบบออมเศษเงินอัตโนมัติแบบ Zero-Manual Effort",0.06,MODERATE,FLEXIBLE
ACC_0830,USER_0020,36000.0,618.23,-7738.1,-0.2149,0.2217,9331.71,0,0,Paycheck-to-Paycheck Spender,มนุษย์เงินเดือนชนเดือน (สภาพคล่องจำกัดปลายเดือน),"รายได้ 18,000–35,000 บาท สภาพคล่องตึงตัวปลายเดือน ต้องการระบบออมเศษเงินอัตโนมัติแบบ Zero-Manual Effort",0.06,MODERATE,FLEXIBLE
ACC_0831,USER_0021,24000.0,627.86,-18466.53,-0.7694,0.2491,17912.5,0,1,High-Yield Seeker Novice,ผู้แสวงหาผลตอบแทนสูง (เสี่ยง Ponzi/แชร์ลูกโซ่สูง),"มีเงินเก็บก้อนแรก 30,000–100,000 บาท มักมองหาผลตอบแทนเร็ว แต่ความเข้าใจความเสี่ยงจำกัด เสี่ยงต่อแอปหลอกลงทุน",0.12,HIGH,MAXIMUM
ACC_0832,USER_0022,32000.0,629.9,-13176.86,-0.4118,0.258,17099.78,0,0,Paycheck-to-Paycheck Spender,มนุษย์เงินเดือนชนเดือน (สภาพคล่องจำกัดปลายเดือน),"รายได้ 18,000–35,000 บาท สภาพคล่องตึงตัวปลายเดือน ต้องการระบบออมเศษเงินอัตโนมัติแบบ Zero-Manual Effort",0.06,MODERATE,FLEXIBLE
ACC_0833,USER_0023,20000.0,565.35,-14143.66,-0.7072,0.2316,14929.71,0,1,High-Yield Seeker Novice,ผู้แสวงหาผลตอบแทนสูง (เสี่ยง Ponzi/แชร์ลูกโซ่สูง),"มีเงินเก็บก้อนแรก 30,000–100,000 บาท มักมองหาผลตอบแทนเร็ว แต่ความเข้าใจความเสี่ยงจำกัด เสี่ยงต่อแอปหลอกลงทุน",0.12,HIGH,MAXIMUM
ACC_0834,USER_0024,36000.0,559.35,-10872.56,-0.302,0.2444,11807.1,0,0,Paycheck-to-Paycheck Spender,มนุษย์เงินเดือนชนเดือน (สภาพคล่องจำกัดปลายเดือน),"รายได้ 18,000–35,000 บาท สภาพคล่องตึงตัวปลายเดือน ต้องการระบบออมเศษเงินอัตโนมัติแบบ Zero-Manual Effort",0.06,MODERATE,FLEXIBLE
ACC_0835,USER_0025,28000.0,683.89,-17111.84,-0.6111,0.2573,2430.13,0,0,Paycheck-to-Paycheck Spender,มนุษย์เงินเดือนชนเดือน (สภาพคล่องจำกัดปลายเดือน),"รายได้ 18,000–35,000 บาท สภาพคล่องตึงตัวปลายเดือน ต้องการระบบออมเศษเงินอัตโนมัติแบบ Zero-Manual Effort",0.06,MODERATE,FLEXIBLE
ACC_0836,USER_0026,36000.0,684.13,-10173.18,-0.2826,0.2337,15895.27,0,0,Paycheck-to-Paycheck Spender,มนุษย์เงินเดือนชนเดือน (สภาพคล่องจำกัดปลายเดือน),"รายได้ 18,000–35,000 บาท สภาพคล่องตึงตัวปลายเดือน ต้องการระบบออมเศษเงินอัตโนมัติแบบ Zero-Manual Effort",0.06,MODERATE,FLEXIBLE
ACC_0837,USER_0027,24000.0,596.07,-11247.94,-0.4687,0.2222,16267.34,0,1,High-Yield Seeker Novice,ผู้แสวงหาผลตอบแทนสูง (เสี่ยง Ponzi/แชร์ลูกโซ่สูง),"มีเงินเก็บก้อนแรก 30,000–100,000 บาท มักมองหาผลตอบแทนเร็ว แต่ความเข้าใจความเสี่ยงจำกัด เสี่ยงต่อแอปหลอกลงทุน",0.12,HIGH,MAXIMUM
ACC_0838,USER_0028,28000.0,585.07,-7897.3,-0.282,0.2098,12494.12,0,0,Paycheck-to-Paycheck Spender,มนุษย์เงินเดือนชนเดือน (สภาพคล่องจำกัดปลายเดือน),"รายได้ 18,000–35,000 บาท สภาพคล่องตึงตัวปลายเดือน ต้องการระบบออมเศษเงินอัตโนมัติแบบ Zero-Manual Effort",0.06,MODERATE,FLEXIBLE
ACC_0839,USER_0029,24000.0,600.09,-14050.69,-0.5854,0.3235,13064.55,0,1,High-Yield Seeker Novice,ผู้แสวงหาผลตอบแทนสูง (เสี่ยง Ponzi/แชร์ลูกโซ่สูง),"มีเงินเก็บก้อนแรก 30,000–100,000 บาท มักมองหาผลตอบแทนเร็ว แต่ความเข้าใจความเสี่ยงจำกัด เสี่ยงต่อแอปหลอกลงทุน",0.12,HIGH,MAXIMUM
ACC_0840,USER_0030,28000.0,652.24,-10408.02,-0.3717,0.2188,7498.63,0,0,Paycheck-to-Paycheck Spender,มนุษย์เงินเดือนชนเดือน (สภาพคล่องจำกัดปลายเดือน),"รายได้ 18,000–35,000 บาท สภาพคล่องตึงตัวปลายเดือน ต้องการระบบออมเศษเงินอัตโนมัติแบบ Zero-Manual Effort",0.06,MODERATE,FLEXIBLE
ACC_0841,USER_0031,36000.0,554.28,-11615.75,-0.3227,0.2492,8678.63,0,0,Paycheck-to-Paycheck Spender,มนุษย์เงินเดือนชนเดือน (สภาพคล่องจำกัดปลายเดือน),"รายได้ 18,000–35,000 บาท สภาพคล่องตึงตัวปลายเดือน ต้องการระบบออมเศษเงินอัตโนมัติแบบ Zero-Manual Effort",0.06,MODERATE,FLEXIBLE
ACC_0842,USER_0032,28000.0,599.66,-9439.02,-0.3371,0.2195,12131.39,0,0,Paycheck-to-Paycheck Spender,มนุษย์เงินเดือนชนเดือน (สภาพคล่องจำกัดปลายเดือน),"รายได้ 18,000–35,000 บาท สภาพคล่องตึงตัวปลายเดือน ต้องการระบบออมเศษเงินอัตโนมัติแบบ Zero-Manual Effort",0.06,MODERATE,FLEXIBLE
ACC_0843,USER_0033,36000.0,645.28,-8056.49,-0.2238,0.174,7414.52,0,0,Paycheck-to-Paycheck Spender,มนุษย์เงินเดือนชนเดือน (สภาพคล่องจำกัดปลายเดือน),"รายได้ 18,000–35,000 บาท สภาพคล่องตึงตัวปลายเดือน ต้องการระบบออมเศษเงินอัตโนมัติแบบ Zero-Manual Effort",0.06,MODERATE,FLEXIBLE
ACC_0844,USER_0034,36000.0,584.73,-10727.41,-0.298,0.2935,12722.31,0,0,Paycheck-to-Paycheck Spender,มนุษย์เงินเดือนชนเดือน (สภาพคล่องจำกัดปลายเดือน),"รายได้ 18,000–35,000 บาท สภาพคล่องตึงตัวปลายเดือน ต้องการระบบออมเศษเงินอัตโนมัติแบบ Zero-Manual Effort",0.06,MODERATE,FLEXIBLE
ACC_0845,USER_0035,28000.0,546.1,-7595.35,-0.2713,0.181,5966.72,0,0,Paycheck-to-Paycheck Spender,มนุษย์เงินเดือนชนเดือน (สภาพคล่องจำกัดปลายเดือน),"รายได้ 18,000–35,000 บาท สภาพคล่องตึงตัวปลายเดือน ต้องการระบบออมเศษเงินอัตโนมัติแบบ Zero-Manual Effort",0.06,MODERATE,FLEXIBLE
ACC_0846,USER_0036,36000.0,605.64,-8662.4,-0.2406,0.2611,2769.57,0,0,Paycheck-to-Paycheck Spender,มนุษย์เงินเดือนชนเดือน (สภาพคล่องจำกัดปลายเดือน),"รายได้ 18,000–35,000 บาท สภาพคล่องตึงตัวปลายเดือน ต้องการระบบออมเศษเงินอัตโนมัติแบบ Zero-Manual Effort",0.06,MODERATE,FLEXIBLE
ACC_0847,USER_0037,24000.0,601.5,-14295.01,-0.5956,0.2094,17012.88,0,1,High-Yield Seeker Novice,ผู้แสวงหาผลตอบแทนสูง (เสี่ยง Ponzi/แชร์ลูกโซ่สูง),"มีเงินเก็บก้อนแรก 30,000–100,000 บาท มักมองหาผลตอบแทนเร็ว แต่ความเข้าใจความเสี่ยงจำกัด เสี่ยงต่อแอปหลอกลงทุน",0.12,HIGH,MAXIMUM
ACC_0848,USER_0038,20000.0,595.73,-19757.61,-0.9879,0.2054,9220.45,0,1,High-Yield Seeker Novice,ผู้แสวงหาผลตอบแทนสูง (เสี่ยง Ponzi/แชร์ลูกโซ่สูง),"มีเงินเก็บก้อนแรก 30,000–100,000 บาท มักมองหาผลตอบแทนเร็ว แต่ความเข้าใจความเสี่ยงจำกัด เสี่ยงต่อแอปหลอกลงทุน",0.12,HIGH,MAXIMUM
ACC_0849,USER_0039,32000.0,594.74,-9819.49,-0.3069,0.2524,17620.09,0,0,Paycheck-to-Paycheck Spender,มนุษย์เงินเดือนชนเดือน (สภาพคล่องจำกัดปลายเดือน),"รายได้ 18,000–35,000 บาท สภาพคล่องตึงตัวปลายเดือน ต้องการระบบออมเศษเงินอัตโนมัติแบบ Zero-Manual Effort",0.06,MODERATE,FLEXIBLE
ACC_0850,USER_0040,24000.0,681.58,-22045.62,-0.9186,0.2289,17899.94,0,1,High-Yield Seeker Novice,ผู้แสวงหาผลตอบแทนสูง (เสี่ยง Ponzi/แชร์ลูกโซ่สูง),"มีเงินเก็บก้อนแรก 30,000–100,000 บาท มักมองหาผลตอบแทนเร็ว แต่ความเข้าใจความเสี่ยงจำกัด เสี่ยงต่อแอปหลอกลงทุน",0.12,HIGH,MAXIMUM
ACC_0851,USER_0041,28000.0,584.79,-9756.08,-0.3484,0.2801,7204.01,0,0,Paycheck-to-Paycheck Spender,มนุษย์เงินเดือนชนเดือน (สภาพคล่องจำกัดปลายเดือน),"รายได้ 18,000–35,000 บาท สภาพคล่องตึงตัวปลายเดือน ต้องการระบบออมเศษเงินอัตโนมัติแบบ Zero-Manual Effort",0.06,MODERATE,FLEXIBLE
ACC_0852,USER_0042,36000.0,629.39,-9580.22,-0.2661,0.1914,5614.77,0,0,Paycheck-to-Paycheck Spender,มนุษย์เงินเดือนชนเดือน (สภาพคล่องจำกัดปลายเดือน),"รายได้ 18,000–35,000 บาท สภาพคล่องตึงตัวปลายเดือน ต้องการระบบออมเศษเงินอัตโนมัติแบบ Zero-Manual Effort",0.06,MODERATE,FLEXIBLE
ACC_0853,USER_0043,20000.0,554.81,-13561.67,-0.6781,0.2122,8113.24,0,1,High-Yield Seeker Novice,ผู้แสวงหาผลตอบแทนสูง (เสี่ยง Ponzi/แชร์ลูกโซ่สูง),"มีเงินเก็บก้อนแรก 30,000–100,000 บาท มักมองหาผลตอบแทนเร็ว แต่ความเข้าใจความเสี่ยงจำกัด เสี่ยงต่อแอปหลอกลงทุน",0.12,HIGH,MAXIMUM
ACC_0854,USER_0044,32000.0,593.95,-9958.25,-0.3112,0.2257,10280.71,0,0,Paycheck-to-Paycheck Spender,มนุษย์เงินเดือนชนเดือน (สภาพคล่องจำกัดปลายเดือน),"รายได้ 18,000–35,000 บาท สภาพคล่องตึงตัวปลายเดือน ต้องการระบบออมเศษเงินอัตโนมัติแบบ Zero-Manual Effort",0.06,MODERATE,FLEXIBLE
ACC_0855,USER_0045,32000.0,681.27,-9813.64,-0.3067,0.2552,5895.61,0,0,Paycheck-to-Paycheck Spender,มนุษย์เงินเดือนชนเดือน (สภาพคล่องจำกัดปลายเดือน),"รายได้ 18,000–35,000 บาท สภาพคล่องตึงตัวปลายเดือน ต้องการระบบออมเศษเงินอัตโนมัติแบบ Zero-Manual Effort",0.06,MODERATE,FLEXIBLE
ACC_0856,USER_0046,28000.0,571.24,-9524.68,-0.3402,0.2158,7966.3,0,0,Paycheck-to-Paycheck Spender,มนุษย์เงินเดือนชนเดือน (สภาพคล่องจำกัดปลายเดือน),"รายได้ 18,000–35,000 บาท สภาพคล่องตึงตัวปลายเดือน ต้องการระบบออมเศษเงินอัตโนมัติแบบ Zero-Manual Effort",0.06,MODERATE,FLEXIBLE
ACC_0857,USER_0047,36000.0,580.43,-8153.22,-0.2265,0.2215,4813.5,0,0,Paycheck-to-Paycheck Spender,มนุษย์เงินเดือนชนเดือน (สภาพคล่องจำกัดปลายเดือน),"รายได้ 18,000–35,000 บาท สภาพคล่องตึงตัวปลายเดือน ต้องการระบบออมเศษเงินอัตโนมัติแบบ Zero-Manual Effort",0.06,MODERATE,FLEXIBLE
ACC_0858,USER_0048,24000.0,609.46,-13042.07,-0.5434,0.2578,10186.03,0,1,High-Yield Seeker Novice,ผู้แสวงหาผลตอบแทนสูง (เสี่ยง Ponzi/แชร์ลูกโซ่สูง),"มีเงินเก็บก้อนแรก 30,000–100,000 บาท มักมองหาผลตอบแทนเร็ว แต่ความเข้าใจความเสี่ยงจำกัด เสี่ยงต่อแอปหลอกลงทุน",0.12,HIGH,MAXIMUM
ACC_0859,USER_0049,36000.0,618.64,-6637.15,-0.1844,0.2469,4512.14,0,0,Paycheck-to-Paycheck Spender,มนุษย์เงินเดือนชนเดือน (สภาพคล่องจำกัดปลายเดือน),"รายได้ 18,000–35,000 บาท สภาพคล่องตึงตัวปลายเดือน ต้องการระบบออมเศษเงินอัตโนมัติแบบ Zero-Manual Effort",0.06,MODERATE,FLEXIBLE
ACC_0860,USER_0050,36000.0,621.09,-9766.09,-0.2713,0.2838,7976.2,0,0,Paycheck-to-Paycheck Spender,มนุษย์เงินเดือนชนเดือน (สภาพคล่องจำกัดปลายเดือน),"รายได้ 18,000–35,000 บาท สภาพคล่องตึงตัวปลายเดือน ต้องการระบบออมเศษเงินอัตโนมัติแบบ Zero-Manual Effort",0.06,MODERATE,FLEXIBLE
ACC_0861,USER_0051,20000.0,630.72,-23141.06,-1.1571,0.1649,13912.17,0,1,High-Yield Seeker Novice,ผู้แสวงหาผลตอบแทนสูง (เสี่ยง Ponzi/แชร์ลูกโซ่สูง),"มีเงินเก็บก้อนแรก 30,000–100,000 บาท มักมองหาผลตอบแทนเร็ว แต่ความเข้าใจความเสี่ยงจำกัด เสี่ยงต่อแอปหลอกลงทุน",0.12,HIGH,MAXIMUM
ACC_0862,USER_0052,28000.0,637.32,-8728.89,-0.3117,0.1736,17797.12,0,0,Paycheck-to-Paycheck Spender,มนุษย์เงินเดือนชนเดือน (สภาพคล่องจำกัดปลายเดือน),"รายได้ 18,000–35,000 บาท สภาพคล่องตึงตัวปลายเดือน ต้องการระบบออมเศษเงินอัตโนมัติแบบ Zero-Manual Effort",0.06,MODERATE,FLEXIBLE
ACC_0863,USER_0053,28000.0,664.2,-11381.88,-0.4065,0.2227,14379.37,0,0,Paycheck-to-Paycheck Spender,มนุษย์เงินเดือนชนเดือน (สภาพคล่องจำกัดปลายเดือน),"รายได้ 18,000–35,000 บาท สภาพคล่องตึงตัวปลายเดือน ต้องการระบบออมเศษเงินอัตโนมัติแบบ Zero-Manual Effort",0.06,MODERATE,FLEXIBLE
ACC_0864,USER_0054,32000.0,566.37,-7695.41,-0.2405,0.2022,12253.4,0,0,Paycheck-to-Paycheck Spender,มนุษย์เงินเดือนชนเดือน (สภาพคล่องจำกัดปลายเดือน),"รายได้ 18,000–35,000 บาท สภาพคล่องตึงตัวปลายเดือน ต้องการระบบออมเศษเงินอัตโนมัติแบบ Zero-Manual Effort",0.06,MODERATE,FLEXIBLE
ACC_0865,USER_0055,24000.0,573.3,-7806.32,-0.3253,0.2168,4119.61,0,0,Paycheck-to-Paycheck Spender,มนุษย์เงินเดือนชนเดือน (สภาพคล่องจำกัดปลายเดือน),"รายได้ 18,000–35,000 บาท สภาพคล่องตึงตัวปลายเดือน ต้องการระบบออมเศษเงินอัตโนมัติแบบ Zero-Manual Effort",0.06,MODERATE,FLEXIBLE
ACC_0866,USER_0056,24000.0,537.15,-9922.93,-0.4135,0.2243,10116.04,0,1,High-Yield Seeker Novice,ผู้แสวงหาผลตอบแทนสูง (เสี่ยง Ponzi/แชร์ลูกโซ่สูง),"มีเงินเก็บก้อนแรก 30,000–100,000 บาท มักมองหาผลตอบแทนเร็ว แต่ความเข้าใจความเสี่ยงจำกัด เสี่ยงต่อแอปหลอกลงทุน",0.12,HIGH,MAXIMUM
ACC_0867,USER_0057,28000.0,546.6,-8172.39,-0.2919,0.2374,4085.8,0,0,Paycheck-to-Paycheck Spender,มนุษย์เงินเดือนชนเดือน (สภาพคล่องจำกัดปลายเดือน),"รายได้ 18,000–35,000 บาท สภาพคล่องตึงตัวปลายเดือน ต้องการระบบออมเศษเงินอัตโนมัติแบบ Zero-Manual Effort",0.06,MODERATE,FLEXIBLE
ACC_0868,USER_0058,36000.0,633.13,-9388.92,-0.2608,0.2531,4748.46,0,0,Paycheck-to-Paycheck Spender,มนุษย์เงินเดือนชนเดือน (สภาพคล่องจำกัดปลายเดือน),"รายได้ 18,000–35,000 บาท สภาพคล่องตึงตัวปลายเดือน ต้องการระบบออมเศษเงินอัตโนมัติแบบ Zero-Manual Effort",0.06,MODERATE,FLEXIBLE
ACC_0869,USER_0059,24000.0,602.32,-15075.07,-0.6281,0.2398,4157.13,0,1,High-Yield Seeker Novice,ผู้แสวงหาผลตอบแทนสูง (เสี่ยง Ponzi/แชร์ลูกโซ่สูง),"มีเงินเก็บก้อนแรก 30,000–100,000 บาท มักมองหาผลตอบแทนเร็ว แต่ความเข้าใจความเสี่ยงจำกัด เสี่ยงต่อแอปหลอกลงทุน",0.12,HIGH,MAXIMUM
ACC_0870,USER_0060,20000.0,607.84,-20379.78,-1.019,0.2331,9600.56,0,1,High-Yield Seeker Novice,ผู้แสวงหาผลตอบแทนสูง (เสี่ยง Ponzi/แชร์ลูกโซ่สูง),"มีเงินเก็บก้อนแรก 30,000–100,000 บาท มักมองหาผลตอบแทนเร็ว แต่ความเข้าใจความเสี่ยงจำกัด เสี่ยงต่อแอปหลอกลงทุน",0.12,HIGH,MAXIMUM
ACC_0871,USER_0061,32000.0,572.95,-8581.12,-0.2682,0.2057,12261.06,0,0,Paycheck-to-Paycheck Spender,มนุษย์เงินเดือนชนเดือน (สภาพคล่องจำกัดปลายเดือน),"รายได้ 18,000–35,000 บาท สภาพคล่องตึงตัวปลายเดือน ต้องการระบบออมเศษเงินอัตโนมัติแบบ Zero-Manual Effort",0.06,MODERATE,FLEXIBLE
ACC_0872,USER_0062,28000.0,670.92,-12793.21,-0.4569,0.218,6324.95,0,0,Paycheck-to-Paycheck Spender,มนุษย์เงินเดือนชนเดือน (สภาพคล่องจำกัดปลายเดือน),"รายได้ 18,000–35,000 บาท สภาพคล่องตึงตัวปลายเดือน ต้องการระบบออมเศษเงินอัตโนมัติแบบ Zero-Manual Effort",0.06,MODERATE,FLEXIBLE
ACC_0873,USER_0063,32000.0,581.58,-10467.42,-0.3271,0.266,6701.25,0,0,Paycheck-to-Paycheck Spender,มนุษย์เงินเดือนชนเดือน (สภาพคล่องจำกัดปลายเดือน),"รายได้ 18,000–35,000 บาท สภาพคล่องตึงตัวปลายเดือน ต้องการระบบออมเศษเงินอัตโนมัติแบบ Zero-Manual Effort",0.06,MODERATE,FLEXIBLE
ACC_0874,USER_0064,28000.0,662.49,-13322.17,-0.4758,0.2736,16892.13,0,0,Paycheck-to-Paycheck Spender,มนุษย์เงินเดือนชนเดือน (สภาพคล่องจำกัดปลายเดือน),"รายได้ 18,000–35,000 บาท สภาพคล่องตึงตัวปลายเดือน ต้องการระบบออมเศษเงินอัตโนมัติแบบ Zero-Manual Effort",0.06,MODERATE,FLEXIBLE
ACC_0875,USER_0065,24000.0,567.52,-11012.17,-0.4588,0.3006,10560.88,0,1,High-Yield Seeker Novice,ผู้แสวงหาผลตอบแทนสูง (เสี่ยง Ponzi/แชร์ลูกโซ่สูง),"มีเงินเก็บก้อนแรก 30,000–100,000 บาท มักมองหาผลตอบแทนเร็ว แต่ความเข้าใจความเสี่ยงจำกัด เสี่ยงต่อแอปหลอกลงทุน",0.12,HIGH,MAXIMUM
ACC_0876,USER_0066,32000.0,640.66,-10774.06,-0.3367,0.2795,13492.65,0,0,Paycheck-to-Paycheck Spender,มนุษย์เงินเดือนชนเดือน (สภาพคล่องจำกัดปลายเดือน),"รายได้ 18,000–35,000 บาท สภาพคล่องตึงตัวปลายเดือน ต้องการระบบออมเศษเงินอัตโนมัติแบบ Zero-Manual Effort",0.06,MODERATE,FLEXIBLE
ACC_0877,USER_0067,20000.0,557.06,-11232.69,-0.5616,0.1738,3433.92,0,1,High-Yield Seeker Novice,ผู้แสวงหาผลตอบแทนสูง (เสี่ยง Ponzi/แชร์ลูกโซ่สูง),"มีเงินเก็บก้อนแรก 30,000–100,000 บาท มักมองหาผลตอบแทนเร็ว แต่ความเข้าใจความเสี่ยงจำกัด เสี่ยงต่อแอปหลอกลงทุน",0.12,HIGH,MAXIMUM
ACC_0878,USER_0068,32000.0,691.61,-12652.82,-0.3954,0.2699,4107.71,0,0,Paycheck-to-Paycheck Spender,มนุษย์เงินเดือนชนเดือน (สภาพคล่องจำกัดปลายเดือน),"รายได้ 18,000–35,000 บาท สภาพคล่องตึงตัวปลายเดือน ต้องการระบบออมเศษเงินอัตโนมัติแบบ Zero-Manual Effort",0.06,MODERATE,FLEXIBLE
ACC_0879,USER_0069,28000.0,620.73,-9023.74,-0.3223,0.2781,8803.36,0,0,Paycheck-to-Paycheck Spender,มนุษย์เงินเดือนชนเดือน (สภาพคล่องจำกัดปลายเดือน),"รายได้ 18,000–35,000 บาท สภาพคล่องตึงตัวปลายเดือน ต้องการระบบออมเศษเงินอัตโนมัติแบบ Zero-Manual Effort",0.06,MODERATE,FLEXIBLE
ACC_0880,USER_0070,28000.0,561.11,-11192.7,-0.3997,0.2697,3345.61,0,0,Paycheck-to-Paycheck Spender,มนุษย์เงินเดือนชนเดือน (สภาพคล่องจำกัดปลายเดือน),"รายได้ 18,000–35,000 บาท สภาพคล่องตึงตัวปลายเดือน ต้องการระบบออมเศษเงินอัตโนมัติแบบ Zero-Manual Effort",0.06,MODERATE,FLEXIBLE
ACC_0881,USER_0071,32000.0,637.3,-9465.48,-0.2958,0.1937,8788.62,0,0,Paycheck-to-Paycheck Spender,มนุษย์เงินเดือนชนเดือน (สภาพคล่องจำกัดปลายเดือน),"รายได้ 18,000–35,000 บาท สภาพคล่องตึงตัวปลายเดือน ต้องการระบบออมเศษเงินอัตโนมัติแบบ Zero-Manual Effort",0.06,MODERATE,FLEXIBLE
ACC_0882,USER_0072,32000.0,638.68,-9406.56,-0.294,0.2109,12213.37,0,0,Paycheck-to-Paycheck Spender,มนุษย์เงินเดือนชนเดือน (สภาพคล่องจำกัดปลายเดือน),"รายได้ 18,000–35,000 บาท สภาพคล่องตึงตัวปลายเดือน ต้องการระบบออมเศษเงินอัตโนมัติแบบ Zero-Manual Effort",0.06,MODERATE,FLEXIBLE
ACC_0883,USER_0073,28000.0,645.23,-10947.73,-0.391,0.2815,3743.86,0,0,Paycheck-to-Paycheck Spender,มนุษย์เงินเดือนชนเดือน (สภาพคล่องจำกัดปลายเดือน),"รายได้ 18,000–35,000 บาท สภาพคล่องตึงตัวปลายเดือน ต้องการระบบออมเศษเงินอัตโนมัติแบบ Zero-Manual Effort",0.06,MODERATE,FLEXIBLE
ACC_0884,USER_0074,24000.0,613.66,-13209.55,-0.5504,0.2086,11322.23,0,1,High-Yield Seeker Novice,ผู้แสวงหาผลตอบแทนสูง (เสี่ยง Ponzi/แชร์ลูกโซ่สูง),"มีเงินเก็บก้อนแรก 30,000–100,000 บาท มักมองหาผลตอบแทนเร็ว แต่ความเข้าใจความเสี่ยงจำกัด เสี่ยงต่อแอปหลอกลงทุน",0.12,HIGH,MAXIMUM
ACC_0885,USER_0075,20000.0,554.35,-14713.44,-0.7357,0.2257,2840.65,0,1,High-Yield Seeker Novice,ผู้แสวงหาผลตอบแทนสูง (เสี่ยง Ponzi/แชร์ลูกโซ่สูง),"มีเงินเก็บก้อนแรก 30,000–100,000 บาท มักมองหาผลตอบแทนเร็ว แต่ความเข้าใจความเสี่ยงจำกัด เสี่ยงต่อแอปหลอกลงทุน",0.12,HIGH,MAXIMUM
ACC_0886,USER_0076,36000.0,582.86,-9995.24,-0.2776,0.2365,2022.54,0,0,Paycheck-to-Paycheck Spender,มนุษย์เงินเดือนชนเดือน (สภาพคล่องจำกัดปลายเดือน),"รายได้ 18,000–35,000 บาท สภาพคล่องตึงตัวปลายเดือน ต้องการระบบออมเศษเงินอัตโนมัติแบบ Zero-Manual Effort",0.06,MODERATE,FLEXIBLE
ACC_0887,USER_0077,36000.0,637.7,-10021.65,-0.2784,0.2955,3752.0,0,0,Paycheck-to-Paycheck Spender,มนุษย์เงินเดือนชนเดือน (สภาพคล่องจำกัดปลายเดือน),"รายได้ 18,000–35,000 บาท สภาพคล่องตึงตัวปลายเดือน ต้องการระบบออมเศษเงินอัตโนมัติแบบ Zero-Manual Effort",0.06,MODERATE,FLEXIBLE
ACC_0888,USER_0078,20000.0,614.68,-21204.17,-1.0602,0.257,15752.97,0,1,High-Yield Seeker Novice,ผู้แสวงหาผลตอบแทนสูง (เสี่ยง Ponzi/แชร์ลูกโซ่สูง),"มีเงินเก็บก้อนแรก 30,000–100,000 บาท มักมองหาผลตอบแทนเร็ว แต่ความเข้าใจความเสี่ยงจำกัด เสี่ยงต่อแอปหลอกลงทุน",0.12,HIGH,MAXIMUM
ACC_0889,USER_0079,36000.0,553.41,-9508.11,-0.2641,0.2785,8856.95,0,0,Paycheck-to-Paycheck Spender,มนุษย์เงินเดือนชนเดือน (สภาพคล่องจำกัดปลายเดือน),"รายได้ 18,000–35,000 บาท สภาพคล่องตึงตัวปลายเดือน ต้องการระบบออมเศษเงินอัตโนมัติแบบ Zero-Manual Effort",0.06,MODERATE,FLEXIBLE
ACC_0890,USER_0080,36000.0,607.42,-8060.38,-0.2239,0.2005,12617.57,0,0,Paycheck-to-Paycheck Spender,มนุษย์เงินเดือนชนเดือน (สภาพคล่องจำกัดปลายเดือน),"รายได้ 18,000–35,000 บาท สภาพคล่องตึงตัวปลายเดือน ต้องการระบบออมเศษเงินอัตโนมัติแบบ Zero-Manual Effort",0.06,MODERATE,FLEXIBLE
ACC_0891,USER_0081,20000.0,634.91,-24672.96,-1.2336,0.2753,9353.77,0,1,High-Yield Seeker Novice,ผู้แสวงหาผลตอบแทนสูง (เสี่ยง Ponzi/แชร์ลูกโซ่สูง),"มีเงินเก็บก้อนแรก 30,000–100,000 บาท มักมองหาผลตอบแทนเร็ว แต่ความเข้าใจความเสี่ยงจำกัด เสี่ยงต่อแอปหลอกลงทุน",0.12,HIGH,MAXIMUM
ACC_0892,USER_0082,28000.0,613.24,-8894.05,-0.3176,0.2405,14803.44,0,0,Paycheck-to-Paycheck Spender,มนุษย์เงินเดือนชนเดือน (สภาพคล่องจำกัดปลายเดือน),"รายได้ 18,000–35,000 บาท สภาพคล่องตึงตัวปลายเดือน ต้องการระบบออมเศษเงินอัตโนมัติแบบ Zero-Manual Effort",0.06,MODERATE,FLEXIBLE
ACC_0893,USER_0083,36000.0,626.15,-8888.03,-0.2469,0.1898,15570.6,0,0,Paycheck-to-Paycheck Spender,มนุษย์เงินเดือนชนเดือน (สภาพคล่องจำกัดปลายเดือน),"รายได้ 18,000–35,000 บาท สภาพคล่องตึงตัวปลายเดือน ต้องการระบบออมเศษเงินอัตโนมัติแบบ Zero-Manual Effort",0.06,MODERATE,FLEXIBLE
ACC_0894,USER_0084,32000.0,614.24,-9044.85,-0.2827,0.1863,17112.79,0,0,Paycheck-to-Paycheck Spender,มนุษย์เงินเดือนชนเดือน (สภาพคล่องจำกัดปลายเดือน),"รายได้ 18,000–35,000 บาท สภาพคล่องตึงตัวปลายเดือน ต้องการระบบออมเศษเงินอัตโนมัติแบบ Zero-Manual Effort",0.06,MODERATE,FLEXIBLE
ACC_0895,USER_0085,24000.0,595.74,-10057.54,-0.4191,0.2645,11396.57,0,1,High-Yield Seeker Novice,ผู้แสวงหาผลตอบแทนสูง (เสี่ยง Ponzi/แชร์ลูกโซ่สูง),"มีเงินเก็บก้อนแรก 30,000–100,000 บาท มักมองหาผลตอบแทนเร็ว แต่ความเข้าใจความเสี่ยงจำกัด เสี่ยงต่อแอปหลอกลงทุน",0.12,HIGH,MAXIMUM
ACC_0896,USER_0086,24000.0,540.99,-10863.3,-0.4526,0.2156,9255.04,0,1,High-Yield Seeker Novice,ผู้แสวงหาผลตอบแทนสูง (เสี่ยง Ponzi/แชร์ลูกโซ่สูง),"มีเงินเก็บก้อนแรก 30,000–100,000 บาท มักมองหาผลตอบแทนเร็ว แต่ความเข้าใจความเสี่ยงจำกัด เสี่ยงต่อแอปหลอกลงทุน",0.12,HIGH,MAXIMUM
ACC_0897,USER_0087,36000.0,584.67,-8072.0,-0.2242,0.2073,5374.04,0,0,Paycheck-to-Paycheck Spender,มนุษย์เงินเดือนชนเดือน (สภาพคล่องจำกัดปลายเดือน),"รายได้ 18,000–35,000 บาท สภาพคล่องตึงตัวปลายเดือน ต้องการระบบออมเศษเงินอัตโนมัติแบบ Zero-Manual Effort",0.06,MODERATE,FLEXIBLE
ACC_0898,USER_0088,24000.0,554.85,-9464.05,-0.3943,0.193,13858.93,0,1,High-Yield Seeker Novice,ผู้แสวงหาผลตอบแทนสูง (เสี่ยง Ponzi/แชร์ลูกโซ่สูง),"มีเงินเก็บก้อนแรก 30,000–100,000 บาท มักมองหาผลตอบแทนเร็ว แต่ความเข้าใจความเสี่ยงจำกัด เสี่ยงต่อแอปหลอกลงทุน",0.12,HIGH,MAXIMUM
ACC_0899,USER_0089,36000.0,641.46,-10898.29,-0.3027,0.2874,8752.11,0,0,Paycheck-to-Paycheck Spender,มนุษย์เงินเดือนชนเดือน (สภาพคล่องจำกัดปลายเดือน),"รายได้ 18,000–35,000 บาท สภาพคล่องตึงตัวปลายเดือน ต้องการระบบออมเศษเงินอัตโนมัติแบบ Zero-Manual Effort",0.06,MODERATE,FLEXIBLE
ACC_0900,USER_0090,20000.0,682.37,-31174.33,-1.5587,0.2155,8931.22,0,1,High-Yield Seeker Novice,ผู้แสวงหาผลตอบแทนสูง (เสี่ยง Ponzi/แชร์ลูกโซ่สูง),"มีเงินเก็บก้อนแรก 30,000–100,000 บาท มักมองหาผลตอบแทนเร็ว แต่ความเข้าใจความเสี่ยงจำกัด เสี่ยงต่อแอปหลอกลงทุน",0.12,HIGH,MAXIMUM
ACC_0901,USER_0091,32000.0,564.01,-8444.32,-0.2639,0.2859,14232.27,0,0,Paycheck-to-Paycheck Spender,มนุษย์เงินเดือนชนเดือน (สภาพคล่องจำกัดปลายเดือน),"รายได้ 18,000–35,000 บาท สภาพคล่องตึงตัวปลายเดือน ต้องการระบบออมเศษเงินอัตโนมัติแบบ Zero-Manual Effort",0.06,MODERATE,FLEXIBLE
ACC_0902,USER_0092,32000.0,577.47,-12735.33,-0.398,0.2468,2276.88,0,0,Paycheck-to-Paycheck Spender,มนุษย์เงินเดือนชนเดือน (สภาพคล่องจำกัดปลายเดือน),"รายได้ 18,000–35,000 บาท สภาพคล่องตึงตัวปลายเดือน ต้องการระบบออมเศษเงินอัตโนมัติแบบ Zero-Manual Effort",0.06,MODERATE,FLEXIBLE
ACC_0903,USER_0093,20000.0,647.18,-28072.93,-1.4036,0.2868,12687.34,0,1,High-Yield Seeker Novice,ผู้แสวงหาผลตอบแทนสูง (เสี่ยง Ponzi/แชร์ลูกโซ่สูง),"มีเงินเก็บก้อนแรก 30,000–100,000 บาท มักมองหาผลตอบแทนเร็ว แต่ความเข้าใจความเสี่ยงจำกัด เสี่ยงต่อแอปหลอกลงทุน",0.12,HIGH,MAXIMUM
ACC_0904,USER_0094,20000.0,629.01,-25691.59,-1.2846,0.2197,5222.71,0,1,High-Yield Seeker Novice,ผู้แสวงหาผลตอบแทนสูง (เสี่ยง Ponzi/แชร์ลูกโซ่สูง),"มีเงินเก็บก้อนแรก 30,000–100,000 บาท มักมองหาผลตอบแทนเร็ว แต่ความเข้าใจความเสี่ยงจำกัด เสี่ยงต่อแอปหลอกลงทุน",0.12,HIGH,MAXIMUM
ACC_0905,USER_0095,20000.0,598.3,-19351.28,-0.9676,0.2141,3495.95,0,1,High-Yield Seeker Novice,ผู้แสวงหาผลตอบแทนสูง (เสี่ยง Ponzi/แชร์ลูกโซ่สูง),"มีเงินเก็บก้อนแรก 30,000–100,000 บาท มักมองหาผลตอบแทนเร็ว แต่ความเข้าใจความเสี่ยงจำกัด เสี่ยงต่อแอปหลอกลงทุน",0.12,HIGH,MAXIMUM
ACC_0906,USER_0096,24000.0,599.79,-13720.25,-0.5717,0.1925,11718.24,0,1,High-Yield Seeker Novice,ผู้แสวงหาผลตอบแทนสูง (เสี่ยง Ponzi/แชร์ลูกโซ่สูง),"มีเงินเก็บก้อนแรก 30,000–100,000 บาท มักมองหาผลตอบแทนเร็ว แต่ความเข้าใจความเสี่ยงจำกัด เสี่ยงต่อแอปหลอกลงทุน",0.12,HIGH,MAXIMUM
ACC_0907,USER_0097,28000.0,584.78,-8990.13,-0.3211,0.2013,3862.4,0,0,Paycheck-to-Paycheck Spender,มนุษย์เงินเดือนชนเดือน (สภาพคล่องจำกัดปลายเดือน),"รายได้ 18,000–35,000 บาท สภาพคล่องตึงตัวปลายเดือน ต้องการระบบออมเศษเงินอัตโนมัติแบบ Zero-Manual Effort",0.06,MODERATE,FLEXIBLE
ACC_0908,USER_0098,36000.0,605.27,-12153.62,-0.3376,0.2741,6513.62,0,0,Paycheck-to-Paycheck Spender,มนุษย์เงินเดือนชนเดือน (สภาพคล่องจำกัดปลายเดือน),"รายได้ 18,000–35,000 บาท สภาพคล่องตึงตัวปลายเดือน ต้องการระบบออมเศษเงินอัตโนมัติแบบ Zero-Manual Effort",0.06,MODERATE,FLEXIBLE
ACC_0909,USER_0099,20000.0,607.81,-21833.02,-1.0917,0.2185,9348.11,0,1,High-Yield Seeker Novice,ผู้แสวงหาผลตอบแทนสูง (เสี่ยง Ponzi/แชร์ลูกโซ่สูง),"มีเงินเก็บก้อนแรก 30,000–100,000 บาท มักมองหาผลตอบแทนเร็ว แต่ความเข้าใจความเสี่ยงจำกัด เสี่ยงต่อแอปหลอกลงทุน",0.12,HIGH,MAXIMUM
ACC_0910,USER_0100,24000.0,624.73,-16326.81,-0.6803,0.2188,4065.84,0,1,High-Yield Seeker Novice,ผู้แสวงหาผลตอบแทนสูง (เสี่ยง Ponzi/แชร์ลูกโซ่สูง),"มีเงินเก็บก้อนแรก 30,000–100,000 บาท มักมองหาผลตอบแทนเร็ว แต่ความเข้าใจความเสี่ยงจำกัด เสี่ยงต่อแอปหลอกลงทุน",0.12,HIGH,MAXIMUM
ACC_0911,USER_0101,36000.0,595.56,-12694.04,-0.3526,0.2358,3432.55,0,0,Paycheck-to-Paycheck Spender,มนุษย์เงินเดือนชนเดือน (สภาพคล่องจำกัดปลายเดือน),"รายได้ 18,000–35,000 บาท สภาพคล่องตึงตัวปลายเดือน ต้องการระบบออมเศษเงินอัตโนมัติแบบ Zero-Manual Effort",0.06,MODERATE,FLEXIBLE
ACC_0912,USER_0102,20000.0,594.44,-19057.47,-0.9529,0.2124,13222.19,0,1,High-Yield Seeker Novice,ผู้แสวงหาผลตอบแทนสูง (เสี่ยง Ponzi/แชร์ลูกโซ่สูง),"มีเงินเก็บก้อนแรก 30,000–100,000 บาท มักมองหาผลตอบแทนเร็ว แต่ความเข้าใจความเสี่ยงจำกัด เสี่ยงต่อแอปหลอกลงทุน",0.12,HIGH,MAXIMUM
ACC_0913,USER_0103,32000.0,667.23,-12619.99,-0.3944,0.2975,15590.47,0,0,Paycheck-to-Paycheck Spender,มนุษย์เงินเดือนชนเดือน (สภาพคล่องจำกัดปลายเดือน),"รายได้ 18,000–35,000 บาท สภาพคล่องตึงตัวปลายเดือน ต้องการระบบออมเศษเงินอัตโนมัติแบบ Zero-Manual Effort",0.06,MODERATE,FLEXIBLE
ACC_0914,USER_0104,24000.0,585.08,-10934.03,-0.4556,0.1956,6989.73,0,1,High-Yield Seeker Novice,ผู้แสวงหาผลตอบแทนสูง (เสี่ยง Ponzi/แชร์ลูกโซ่สูง),"มีเงินเก็บก้อนแรก 30,000–100,000 บาท มักมองหาผลตอบแทนเร็ว แต่ความเข้าใจความเสี่ยงจำกัด เสี่ยงต่อแอปหลอกลงทุน",0.12,HIGH,MAXIMUM
ACC_0915,USER_0105,28000.0,641.08,-10121.42,-0.3615,0.2287,16531.21,0,0,Paycheck-to-Paycheck Spender,มนุษย์เงินเดือนชนเดือน (สภาพคล่องจำกัดปลายเดือน),"รายได้ 18,000–35,000 บาท สภาพคล่องตึงตัวปลายเดือน ต้องการระบบออมเศษเงินอัตโนมัติแบบ Zero-Manual Effort",0.06,MODERATE,FLEXIBLE
ACC_0916,USER_0106,20000.0,541.29,-13242.89,-0.6621,0.2314,14574.35,0,1,High-Yield Seeker Novice,ผู้แสวงหาผลตอบแทนสูง (เสี่ยง Ponzi/แชร์ลูกโซ่สูง),"มีเงินเก็บก้อนแรก 30,000–100,000 บาท มักมองหาผลตอบแทนเร็ว แต่ความเข้าใจความเสี่ยงจำกัด เสี่ยงต่อแอปหลอกลงทุน",0.12,HIGH,MAXIMUM
ACC_0917,USER_0107,24000.0,633.8,-15498.9,-0.6458,0.19,5089.01,0,1,High-Yield Seeker Novice,ผู้แสวงหาผลตอบแทนสูง (เสี่ยง Ponzi/แชร์ลูกโซ่สูง),"มีเงินเก็บก้อนแรก 30,000–100,000 บาท มักมองหาผลตอบแทนเร็ว แต่ความเข้าใจความเสี่ยงจำกัด เสี่ยงต่อแอปหลอกลงทุน",0.12,HIGH,MAXIMUM
ACC_0918,USER_0108,24000.0,601.94,-11935.62,-0.4973,0.2526,14009.67,0,1,High-Yield Seeker Novice,ผู้แสวงหาผลตอบแทนสูง (เสี่ยง Ponzi/แชร์ลูกโซ่สูง),"มีเงินเก็บก้อนแรก 30,000–100,000 บาท มักมองหาผลตอบแทนเร็ว แต่ความเข้าใจความเสี่ยงจำกัด เสี่ยงต่อแอปหลอกลงทุน",0.12,HIGH,MAXIMUM
ACC_0919,USER_0109,24000.0,632.0,-19430.48,-0.8096,0.2678,7479.45,0,1,High-Yield Seeker Novice,ผู้แสวงหาผลตอบแทนสูง (เสี่ยง Ponzi/แชร์ลูกโซ่สูง),"มีเงินเก็บก้อนแรก 30,000–100,000 บาท มักมองหาผลตอบแทนเร็ว แต่ความเข้าใจความเสี่ยงจำกัด เสี่ยงต่อแอปหลอกลงทุน",0.12,HIGH,MAXIMUM
ACC_0920,USER_0110,24000.0,571.45,-7813.27,-0.3256,0.1423,12907.19,0,0,Paycheck-to-Paycheck Spender,มนุษย์เงินเดือนชนเดือน (สภาพคล่องจำกัดปลายเดือน),"รายได้ 18,000–35,000 บาท สภาพคล่องตึงตัวปลายเดือน ต้องการระบบออมเศษเงินอัตโนมัติแบบ Zero-Manual Effort",0.06,MODERATE,FLEXIBLE
ACC_0921,USER_0111,36000.0,594.49,-9878.37,-0.2744,0.2843,17449.89,0,0,Paycheck-to-Paycheck Spender,มนุษย์เงินเดือนชนเดือน (สภาพคล่องจำกัดปลายเดือน),"รายได้ 18,000–35,000 บาท สภาพคล่องตึงตัวปลายเดือน ต้องการระบบออมเศษเงินอัตโนมัติแบบ Zero-Manual Effort",0.06,MODERATE,FLEXIBLE
ACC_0922,USER_0112,20000.0,584.21,-17563.18,-0.8782,0.2607,7752.35,0,1,High-Yield Seeker Novice,ผู้แสวงหาผลตอบแทนสูง (เสี่ยง Ponzi/แชร์ลูกโซ่สูง),"มีเงินเก็บก้อนแรก 30,000–100,000 บาท มักมองหาผลตอบแทนเร็ว แต่ความเข้าใจความเสี่ยงจำกัด เสี่ยงต่อแอปหลอกลงทุน",0.12,HIGH,MAXIMUM
ACC_0923,USER_0113,36000.0,569.47,-5857.0,-0.1627,0.1481,12343.61,0,0,Paycheck-to-Paycheck Spender,มนุษย์เงินเดือนชนเดือน (สภาพคล่องจำกัดปลายเดือน),"รายได้ 18,000–35,000 บาท สภาพคล่องตึงตัวปลายเดือน ต้องการระบบออมเศษเงินอัตโนมัติแบบ Zero-Manual Effort",0.06,MODERATE,FLEXIBLE
ACC_0924,USER_0114,28000.0,683.55,-14596.72,-0.5213,0.2601,8868.17,0,0,Paycheck-to-Paycheck Spender,มนุษย์เงินเดือนชนเดือน (สภาพคล่องจำกัดปลายเดือน),"รายได้ 18,000–35,000 บาท สภาพคล่องตึงตัวปลายเดือน ต้องการระบบออมเศษเงินอัตโนมัติแบบ Zero-Manual Effort",0.06,MODERATE,FLEXIBLE
ACC_0925,USER_0115,36000.0,584.84,-7845.83,-0.2179,0.256,13895.46,0,0,Paycheck-to-Paycheck Spender,มนุษย์เงินเดือนชนเดือน (สภาพคล่องจำกัดปลายเดือน),"รายได้ 18,000–35,000 บาท สภาพคล่องตึงตัวปลายเดือน ต้องการระบบออมเศษเงินอัตโนมัติแบบ Zero-Manual Effort",0.06,MODERATE,FLEXIBLE
ACC_0926,USER_0116,28000.0,648.89,-10578.34,-0.3778,0.1849,10060.97,0,0,Paycheck-to-Paycheck Spender,มนุษย์เงินเดือนชนเดือน (สภาพคล่องจำกัดปลายเดือน),"รายได้ 18,000–35,000 บาท สภาพคล่องตึงตัวปลายเดือน ต้องการระบบออมเศษเงินอัตโนมัติแบบ Zero-Manual Effort",0.06,MODERATE,FLEXIBLE
ACC_0927,USER_0117,32000.0,645.56,-8487.29,-0.2652,0.2135,12185.84,0,0,Paycheck-to-Paycheck Spender,มนุษย์เงินเดือนชนเดือน (สภาพคล่องจำกัดปลายเดือน),"รายได้ 18,000–35,000 บาท สภาพคล่องตึงตัวปลายเดือน ต้องการระบบออมเศษเงินอัตโนมัติแบบ Zero-Manual Effort",0.06,MODERATE,FLEXIBLE
ACC_0928,USER_0118,20000.0,568.59,-14350.34,-0.7175,0.1878,11386.48,0,1,High-Yield Seeker Novice,ผู้แสวงหาผลตอบแทนสูง (เสี่ยง Ponzi/แชร์ลูกโซ่สูง),"มีเงินเก็บก้อนแรก 30,000–100,000 บาท มักมองหาผลตอบแทนเร็ว แต่ความเข้าใจความเสี่ยงจำกัด เสี่ยงต่อแอปหลอกลงทุน",0.12,HIGH,MAXIMUM
ACC_0929,USER_0119,36000.0,656.37,-12996.49,-0.361,0.2589,10861.62,0,0,Paycheck-to-Paycheck Spender,มนุษย์เงินเดือนชนเดือน (สภาพคล่องจำกัดปลายเดือน),"รายได้ 18,000–35,000 บาท สภาพคล่องตึงตัวปลายเดือน ต้องการระบบออมเศษเงินอัตโนมัติแบบ Zero-Manual Effort",0.06,MODERATE,FLEXIBLE
ACC_0930,USER_0120,24000.0,607.87,-13818.8,-0.5758,0.2958,13028.54,0,1,High-Yield Seeker Novice,ผู้แสวงหาผลตอบแทนสูง (เสี่ยง Ponzi/แชร์ลูกโซ่สูง),"มีเงินเก็บก้อนแรก 30,000–100,000 บาท มักมองหาผลตอบแทนเร็ว แต่ความเข้าใจความเสี่ยงจำกัด เสี่ยงต่อแอปหลอกลงทุน",0.12,HIGH,MAXIMUM
ACC_0931,USER_0121,28000.0,604.03,-9702.74,-0.3465,0.2518,15804.68,0,0,Paycheck-to-Paycheck Spender,มนุษย์เงินเดือนชนเดือน (สภาพคล่องจำกัดปลายเดือน),"รายได้ 18,000–35,000 บาท สภาพคล่องตึงตัวปลายเดือน ต้องการระบบออมเศษเงินอัตโนมัติแบบ Zero-Manual Effort",0.06,MODERATE,FLEXIBLE
ACC_0932,USER_0122,20000.0,600.8,-20249.34,-1.0125,0.21,9684.06,0,1,High-Yield Seeker Novice,ผู้แสวงหาผลตอบแทนสูง (เสี่ยง Ponzi/แชร์ลูกโซ่สูง),"มีเงินเก็บก้อนแรก 30,000–100,000 บาท มักมองหาผลตอบแทนเร็ว แต่ความเข้าใจความเสี่ยงจำกัด เสี่ยงต่อแอปหลอกลงทุน",0.12,HIGH,MAXIMUM
ACC_0933,USER_0123,20000.0,590.5,-20552.59,-1.0276,0.3029,15989.78,0,1,High-Yield Seeker Novice,ผู้แสวงหาผลตอบแทนสูง (เสี่ยง Ponzi/แชร์ลูกโซ่สูง),"มีเงินเก็บก้อนแรก 30,000–100,000 บาท มักมองหาผลตอบแทนเร็ว แต่ความเข้าใจความเสี่ยงจำกัด เสี่ยงต่อแอปหลอกลงทุน",0.12,HIGH,MAXIMUM
ACC_0934,USER_0124,24000.0,612.0,-15525.02,-0.6469,0.2457,5659.64,0,1,High-Yield Seeker Novice,ผู้แสวงหาผลตอบแทนสูง (เสี่ยง Ponzi/แชร์ลูกโซ่สูง),"มีเงินเก็บก้อนแรก 30,000–100,000 บาท มักมองหาผลตอบแทนเร็ว แต่ความเข้าใจความเสี่ยงจำกัด เสี่ยงต่อแอปหลอกลงทุน",0.12,HIGH,MAXIMUM
ACC_0935,USER_0125,24000.0,591.8,-13222.85,-0.551,0.2653,13578.21,0,1,High-Yield Seeker Novice,ผู้แสวงหาผลตอบแทนสูง (เสี่ยง Ponzi/แชร์ลูกโซ่สูง),"มีเงินเก็บก้อนแรก 30,000–100,000 บาท มักมองหาผลตอบแทนเร็ว แต่ความเข้าใจความเสี่ยงจำกัด เสี่ยงต่อแอปหลอกลงทุน",0.12,HIGH,MAXIMUM
ACC_0936,USER_0126,36000.0,635.18,-9637.52,-0.2677,0.2451,13628.32,0,0,Paycheck-to-Paycheck Spender,มนุษย์เงินเดือนชนเดือน (สภาพคล่องจำกัดปลายเดือน),"รายได้ 18,000–35,000 บาท สภาพคล่องตึงตัวปลายเดือน ต้องการระบบออมเศษเงินอัตโนมัติแบบ Zero-Manual Effort",0.06,MODERATE,FLEXIBLE
ACC_0937,USER_0127,36000.0,624.64,-9519.57,-0.2644,0.2277,6302.33,0,0,Paycheck-to-Paycheck Spender,มนุษย์เงินเดือนชนเดือน (สภาพคล่องจำกัดปลายเดือน),"รายได้ 18,000–35,000 บาท สภาพคล่องตึงตัวปลายเดือน ต้องการระบบออมเศษเงินอัตโนมัติแบบ Zero-Manual Effort",0.06,MODERATE,FLEXIBLE
ACC_0938,USER_0128,28000.0,598.24,-9464.52,-0.338,0.2462,14281.68,0,0,Paycheck-to-Paycheck Spender,มนุษย์เงินเดือนชนเดือน (สภาพคล่องจำกัดปลายเดือน),"รายได้ 18,000–35,000 บาท สภาพคล่องตึงตัวปลายเดือน ต้องการระบบออมเศษเงินอัตโนมัติแบบ Zero-Manual Effort",0.06,MODERATE,FLEXIBLE
ACC_0939,USER_0129,32000.0,554.95,-7722.75,-0.2413,0.1878,16781.58,0,0,Paycheck-to-Paycheck Spender,มนุษย์เงินเดือนชนเดือน (สภาพคล่องจำกัดปลายเดือน),"รายได้ 18,000–35,000 บาท สภาพคล่องตึงตัวปลายเดือน ต้องการระบบออมเศษเงินอัตโนมัติแบบ Zero-Manual Effort",0.06,MODERATE,FLEXIBLE
ACC_0940,USER_0130,36000.0,608.24,-8045.37,-0.2235,0.2334,8951.09,0,0,Paycheck-to-Paycheck Spender,มนุษย์เงินเดือนชนเดือน (สภาพคล่องจำกัดปลายเดือน),"รายได้ 18,000–35,000 บาท สภาพคล่องตึงตัวปลายเดือน ต้องการระบบออมเศษเงินอัตโนมัติแบบ Zero-Manual Effort",0.06,MODERATE,FLEXIBLE
ACC_0941,USER_0131,36000.0,629.17,-7616.31,-0.2116,0.1841,15237.9,0,0,Paycheck-to-Paycheck Spender,มนุษย์เงินเดือนชนเดือน (สภาพคล่องจำกัดปลายเดือน),"รายได้ 18,000–35,000 บาท สภาพคล่องตึงตัวปลายเดือน ต้องการระบบออมเศษเงินอัตโนมัติแบบ Zero-Manual Effort",0.06,MODERATE,FLEXIBLE
ACC_0942,USER_0132,28000.0,651.34,-11218.99,-0.4007,0.223,14812.86,0,0,Paycheck-to-Paycheck Spender,มนุษย์เงินเดือนชนเดือน (สภาพคล่องจำกัดปลายเดือน),"รายได้ 18,000–35,000 บาท สภาพคล่องตึงตัวปลายเดือน ต้องการระบบออมเศษเงินอัตโนมัติแบบ Zero-Manual Effort",0.06,MODERATE,FLEXIBLE
ACC_0943,USER_0133,24000.0,613.19,-14500.75,-0.6042,0.2151,13765.76,0,1,High-Yield Seeker Novice,ผู้แสวงหาผลตอบแทนสูง (เสี่ยง Ponzi/แชร์ลูกโซ่สูง),"มีเงินเก็บก้อนแรก 30,000–100,000 บาท มักมองหาผลตอบแทนเร็ว แต่ความเข้าใจความเสี่ยงจำกัด เสี่ยงต่อแอปหลอกลงทุน",0.12,HIGH,MAXIMUM
ACC_0944,USER_0134,36000.0,634.65,-7800.5,-0.2167,0.1775,15942.35,0,0,Paycheck-to-Paycheck Spender,มนุษย์เงินเดือนชนเดือน (สภาพคล่องจำกัดปลายเดือน),"รายได้ 18,000–35,000 บาท สภาพคล่องตึงตัวปลายเดือน ต้องการระบบออมเศษเงินอัตโนมัติแบบ Zero-Manual Effort",0.06,MODERATE,FLEXIBLE
ACC_0945,USER_0135,32000.0,702.93,-8335.94,-0.2605,0.2481,9647.31,0,0,Paycheck-to-Paycheck Spender,มนุษย์เงินเดือนชนเดือน (สภาพคล่องจำกัดปลายเดือน),"รายได้ 18,000–35,000 บาท สภาพคล่องตึงตัวปลายเดือน ต้องการระบบออมเศษเงินอัตโนมัติแบบ Zero-Manual Effort",0.06,MODERATE,FLEXIBLE
ACC_0946,USER_0136,32000.0,593.33,-9682.24,-0.3026,0.252,14982.99,0,0,Paycheck-to-Paycheck Spender,มนุษย์เงินเดือนชนเดือน (สภาพคล่องจำกัดปลายเดือน),"รายได้ 18,000–35,000 บาท สภาพคล่องตึงตัวปลายเดือน ต้องการระบบออมเศษเงินอัตโนมัติแบบ Zero-Manual Effort",0.06,MODERATE,FLEXIBLE
ACC_0947,USER_0137,36000.0,592.73,-7167.27,-0.1991,0.1771,16335.44,0,0,Paycheck-to-Paycheck Spender,มนุษย์เงินเดือนชนเดือน (สภาพคล่องจำกัดปลายเดือน),"รายได้ 18,000–35,000 บาท สภาพคล่องตึงตัวปลายเดือน ต้องการระบบออมเศษเงินอัตโนมัติแบบ Zero-Manual Effort",0.06,MODERATE,FLEXIBLE
ACC_0948,USER_0138,28000.0,614.53,-9105.24,-0.3252,0.2031,6198.32,0,0,Paycheck-to-Paycheck Spender,มนุษย์เงินเดือนชนเดือน (สภาพคล่องจำกัดปลายเดือน),"รายได้ 18,000–35,000 บาท สภาพคล่องตึงตัวปลายเดือน ต้องการระบบออมเศษเงินอัตโนมัติแบบ Zero-Manual Effort",0.06,MODERATE,FLEXIBLE
ACC_0949,USER_0139,32000.0,628.39,-10099.13,-0.3156,0.2637,2840.02,0,0,Paycheck-to-Paycheck Spender,มนุษย์เงินเดือนชนเดือน (สภาพคล่องจำกัดปลายเดือน),"รายได้ 18,000–35,000 บาท สภาพคล่องตึงตัวปลายเดือน ต้องการระบบออมเศษเงินอัตโนมัติแบบ Zero-Manual Effort",0.06,MODERATE,FLEXIBLE
ACC_0950,USER_0140,36000.0,657.37,-9073.36,-0.252,0.1846,15169.3,0,0,Paycheck-to-Paycheck Spender,มนุษย์เงินเดือนชนเดือน (สภาพคล่องจำกัดปลายเดือน),"รายได้ 18,000–35,000 บาท สภาพคล่องตึงตัวปลายเดือน ต้องการระบบออมเศษเงินอัตโนมัติแบบ Zero-Manual Effort",0.06,MODERATE,FLEXIBLE
ACC_0951,USER_0141,20000.0,626.85,-22739.21,-1.137,0.2403,11276.55,0,1,High-Yield Seeker Novice,ผู้แสวงหาผลตอบแทนสูง (เสี่ยง Ponzi/แชร์ลูกโซ่สูง),"มีเงินเก็บก้อนแรก 30,000–100,000 บาท มักมองหาผลตอบแทนเร็ว แต่ความเข้าใจความเสี่ยงจำกัด เสี่ยงต่อแอปหลอกลงทุน",0.12,HIGH,MAXIMUM
ACC_0952,USER_0142,32000.0,590.19,-8747.08,-0.2733,0.231,6802.75,0,0,Paycheck-to-Paycheck Spender,มนุษย์เงินเดือนชนเดือน (สภาพคล่องจำกัดปลายเดือน),"รายได้ 18,000–35,000 บาท สภาพคล่องตึงตัวปลายเดือน ต้องการระบบออมเศษเงินอัตโนมัติแบบ Zero-Manual Effort",0.06,MODERATE,FLEXIBLE
ACC_0953,USER_0143,20000.0,555.86,-15978.85,-0.7989,0.2491,16856.36,0,1,High-Yield Seeker Novice,ผู้แสวงหาผลตอบแทนสูง (เสี่ยง Ponzi/แชร์ลูกโซ่สูง),"มีเงินเก็บก้อนแรก 30,000–100,000 บาท มักมองหาผลตอบแทนเร็ว แต่ความเข้าใจความเสี่ยงจำกัด เสี่ยงต่อแอปหลอกลงทุน",0.12,HIGH,MAXIMUM
ACC_0954,USER_0144,24000.0,646.22,-19218.1,-0.8008,0.2538,2096.31,0,1,High-Yield Seeker Novice,ผู้แสวงหาผลตอบแทนสูง (เสี่ยง Ponzi/แชร์ลูกโซ่สูง),"มีเงินเก็บก้อนแรก 30,000–100,000 บาท มักมองหาผลตอบแทนเร็ว แต่ความเข้าใจความเสี่ยงจำกัด เสี่ยงต่อแอปหลอกลงทุน",0.12,HIGH,MAXIMUM
ACC_0955,USER_0145,28000.0,569.23,-11144.15,-0.398,0.2739,7410.68,0,0,Paycheck-to-Paycheck Spender,มนุษย์เงินเดือนชนเดือน (สภาพคล่องจำกัดปลายเดือน),"รายได้ 18,000–35,000 บาท สภาพคล่องตึงตัวปลายเดือน ต้องการระบบออมเศษเงินอัตโนมัติแบบ Zero-Manual Effort",0.06,MODERATE,FLEXIBLE
ACC_0956,USER_0146,24000.0,662.61,-21724.83,-0.9052,0.293,4733.38,0,1,High-Yield Seeker Novice,ผู้แสวงหาผลตอบแทนสูง (เสี่ยง Ponzi/แชร์ลูกโซ่สูง),"มีเงินเก็บก้อนแรก 30,000–100,000 บาท มักมองหาผลตอบแทนเร็ว แต่ความเข้าใจความเสี่ยงจำกัด เสี่ยงต่อแอปหลอกลงทุน",0.12,HIGH,MAXIMUM
ACC_0957,USER_0147,28000.0,574.36,-10270.29,-0.3668,0.2275,16476.85,0,0,Paycheck-to-Paycheck Spender,มนุษย์เงินเดือนชนเดือน (สภาพคล่องจำกัดปลายเดือน),"รายได้ 18,000–35,000 บาท สภาพคล่องตึงตัวปลายเดือน ต้องการระบบออมเศษเงินอัตโนมัติแบบ Zero-Manual Effort",0.06,MODERATE,FLEXIBLE
ACC_0958,USER_0148,36000.0,617.58,-11023.29,-0.3062,0.2494,2312.37,0,0,Paycheck-to-Paycheck Spender,มนุษย์เงินเดือนชนเดือน (สภาพคล่องจำกัดปลายเดือน),"รายได้ 18,000–35,000 บาท สภาพคล่องตึงตัวปลายเดือน ต้องการระบบออมเศษเงินอัตโนมัติแบบ Zero-Manual Effort",0.06,MODERATE,FLEXIBLE
ACC_0959,USER_0149,36000.0,594.36,-12422.63,-0.3451,0.2962,9382.77,0,0,Paycheck-to-Paycheck Spender,มนุษย์เงินเดือนชนเดือน (สภาพคล่องจำกัดปลายเดือน),"รายได้ 18,000–35,000 บาท สภาพคล่องตึงตัวปลายเดือน ต้องการระบบออมเศษเงินอัตโนมัติแบบ Zero-Manual Effort",0.06,MODERATE,FLEXIBLE
ACC_0960,USER_0000,32000.0,618.08,-11777.98,-0.3681,0.2973,15262.66,0,0,Paycheck-to-Paycheck Spender,มนุษย์เงินเดือนชนเดือน (สภาพคล่องจำกัดปลายเดือน),"รายได้ 18,000–35,000 บาท สภาพคล่องตึงตัวปลายเดือน ต้องการระบบออมเศษเงินอัตโนมัติแบบ Zero-Manual Effort",0.06,MODERATE,FLEXIBLE
ACC_0961,USER_0001,36000.0,684.7,-10061.43,-0.2795,0.206,9334.48,0,0,Paycheck-to-Paycheck Spender,มนุษย์เงินเดือนชนเดือน (สภาพคล่องจำกัดปลายเดือน),"รายได้ 18,000–35,000 บาท สภาพคล่องตึงตัวปลายเดือน ต้องการระบบออมเศษเงินอัตโนมัติแบบ Zero-Manual Effort",0.06,MODERATE,FLEXIBLE
ACC_0962,USER_0002,36000.0,624.9,-10122.9,-0.2812,0.2983,13020.74,0,0,Paycheck-to-Paycheck Spender,มนุษย์เงินเดือนชนเดือน (สภาพคล่องจำกัดปลายเดือน),"รายได้ 18,000–35,000 บาท สภาพคล่องตึงตัวปลายเดือน ต้องการระบบออมเศษเงินอัตโนมัติแบบ Zero-Manual Effort",0.06,MODERATE,FLEXIBLE
ACC_0963,USER_0003,20000.0,656.66,-26088.76,-1.3044,0.1687,3832.56,0,1,High-Yield Seeker Novice,ผู้แสวงหาผลตอบแทนสูง (เสี่ยง Ponzi/แชร์ลูกโซ่สูง),"มีเงินเก็บก้อนแรก 30,000–100,000 บาท มักมองหาผลตอบแทนเร็ว แต่ความเข้าใจความเสี่ยงจำกัด เสี่ยงต่อแอปหลอกลงทุน",0.12,HIGH,MAXIMUM
ACC_0964,USER_0004,24000.0,558.39,-7451.24,-0.3105,0.2291,10300.95,0,0,Paycheck-to-Paycheck Spender,มนุษย์เงินเดือนชนเดือน (สภาพคล่องจำกัดปลายเดือน),"รายได้ 18,000–35,000 บาท สภาพคล่องตึงตัวปลายเดือน ต้องการระบบออมเศษเงินอัตโนมัติแบบ Zero-Manual Effort",0.06,MODERATE,FLEXIBLE
ACC_0965,USER_0005,24000.0,610.2,-16078.73,-0.6699,0.251,14716.21,0,1,High-Yield Seeker Novice,ผู้แสวงหาผลตอบแทนสูง (เสี่ยง Ponzi/แชร์ลูกโซ่สูง),"มีเงินเก็บก้อนแรก 30,000–100,000 บาท มักมองหาผลตอบแทนเร็ว แต่ความเข้าใจความเสี่ยงจำกัด เสี่ยงต่อแอปหลอกลงทุน",0.12,HIGH,MAXIMUM
ACC_0966,USER_0006,32000.0,564.54,-8964.84,-0.2802,0.1501,3173.09,0,0,Paycheck-to-Paycheck Spender,มนุษย์เงินเดือนชนเดือน (สภาพคล่องจำกัดปลายเดือน),"รายได้ 18,000–35,000 บาท สภาพคล่องตึงตัวปลายเดือน ต้องการระบบออมเศษเงินอัตโนมัติแบบ Zero-Manual Effort",0.06,MODERATE,FLEXIBLE
ACC_0967,USER_0007,28000.0,596.23,-8076.62,-0.2885,0.2589,3296.3,0,0,Paycheck-to-Paycheck Spender,มนุษย์เงินเดือนชนเดือน (สภาพคล่องจำกัดปลายเดือน),"รายได้ 18,000–35,000 บาท สภาพคล่องตึงตัวปลายเดือน ต้องการระบบออมเศษเงินอัตโนมัติแบบ Zero-Manual Effort",0.06,MODERATE,FLEXIBLE
ACC_0968,USER_0008,36000.0,523.34,-5319.03,-0.1478,0.1147,3626.46,0,0,Paycheck-to-Paycheck Spender,มนุษย์เงินเดือนชนเดือน (สภาพคล่องจำกัดปลายเดือน),"รายได้ 18,000–35,000 บาท สภาพคล่องตึงตัวปลายเดือน ต้องการระบบออมเศษเงินอัตโนมัติแบบ Zero-Manual Effort",0.06,MODERATE,FLEXIBLE
ACC_0969,USER_0009,24000.0,630.06,-15743.2,-0.656,0.2827,6463.59,0,1,High-Yield Seeker Novice,ผู้แสวงหาผลตอบแทนสูง (เสี่ยง Ponzi/แชร์ลูกโซ่สูง),"มีเงินเก็บก้อนแรก 30,000–100,000 บาท มักมองหาผลตอบแทนเร็ว แต่ความเข้าใจความเสี่ยงจำกัด เสี่ยงต่อแอปหลอกลงทุน",0.12,HIGH,MAXIMUM
ACC_0970,USER_0010,32000.0,578.04,-9504.06,-0.297,0.1621,15131.38,0,0,Paycheck-to-Paycheck Spender,มนุษย์เงินเดือนชนเดือน (สภาพคล่องจำกัดปลายเดือน),"รายได้ 18,000–35,000 บาท สภาพคล่องตึงตัวปลายเดือน ต้องการระบบออมเศษเงินอัตโนมัติแบบ Zero-Manual Effort",0.06,MODERATE,FLEXIBLE
ACC_0971,USER_0011,36000.0,603.13,-11350.22,-0.3153,0.2661,12273.43,0,0,Paycheck-to-Paycheck Spender,มนุษย์เงินเดือนชนเดือน (สภาพคล่องจำกัดปลายเดือน),"รายได้ 18,000–35,000 บาท สภาพคล่องตึงตัวปลายเดือน ต้องการระบบออมเศษเงินอัตโนมัติแบบ Zero-Manual Effort",0.06,MODERATE,FLEXIBLE
ACC_0972,USER_0012,24000.0,681.45,-21189.0,-0.8829,0.2616,17893.06,0,1,High-Yield Seeker Novice,ผู้แสวงหาผลตอบแทนสูง (เสี่ยง Ponzi/แชร์ลูกโซ่สูง),"มีเงินเก็บก้อนแรก 30,000–100,000 บาท มักมองหาผลตอบแทนเร็ว แต่ความเข้าใจความเสี่ยงจำกัด เสี่ยงต่อแอปหลอกลงทุน",0.12,HIGH,MAXIMUM
ACC_0973,USER_0013,24000.0,583.76,-12129.29,-0.5054,0.2787,16825.28,0,1,High-Yield Seeker Novice,ผู้แสวงหาผลตอบแทนสูง (เสี่ยง Ponzi/แชร์ลูกโซ่สูง),"มีเงินเก็บก้อนแรก 30,000–100,000 บาท มักมองหาผลตอบแทนเร็ว แต่ความเข้าใจความเสี่ยงจำกัด เสี่ยงต่อแอปหลอกลงทุน",0.12,HIGH,MAXIMUM
ACC_0974,USER_0014,36000.0,602.34,-9776.8,-0.2716,0.2675,6526.96,0,0,Paycheck-to-Paycheck Spender,มนุษย์เงินเดือนชนเดือน (สภาพคล่องจำกัดปลายเดือน),"รายได้ 18,000–35,000 บาท สภาพคล่องตึงตัวปลายเดือน ต้องการระบบออมเศษเงินอัตโนมัติแบบ Zero-Manual Effort",0.06,MODERATE,FLEXIBLE
ACC_0975,USER_0015,28000.0,580.14,-9206.46,-0.3288,0.2627,14346.45,0,0,Paycheck-to-Paycheck Spender,มนุษย์เงินเดือนชนเดือน (สภาพคล่องจำกัดปลายเดือน),"รายได้ 18,000–35,000 บาท สภาพคล่องตึงตัวปลายเดือน ต้องการระบบออมเศษเงินอัตโนมัติแบบ Zero-Manual Effort",0.06,MODERATE,FLEXIBLE
ACC_0976,USER_0016,20000.0,620.72,-20119.51,-1.006,0.189,17383.57,0,1,High-Yield Seeker Novice,ผู้แสวงหาผลตอบแทนสูง (เสี่ยง Ponzi/แชร์ลูกโซ่สูง),"มีเงินเก็บก้อนแรก 30,000–100,000 บาท มักมองหาผลตอบแทนเร็ว แต่ความเข้าใจความเสี่ยงจำกัด เสี่ยงต่อแอปหลอกลงทุน",0.12,HIGH,MAXIMUM
ACC_0977,USER_0017,28000.0,619.41,-10907.7,-0.3896,0.2586,2935.71,0,0,Paycheck-to-Paycheck Spender,มนุษย์เงินเดือนชนเดือน (สภาพคล่องจำกัดปลายเดือน),"รายได้ 18,000–35,000 บาท สภาพคล่องตึงตัวปลายเดือน ต้องการระบบออมเศษเงินอัตโนมัติแบบ Zero-Manual Effort",0.06,MODERATE,FLEXIBLE
ACC_0978,USER_0018,36000.0,653.75,-8724.98,-0.2424,0.2491,13962.84,0,0,Paycheck-to-Paycheck Spender,มนุษย์เงินเดือนชนเดือน (สภาพคล่องจำกัดปลายเดือน),"รายได้ 18,000–35,000 บาท สภาพคล่องตึงตัวปลายเดือน ต้องการระบบออมเศษเงินอัตโนมัติแบบ Zero-Manual Effort",0.06,MODERATE,FLEXIBLE
ACC_0979,USER_0019,28000.0,634.7,-9290.21,-0.3318,0.2931,7047.14,0,0,Paycheck-to-Paycheck Spender,มนุษย์เงินเดือนชนเดือน (สภาพคล่องจำกัดปลายเดือน),"รายได้ 18,000–35,000 บาท สภาพคล่องตึงตัวปลายเดือน ต้องการระบบออมเศษเงินอัตโนมัติแบบ Zero-Manual Effort",0.06,MODERATE,FLEXIBLE
ACC_0980,USER_0020,36000.0,618.23,-7738.1,-0.2149,0.2217,8711.37,0,0,Paycheck-to-Paycheck Spender,มนุษย์เงินเดือนชนเดือน (สภาพคล่องจำกัดปลายเดือน),"รายได้ 18,000–35,000 บาท สภาพคล่องตึงตัวปลายเดือน ต้องการระบบออมเศษเงินอัตโนมัติแบบ Zero-Manual Effort",0.06,MODERATE,FLEXIBLE
ACC_0981,USER_0021,24000.0,627.86,-18466.53,-0.7694,0.2491,10540.67,0,1,High-Yield Seeker Novice,ผู้แสวงหาผลตอบแทนสูง (เสี่ยง Ponzi/แชร์ลูกโซ่สูง),"มีเงินเก็บก้อนแรก 30,000–100,000 บาท มักมองหาผลตอบแทนเร็ว แต่ความเข้าใจความเสี่ยงจำกัด เสี่ยงต่อแอปหลอกลงทุน",0.12,HIGH,MAXIMUM
ACC_0982,USER_0022,32000.0,629.9,-13176.86,-0.4118,0.258,4289.82,0,0,Paycheck-to-Paycheck Spender,มนุษย์เงินเดือนชนเดือน (สภาพคล่องจำกัดปลายเดือน),"รายได้ 18,000–35,000 บาท สภาพคล่องตึงตัวปลายเดือน ต้องการระบบออมเศษเงินอัตโนมัติแบบ Zero-Manual Effort",0.06,MODERATE,FLEXIBLE
ACC_0983,USER_0023,20000.0,565.35,-14143.66,-0.7072,0.2316,3808.07,0,1,High-Yield Seeker Novice,ผู้แสวงหาผลตอบแทนสูง (เสี่ยง Ponzi/แชร์ลูกโซ่สูง),"มีเงินเก็บก้อนแรก 30,000–100,000 บาท มักมองหาผลตอบแทนเร็ว แต่ความเข้าใจความเสี่ยงจำกัด เสี่ยงต่อแอปหลอกลงทุน",0.12,HIGH,MAXIMUM
ACC_0984,USER_0024,36000.0,559.35,-10872.56,-0.302,0.2444,5606.53,0,0,Paycheck-to-Paycheck Spender,มนุษย์เงินเดือนชนเดือน (สภาพคล่องจำกัดปลายเดือน),"รายได้ 18,000–35,000 บาท สภาพคล่องตึงตัวปลายเดือน ต้องการระบบออมเศษเงินอัตโนมัติแบบ Zero-Manual Effort",0.06,MODERATE,FLEXIBLE
ACC_0985,USER_0025,28000.0,683.89,-17111.84,-0.6111,0.2573,6426.87,0,0,Paycheck-to-Paycheck Spender,มนุษย์เงินเดือนชนเดือน (สภาพคล่องจำกัดปลายเดือน),"รายได้ 18,000–35,000 บาท สภาพคล่องตึงตัวปลายเดือน ต้องการระบบออมเศษเงินอัตโนมัติแบบ Zero-Manual Effort",0.06,MODERATE,FLEXIBLE
ACC_0986,USER_0026,36000.0,684.13,-10173.18,-0.2826,0.2337,12442.36,0,0,Paycheck-to-Paycheck Spender,มนุษย์เงินเดือนชนเดือน (สภาพคล่องจำกัดปลายเดือน),"รายได้ 18,000–35,000 บาท สภาพคล่องตึงตัวปลายเดือน ต้องการระบบออมเศษเงินอัตโนมัติแบบ Zero-Manual Effort",0.06,MODERATE,FLEXIBLE
ACC_0987,USER_0027,24000.0,596.07,-11247.94,-0.4687,0.2222,8495.51,0,1,High-Yield Seeker Novice,ผู้แสวงหาผลตอบแทนสูง (เสี่ยง Ponzi/แชร์ลูกโซ่สูง),"มีเงินเก็บก้อนแรก 30,000–100,000 บาท มักมองหาผลตอบแทนเร็ว แต่ความเข้าใจความเสี่ยงจำกัด เสี่ยงต่อแอปหลอกลงทุน",0.12,HIGH,MAXIMUM
ACC_0988,USER_0028,28000.0,585.07,-7897.3,-0.282,0.2098,8361.99,0,0,Paycheck-to-Paycheck Spender,มนุษย์เงินเดือนชนเดือน (สภาพคล่องจำกัดปลายเดือน),"รายได้ 18,000–35,000 บาท สภาพคล่องตึงตัวปลายเดือน ต้องการระบบออมเศษเงินอัตโนมัติแบบ Zero-Manual Effort",0.06,MODERATE,FLEXIBLE
ACC_0989,USER_0029,24000.0,600.09,-14050.69,-0.5854,0.3235,13249.88,0,1,High-Yield Seeker Novice,ผู้แสวงหาผลตอบแทนสูง (เสี่ยง Ponzi/แชร์ลูกโซ่สูง),"มีเงินเก็บก้อนแรก 30,000–100,000 บาท มักมองหาผลตอบแทนเร็ว แต่ความเข้าใจความเสี่ยงจำกัด เสี่ยงต่อแอปหลอกลงทุน",0.12,HIGH,MAXIMUM
ACC_0990,USER_0030,28000.0,652.24,-10408.02,-0.3717,0.2188,17689.74,0,0,Paycheck-to-Paycheck Spender,มนุษย์เงินเดือนชนเดือน (สภาพคล่องจำกัดปลายเดือน),"รายได้ 18,000–35,000 บาท สภาพคล่องตึงตัวปลายเดือน ต้องการระบบออมเศษเงินอัตโนมัติแบบ Zero-Manual Effort",0.06,MODERATE,FLEXIBLE
ACC_0991,USER_0031,36000.0,554.28,-11615.75,-0.3227,0.2492,3508.63,0,0,Paycheck-to-Paycheck Spender,มนุษย์เงินเดือนชนเดือน (สภาพคล่องจำกัดปลายเดือน),"รายได้ 18,000–35,000 บาท สภาพคล่องตึงตัวปลายเดือน ต้องการระบบออมเศษเงินอัตโนมัติแบบ Zero-Manual Effort",0.06,MODERATE,FLEXIBLE
ACC_0992,USER_0032,28000.0,599.66,-9439.02,-0.3371,0.2195,2966.86,0,0,Paycheck-to-Paycheck Spender,มนุษย์เงินเดือนชนเดือน (สภาพคล่องจำกัดปลายเดือน),"รายได้ 18,000–35,000 บาท สภาพคล่องตึงตัวปลายเดือน ต้องการระบบออมเศษเงินอัตโนมัติแบบ Zero-Manual Effort",0.06,MODERATE,FLEXIBLE
ACC_0993,USER_0033,36000.0,645.28,-8056.49,-0.2238,0.174,5956.88,0,0,Paycheck-to-Paycheck Spender,มนุษย์เงินเดือนชนเดือน (สภาพคล่องจำกัดปลายเดือน),"รายได้ 18,000–35,000 บาท สภาพคล่องตึงตัวปลายเดือน ต้องการระบบออมเศษเงินอัตโนมัติแบบ Zero-Manual Effort",0.06,MODERATE,FLEXIBLE
ACC_0994,USER_0034,36000.0,584.73,-10727.41,-0.298,0.2935,8226.33,0,0,Paycheck-to-Paycheck Spender,มนุษย์เงินเดือนชนเดือน (สภาพคล่องจำกัดปลายเดือน),"รายได้ 18,000–35,000 บาท สภาพคล่องตึงตัวปลายเดือน ต้องการระบบออมเศษเงินอัตโนมัติแบบ Zero-Manual Effort",0.06,MODERATE,FLEXIBLE
ACC_0995,USER_0035,28000.0,546.1,-7595.35,-0.2713,0.181,7796.88,0,0,Paycheck-to-Paycheck Spender,มนุษย์เงินเดือนชนเดือน (สภาพคล่องจำกัดปลายเดือน),"รายได้ 18,000–35,000 บาท สภาพคล่องตึงตัวปลายเดือน ต้องการระบบออมเศษเงินอัตโนมัติแบบ Zero-Manual Effort",0.06,MODERATE,FLEXIBLE
ACC_0996,USER_0036,36000.0,605.64,-8662.4,-0.2406,0.2611,5164.21,0,0,Paycheck-to-Paycheck Spender,มนุษย์เงินเดือนชนเดือน (สภาพคล่องจำกัดปลายเดือน),"รายได้ 18,000–35,000 บาท สภาพคล่องตึงตัวปลายเดือน ต้องการระบบออมเศษเงินอัตโนมัติแบบ Zero-Manual Effort",0.06,MODERATE,FLEXIBLE
ACC_0997,USER_0037,24000.0,601.5,-14295.01,-0.5956,0.2094,9129.67,0,1,High-Yield Seeker Novice,ผู้แสวงหาผลตอบแทนสูง (เสี่ยง Ponzi/แชร์ลูกโซ่สูง),"มีเงินเก็บก้อนแรก 30,000–100,000 บาท มักมองหาผลตอบแทนเร็ว แต่ความเข้าใจความเสี่ยงจำกัด เสี่ยงต่อแอปหลอกลงทุน",0.12,HIGH,MAXIMUM
ACC_0998,USER_0038,20000.0,595.73,-19757.61,-0.9879,0.2054,17305.0,0,1,High-Yield Seeker Novice,ผู้แสวงหาผลตอบแทนสูง (เสี่ยง Ponzi/แชร์ลูกโซ่สูง),"มีเงินเก็บก้อนแรก 30,000–100,000 บาท มักมองหาผลตอบแทนเร็ว แต่ความเข้าใจความเสี่ยงจำกัด เสี่ยงต่อแอปหลอกลงทุน",0.12,HIGH,MAXIMUM
ACC_0999,USER_0039,32000.0,594.74,-9819.49,-0.3069,0.2524,14854.85,0,0,Paycheck-to-Paycheck Spender,มนุษย์เงินเดือนชนเดือน (สภาพคล่องจำกัดปลายเดือน),"รายได้ 18,000–35,000 บาท สภาพคล่องตึงตัวปลายเดือน ต้องการระบบออมเศษเงินอัตโนมัติแบบ Zero-Manual Effort",0.06,MODERATE,FLEXIBLE
ACC_1000,USER_0040,24000.0,681.58,-22045.62,-0.9186,0.2289,12457.43,0,1,High-Yield Seeker Novice,ผู้แสวงหาผลตอบแทนสูง (เสี่ยง Ponzi/แชร์ลูกโซ่สูง),"มีเงินเก็บก้อนแรก 30,000–100,000 บาท มักมองหาผลตอบแทนเร็ว แต่ความเข้าใจความเสี่ยงจำกัด เสี่ยงต่อแอปหลอกลงทุน",0.12,HIGH,MAXIMUM
ACC_1001,USER_0041,28000.0,584.79,-9756.08,-0.3484,0.2801,6899.71,0,0,Paycheck-to-Paycheck Spender,มนุษย์เงินเดือนชนเดือน (สภาพคล่องจำกัดปลายเดือน),"รายได้ 18,000–35,000 บาท สภาพคล่องตึงตัวปลายเดือน ต้องการระบบออมเศษเงินอัตโนมัติแบบ Zero-Manual Effort",0.06,MODERATE,FLEXIBLE
ACC_1002,USER_0042,36000.0,629.39,-9580.22,-0.2661,0.1914,4063.81,0,0,Paycheck-to-Paycheck Spender,มนุษย์เงินเดือนชนเดือน (สภาพคล่องจำกัดปลายเดือน),"รายได้ 18,000–35,000 บาท สภาพคล่องตึงตัวปลายเดือน ต้องการระบบออมเศษเงินอัตโนมัติแบบ Zero-Manual Effort",0.06,MODERATE,FLEXIBLE
ACC_1003,USER_0043,20000.0,554.81,-13561.67,-0.6781,0.2122,11564.89,0,1,High-Yield Seeker Novice,ผู้แสวงหาผลตอบแทนสูง (เสี่ยง Ponzi/แชร์ลูกโซ่สูง),"มีเงินเก็บก้อนแรก 30,000–100,000 บาท มักมองหาผลตอบแทนเร็ว แต่ความเข้าใจความเสี่ยงจำกัด เสี่ยงต่อแอปหลอกลงทุน",0.12,HIGH,MAXIMUM
ACC_1004,USER_0044,32000.0,593.95,-9958.25,-0.3112,0.2257,2623.23,0,0,Paycheck-to-Paycheck Spender,มนุษย์เงินเดือนชนเดือน (สภาพคล่องจำกัดปลายเดือน),"รายได้ 18,000–35,000 บาท สภาพคล่องตึงตัวปลายเดือน ต้องการระบบออมเศษเงินอัตโนมัติแบบ Zero-Manual Effort",0.06,MODERATE,FLEXIBLE
ACC_1005,USER_0045,32000.0,681.27,-9813.64,-0.3067,0.2552,12547.43,0,0,Paycheck-to-Paycheck Spender,มนุษย์เงินเดือนชนเดือน (สภาพคล่องจำกัดปลายเดือน),"รายได้ 18,000–35,000 บาท สภาพคล่องตึงตัวปลายเดือน ต้องการระบบออมเศษเงินอัตโนมัติแบบ Zero-Manual Effort",0.06,MODERATE,FLEXIBLE
ACC_1006,USER_0046,28000.0,571.24,-9524.68,-0.3402,0.2158,13890.04,0,0,Paycheck-to-Paycheck Spender,มนุษย์เงินเดือนชนเดือน (สภาพคล่องจำกัดปลายเดือน),"รายได้ 18,000–35,000 บาท สภาพคล่องตึงตัวปลายเดือน ต้องการระบบออมเศษเงินอัตโนมัติแบบ Zero-Manual Effort",0.06,MODERATE,FLEXIBLE
ACC_1007,USER_0047,36000.0,580.43,-8153.22,-0.2265,0.2215,10772.0,0,0,Paycheck-to-Paycheck Spender,มนุษย์เงินเดือนชนเดือน (สภาพคล่องจำกัดปลายเดือน),"รายได้ 18,000–35,000 บาท สภาพคล่องตึงตัวปลายเดือน ต้องการระบบออมเศษเงินอัตโนมัติแบบ Zero-Manual Effort",0.06,MODERATE,FLEXIBLE
ACC_1008,USER_0048,24000.0,609.46,-13042.07,-0.5434,0.2578,11824.04,0,1,High-Yield Seeker Novice,ผู้แสวงหาผลตอบแทนสูง (เสี่ยง Ponzi/แชร์ลูกโซ่สูง),"มีเงินเก็บก้อนแรก 30,000–100,000 บาท มักมองหาผลตอบแทนเร็ว แต่ความเข้าใจความเสี่ยงจำกัด เสี่ยงต่อแอปหลอกลงทุน",0.12,HIGH,MAXIMUM
ACC_1009,USER_0049,36000.0,618.64,-6637.15,-0.1844,0.2469,11838.08,0,0,Paycheck-to-Paycheck Spender,มนุษย์เงินเดือนชนเดือน (สภาพคล่องจำกัดปลายเดือน),"รายได้ 18,000–35,000 บาท สภาพคล่องตึงตัวปลายเดือน ต้องการระบบออมเศษเงินอัตโนมัติแบบ Zero-Manual Effort",0.06,MODERATE,FLEXIBLE
ACC_1010,USER_0050,36000.0,621.09,-9766.09,-0.2713,0.2838,8308.1,0,0,Paycheck-to-Paycheck Spender,มนุษย์เงินเดือนชนเดือน (สภาพคล่องจำกัดปลายเดือน),"รายได้ 18,000–35,000 บาท สภาพคล่องตึงตัวปลายเดือน ต้องการระบบออมเศษเงินอัตโนมัติแบบ Zero-Manual Effort",0.06,MODERATE,FLEXIBLE
ACC_1011,USER_0051,20000.0,630.72,-23141.06,-1.1571,0.1649,12490.89,0,1,High-Yield Seeker Novice,ผู้แสวงหาผลตอบแทนสูง (เสี่ยง Ponzi/แชร์ลูกโซ่สูง),"มีเงินเก็บก้อนแรก 30,000–100,000 บาท มักมองหาผลตอบแทนเร็ว แต่ความเข้าใจความเสี่ยงจำกัด เสี่ยงต่อแอปหลอกลงทุน",0.12,HIGH,MAXIMUM
ACC_1012,USER_0052,28000.0,637.32,-8728.89,-0.3117,0.1736,2427.67,0,0,Paycheck-to-Paycheck Spender,มนุษย์เงินเดือนชนเดือน (สภาพคล่องจำกัดปลายเดือน),"รายได้ 18,000–35,000 บาท สภาพคล่องตึงตัวปลายเดือน ต้องการระบบออมเศษเงินอัตโนมัติแบบ Zero-Manual Effort",0.06,MODERATE,FLEXIBLE
ACC_1013,USER_0053,28000.0,664.2,-11381.88,-0.4065,0.2227,10912.62,0,0,Paycheck-to-Paycheck Spender,มนุษย์เงินเดือนชนเดือน (สภาพคล่องจำกัดปลายเดือน),"รายได้ 18,000–35,000 บาท สภาพคล่องตึงตัวปลายเดือน ต้องการระบบออมเศษเงินอัตโนมัติแบบ Zero-Manual Effort",0.06,MODERATE,FLEXIBLE
ACC_1014,USER_0054,32000.0,566.37,-7695.41,-0.2405,0.2022,5708.79,0,0,Paycheck-to-Paycheck Spender,มนุษย์เงินเดือนชนเดือน (สภาพคล่องจำกัดปลายเดือน),"รายได้ 18,000–35,000 บาท สภาพคล่องตึงตัวปลายเดือน ต้องการระบบออมเศษเงินอัตโนมัติแบบ Zero-Manual Effort",0.06,MODERATE,FLEXIBLE
ACC_1015,USER_0055,24000.0,573.3,-7806.32,-0.3253,0.2168,12040.18,0,0,Paycheck-to-Paycheck Spender,มนุษย์เงินเดือนชนเดือน (สภาพคล่องจำกัดปลายเดือน),"รายได้ 18,000–35,000 บาท สภาพคล่องตึงตัวปลายเดือน ต้องการระบบออมเศษเงินอัตโนมัติแบบ Zero-Manual Effort",0.06,MODERATE,FLEXIBLE
ACC_1016,USER_0056,24000.0,537.15,-9922.93,-0.4135,0.2243,15418.18,0,1,High-Yield Seeker Novice,ผู้แสวงหาผลตอบแทนสูง (เสี่ยง Ponzi/แชร์ลูกโซ่สูง),"มีเงินเก็บก้อนแรก 30,000–100,000 บาท มักมองหาผลตอบแทนเร็ว แต่ความเข้าใจความเสี่ยงจำกัด เสี่ยงต่อแอปหลอกลงทุน",0.12,HIGH,MAXIMUM
ACC_1017,USER_0057,28000.0,546.6,-8172.39,-0.2919,0.2374,3800.57,0,0,Paycheck-to-Paycheck Spender,มนุษย์เงินเดือนชนเดือน (สภาพคล่องจำกัดปลายเดือน),"รายได้ 18,000–35,000 บาท สภาพคล่องตึงตัวปลายเดือน ต้องการระบบออมเศษเงินอัตโนมัติแบบ Zero-Manual Effort",0.06,MODERATE,FLEXIBLE
ACC_1018,USER_0058,36000.0,633.13,-9388.92,-0.2608,0.2531,3295.48,0,0,Paycheck-to-Paycheck Spender,มนุษย์เงินเดือนชนเดือน (สภาพคล่องจำกัดปลายเดือน),"รายได้ 18,000–35,000 บาท สภาพคล่องตึงตัวปลายเดือน ต้องการระบบออมเศษเงินอัตโนมัติแบบ Zero-Manual Effort",0.06,MODERATE,FLEXIBLE
ACC_1019,USER_0059,24000.0,602.32,-15075.07,-0.6281,0.2398,7182.71,0,1,High-Yield Seeker Novice,ผู้แสวงหาผลตอบแทนสูง (เสี่ยง Ponzi/แชร์ลูกโซ่สูง),"มีเงินเก็บก้อนแรก 30,000–100,000 บาท มักมองหาผลตอบแทนเร็ว แต่ความเข้าใจความเสี่ยงจำกัด เสี่ยงต่อแอปหลอกลงทุน",0.12,HIGH,MAXIMUM
ACC_1020,USER_0060,20000.0,607.84,-20379.78,-1.019,0.2331,14143.25,0,1,High-Yield Seeker Novice,ผู้แสวงหาผลตอบแทนสูง (เสี่ยง Ponzi/แชร์ลูกโซ่สูง),"มีเงินเก็บก้อนแรก 30,000–100,000 บาท มักมองหาผลตอบแทนเร็ว แต่ความเข้าใจความเสี่ยงจำกัด เสี่ยงต่อแอปหลอกลงทุน",0.12,HIGH,MAXIMUM
ACC_1021,USER_0061,32000.0,572.95,-8581.12,-0.2682,0.2057,13204.46,0,0,Paycheck-to-Paycheck Spender,มนุษย์เงินเดือนชนเดือน (สภาพคล่องจำกัดปลายเดือน),"รายได้ 18,000–35,000 บาท สภาพคล่องตึงตัวปลายเดือน ต้องการระบบออมเศษเงินอัตโนมัติแบบ Zero-Manual Effort",0.06,MODERATE,FLEXIBLE
ACC_1022,USER_0062,28000.0,670.92,-12793.21,-0.4569,0.218,4188.86,0,0,Paycheck-to-Paycheck Spender,มนุษย์เงินเดือนชนเดือน (สภาพคล่องจำกัดปลายเดือน),"รายได้ 18,000–35,000 บาท สภาพคล่องตึงตัวปลายเดือน ต้องการระบบออมเศษเงินอัตโนมัติแบบ Zero-Manual Effort",0.06,MODERATE,FLEXIBLE
ACC_1023,USER_0063,32000.0,581.58,-10467.42,-0.3271,0.266,16625.12,0,0,Paycheck-to-Paycheck Spender,มนุษย์เงินเดือนชนเดือน (สภาพคล่องจำกัดปลายเดือน),"รายได้ 18,000–35,000 บาท สภาพคล่องตึงตัวปลายเดือน ต้องการระบบออมเศษเงินอัตโนมัติแบบ Zero-Manual Effort",0.06,MODERATE,FLEXIBLE
ACC_1024,USER_0064,28000.0,662.49,-13322.17,-0.4758,0.2736,12363.06,0,0,Paycheck-to-Paycheck Spender,มนุษย์เงินเดือนชนเดือน (สภาพคล่องจำกัดปลายเดือน),"รายได้ 18,000–35,000 บาท สภาพคล่องตึงตัวปลายเดือน ต้องการระบบออมเศษเงินอัตโนมัติแบบ Zero-Manual Effort",0.06,MODERATE,FLEXIBLE
ACC_1025,USER_0065,24000.0,567.52,-11012.17,-0.4588,0.3006,11635.98,0,1,High-Yield Seeker Novice,ผู้แสวงหาผลตอบแทนสูง (เสี่ยง Ponzi/แชร์ลูกโซ่สูง),"มีเงินเก็บก้อนแรก 30,000–100,000 บาท มักมองหาผลตอบแทนเร็ว แต่ความเข้าใจความเสี่ยงจำกัด เสี่ยงต่อแอปหลอกลงทุน",0.12,HIGH,MAXIMUM
ACC_1026,USER_0066,32000.0,640.66,-10774.06,-0.3367,0.2795,7626.35,0,0,Paycheck-to-Paycheck Spender,มนุษย์เงินเดือนชนเดือน (สภาพคล่องจำกัดปลายเดือน),"รายได้ 18,000–35,000 บาท สภาพคล่องตึงตัวปลายเดือน ต้องการระบบออมเศษเงินอัตโนมัติแบบ Zero-Manual Effort",0.06,MODERATE,FLEXIBLE
ACC_1027,USER_0067,20000.0,557.06,-11232.69,-0.5616,0.1738,3752.05,0,1,High-Yield Seeker Novice,ผู้แสวงหาผลตอบแทนสูง (เสี่ยง Ponzi/แชร์ลูกโซ่สูง),"มีเงินเก็บก้อนแรก 30,000–100,000 บาท มักมองหาผลตอบแทนเร็ว แต่ความเข้าใจความเสี่ยงจำกัด เสี่ยงต่อแอปหลอกลงทุน",0.12,HIGH,MAXIMUM
ACC_1028,USER_0068,32000.0,691.61,-12652.82,-0.3954,0.2699,13531.55,0,0,Paycheck-to-Paycheck Spender,มนุษย์เงินเดือนชนเดือน (สภาพคล่องจำกัดปลายเดือน),"รายได้ 18,000–35,000 บาท สภาพคล่องตึงตัวปลายเดือน ต้องการระบบออมเศษเงินอัตโนมัติแบบ Zero-Manual Effort",0.06,MODERATE,FLEXIBLE
ACC_1029,USER_0069,28000.0,620.73,-9023.74,-0.3223,0.2781,2656.64,0,0,Paycheck-to-Paycheck Spender,มนุษย์เงินเดือนชนเดือน (สภาพคล่องจำกัดปลายเดือน),"รายได้ 18,000–35,000 บาท สภาพคล่องตึงตัวปลายเดือน ต้องการระบบออมเศษเงินอัตโนมัติแบบ Zero-Manual Effort",0.06,MODERATE,FLEXIBLE
ACC_1030,USER_0070,28000.0,561.11,-11192.7,-0.3997,0.2697,9281.02,0,0,Paycheck-to-Paycheck Spender,มนุษย์เงินเดือนชนเดือน (สภาพคล่องจำกัดปลายเดือน),"รายได้ 18,000–35,000 บาท สภาพคล่องตึงตัวปลายเดือน ต้องการระบบออมเศษเงินอัตโนมัติแบบ Zero-Manual Effort",0.06,MODERATE,FLEXIBLE
ACC_1031,USER_0071,32000.0,637.3,-9465.48,-0.2958,0.1937,2016.29,0,0,Paycheck-to-Paycheck Spender,มนุษย์เงินเดือนชนเดือน (สภาพคล่องจำกัดปลายเดือน),"รายได้ 18,000–35,000 บาท สภาพคล่องตึงตัวปลายเดือน ต้องการระบบออมเศษเงินอัตโนมัติแบบ Zero-Manual Effort",0.06,MODERATE,FLEXIBLE
ACC_1032,USER_0072,32000.0,638.68,-9406.56,-0.294,0.2109,8836.51,0,0,Paycheck-to-Paycheck Spender,มนุษย์เงินเดือนชนเดือน (สภาพคล่องจำกัดปลายเดือน),"รายได้ 18,000–35,000 บาท สภาพคล่องตึงตัวปลายเดือน ต้องการระบบออมเศษเงินอัตโนมัติแบบ Zero-Manual Effort",0.06,MODERATE,FLEXIBLE
ACC_1033,USER_0073,28000.0,645.23,-10947.73,-0.391,0.2815,9790.93,0,0,Paycheck-to-Paycheck Spender,มนุษย์เงินเดือนชนเดือน (สภาพคล่องจำกัดปลายเดือน),"รายได้ 18,000–35,000 บาท สภาพคล่องตึงตัวปลายเดือน ต้องการระบบออมเศษเงินอัตโนมัติแบบ Zero-Manual Effort",0.06,MODERATE,FLEXIBLE
ACC_1034,USER_0074,24000.0,613.66,-13209.55,-0.5504,0.2086,14894.07,0,1,High-Yield Seeker Novice,ผู้แสวงหาผลตอบแทนสูง (เสี่ยง Ponzi/แชร์ลูกโซ่สูง),"มีเงินเก็บก้อนแรก 30,000–100,000 บาท มักมองหาผลตอบแทนเร็ว แต่ความเข้าใจความเสี่ยงจำกัด เสี่ยงต่อแอปหลอกลงทุน",0.12,HIGH,MAXIMUM
ACC_1035,USER_0075,20000.0,554.35,-14713.44,-0.7357,0.2257,2202.56,0,1,High-Yield Seeker Novice,ผู้แสวงหาผลตอบแทนสูง (เสี่ยง Ponzi/แชร์ลูกโซ่สูง),"มีเงินเก็บก้อนแรก 30,000–100,000 บาท มักมองหาผลตอบแทนเร็ว แต่ความเข้าใจความเสี่ยงจำกัด เสี่ยงต่อแอปหลอกลงทุน",0.12,HIGH,MAXIMUM
ACC_1036,USER_0076,36000.0,582.86,-9995.24,-0.2776,0.2365,14156.3,0,0,Paycheck-to-Paycheck Spender,มนุษย์เงินเดือนชนเดือน (สภาพคล่องจำกัดปลายเดือน),"รายได้ 18,000–35,000 บาท สภาพคล่องตึงตัวปลายเดือน ต้องการระบบออมเศษเงินอัตโนมัติแบบ Zero-Manual Effort",0.06,MODERATE,FLEXIBLE
ACC_1037,USER_0077,36000.0,637.7,-10021.65,-0.2784,0.2955,11542.64,0,0,Paycheck-to-Paycheck Spender,มนุษย์เงินเดือนชนเดือน (สภาพคล่องจำกัดปลายเดือน),"รายได้ 18,000–35,000 บาท สภาพคล่องตึงตัวปลายเดือน ต้องการระบบออมเศษเงินอัตโนมัติแบบ Zero-Manual Effort",0.06,MODERATE,FLEXIBLE
ACC_1038,USER_0078,20000.0,614.68,-21204.17,-1.0602,0.257,14870.94,0,1,High-Yield Seeker Novice,ผู้แสวงหาผลตอบแทนสูง (เสี่ยง Ponzi/แชร์ลูกโซ่สูง),"มีเงินเก็บก้อนแรก 30,000–100,000 บาท มักมองหาผลตอบแทนเร็ว แต่ความเข้าใจความเสี่ยงจำกัด เสี่ยงต่อแอปหลอกลงทุน",0.12,HIGH,MAXIMUM
ACC_1039,USER_0079,36000.0,553.41,-9508.11,-0.2641,0.2785,9272.98,0,0,Paycheck-to-Paycheck Spender,มนุษย์เงินเดือนชนเดือน (สภาพคล่องจำกัดปลายเดือน),"รายได้ 18,000–35,000 บาท สภาพคล่องตึงตัวปลายเดือน ต้องการระบบออมเศษเงินอัตโนมัติแบบ Zero-Manual Effort",0.06,MODERATE,FLEXIBLE
ACC_1040,USER_0080,36000.0,607.42,-8060.38,-0.2239,0.2005,15284.35,0,0,Paycheck-to-Paycheck Spender,มนุษย์เงินเดือนชนเดือน (สภาพคล่องจำกัดปลายเดือน),"รายได้ 18,000–35,000 บาท สภาพคล่องตึงตัวปลายเดือน ต้องการระบบออมเศษเงินอัตโนมัติแบบ Zero-Manual Effort",0.06,MODERATE,FLEXIBLE
ACC_1041,USER_0081,20000.0,634.91,-24672.96,-1.2336,0.2753,2346.76,0,1,High-Yield Seeker Novice,ผู้แสวงหาผลตอบแทนสูง (เสี่ยง Ponzi/แชร์ลูกโซ่สูง),"มีเงินเก็บก้อนแรก 30,000–100,000 บาท มักมองหาผลตอบแทนเร็ว แต่ความเข้าใจความเสี่ยงจำกัด เสี่ยงต่อแอปหลอกลงทุน",0.12,HIGH,MAXIMUM
ACC_1042,USER_0082,28000.0,613.24,-8894.05,-0.3176,0.2405,7125.01,0,0,Paycheck-to-Paycheck Spender,มนุษย์เงินเดือนชนเดือน (สภาพคล่องจำกัดปลายเดือน),"รายได้ 18,000–35,000 บาท สภาพคล่องตึงตัวปลายเดือน ต้องการระบบออมเศษเงินอัตโนมัติแบบ Zero-Manual Effort",0.06,MODERATE,FLEXIBLE
ACC_1043,USER_0083,36000.0,626.15,-8888.03,-0.2469,0.1898,10820.57,0,0,Paycheck-to-Paycheck Spender,มนุษย์เงินเดือนชนเดือน (สภาพคล่องจำกัดปลายเดือน),"รายได้ 18,000–35,000 บาท สภาพคล่องตึงตัวปลายเดือน ต้องการระบบออมเศษเงินอัตโนมัติแบบ Zero-Manual Effort",0.06,MODERATE,FLEXIBLE
ACC_1044,USER_0084,32000.0,614.24,-9044.85,-0.2827,0.1863,3852.05,0,0,Paycheck-to-Paycheck Spender,มนุษย์เงินเดือนชนเดือน (สภาพคล่องจำกัดปลายเดือน),"รายได้ 18,000–35,000 บาท สภาพคล่องตึงตัวปลายเดือน ต้องการระบบออมเศษเงินอัตโนมัติแบบ Zero-Manual Effort",0.06,MODERATE,FLEXIBLE
ACC_1045,USER_0085,24000.0,595.74,-10057.54,-0.4191,0.2645,14072.9,0,1,High-Yield Seeker Novice,ผู้แสวงหาผลตอบแทนสูง (เสี่ยง Ponzi/แชร์ลูกโซ่สูง),"มีเงินเก็บก้อนแรก 30,000–100,000 บาท มักมองหาผลตอบแทนเร็ว แต่ความเข้าใจความเสี่ยงจำกัด เสี่ยงต่อแอปหลอกลงทุน",0.12,HIGH,MAXIMUM
ACC_1046,USER_0086,24000.0,540.99,-10863.3,-0.4526,0.2156,2028.23,0,1,High-Yield Seeker Novice,ผู้แสวงหาผลตอบแทนสูง (เสี่ยง Ponzi/แชร์ลูกโซ่สูง),"มีเงินเก็บก้อนแรก 30,000–100,000 บาท มักมองหาผลตอบแทนเร็ว แต่ความเข้าใจความเสี่ยงจำกัด เสี่ยงต่อแอปหลอกลงทุน",0.12,HIGH,MAXIMUM
ACC_1047,USER_0087,36000.0,584.67,-8072.0,-0.2242,0.2073,14836.66,0,0,Paycheck-to-Paycheck Spender,มนุษย์เงินเดือนชนเดือน (สภาพคล่องจำกัดปลายเดือน),"รายได้ 18,000–35,000 บาท สภาพคล่องตึงตัวปลายเดือน ต้องการระบบออมเศษเงินอัตโนมัติแบบ Zero-Manual Effort",0.06,MODERATE,FLEXIBLE
ACC_1048,USER_0088,24000.0,554.85,-9464.05,-0.3943,0.193,11044.45,0,1,High-Yield Seeker Novice,ผู้แสวงหาผลตอบแทนสูง (เสี่ยง Ponzi/แชร์ลูกโซ่สูง),"มีเงินเก็บก้อนแรก 30,000–100,000 บาท มักมองหาผลตอบแทนเร็ว แต่ความเข้าใจความเสี่ยงจำกัด เสี่ยงต่อแอปหลอกลงทุน",0.12,HIGH,MAXIMUM
ACC_1049,USER_0089,36000.0,641.46,-10898.29,-0.3027,0.2874,14004.08,0,0,Paycheck-to-Paycheck Spender,มนุษย์เงินเดือนชนเดือน (สภาพคล่องจำกัดปลายเดือน),"รายได้ 18,000–35,000 บาท สภาพคล่องตึงตัวปลายเดือน ต้องการระบบออมเศษเงินอัตโนมัติแบบ Zero-Manual Effort",0.06,MODERATE,FLEXIBLE
ACC_1050,USER_0090,20000.0,682.37,-31174.33,-1.5587,0.2155,16666.35,0,1,High-Yield Seeker Novice,ผู้แสวงหาผลตอบแทนสูง (เสี่ยง Ponzi/แชร์ลูกโซ่สูง),"มีเงินเก็บก้อนแรก 30,000–100,000 บาท มักมองหาผลตอบแทนเร็ว แต่ความเข้าใจความเสี่ยงจำกัด เสี่ยงต่อแอปหลอกลงทุน",0.12,HIGH,MAXIMUM
ACC_1051,USER_0091,32000.0,564.01,-8444.32,-0.2639,0.2859,10109.74,0,0,Paycheck-to-Paycheck Spender,มนุษย์เงินเดือนชนเดือน (สภาพคล่องจำกัดปลายเดือน),"รายได้ 18,000–35,000 บาท สภาพคล่องตึงตัวปลายเดือน ต้องการระบบออมเศษเงินอัตโนมัติแบบ Zero-Manual Effort",0.06,MODERATE,FLEXIBLE
ACC_1052,USER_0092,32000.0,577.47,-12735.33,-0.398,0.2468,12648.24,0,0,Paycheck-to-Paycheck Spender,มนุษย์เงินเดือนชนเดือน (สภาพคล่องจำกัดปลายเดือน),"รายได้ 18,000–35,000 บาท สภาพคล่องตึงตัวปลายเดือน ต้องการระบบออมเศษเงินอัตโนมัติแบบ Zero-Manual Effort",0.06,MODERATE,FLEXIBLE
ACC_1053,USER_0093,20000.0,647.18,-28072.93,-1.4036,0.2868,12308.7,0,1,High-Yield Seeker Novice,ผู้แสวงหาผลตอบแทนสูง (เสี่ยง Ponzi/แชร์ลูกโซ่สูง),"มีเงินเก็บก้อนแรก 30,000–100,000 บาท มักมองหาผลตอบแทนเร็ว แต่ความเข้าใจความเสี่ยงจำกัด เสี่ยงต่อแอปหลอกลงทุน",0.12,HIGH,MAXIMUM
ACC_1054,USER_0094,20000.0,629.01,-25691.59,-1.2846,0.2197,15610.44,0,1,High-Yield Seeker Novice,ผู้แสวงหาผลตอบแทนสูง (เสี่ยง Ponzi/แชร์ลูกโซ่สูง),"มีเงินเก็บก้อนแรก 30,000–100,000 บาท มักมองหาผลตอบแทนเร็ว แต่ความเข้าใจความเสี่ยงจำกัด เสี่ยงต่อแอปหลอกลงทุน",0.12,HIGH,MAXIMUM
ACC_1055,USER_0095,20000.0,598.3,-19351.28,-0.9676,0.2141,7732.17,0,1,High-Yield Seeker Novice,ผู้แสวงหาผลตอบแทนสูง (เสี่ยง Ponzi/แชร์ลูกโซ่สูง),"มีเงินเก็บก้อนแรก 30,000–100,000 บาท มักมองหาผลตอบแทนเร็ว แต่ความเข้าใจความเสี่ยงจำกัด เสี่ยงต่อแอปหลอกลงทุน",0.12,HIGH,MAXIMUM
ACC_1056,USER_0096,24000.0,599.79,-13720.25,-0.5717,0.1925,8113.78,0,1,High-Yield Seeker Novice,ผู้แสวงหาผลตอบแทนสูง (เสี่ยง Ponzi/แชร์ลูกโซ่สูง),"มีเงินเก็บก้อนแรก 30,000–100,000 บาท มักมองหาผลตอบแทนเร็ว แต่ความเข้าใจความเสี่ยงจำกัด เสี่ยงต่อแอปหลอกลงทุน",0.12,HIGH,MAXIMUM
ACC_1057,USER_0097,28000.0,584.78,-8990.13,-0.3211,0.2013,7556.8,0,0,Paycheck-to-Paycheck Spender,มนุษย์เงินเดือนชนเดือน (สภาพคล่องจำกัดปลายเดือน),"รายได้ 18,000–35,000 บาท สภาพคล่องตึงตัวปลายเดือน ต้องการระบบออมเศษเงินอัตโนมัติแบบ Zero-Manual Effort",0.06,MODERATE,FLEXIBLE
ACC_1058,USER_0098,36000.0,605.27,-12153.62,-0.3376,0.2741,4679.95,0,0,Paycheck-to-Paycheck Spender,มนุษย์เงินเดือนชนเดือน (สภาพคล่องจำกัดปลายเดือน),"รายได้ 18,000–35,000 บาท สภาพคล่องตึงตัวปลายเดือน ต้องการระบบออมเศษเงินอัตโนมัติแบบ Zero-Manual Effort",0.06,MODERATE,FLEXIBLE
ACC_1059,USER_0099,20000.0,607.81,-21833.02,-1.0917,0.2185,7629.98,0,1,High-Yield Seeker Novice,ผู้แสวงหาผลตอบแทนสูง (เสี่ยง Ponzi/แชร์ลูกโซ่สูง),"มีเงินเก็บก้อนแรก 30,000–100,000 บาท มักมองหาผลตอบแทนเร็ว แต่ความเข้าใจความเสี่ยงจำกัด เสี่ยงต่อแอปหลอกลงทุน",0.12,HIGH,MAXIMUM
ACC_1060,USER_0100,24000.0,624.73,-16326.81,-0.6803,0.2188,11029.64,0,1,High-Yield Seeker Novice,ผู้แสวงหาผลตอบแทนสูง (เสี่ยง Ponzi/แชร์ลูกโซ่สูง),"มีเงินเก็บก้อนแรก 30,000–100,000 บาท มักมองหาผลตอบแทนเร็ว แต่ความเข้าใจความเสี่ยงจำกัด เสี่ยงต่อแอปหลอกลงทุน",0.12,HIGH,MAXIMUM
ACC_1061,USER_0101,36000.0,595.56,-12694.04,-0.3526,0.2358,8655.35,0,0,Paycheck-to-Paycheck Spender,มนุษย์เงินเดือนชนเดือน (สภาพคล่องจำกัดปลายเดือน),"รายได้ 18,000–35,000 บาท สภาพคล่องตึงตัวปลายเดือน ต้องการระบบออมเศษเงินอัตโนมัติแบบ Zero-Manual Effort",0.06,MODERATE,FLEXIBLE
ACC_1062,USER_0102,20000.0,594.44,-19057.47,-0.9529,0.2124,11510.2,0,1,High-Yield Seeker Novice,ผู้แสวงหาผลตอบแทนสูง (เสี่ยง Ponzi/แชร์ลูกโซ่สูง),"มีเงินเก็บก้อนแรก 30,000–100,000 บาท มักมองหาผลตอบแทนเร็ว แต่ความเข้าใจความเสี่ยงจำกัด เสี่ยงต่อแอปหลอกลงทุน",0.12,HIGH,MAXIMUM
ACC_1063,USER_0103,32000.0,667.23,-12619.99,-0.3944,0.2975,7094.47,0,0,Paycheck-to-Paycheck Spender,มนุษย์เงินเดือนชนเดือน (สภาพคล่องจำกัดปลายเดือน),"รายได้ 18,000–35,000 บาท สภาพคล่องตึงตัวปลายเดือน ต้องการระบบออมเศษเงินอัตโนมัติแบบ Zero-Manual Effort",0.06,MODERATE,FLEXIBLE
ACC_1064,USER_0104,24000.0,585.08,-10934.03,-0.4556,0.1956,7071.42,0,1,High-Yield Seeker Novice,ผู้แสวงหาผลตอบแทนสูง (เสี่ยง Ponzi/แชร์ลูกโซ่สูง),"มีเงินเก็บก้อนแรก 30,000–100,000 บาท มักมองหาผลตอบแทนเร็ว แต่ความเข้าใจความเสี่ยงจำกัด เสี่ยงต่อแอปหลอกลงทุน",0.12,HIGH,MAXIMUM
ACC_1065,USER_0105,28000.0,641.08,-10121.42,-0.3615,0.2287,2449.49,0,0,Paycheck-to-Paycheck Spender,มนุษย์เงินเดือนชนเดือน (สภาพคล่องจำกัดปลายเดือน),"รายได้ 18,000–35,000 บาท สภาพคล่องตึงตัวปลายเดือน ต้องการระบบออมเศษเงินอัตโนมัติแบบ Zero-Manual Effort",0.06,MODERATE,FLEXIBLE
ACC_1066,USER_0106,20000.0,541.29,-13242.89,-0.6621,0.2314,7712.28,0,1,High-Yield Seeker Novice,ผู้แสวงหาผลตอบแทนสูง (เสี่ยง Ponzi/แชร์ลูกโซ่สูง),"มีเงินเก็บก้อนแรก 30,000–100,000 บาท มักมองหาผลตอบแทนเร็ว แต่ความเข้าใจความเสี่ยงจำกัด เสี่ยงต่อแอปหลอกลงทุน",0.12,HIGH,MAXIMUM
ACC_1067,USER_0107,24000.0,633.8,-15498.9,-0.6458,0.19,3479.3,0,1,High-Yield Seeker Novice,ผู้แสวงหาผลตอบแทนสูง (เสี่ยง Ponzi/แชร์ลูกโซ่สูง),"มีเงินเก็บก้อนแรก 30,000–100,000 บาท มักมองหาผลตอบแทนเร็ว แต่ความเข้าใจความเสี่ยงจำกัด เสี่ยงต่อแอปหลอกลงทุน",0.12,HIGH,MAXIMUM
ACC_1068,USER_0108,24000.0,601.94,-11935.62,-0.4973,0.2526,16562.06,0,1,High-Yield Seeker Novice,ผู้แสวงหาผลตอบแทนสูง (เสี่ยง Ponzi/แชร์ลูกโซ่สูง),"มีเงินเก็บก้อนแรก 30,000–100,000 บาท มักมองหาผลตอบแทนเร็ว แต่ความเข้าใจความเสี่ยงจำกัด เสี่ยงต่อแอปหลอกลงทุน",0.12,HIGH,MAXIMUM
ACC_1069,USER_0109,24000.0,632.0,-19430.48,-0.8096,0.2678,6627.85,0,1,High-Yield Seeker Novice,ผู้แสวงหาผลตอบแทนสูง (เสี่ยง Ponzi/แชร์ลูกโซ่สูง),"มีเงินเก็บก้อนแรก 30,000–100,000 บาท มักมองหาผลตอบแทนเร็ว แต่ความเข้าใจความเสี่ยงจำกัด เสี่ยงต่อแอปหลอกลงทุน",0.12,HIGH,MAXIMUM
ACC_1070,USER_0110,24000.0,571.45,-7813.27,-0.3256,0.1423,5334.1,0,0,Paycheck-to-Paycheck Spender,มนุษย์เงินเดือนชนเดือน (สภาพคล่องจำกัดปลายเดือน),"รายได้ 18,000–35,000 บาท สภาพคล่องตึงตัวปลายเดือน ต้องการระบบออมเศษเงินอัตโนมัติแบบ Zero-Manual Effort",0.06,MODERATE,FLEXIBLE
ACC_1071,USER_0111,36000.0,594.49,-9878.37,-0.2744,0.2843,8968.05,0,0,Paycheck-to-Paycheck Spender,มนุษย์เงินเดือนชนเดือน (สภาพคล่องจำกัดปลายเดือน),"รายได้ 18,000–35,000 บาท สภาพคล่องตึงตัวปลายเดือน ต้องการระบบออมเศษเงินอัตโนมัติแบบ Zero-Manual Effort",0.06,MODERATE,FLEXIBLE
ACC_1072,USER_0112,20000.0,584.21,-17563.18,-0.8782,0.2607,13807.76,0,1,High-Yield Seeker Novice,ผู้แสวงหาผลตอบแทนสูง (เสี่ยง Ponzi/แชร์ลูกโซ่สูง),"มีเงินเก็บก้อนแรก 30,000–100,000 บาท มักมองหาผลตอบแทนเร็ว แต่ความเข้าใจความเสี่ยงจำกัด เสี่ยงต่อแอปหลอกลงทุน",0.12,HIGH,MAXIMUM
ACC_1073,USER_0113,36000.0,569.47,-5857.0,-0.1627,0.1481,6989.05,0,0,Paycheck-to-Paycheck Spender,มนุษย์เงินเดือนชนเดือน (สภาพคล่องจำกัดปลายเดือน),"รายได้ 18,000–35,000 บาท สภาพคล่องตึงตัวปลายเดือน ต้องการระบบออมเศษเงินอัตโนมัติแบบ Zero-Manual Effort",0.06,MODERATE,FLEXIBLE
ACC_1074,USER_0114,28000.0,683.55,-14596.72,-0.5213,0.2601,12177.74,0,0,Paycheck-to-Paycheck Spender,มนุษย์เงินเดือนชนเดือน (สภาพคล่องจำกัดปลายเดือน),"รายได้ 18,000–35,000 บาท สภาพคล่องตึงตัวปลายเดือน ต้องการระบบออมเศษเงินอัตโนมัติแบบ Zero-Manual Effort",0.06,MODERATE,FLEXIBLE
ACC_1075,USER_0115,36000.0,584.84,-7845.83,-0.2179,0.256,13237.01,0,0,Paycheck-to-Paycheck Spender,มนุษย์เงินเดือนชนเดือน (สภาพคล่องจำกัดปลายเดือน),"รายได้ 18,000–35,000 บาท สภาพคล่องตึงตัวปลายเดือน ต้องการระบบออมเศษเงินอัตโนมัติแบบ Zero-Manual Effort",0.06,MODERATE,FLEXIBLE
ACC_1076,USER_0116,28000.0,648.89,-10578.34,-0.3778,0.1849,17236.13,0,0,Paycheck-to-Paycheck Spender,มนุษย์เงินเดือนชนเดือน (สภาพคล่องจำกัดปลายเดือน),"รายได้ 18,000–35,000 บาท สภาพคล่องตึงตัวปลายเดือน ต้องการระบบออมเศษเงินอัตโนมัติแบบ Zero-Manual Effort",0.06,MODERATE,FLEXIBLE
ACC_1077,USER_0117,32000.0,645.56,-8487.29,-0.2652,0.2135,11041.31,0,0,Paycheck-to-Paycheck Spender,มนุษย์เงินเดือนชนเดือน (สภาพคล่องจำกัดปลายเดือน),"รายได้ 18,000–35,000 บาท สภาพคล่องตึงตัวปลายเดือน ต้องการระบบออมเศษเงินอัตโนมัติแบบ Zero-Manual Effort",0.06,MODERATE,FLEXIBLE
ACC_1078,USER_0118,20000.0,568.59,-14350.34,-0.7175,0.1878,5925.05,0,1,High-Yield Seeker Novice,ผู้แสวงหาผลตอบแทนสูง (เสี่ยง Ponzi/แชร์ลูกโซ่สูง),"มีเงินเก็บก้อนแรก 30,000–100,000 บาท มักมองหาผลตอบแทนเร็ว แต่ความเข้าใจความเสี่ยงจำกัด เสี่ยงต่อแอปหลอกลงทุน",0.12,HIGH,MAXIMUM
ACC_1079,USER_0119,36000.0,656.37,-12996.49,-0.361,0.2589,7603.97,0,0,Paycheck-to-Paycheck Spender,มนุษย์เงินเดือนชนเดือน (สภาพคล่องจำกัดปลายเดือน),"รายได้ 18,000–35,000 บาท สภาพคล่องตึงตัวปลายเดือน ต้องการระบบออมเศษเงินอัตโนมัติแบบ Zero-Manual Effort",0.06,MODERATE,FLEXIBLE
ACC_1080,USER_0120,24000.0,607.87,-13818.8,-0.5758,0.2958,9086.56,0,1,High-Yield Seeker Novice,ผู้แสวงหาผลตอบแทนสูง (เสี่ยง Ponzi/แชร์ลูกโซ่สูง),"มีเงินเก็บก้อนแรก 30,000–100,000 บาท มักมองหาผลตอบแทนเร็ว แต่ความเข้าใจความเสี่ยงจำกัด เสี่ยงต่อแอปหลอกลงทุน",0.12,HIGH,MAXIMUM
ACC_1081,USER_0121,28000.0,604.03,-9702.74,-0.3465,0.2518,7711.52,0,0,Paycheck-to-Paycheck Spender,มนุษย์เงินเดือนชนเดือน (สภาพคล่องจำกัดปลายเดือน),"รายได้ 18,000–35,000 บาท สภาพคล่องตึงตัวปลายเดือน ต้องการระบบออมเศษเงินอัตโนมัติแบบ Zero-Manual Effort",0.06,MODERATE,FLEXIBLE
ACC_1082,USER_0122,20000.0,600.8,-20249.34,-1.0125,0.21,9918.04,0,1,High-Yield Seeker Novice,ผู้แสวงหาผลตอบแทนสูง (เสี่ยง Ponzi/แชร์ลูกโซ่สูง),"มีเงินเก็บก้อนแรก 30,000–100,000 บาท มักมองหาผลตอบแทนเร็ว แต่ความเข้าใจความเสี่ยงจำกัด เสี่ยงต่อแอปหลอกลงทุน",0.12,HIGH,MAXIMUM
ACC_1083,USER_0123,20000.0,590.5,-20552.59,-1.0276,0.3029,4956.23,0,1,High-Yield Seeker Novice,ผู้แสวงหาผลตอบแทนสูง (เสี่ยง Ponzi/แชร์ลูกโซ่สูง),"มีเงินเก็บก้อนแรก 30,000–100,000 บาท มักมองหาผลตอบแทนเร็ว แต่ความเข้าใจความเสี่ยงจำกัด เสี่ยงต่อแอปหลอกลงทุน",0.12,HIGH,MAXIMUM
ACC_1084,USER_0124,24000.0,612.0,-15525.02,-0.6469,0.2457,3930.64,0,1,High-Yield Seeker Novice,ผู้แสวงหาผลตอบแทนสูง (เสี่ยง Ponzi/แชร์ลูกโซ่สูง),"มีเงินเก็บก้อนแรก 30,000–100,000 บาท มักมองหาผลตอบแทนเร็ว แต่ความเข้าใจความเสี่ยงจำกัด เสี่ยงต่อแอปหลอกลงทุน",0.12,HIGH,MAXIMUM
ACC_1085,USER_0125,24000.0,591.8,-13222.85,-0.551,0.2653,7818.58,0,1,High-Yield Seeker Novice,ผู้แสวงหาผลตอบแทนสูง (เสี่ยง Ponzi/แชร์ลูกโซ่สูง),"มีเงินเก็บก้อนแรก 30,000–100,000 บาท มักมองหาผลตอบแทนเร็ว แต่ความเข้าใจความเสี่ยงจำกัด เสี่ยงต่อแอปหลอกลงทุน",0.12,HIGH,MAXIMUM
ACC_1086,USER_0126,36000.0,635.18,-9637.52,-0.2677,0.2451,13946.94,0,0,Paycheck-to-Paycheck Spender,มนุษย์เงินเดือนชนเดือน (สภาพคล่องจำกัดปลายเดือน),"รายได้ 18,000–35,000 บาท สภาพคล่องตึงตัวปลายเดือน ต้องการระบบออมเศษเงินอัตโนมัติแบบ Zero-Manual Effort",0.06,MODERATE,FLEXIBLE
ACC_1087,USER_0127,36000.0,624.64,-9519.57,-0.2644,0.2277,4632.43,0,0,Paycheck-to-Paycheck Spender,มนุษย์เงินเดือนชนเดือน (สภาพคล่องจำกัดปลายเดือน),"รายได้ 18,000–35,000 บาท สภาพคล่องตึงตัวปลายเดือน ต้องการระบบออมเศษเงินอัตโนมัติแบบ Zero-Manual Effort",0.06,MODERATE,FLEXIBLE
ACC_1088,USER_0128,28000.0,598.24,-9464.52,-0.338,0.2462,7778.88,0,0,Paycheck-to-Paycheck Spender,มนุษย์เงินเดือนชนเดือน (สภาพคล่องจำกัดปลายเดือน),"รายได้ 18,000–35,000 บาท สภาพคล่องตึงตัวปลายเดือน ต้องการระบบออมเศษเงินอัตโนมัติแบบ Zero-Manual Effort",0.06,MODERATE,FLEXIBLE
ACC_1089,USER_0129,32000.0,554.95,-7722.75,-0.2413,0.1878,11452.35,0,0,Paycheck-to-Paycheck Spender,มนุษย์เงินเดือนชนเดือน (สภาพคล่องจำกัดปลายเดือน),"รายได้ 18,000–35,000 บาท สภาพคล่องตึงตัวปลายเดือน ต้องการระบบออมเศษเงินอัตโนมัติแบบ Zero-Manual Effort",0.06,MODERATE,FLEXIBLE
ACC_1090,USER_0130,36000.0,608.24,-8045.37,-0.2235,0.2334,4514.99,0,0,Paycheck-to-Paycheck Spender,มนุษย์เงินเดือนชนเดือน (สภาพคล่องจำกัดปลายเดือน),"รายได้ 18,000–35,000 บาท สภาพคล่องตึงตัวปลายเดือน ต้องการระบบออมเศษเงินอัตโนมัติแบบ Zero-Manual Effort",0.06,MODERATE,FLEXIBLE
ACC_1091,USER_0131,36000.0,629.17,-7616.31,-0.2116,0.1841,7249.67,0,0,Paycheck-to-Paycheck Spender,มนุษย์เงินเดือนชนเดือน (สภาพคล่องจำกัดปลายเดือน),"รายได้ 18,000–35,000 บาท สภาพคล่องตึงตัวปลายเดือน ต้องการระบบออมเศษเงินอัตโนมัติแบบ Zero-Manual Effort",0.06,MODERATE,FLEXIBLE
ACC_1092,USER_0132,28000.0,651.34,-11218.99,-0.4007,0.223,3937.08,0,0,Paycheck-to-Paycheck Spender,มนุษย์เงินเดือนชนเดือน (สภาพคล่องจำกัดปลายเดือน),"รายได้ 18,000–35,000 บาท สภาพคล่องตึงตัวปลายเดือน ต้องการระบบออมเศษเงินอัตโนมัติแบบ Zero-Manual Effort",0.06,MODERATE,FLEXIBLE
ACC_1093,USER_0133,24000.0,613.19,-14500.75,-0.6042,0.2151,9382.51,0,1,High-Yield Seeker Novice,ผู้แสวงหาผลตอบแทนสูง (เสี่ยง Ponzi/แชร์ลูกโซ่สูง),"มีเงินเก็บก้อนแรก 30,000–100,000 บาท มักมองหาผลตอบแทนเร็ว แต่ความเข้าใจความเสี่ยงจำกัด เสี่ยงต่อแอปหลอกลงทุน",0.12,HIGH,MAXIMUM
ACC_1094,USER_0134,36000.0,634.65,-7800.5,-0.2167,0.1775,15115.72,0,0,Paycheck-to-Paycheck Spender,มนุษย์เงินเดือนชนเดือน (สภาพคล่องจำกัดปลายเดือน),"รายได้ 18,000–35,000 บาท สภาพคล่องตึงตัวปลายเดือน ต้องการระบบออมเศษเงินอัตโนมัติแบบ Zero-Manual Effort",0.06,MODERATE,FLEXIBLE
ACC_1095,USER_0135,32000.0,702.93,-8335.94,-0.2605,0.2481,9064.85,0,0,Paycheck-to-Paycheck Spender,มนุษย์เงินเดือนชนเดือน (สภาพคล่องจำกัดปลายเดือน),"รายได้ 18,000–35,000 บาท สภาพคล่องตึงตัวปลายเดือน ต้องการระบบออมเศษเงินอัตโนมัติแบบ Zero-Manual Effort",0.06,MODERATE,FLEXIBLE
ACC_1096,USER_0136,32000.0,593.33,-9682.24,-0.3026,0.252,8820.45,0,0,Paycheck-to-Paycheck Spender,มนุษย์เงินเดือนชนเดือน (สภาพคล่องจำกัดปลายเดือน),"รายได้ 18,000–35,000 บาท สภาพคล่องตึงตัวปลายเดือน ต้องการระบบออมเศษเงินอัตโนมัติแบบ Zero-Manual Effort",0.06,MODERATE,FLEXIBLE
ACC_1097,USER_0137,36000.0,592.73,-7167.27,-0.1991,0.1771,17027.47,0,0,Paycheck-to-Paycheck Spender,มนุษย์เงินเดือนชนเดือน (สภาพคล่องจำกัดปลายเดือน),"รายได้ 18,000–35,000 บาท สภาพคล่องตึงตัวปลายเดือน ต้องการระบบออมเศษเงินอัตโนมัติแบบ Zero-Manual Effort",0.06,MODERATE,FLEXIBLE
ACC_1098,USER_0138,28000.0,614.53,-9105.24,-0.3252,0.2031,9722.34,0,0,Paycheck-to-Paycheck Spender,มนุษย์เงินเดือนชนเดือน (สภาพคล่องจำกัดปลายเดือน),"รายได้ 18,000–35,000 บาท สภาพคล่องตึงตัวปลายเดือน ต้องการระบบออมเศษเงินอัตโนมัติแบบ Zero-Manual Effort",0.06,MODERATE,FLEXIBLE
ACC_1099,USER_0139,32000.0,628.39,-10099.13,-0.3156,0.2637,9470.32,0,0,Paycheck-to-Paycheck Spender,มนุษย์เงินเดือนชนเดือน (สภาพคล่องจำกัดปลายเดือน),"รายได้ 18,000–35,000 บาท สภาพคล่องตึงตัวปลายเดือน ต้องการระบบออมเศษเงินอัตโนมัติแบบ Zero-Manual Effort",0.06,MODERATE,FLEXIBLE
ACC_1100,USER_0140,36000.0,657.37,-9073.36,-0.252,0.1846,4759.09,0,0,Paycheck-to-Paycheck Spender,มนุษย์เงินเดือนชนเดือน (สภาพคล่องจำกัดปลายเดือน),"รายได้ 18,000–35,000 บาท สภาพคล่องตึงตัวปลายเดือน ต้องการระบบออมเศษเงินอัตโนมัติแบบ Zero-Manual Effort",0.06,MODERATE,FLEXIBLE
ACC_1101,USER_0141,20000.0,626.85,-22739.21,-1.137,0.2403,15297.41,0,1,High-Yield Seeker Novice,ผู้แสวงหาผลตอบแทนสูง (เสี่ยง Ponzi/แชร์ลูกโซ่สูง),"มีเงินเก็บก้อนแรก 30,000–100,000 บาท มักมองหาผลตอบแทนเร็ว แต่ความเข้าใจความเสี่ยงจำกัด เสี่ยงต่อแอปหลอกลงทุน",0.12,HIGH,MAXIMUM
ACC_1102,USER_0142,32000.0,590.19,-8747.08,-0.2733,0.231,6883.03,0,0,Paycheck-to-Paycheck Spender,มนุษย์เงินเดือนชนเดือน (สภาพคล่องจำกัดปลายเดือน),"รายได้ 18,000–35,000 บาท สภาพคล่องตึงตัวปลายเดือน ต้องการระบบออมเศษเงินอัตโนมัติแบบ Zero-Manual Effort",0.06,MODERATE,FLEXIBLE
ACC_1103,USER_0143,20000.0,555.86,-15978.85,-0.7989,0.2491,4130.18,0,1,High-Yield Seeker Novice,ผู้แสวงหาผลตอบแทนสูง (เสี่ยง Ponzi/แชร์ลูกโซ่สูง),"มีเงินเก็บก้อนแรก 30,000–100,000 บาท มักมองหาผลตอบแทนเร็ว แต่ความเข้าใจความเสี่ยงจำกัด เสี่ยงต่อแอปหลอกลงทุน",0.12,HIGH,MAXIMUM
ACC_1104,USER_0144,24000.0,646.22,-19218.1,-0.8008,0.2538,10981.94,0,1,High-Yield Seeker Novice,ผู้แสวงหาผลตอบแทนสูง (เสี่ยง Ponzi/แชร์ลูกโซ่สูง),"มีเงินเก็บก้อนแรก 30,000–100,000 บาท มักมองหาผลตอบแทนเร็ว แต่ความเข้าใจความเสี่ยงจำกัด เสี่ยงต่อแอปหลอกลงทุน",0.12,HIGH,MAXIMUM
ACC_1105,USER_0145,28000.0,569.23,-11144.15,-0.398,0.2739,10701.47,0,0,Paycheck-to-Paycheck Spender,มนุษย์เงินเดือนชนเดือน (สภาพคล่องจำกัดปลายเดือน),"รายได้ 18,000–35,000 บาท สภาพคล่องตึงตัวปลายเดือน ต้องการระบบออมเศษเงินอัตโนมัติแบบ Zero-Manual Effort",0.06,MODERATE,FLEXIBLE
ACC_1106,USER_0146,24000.0,662.61,-21724.83,-0.9052,0.293,9814.34,0,1,High-Yield Seeker Novice,ผู้แสวงหาผลตอบแทนสูง (เสี่ยง Ponzi/แชร์ลูกโซ่สูง),"มีเงินเก็บก้อนแรก 30,000–100,000 บาท มักมองหาผลตอบแทนเร็ว แต่ความเข้าใจความเสี่ยงจำกัด เสี่ยงต่อแอปหลอกลงทุน",0.12,HIGH,MAXIMUM
ACC_1107,USER_0147,28000.0,574.36,-10270.29,-0.3668,0.2275,8103.62,0,0,Paycheck-to-Paycheck Spender,มนุษย์เงินเดือนชนเดือน (สภาพคล่องจำกัดปลายเดือน),"รายได้ 18,000–35,000 บาท สภาพคล่องตึงตัวปลายเดือน ต้องการระบบออมเศษเงินอัตโนมัติแบบ Zero-Manual Effort",0.06,MODERATE,FLEXIBLE
ACC_1108,USER_0148,36000.0,617.58,-11023.29,-0.3062,0.2494,15385.27,0,0,Paycheck-to-Paycheck Spender,มนุษย์เงินเดือนชนเดือน (สภาพคล่องจำกัดปลายเดือน),"รายได้ 18,000–35,000 บาท สภาพคล่องตึงตัวปลายเดือน ต้องการระบบออมเศษเงินอัตโนมัติแบบ Zero-Manual Effort",0.06,MODERATE,FLEXIBLE
ACC_1109,USER_0149,36000.0,594.36,-12422.63,-0.3451,0.2962,12410.99,0,0,Paycheck-to-Paycheck Spender,มนุษย์เงินเดือนชนเดือน (สภาพคล่องจำกัดปลายเดือน),"รายได้ 18,000–35,000 บาท สภาพคล่องตึงตัวปลายเดือน ต้องการระบบออมเศษเงินอัตโนมัติแบบ Zero-Manual Effort",0.06,MODERATE,FLEXIBLE
ACC_1110,USER_0000,32000.0,618.08,-11777.98,-0.3681,0.2973,3395.54,0,0,Paycheck-to-Paycheck Spender,มนุษย์เงินเดือนชนเดือน (สภาพคล่องจำกัดปลายเดือน),"รายได้ 18,000–35,000 บาท สภาพคล่องตึงตัวปลายเดือน ต้องการระบบออมเศษเงินอัตโนมัติแบบ Zero-Manual Effort",0.06,MODERATE,FLEXIBLE
ACC_1111,USER_0001,36000.0,684.7,-10061.43,-0.2795,0.206,3528.79,0,0,Paycheck-to-Paycheck Spender,มนุษย์เงินเดือนชนเดือน (สภาพคล่องจำกัดปลายเดือน),"รายได้ 18,000–35,000 บาท สภาพคล่องตึงตัวปลายเดือน ต้องการระบบออมเศษเงินอัตโนมัติแบบ Zero-Manual Effort",0.06,MODERATE,FLEXIBLE
ACC_1112,USER_0002,36000.0,624.9,-10122.9,-0.2812,0.2983,3266.25,0,0,Paycheck-to-Paycheck Spender,มนุษย์เงินเดือนชนเดือน (สภาพคล่องจำกัดปลายเดือน),"รายได้ 18,000–35,000 บาท สภาพคล่องตึงตัวปลายเดือน ต้องการระบบออมเศษเงินอัตโนมัติแบบ Zero-Manual Effort",0.06,MODERATE,FLEXIBLE
ACC_1113,USER_0003,20000.0,656.66,-26088.76,-1.3044,0.1687,17696.57,0,1,High-Yield Seeker Novice,ผู้แสวงหาผลตอบแทนสูง (เสี่ยง Ponzi/แชร์ลูกโซ่สูง),"มีเงินเก็บก้อนแรก 30,000–100,000 บาท มักมองหาผลตอบแทนเร็ว แต่ความเข้าใจความเสี่ยงจำกัด เสี่ยงต่อแอปหลอกลงทุน",0.12,HIGH,MAXIMUM
ACC_1114,USER_0004,24000.0,558.39,-7451.24,-0.3105,0.2291,4419.17,0,0,Paycheck-to-Paycheck Spender,มนุษย์เงินเดือนชนเดือน (สภาพคล่องจำกัดปลายเดือน),"รายได้ 18,000–35,000 บาท สภาพคล่องตึงตัวปลายเดือน ต้องการระบบออมเศษเงินอัตโนมัติแบบ Zero-Manual Effort",0.06,MODERATE,FLEXIBLE
ACC_1115,USER_0005,24000.0,610.2,-16078.73,-0.6699,0.251,8428.55,0,1,High-Yield Seeker Novice,ผู้แสวงหาผลตอบแทนสูง (เสี่ยง Ponzi/แชร์ลูกโซ่สูง),"มีเงินเก็บก้อนแรก 30,000–100,000 บาท มักมองหาผลตอบแทนเร็ว แต่ความเข้าใจความเสี่ยงจำกัด เสี่ยงต่อแอปหลอกลงทุน",0.12,HIGH,MAXIMUM
ACC_1116,USER_0006,32000.0,564.54,-8964.84,-0.2802,0.1501,14363.18,0,0,Paycheck-to-Paycheck Spender,มนุษย์เงินเดือนชนเดือน (สภาพคล่องจำกัดปลายเดือน),"รายได้ 18,000–35,000 บาท สภาพคล่องตึงตัวปลายเดือน ต้องการระบบออมเศษเงินอัตโนมัติแบบ Zero-Manual Effort",0.06,MODERATE,FLEXIBLE
ACC_1117,USER_0007,28000.0,596.23,-8076.62,-0.2885,0.2589,5874.65,0,0,Paycheck-to-Paycheck Spender,มนุษย์เงินเดือนชนเดือน (สภาพคล่องจำกัดปลายเดือน),"รายได้ 18,000–35,000 บาท สภาพคล่องตึงตัวปลายเดือน ต้องการระบบออมเศษเงินอัตโนมัติแบบ Zero-Manual Effort",0.06,MODERATE,FLEXIBLE
ACC_1118,USER_0008,36000.0,523.34,-5319.03,-0.1478,0.1147,14205.34,0,0,Paycheck-to-Paycheck Spender,มนุษย์เงินเดือนชนเดือน (สภาพคล่องจำกัดปลายเดือน),"รายได้ 18,000–35,000 บาท สภาพคล่องตึงตัวปลายเดือน ต้องการระบบออมเศษเงินอัตโนมัติแบบ Zero-Manual Effort",0.06,MODERATE,FLEXIBLE
ACC_1119,USER_0009,24000.0,630.06,-15743.2,-0.656,0.2827,4381.96,0,1,High-Yield Seeker Novice,ผู้แสวงหาผลตอบแทนสูง (เสี่ยง Ponzi/แชร์ลูกโซ่สูง),"มีเงินเก็บก้อนแรก 30,000–100,000 บาท มักมองหาผลตอบแทนเร็ว แต่ความเข้าใจความเสี่ยงจำกัด เสี่ยงต่อแอปหลอกลงทุน",0.12,HIGH,MAXIMUM
ACC_1120,USER_0010,32000.0,578.04,-9504.06,-0.297,0.1621,13533.24,0,0,Paycheck-to-Paycheck Spender,มนุษย์เงินเดือนชนเดือน (สภาพคล่องจำกัดปลายเดือน),"รายได้ 18,000–35,000 บาท สภาพคล่องตึงตัวปลายเดือน ต้องการระบบออมเศษเงินอัตโนมัติแบบ Zero-Manual Effort",0.06,MODERATE,FLEXIBLE
ACC_1121,USER_0011,36000.0,603.13,-11350.22,-0.3153,0.2661,9543.17,0,0,Paycheck-to-Paycheck Spender,มนุษย์เงินเดือนชนเดือน (สภาพคล่องจำกัดปลายเดือน),"รายได้ 18,000–35,000 บาท สภาพคล่องตึงตัวปลายเดือน ต้องการระบบออมเศษเงินอัตโนมัติแบบ Zero-Manual Effort",0.06,MODERATE,FLEXIBLE
ACC_1122,USER_0012,24000.0,681.45,-21189.0,-0.8829,0.2616,12802.52,0,1,High-Yield Seeker Novice,ผู้แสวงหาผลตอบแทนสูง (เสี่ยง Ponzi/แชร์ลูกโซ่สูง),"มีเงินเก็บก้อนแรก 30,000–100,000 บาท มักมองหาผลตอบแทนเร็ว แต่ความเข้าใจความเสี่ยงจำกัด เสี่ยงต่อแอปหลอกลงทุน",0.12,HIGH,MAXIMUM
ACC_1123,USER_0013,24000.0,583.76,-12129.29,-0.5054,0.2787,7030.53,0,1,High-Yield Seeker Novice,ผู้แสวงหาผลตอบแทนสูง (เสี่ยง Ponzi/แชร์ลูกโซ่สูง),"มีเงินเก็บก้อนแรก 30,000–100,000 บาท มักมองหาผลตอบแทนเร็ว แต่ความเข้าใจความเสี่ยงจำกัด เสี่ยงต่อแอปหลอกลงทุน",0.12,HIGH,MAXIMUM
ACC_1124,USER_0014,36000.0,602.34,-9776.8,-0.2716,0.2675,7061.17,0,0,Paycheck-to-Paycheck Spender,มนุษย์เงินเดือนชนเดือน (สภาพคล่องจำกัดปลายเดือน),"รายได้ 18,000–35,000 บาท สภาพคล่องตึงตัวปลายเดือน ต้องการระบบออมเศษเงินอัตโนมัติแบบ Zero-Manual Effort",0.06,MODERATE,FLEXIBLE
ACC_1125,USER_0015,28000.0,580.14,-9206.46,-0.3288,0.2627,16085.28,0,0,Paycheck-to-Paycheck Spender,มนุษย์เงินเดือนชนเดือน (สภาพคล่องจำกัดปลายเดือน),"รายได้ 18,000–35,000 บาท สภาพคล่องตึงตัวปลายเดือน ต้องการระบบออมเศษเงินอัตโนมัติแบบ Zero-Manual Effort",0.06,MODERATE,FLEXIBLE
ACC_1126,USER_0016,20000.0,620.72,-20119.51,-1.006,0.189,16029.82,0,1,High-Yield Seeker Novice,ผู้แสวงหาผลตอบแทนสูง (เสี่ยง Ponzi/แชร์ลูกโซ่สูง),"มีเงินเก็บก้อนแรก 30,000–100,000 บาท มักมองหาผลตอบแทนเร็ว แต่ความเข้าใจความเสี่ยงจำกัด เสี่ยงต่อแอปหลอกลงทุน",0.12,HIGH,MAXIMUM
ACC_1127,USER_0017,28000.0,619.41,-10907.7,-0.3896,0.2586,2587.67,0,0,Paycheck-to-Paycheck Spender,มนุษย์เงินเดือนชนเดือน (สภาพคล่องจำกัดปลายเดือน),"รายได้ 18,000–35,000 บาท สภาพคล่องตึงตัวปลายเดือน ต้องการระบบออมเศษเงินอัตโนมัติแบบ Zero-Manual Effort",0.06,MODERATE,FLEXIBLE
ACC_1128,USER_0018,36000.0,653.75,-8724.98,-0.2424,0.2491,13812.84,0,0,Paycheck-to-Paycheck Spender,มนุษย์เงินเดือนชนเดือน (สภาพคล่องจำกัดปลายเดือน),"รายได้ 18,000–35,000 บาท สภาพคล่องตึงตัวปลายเดือน ต้องการระบบออมเศษเงินอัตโนมัติแบบ Zero-Manual Effort",0.06,MODERATE,FLEXIBLE
ACC_1129,USER_0019,28000.0,634.7,-9290.21,-0.3318,0.2931,17832.27,0,0,Paycheck-to-Paycheck Spender,มนุษย์เงินเดือนชนเดือน (สภาพคล่องจำกัดปลายเดือน),"รายได้ 18,000–35,000 บาท สภาพคล่องตึงตัวปลายเดือน ต้องการระบบออมเศษเงินอัตโนมัติแบบ Zero-Manual Effort",0.06,MODERATE,FLEXIBLE
ACC_1130,USER_0020,36000.0,618.23,-7738.1,-0.2149,0.2217,8065.3,0,0,Paycheck-to-Paycheck Spender,มนุษย์เงินเดือนชนเดือน (สภาพคล่องจำกัดปลายเดือน),"รายได้ 18,000–35,000 บาท สภาพคล่องตึงตัวปลายเดือน ต้องการระบบออมเศษเงินอัตโนมัติแบบ Zero-Manual Effort",0.06,MODERATE,FLEXIBLE
ACC_1131,USER_0021,24000.0,627.86,-18466.53,-0.7694,0.2491,6940.28,0,1,High-Yield Seeker Novice,ผู้แสวงหาผลตอบแทนสูง (เสี่ยง Ponzi/แชร์ลูกโซ่สูง),"มีเงินเก็บก้อนแรก 30,000–100,000 บาท มักมองหาผลตอบแทนเร็ว แต่ความเข้าใจความเสี่ยงจำกัด เสี่ยงต่อแอปหลอกลงทุน",0.12,HIGH,MAXIMUM
ACC_1132,USER_0022,32000.0,629.9,-13176.86,-0.4118,0.258,16234.73,0,0,Paycheck-to-Paycheck Spender,มนุษย์เงินเดือนชนเดือน (สภาพคล่องจำกัดปลายเดือน),"รายได้ 18,000–35,000 บาท สภาพคล่องตึงตัวปลายเดือน ต้องการระบบออมเศษเงินอัตโนมัติแบบ Zero-Manual Effort",0.06,MODERATE,FLEXIBLE
ACC_1133,USER_0023,20000.0,565.35,-14143.66,-0.7072,0.2316,7197.38,0,1,High-Yield Seeker Novice,ผู้แสวงหาผลตอบแทนสูง (เสี่ยง Ponzi/แชร์ลูกโซ่สูง),"มีเงินเก็บก้อนแรก 30,000–100,000 บาท มักมองหาผลตอบแทนเร็ว แต่ความเข้าใจความเสี่ยงจำกัด เสี่ยงต่อแอปหลอกลงทุน",0.12,HIGH,MAXIMUM
ACC_1134,USER_0024,36000.0,559.35,-10872.56,-0.302,0.2444,2555.48,0,0,Paycheck-to-Paycheck Spender,มนุษย์เงินเดือนชนเดือน (สภาพคล่องจำกัดปลายเดือน),"รายได้ 18,000–35,000 บาท สภาพคล่องตึงตัวปลายเดือน ต้องการระบบออมเศษเงินอัตโนมัติแบบ Zero-Manual Effort",0.06,MODERATE,FLEXIBLE
ACC_1135,USER_0025,28000.0,683.89,-17111.84,-0.6111,0.2573,5719.32,0,0,Paycheck-to-Paycheck Spender,มนุษย์เงินเดือนชนเดือน (สภาพคล่องจำกัดปลายเดือน),"รายได้ 18,000–35,000 บาท สภาพคล่องตึงตัวปลายเดือน ต้องการระบบออมเศษเงินอัตโนมัติแบบ Zero-Manual Effort",0.06,MODERATE,FLEXIBLE
ACC_1136,USER_0026,36000.0,684.13,-10173.18,-0.2826,0.2337,4325.42,0,0,Paycheck-to-Paycheck Spender,มนุษย์เงินเดือนชนเดือน (สภาพคล่องจำกัดปลายเดือน),"รายได้ 18,000–35,000 บาท สภาพคล่องตึงตัวปลายเดือน ต้องการระบบออมเศษเงินอัตโนมัติแบบ Zero-Manual Effort",0.06,MODERATE,FLEXIBLE
ACC_1137,USER_0027,24000.0,596.07,-11247.94,-0.4687,0.2222,14822.6,0,1,High-Yield Seeker Novice,ผู้แสวงหาผลตอบแทนสูง (เสี่ยง Ponzi/แชร์ลูกโซ่สูง),"มีเงินเก็บก้อนแรก 30,000–100,000 บาท มักมองหาผลตอบแทนเร็ว แต่ความเข้าใจความเสี่ยงจำกัด เสี่ยงต่อแอปหลอกลงทุน",0.12,HIGH,MAXIMUM
ACC_1138,USER_0028,28000.0,585.07,-7897.3,-0.282,0.2098,4626.96,0,0,Paycheck-to-Paycheck Spender,มนุษย์เงินเดือนชนเดือน (สภาพคล่องจำกัดปลายเดือน),"รายได้ 18,000–35,000 บาท สภาพคล่องตึงตัวปลายเดือน ต้องการระบบออมเศษเงินอัตโนมัติแบบ Zero-Manual Effort",0.06,MODERATE,FLEXIBLE
ACC_1139,USER_0029,24000.0,600.09,-14050.69,-0.5854,0.3235,5159.69,0,1,High-Yield Seeker Novice,ผู้แสวงหาผลตอบแทนสูง (เสี่ยง Ponzi/แชร์ลูกโซ่สูง),"มีเงินเก็บก้อนแรก 30,000–100,000 บาท มักมองหาผลตอบแทนเร็ว แต่ความเข้าใจความเสี่ยงจำกัด เสี่ยงต่อแอปหลอกลงทุน",0.12,HIGH,MAXIMUM
ACC_1140,USER_0030,28000.0,652.24,-10408.02,-0.3717,0.2188,6252.29,0,0,Paycheck-to-Paycheck Spender,มนุษย์เงินเดือนชนเดือน (สภาพคล่องจำกัดปลายเดือน),"รายได้ 18,000–35,000 บาท สภาพคล่องตึงตัวปลายเดือน ต้องการระบบออมเศษเงินอัตโนมัติแบบ Zero-Manual Effort",0.06,MODERATE,FLEXIBLE
ACC_1141,USER_0031,36000.0,554.28,-11615.75,-0.3227,0.2492,5760.8,0,0,Paycheck-to-Paycheck Spender,มนุษย์เงินเดือนชนเดือน (สภาพคล่องจำกัดปลายเดือน),"รายได้ 18,000–35,000 บาท สภาพคล่องตึงตัวปลายเดือน ต้องการระบบออมเศษเงินอัตโนมัติแบบ Zero-Manual Effort",0.06,MODERATE,FLEXIBLE
ACC_1142,USER_0032,28000.0,599.66,-9439.02,-0.3371,0.2195,16584.75,0,0,Paycheck-to-Paycheck Spender,มนุษย์เงินเดือนชนเดือน (สภาพคล่องจำกัดปลายเดือน),"รายได้ 18,000–35,000 บาท สภาพคล่องตึงตัวปลายเดือน ต้องการระบบออมเศษเงินอัตโนมัติแบบ Zero-Manual Effort",0.06,MODERATE,FLEXIBLE
ACC_1143,USER_0033,36000.0,645.28,-8056.49,-0.2238,0.174,3139.56,0,0,Paycheck-to-Paycheck Spender,มนุษย์เงินเดือนชนเดือน (สภาพคล่องจำกัดปลายเดือน),"รายได้ 18,000–35,000 บาท สภาพคล่องตึงตัวปลายเดือน ต้องการระบบออมเศษเงินอัตโนมัติแบบ Zero-Manual Effort",0.06,MODERATE,FLEXIBLE
ACC_1144,USER_0034,36000.0,584.73,-10727.41,-0.298,0.2935,8502.46,0,0,Paycheck-to-Paycheck Spender,มนุษย์เงินเดือนชนเดือน (สภาพคล่องจำกัดปลายเดือน),"รายได้ 18,000–35,000 บาท สภาพคล่องตึงตัวปลายเดือน ต้องการระบบออมเศษเงินอัตโนมัติแบบ Zero-Manual Effort",0.06,MODERATE,FLEXIBLE
ACC_1145,USER_0035,28000.0,546.1,-7595.35,-0.2713,0.181,17669.11,0,0,Paycheck-to-Paycheck Spender,มนุษย์เงินเดือนชนเดือน (สภาพคล่องจำกัดปลายเดือน),"รายได้ 18,000–35,000 บาท สภาพคล่องตึงตัวปลายเดือน ต้องการระบบออมเศษเงินอัตโนมัติแบบ Zero-Manual Effort",0.06,MODERATE,FLEXIBLE
ACC_1146,USER_0036,36000.0,605.64,-8662.4,-0.2406,0.2611,2015.73,0,0,Paycheck-to-Paycheck Spender,มนุษย์เงินเดือนชนเดือน (สภาพคล่องจำกัดปลายเดือน),"รายได้ 18,000–35,000 บาท สภาพคล่องตึงตัวปลายเดือน ต้องการระบบออมเศษเงินอัตโนมัติแบบ Zero-Manual Effort",0.06,MODERATE,FLEXIBLE
ACC_1147,USER_0037,24000.0,601.5,-14295.01,-0.5956,0.2094,8518.98,0,1,High-Yield Seeker Novice,ผู้แสวงหาผลตอบแทนสูง (เสี่ยง Ponzi/แชร์ลูกโซ่สูง),"มีเงินเก็บก้อนแรก 30,000–100,000 บาท มักมองหาผลตอบแทนเร็ว แต่ความเข้าใจความเสี่ยงจำกัด เสี่ยงต่อแอปหลอกลงทุน",0.12,HIGH,MAXIMUM
ACC_1148,USER_0038,20000.0,595.73,-19757.61,-0.9879,0.2054,4098.93,0,1,High-Yield Seeker Novice,ผู้แสวงหาผลตอบแทนสูง (เสี่ยง Ponzi/แชร์ลูกโซ่สูง),"มีเงินเก็บก้อนแรก 30,000–100,000 บาท มักมองหาผลตอบแทนเร็ว แต่ความเข้าใจความเสี่ยงจำกัด เสี่ยงต่อแอปหลอกลงทุน",0.12,HIGH,MAXIMUM
ACC_1149,USER_0039,32000.0,594.74,-9819.49,-0.3069,0.2524,4491.3,0,0,Paycheck-to-Paycheck Spender,มนุษย์เงินเดือนชนเดือน (สภาพคล่องจำกัดปลายเดือน),"รายได้ 18,000–35,000 บาท สภาพคล่องตึงตัวปลายเดือน ต้องการระบบออมเศษเงินอัตโนมัติแบบ Zero-Manual Effort",0.06,MODERATE,FLEXIBLE
ACC_1150,USER_0040,24000.0,681.58,-22045.62,-0.9186,0.2289,12912.09,0,1,High-Yield Seeker Novice,ผู้แสวงหาผลตอบแทนสูง (เสี่ยง Ponzi/แชร์ลูกโซ่สูง),"มีเงินเก็บก้อนแรก 30,000–100,000 บาท มักมองหาผลตอบแทนเร็ว แต่ความเข้าใจความเสี่ยงจำกัด เสี่ยงต่อแอปหลอกลงทุน",0.12,HIGH,MAXIMUM
ACC_1151,USER_0041,28000.0,584.79,-9756.08,-0.3484,0.2801,12527.55,0,0,Paycheck-to-Paycheck Spender,มนุษย์เงินเดือนชนเดือน (สภาพคล่องจำกัดปลายเดือน),"รายได้ 18,000–35,000 บาท สภาพคล่องตึงตัวปลายเดือน ต้องการระบบออมเศษเงินอัตโนมัติแบบ Zero-Manual Effort",0.06,MODERATE,FLEXIBLE
ACC_1152,USER_0042,36000.0,629.39,-9580.22,-0.2661,0.1914,14052.17,0,0,Paycheck-to-Paycheck Spender,มนุษย์เงินเดือนชนเดือน (สภาพคล่องจำกัดปลายเดือน),"รายได้ 18,000–35,000 บาท สภาพคล่องตึงตัวปลายเดือน ต้องการระบบออมเศษเงินอัตโนมัติแบบ Zero-Manual Effort",0.06,MODERATE,FLEXIBLE
ACC_1153,USER_0043,20000.0,554.81,-13561.67,-0.6781,0.2122,13002.22,0,1,High-Yield Seeker Novice,ผู้แสวงหาผลตอบแทนสูง (เสี่ยง Ponzi/แชร์ลูกโซ่สูง),"มีเงินเก็บก้อนแรก 30,000–100,000 บาท มักมองหาผลตอบแทนเร็ว แต่ความเข้าใจความเสี่ยงจำกัด เสี่ยงต่อแอปหลอกลงทุน",0.12,HIGH,MAXIMUM
ACC_1154,USER_0044,32000.0,593.95,-9958.25,-0.3112,0.2257,4018.47,0,0,Paycheck-to-Paycheck Spender,มนุษย์เงินเดือนชนเดือน (สภาพคล่องจำกัดปลายเดือน),"รายได้ 18,000–35,000 บาท สภาพคล่องตึงตัวปลายเดือน ต้องการระบบออมเศษเงินอัตโนมัติแบบ Zero-Manual Effort",0.06,MODERATE,FLEXIBLE
ACC_1155,USER_0045,32000.0,681.27,-9813.64,-0.3067,0.2552,11106.24,0,0,Paycheck-to-Paycheck Spender,มนุษย์เงินเดือนชนเดือน (สภาพคล่องจำกัดปลายเดือน),"รายได้ 18,000–35,000 บาท สภาพคล่องตึงตัวปลายเดือน ต้องการระบบออมเศษเงินอัตโนมัติแบบ Zero-Manual Effort",0.06,MODERATE,FLEXIBLE
ACC_1156,USER_0046,28000.0,571.24,-9524.68,-0.3402,0.2158,10670.22,0,0,Paycheck-to-Paycheck Spender,มนุษย์เงินเดือนชนเดือน (สภาพคล่องจำกัดปลายเดือน),"รายได้ 18,000–35,000 บาท สภาพคล่องตึงตัวปลายเดือน ต้องการระบบออมเศษเงินอัตโนมัติแบบ Zero-Manual Effort",0.06,MODERATE,FLEXIBLE
ACC_1157,USER_0047,36000.0,580.43,-8153.22,-0.2265,0.2215,5158.74,0,0,Paycheck-to-Paycheck Spender,มนุษย์เงินเดือนชนเดือน (สภาพคล่องจำกัดปลายเดือน),"รายได้ 18,000–35,000 บาท สภาพคล่องตึงตัวปลายเดือน ต้องการระบบออมเศษเงินอัตโนมัติแบบ Zero-Manual Effort",0.06,MODERATE,FLEXIBLE
ACC_1158,USER_0048,24000.0,609.46,-13042.07,-0.5434,0.2578,11206.13,0,1,High-Yield Seeker Novice,ผู้แสวงหาผลตอบแทนสูง (เสี่ยง Ponzi/แชร์ลูกโซ่สูง),"มีเงินเก็บก้อนแรก 30,000–100,000 บาท มักมองหาผลตอบแทนเร็ว แต่ความเข้าใจความเสี่ยงจำกัด เสี่ยงต่อแอปหลอกลงทุน",0.12,HIGH,MAXIMUM
ACC_1159,USER_0049,36000.0,618.64,-6637.15,-0.1844,0.2469,4134.02,0,0,Paycheck-to-Paycheck Spender,มนุษย์เงินเดือนชนเดือน (สภาพคล่องจำกัดปลายเดือน),"รายได้ 18,000–35,000 บาท สภาพคล่องตึงตัวปลายเดือน ต้องการระบบออมเศษเงินอัตโนมัติแบบ Zero-Manual Effort",0.06,MODERATE,FLEXIBLE
ACC_1160,USER_0050,36000.0,621.09,-9766.09,-0.2713,0.2838,2198.19,0,0,Paycheck-to-Paycheck Spender,มนุษย์เงินเดือนชนเดือน (สภาพคล่องจำกัดปลายเดือน),"รายได้ 18,000–35,000 บาท สภาพคล่องตึงตัวปลายเดือน ต้องการระบบออมเศษเงินอัตโนมัติแบบ Zero-Manual Effort",0.06,MODERATE,FLEXIBLE
ACC_1161,USER_0051,20000.0,630.72,-23141.06,-1.1571,0.1649,9439.77,0,1,High-Yield Seeker Novice,ผู้แสวงหาผลตอบแทนสูง (เสี่ยง Ponzi/แชร์ลูกโซ่สูง),"มีเงินเก็บก้อนแรก 30,000–100,000 บาท มักมองหาผลตอบแทนเร็ว แต่ความเข้าใจความเสี่ยงจำกัด เสี่ยงต่อแอปหลอกลงทุน",0.12,HIGH,MAXIMUM
ACC_1162,USER_0052,28000.0,637.32,-8728.89,-0.3117,0.1736,13304.89,0,0,Paycheck-to-Paycheck Spender,มนุษย์เงินเดือนชนเดือน (สภาพคล่องจำกัดปลายเดือน),"รายได้ 18,000–35,000 บาท สภาพคล่องตึงตัวปลายเดือน ต้องการระบบออมเศษเงินอัตโนมัติแบบ Zero-Manual Effort",0.06,MODERATE,FLEXIBLE
ACC_1163,USER_0053,28000.0,664.2,-11381.88,-0.4065,0.2227,8326.11,0,0,Paycheck-to-Paycheck Spender,มนุษย์เงินเดือนชนเดือน (สภาพคล่องจำกัดปลายเดือน),"รายได้ 18,000–35,000 บาท สภาพคล่องตึงตัวปลายเดือน ต้องการระบบออมเศษเงินอัตโนมัติแบบ Zero-Manual Effort",0.06,MODERATE,FLEXIBLE
ACC_1164,USER_0054,32000.0,566.37,-7695.41,-0.2405,0.2022,2653.47,0,0,Paycheck-to-Paycheck Spender,มนุษย์เงินเดือนชนเดือน (สภาพคล่องจำกัดปลายเดือน),"รายได้ 18,000–35,000 บาท สภาพคล่องตึงตัวปลายเดือน ต้องการระบบออมเศษเงินอัตโนมัติแบบ Zero-Manual Effort",0.06,MODERATE,FLEXIBLE
ACC_1165,USER_0055,24000.0,573.3,-7806.32,-0.3253,0.2168,7263.25,0,0,Paycheck-to-Paycheck Spender,มนุษย์เงินเดือนชนเดือน (สภาพคล่องจำกัดปลายเดือน),"รายได้ 18,000–35,000 บาท สภาพคล่องตึงตัวปลายเดือน ต้องการระบบออมเศษเงินอัตโนมัติแบบ Zero-Manual Effort",0.06,MODERATE,FLEXIBLE
ACC_1166,USER_0056,24000.0,537.15,-9922.93,-0.4135,0.2243,9396.35,0,1,High-Yield Seeker Novice,ผู้แสวงหาผลตอบแทนสูง (เสี่ยง Ponzi/แชร์ลูกโซ่สูง),"มีเงินเก็บก้อนแรก 30,000–100,000 บาท มักมองหาผลตอบแทนเร็ว แต่ความเข้าใจความเสี่ยงจำกัด เสี่ยงต่อแอปหลอกลงทุน",0.12,HIGH,MAXIMUM
ACC_1167,USER_0057,28000.0,546.6,-8172.39,-0.2919,0.2374,7719.66,0,0,Paycheck-to-Paycheck Spender,มนุษย์เงินเดือนชนเดือน (สภาพคล่องจำกัดปลายเดือน),"รายได้ 18,000–35,000 บาท สภาพคล่องตึงตัวปลายเดือน ต้องการระบบออมเศษเงินอัตโนมัติแบบ Zero-Manual Effort",0.06,MODERATE,FLEXIBLE
ACC_1168,USER_0058,36000.0,633.13,-9388.92,-0.2608,0.2531,8676.19,0,0,Paycheck-to-Paycheck Spender,มนุษย์เงินเดือนชนเดือน (สภาพคล่องจำกัดปลายเดือน),"รายได้ 18,000–35,000 บาท สภาพคล่องตึงตัวปลายเดือน ต้องการระบบออมเศษเงินอัตโนมัติแบบ Zero-Manual Effort",0.06,MODERATE,FLEXIBLE
ACC_1169,USER_0059,24000.0,602.32,-15075.07,-0.6281,0.2398,13971.57,0,1,High-Yield Seeker Novice,ผู้แสวงหาผลตอบแทนสูง (เสี่ยง Ponzi/แชร์ลูกโซ่สูง),"มีเงินเก็บก้อนแรก 30,000–100,000 บาท มักมองหาผลตอบแทนเร็ว แต่ความเข้าใจความเสี่ยงจำกัด เสี่ยงต่อแอปหลอกลงทุน",0.12,HIGH,MAXIMUM
ACC_1170,USER_0060,20000.0,607.84,-20379.78,-1.019,0.2331,16199.37,0,1,High-Yield Seeker Novice,ผู้แสวงหาผลตอบแทนสูง (เสี่ยง Ponzi/แชร์ลูกโซ่สูง),"มีเงินเก็บก้อนแรก 30,000–100,000 บาท มักมองหาผลตอบแทนเร็ว แต่ความเข้าใจความเสี่ยงจำกัด เสี่ยงต่อแอปหลอกลงทุน",0.12,HIGH,MAXIMUM
ACC_1171,USER_0061,32000.0,572.95,-8581.12,-0.2682,0.2057,10681.62,0,0,Paycheck-to-Paycheck Spender,มนุษย์เงินเดือนชนเดือน (สภาพคล่องจำกัดปลายเดือน),"รายได้ 18,000–35,000 บาท สภาพคล่องตึงตัวปลายเดือน ต้องการระบบออมเศษเงินอัตโนมัติแบบ Zero-Manual Effort",0.06,MODERATE,FLEXIBLE
ACC_1172,USER_0062,28000.0,670.92,-12793.21,-0.4569,0.218,15780.85,0,0,Paycheck-to-Paycheck Spender,มนุษย์เงินเดือนชนเดือน (สภาพคล่องจำกัดปลายเดือน),"รายได้ 18,000–35,000 บาท สภาพคล่องตึงตัวปลายเดือน ต้องการระบบออมเศษเงินอัตโนมัติแบบ Zero-Manual Effort",0.06,MODERATE,FLEXIBLE
ACC_1173,USER_0063,32000.0,581.58,-10467.42,-0.3271,0.266,8775.72,0,0,Paycheck-to-Paycheck Spender,มนุษย์เงินเดือนชนเดือน (สภาพคล่องจำกัดปลายเดือน),"รายได้ 18,000–35,000 บาท สภาพคล่องตึงตัวปลายเดือน ต้องการระบบออมเศษเงินอัตโนมัติแบบ Zero-Manual Effort",0.06,MODERATE,FLEXIBLE
ACC_1174,USER_0064,28000.0,662.49,-13322.17,-0.4758,0.2736,11492.57,0,0,Paycheck-to-Paycheck Spender,มนุษย์เงินเดือนชนเดือน (สภาพคล่องจำกัดปลายเดือน),"รายได้ 18,000–35,000 บาท สภาพคล่องตึงตัวปลายเดือน ต้องการระบบออมเศษเงินอัตโนมัติแบบ Zero-Manual Effort",0.06,MODERATE,FLEXIBLE
ACC_1175,USER_0065,24000.0,567.52,-11012.17,-0.4588,0.3006,13342.66,0,1,High-Yield Seeker Novice,ผู้แสวงหาผลตอบแทนสูง (เสี่ยง Ponzi/แชร์ลูกโซ่สูง),"มีเงินเก็บก้อนแรก 30,000–100,000 บาท มักมองหาผลตอบแทนเร็ว แต่ความเข้าใจความเสี่ยงจำกัด เสี่ยงต่อแอปหลอกลงทุน",0.12,HIGH,MAXIMUM
ACC_1176,USER_0066,32000.0,640.66,-10774.06,-0.3367,0.2795,11458.41,0,0,Paycheck-to-Paycheck Spender,มนุษย์เงินเดือนชนเดือน (สภาพคล่องจำกัดปลายเดือน),"รายได้ 18,000–35,000 บาท สภาพคล่องตึงตัวปลายเดือน ต้องการระบบออมเศษเงินอัตโนมัติแบบ Zero-Manual Effort",0.06,MODERATE,FLEXIBLE
ACC_1177,USER_0067,20000.0,557.06,-11232.69,-0.5616,0.1738,6680.71,0,1,High-Yield Seeker Novice,ผู้แสวงหาผลตอบแทนสูง (เสี่ยง Ponzi/แชร์ลูกโซ่สูง),"มีเงินเก็บก้อนแรก 30,000–100,000 บาท มักมองหาผลตอบแทนเร็ว แต่ความเข้าใจความเสี่ยงจำกัด เสี่ยงต่อแอปหลอกลงทุน",0.12,HIGH,MAXIMUM
ACC_1178,USER_0068,32000.0,691.61,-12652.82,-0.3954,0.2699,17114.4,0,0,Paycheck-to-Paycheck Spender,มนุษย์เงินเดือนชนเดือน (สภาพคล่องจำกัดปลายเดือน),"รายได้ 18,000–35,000 บาท สภาพคล่องตึงตัวปลายเดือน ต้องการระบบออมเศษเงินอัตโนมัติแบบ Zero-Manual Effort",0.06,MODERATE,FLEXIBLE
ACC_1179,USER_0069,28000.0,620.73,-9023.74,-0.3223,0.2781,8971.76,0,0,Paycheck-to-Paycheck Spender,มนุษย์เงินเดือนชนเดือน (สภาพคล่องจำกัดปลายเดือน),"รายได้ 18,000–35,000 บาท สภาพคล่องตึงตัวปลายเดือน ต้องการระบบออมเศษเงินอัตโนมัติแบบ Zero-Manual Effort",0.06,MODERATE,FLEXIBLE
ACC_1180,USER_0070,28000.0,561.11,-11192.7,-0.3997,0.2697,9017.73,0,0,Paycheck-to-Paycheck Spender,มนุษย์เงินเดือนชนเดือน (สภาพคล่องจำกัดปลายเดือน),"รายได้ 18,000–35,000 บาท สภาพคล่องตึงตัวปลายเดือน ต้องการระบบออมเศษเงินอัตโนมัติแบบ Zero-Manual Effort",0.06,MODERATE,FLEXIBLE
ACC_1181,USER_0071,32000.0,637.3,-9465.48,-0.2958,0.1937,8898.43,0,0,Paycheck-to-Paycheck Spender,มนุษย์เงินเดือนชนเดือน (สภาพคล่องจำกัดปลายเดือน),"รายได้ 18,000–35,000 บาท สภาพคล่องตึงตัวปลายเดือน ต้องการระบบออมเศษเงินอัตโนมัติแบบ Zero-Manual Effort",0.06,MODERATE,FLEXIBLE
ACC_1182,USER_0072,32000.0,638.68,-9406.56,-0.294,0.2109,13569.18,0,0,Paycheck-to-Paycheck Spender,มนุษย์เงินเดือนชนเดือน (สภาพคล่องจำกัดปลายเดือน),"รายได้ 18,000–35,000 บาท สภาพคล่องตึงตัวปลายเดือน ต้องการระบบออมเศษเงินอัตโนมัติแบบ Zero-Manual Effort",0.06,MODERATE,FLEXIBLE
ACC_1183,USER_0073,28000.0,645.23,-10947.73,-0.391,0.2815,9507.27,0,0,Paycheck-to-Paycheck Spender,มนุษย์เงินเดือนชนเดือน (สภาพคล่องจำกัดปลายเดือน),"รายได้ 18,000–35,000 บาท สภาพคล่องตึงตัวปลายเดือน ต้องการระบบออมเศษเงินอัตโนมัติแบบ Zero-Manual Effort",0.06,MODERATE,FLEXIBLE
ACC_1184,USER_0074,24000.0,613.66,-13209.55,-0.5504,0.2086,9556.22,0,1,High-Yield Seeker Novice,ผู้แสวงหาผลตอบแทนสูง (เสี่ยง Ponzi/แชร์ลูกโซ่สูง),"มีเงินเก็บก้อนแรก 30,000–100,000 บาท มักมองหาผลตอบแทนเร็ว แต่ความเข้าใจความเสี่ยงจำกัด เสี่ยงต่อแอปหลอกลงทุน",0.12,HIGH,MAXIMUM
ACC_1185,USER_0075,20000.0,554.35,-14713.44,-0.7357,0.2257,3767.75,0,1,High-Yield Seeker Novice,ผู้แสวงหาผลตอบแทนสูง (เสี่ยง Ponzi/แชร์ลูกโซ่สูง),"มีเงินเก็บก้อนแรก 30,000–100,000 บาท มักมองหาผลตอบแทนเร็ว แต่ความเข้าใจความเสี่ยงจำกัด เสี่ยงต่อแอปหลอกลงทุน",0.12,HIGH,MAXIMUM
ACC_1186,USER_0076,36000.0,582.86,-9995.24,-0.2776,0.2365,13464.2,0,0,Paycheck-to-Paycheck Spender,มนุษย์เงินเดือนชนเดือน (สภาพคล่องจำกัดปลายเดือน),"รายได้ 18,000–35,000 บาท สภาพคล่องตึงตัวปลายเดือน ต้องการระบบออมเศษเงินอัตโนมัติแบบ Zero-Manual Effort",0.06,MODERATE,FLEXIBLE
ACC_1187,USER_0077,36000.0,637.7,-10021.65,-0.2784,0.2955,16037.34,0,0,Paycheck-to-Paycheck Spender,มนุษย์เงินเดือนชนเดือน (สภาพคล่องจำกัดปลายเดือน),"รายได้ 18,000–35,000 บาท สภาพคล่องตึงตัวปลายเดือน ต้องการระบบออมเศษเงินอัตโนมัติแบบ Zero-Manual Effort",0.06,MODERATE,FLEXIBLE
ACC_1188,USER_0078,20000.0,614.68,-21204.17,-1.0602,0.257,4940.26,0,1,High-Yield Seeker Novice,ผู้แสวงหาผลตอบแทนสูง (เสี่ยง Ponzi/แชร์ลูกโซ่สูง),"มีเงินเก็บก้อนแรก 30,000–100,000 บาท มักมองหาผลตอบแทนเร็ว แต่ความเข้าใจความเสี่ยงจำกัด เสี่ยงต่อแอปหลอกลงทุน",0.12,HIGH,MAXIMUM
ACC_1189,USER_0079,36000.0,553.41,-9508.11,-0.2641,0.2785,15350.03,0,0,Paycheck-to-Paycheck Spender,มนุษย์เงินเดือนชนเดือน (สภาพคล่องจำกัดปลายเดือน),"รายได้ 18,000–35,000 บาท สภาพคล่องตึงตัวปลายเดือน ต้องการระบบออมเศษเงินอัตโนมัติแบบ Zero-Manual Effort",0.06,MODERATE,FLEXIBLE
ACC_1190,USER_0080,36000.0,607.42,-8060.38,-0.2239,0.2005,8746.44,0,0,Paycheck-to-Paycheck Spender,มนุษย์เงินเดือนชนเดือน (สภาพคล่องจำกัดปลายเดือน),"รายได้ 18,000–35,000 บาท สภาพคล่องตึงตัวปลายเดือน ต้องการระบบออมเศษเงินอัตโนมัติแบบ Zero-Manual Effort",0.06,MODERATE,FLEXIBLE
ACC_1191,USER_0081,20000.0,634.91,-24672.96,-1.2336,0.2753,12846.01,0,1,High-Yield Seeker Novice,ผู้แสวงหาผลตอบแทนสูง (เสี่ยง Ponzi/แชร์ลูกโซ่สูง),"มีเงินเก็บก้อนแรก 30,000–100,000 บาท มักมองหาผลตอบแทนเร็ว แต่ความเข้าใจความเสี่ยงจำกัด เสี่ยงต่อแอปหลอกลงทุน",0.12,HIGH,MAXIMUM
ACC_1192,USER_0082,28000.0,613.24,-8894.05,-0.3176,0.2405,17737.26,0,0,Paycheck-to-Paycheck Spender,มนุษย์เงินเดือนชนเดือน (สภาพคล่องจำกัดปลายเดือน),"รายได้ 18,000–35,000 บาท สภาพคล่องตึงตัวปลายเดือน ต้องการระบบออมเศษเงินอัตโนมัติแบบ Zero-Manual Effort",0.06,MODERATE,FLEXIBLE
ACC_1193,USER_0083,36000.0,626.15,-8888.03,-0.2469,0.1898,17585.14,0,0,Paycheck-to-Paycheck Spender,มนุษย์เงินเดือนชนเดือน (สภาพคล่องจำกัดปลายเดือน),"รายได้ 18,000–35,000 บาท สภาพคล่องตึงตัวปลายเดือน ต้องการระบบออมเศษเงินอัตโนมัติแบบ Zero-Manual Effort",0.06,MODERATE,FLEXIBLE
ACC_1194,USER_0084,32000.0,614.24,-9044.85,-0.2827,0.1863,15465.96,0,0,Paycheck-to-Paycheck Spender,มนุษย์เงินเดือนชนเดือน (สภาพคล่องจำกัดปลายเดือน),"รายได้ 18,000–35,000 บาท สภาพคล่องตึงตัวปลายเดือน ต้องการระบบออมเศษเงินอัตโนมัติแบบ Zero-Manual Effort",0.06,MODERATE,FLEXIBLE
ACC_1195,USER_0085,24000.0,595.74,-10057.54,-0.4191,0.2645,14362.84,0,1,High-Yield Seeker Novice,ผู้แสวงหาผลตอบแทนสูง (เสี่ยง Ponzi/แชร์ลูกโซ่สูง),"มีเงินเก็บก้อนแรก 30,000–100,000 บาท มักมองหาผลตอบแทนเร็ว แต่ความเข้าใจความเสี่ยงจำกัด เสี่ยงต่อแอปหลอกลงทุน",0.12,HIGH,MAXIMUM
ACC_1196,USER_0086,24000.0,540.99,-10863.3,-0.4526,0.2156,11451.55,0,1,High-Yield Seeker Novice,ผู้แสวงหาผลตอบแทนสูง (เสี่ยง Ponzi/แชร์ลูกโซ่สูง),"มีเงินเก็บก้อนแรก 30,000–100,000 บาท มักมองหาผลตอบแทนเร็ว แต่ความเข้าใจความเสี่ยงจำกัด เสี่ยงต่อแอปหลอกลงทุน",0.12,HIGH,MAXIMUM
ACC_1197,USER_0087,36000.0,584.67,-8072.0,-0.2242,0.2073,16400.11,0,0,Paycheck-to-Paycheck Spender,มนุษย์เงินเดือนชนเดือน (สภาพคล่องจำกัดปลายเดือน),"รายได้ 18,000–35,000 บาท สภาพคล่องตึงตัวปลายเดือน ต้องการระบบออมเศษเงินอัตโนมัติแบบ Zero-Manual Effort",0.06,MODERATE,FLEXIBLE
ACC_1198,USER_0088,24000.0,554.85,-9464.05,-0.3943,0.193,11872.91,0,1,High-Yield Seeker Novice,ผู้แสวงหาผลตอบแทนสูง (เสี่ยง Ponzi/แชร์ลูกโซ่สูง),"มีเงินเก็บก้อนแรก 30,000–100,000 บาท มักมองหาผลตอบแทนเร็ว แต่ความเข้าใจความเสี่ยงจำกัด เสี่ยงต่อแอปหลอกลงทุน",0.12,HIGH,MAXIMUM
ACC_1199,USER_0089,36000.0,641.46,-10898.29,-0.3027,0.2874,11784.86,0,0,Paycheck-to-Paycheck Spender,มนุษย์เงินเดือนชนเดือน (สภาพคล่องจำกัดปลายเดือน),"รายได้ 18,000–35,000 บาท สภาพคล่องตึงตัวปลายเดือน ต้องการระบบออมเศษเงินอัตโนมัติแบบ Zero-Manual Effort",0.06,MODERATE,FLEXIBLE
