tree
version=v4
num_class=1
num_tree_per_iteration=1
label_index=0
max_feature_idx=23
objective=binary sigmoid:1
feature_names=amount is_first_time_transfer device_switch_last_24h session_duration_sec ratio_to_daily_avg auth_face_scan auth_none auth_pin target_emb_0 target_emb_1 target_emb_2 target_emb_3 target_emb_4 target_emb_5 target_emb_6 target_emb_7 target_emb_8 target_emb_9 target_emb_10 target_emb_11 target_emb_12 target_emb_13 target_emb_14 target_emb_15
feature_infos=[40.119999999999997:64897.790000000001] [0:1] [0:1] [2:350] [0.10000000000000001:24.989999999999998] [0:1] [0:1] [0:1] [-1.1314678192138672:5.4583916664123535] [-1.742002010345459:8.4513778686523438] [-0.49230265617370605:5.581815242767334] [-2.1622476577758789:4.5363497734069824] [0.06417374312877655:5.9963035583496094] [-1.6679350137710571:8.1388998031616211] [-1.5260360240936279:7.6835174560546875] [-2.6851975917816162:-1.0647910833358765] [-3.6653776168823242:-0.77569824457168579] [-1.8772261142730713:-0.89602291584014893] [0.10580986738204956:5.3923301696777344] [-2.3204989433288574:9.165278434753418] [-0.015692830085754395:-0.0009880653815343976] [-1.6008466482162476:-0.9545024037361145] [-1.8580470085144043:6.1999783515930176] [-1.379896879196167:7.2583441734313965]
tree_sizes=324 998 792 571 574 1011 582 692 891 684 1094 575 689 790 786 575 681 1221 901 584 691 685 476 692 786 472 1004 794 476 688 584 899 691 1123 788 575 904 1009 471 368 901 684 688 691 1235 1024 904 902 1245 1233 691 472 700 1018 1015 798 583 585 687 1452 1561 585 912 798 692 1453 1551 1562 1018 795 587 697 687 1005 583 1013 1009 918 1240 906 690 694 789 796 1560 582 694 804 693 589 799 577 690 585 797 786 1357 478 368 907 1342 803 906 1120 805 588 587 693 915 698 695 588 481 1016 1012 1023 699 590 699 811 595 371 587 1030 595 1028 923 591 813 695 928 1038 700 700 705 704 809 813 597 1026 1150 703 925 1258 698 1363 929 594 483 926

Tree=0
num_leaves=2
num_cat=0
split_feature=8
split_gain=5120
threshold=1.0000000180025095e-35
decision_type=2
left_child=-1
right_child=-2
leaf_value=-2.7613835344355433 -1.90805020110221
leaf_weight=281.25 18.75
leaf_count=4800 320
internal_value=-2.70805
internal_weight=300
internal_count=5120
is_linear=0
shrinkage=1


Tree=1
num_leaves=8
num_cat=0
split_feature=8 0 10 15 0 8 0
split_gain=2460.01 4.54747e-13 1.13687e-13 1.13687e-13 5.68434e-14 3.55271e-15 4.44089e-16
threshold=1.0000000180025095e-35 390.64000000000004 -0.23018647730350492 -1.4002657532691953 2112.2550000000006 -0.6927378475666045 2741.0250000000005
decision_type=2 2 2 2 2 2 2
left_child=4 2 3 -2 -1 -6 -7
right_child=1 -3 -4 -5 5 6 -8
leaf_value=-0.053160212743828941 0.38699673811866214 0.38699673811866214 0.38699673811866214 0.38699673811866214 -0.053160212743828941 -0.05316021274382892 -0.0531602127438289
leaf_weight=256.97623957693577 6.1879071593284598 22.163958370685577 2.3626554608345023 5.287847936153411 8.5546920485794526 1.7333036176860326 1.118260398507118
leaf_count=4596 55 197 21 47 153 31 20
internal_value=-0.00109884 0.386997 0.386997 0.386997 -0.0531602 -0.0531602 -0.0531602
internal_weight=304.385 36.0024 13.8384 11.4758 268.382 11.4063 2.85156
internal_count=5120 320 123 102 4800 204 51
is_linear=0
shrinkage=0.05


Tree=2
num_leaves=6
num_cat=0
split_feature=8 0 0 0 0
split_gain=1752.07 2.27374e-13 5.68434e-14 5.68434e-14 1.77636e-15
threshold=1.0000000180025095e-35 301.82000000000005 3135.9200000000005 1948.8350000000003 2493.6050000000005
decision_type=2 2 2 2 2
left_child=2 -2 3 -1 -5
right_child=1 -3 -4 4 -6
leaf_value=-0.052996602653631292 0.27885222017269495 0.27885222017269495 -0.052996602653631292 -0.052996602653631292 -0.052996602653631278
leaf_weight=241.97816848754883 12.361073970794676 34.728731632232666 2.3472309112548819 7.4684619903564435 4.2676925659179688
leaf_count=4536 84 236 44 140 80
internal_value=-0.0014491 0.278852 -0.0529966 -0.0529966 -0.0529966
internal_weight=303.151 47.0898 256.062 253.714 11.7362
internal_count=5120 320 4800 4756 220
is_linear=0
shrinkage=0.05


Tree=3
num_leaves=4
num_cat=0
split_feature=8 0 10
split_gain=1380.73 2.27374e-13 5.68434e-14
threshold=1.0000000180025095e-35 46495.430000000008 -0.35974845290184015
decision_type=2 2 2
left_child=-1 -2 -3
right_child=1 2 -4
leaf_value=-0.052841926375886042 0.2231614085320453 0.2231614085320453 0.2231614085320453
leaf_weight=244.26823854446411 42.420203506946564 8.8665179461240751 4.3463323265314093
leaf_count=4800 244 51 25
internal_value=-0.00164205 0.223161 0.223161
internal_weight=299.901 55.6331 13.2129
internal_count=5120 320 76
is_linear=0
shrinkage=0.05


Tree=4
num_leaves=4
num_cat=0
split_feature=8 0 8
split_gain=1144.99 1.13687e-13 5.68434e-14
threshold=1.0000000180025095e-35 251.10500000000002 -1.0618284344673155
decision_type=2 2 2
left_child=2 -2 -1
right_child=1 -3 -4
leaf_value=-0.0526956538824239 0.18852666687618058 0.18852666687618058 -0.0526956538824239
leaf_weight=1.3105339296162117 11.887421473860739 50.472822323441505 231.67327577993274
leaf_count=27 61 259 4773
internal_value=-0.00176291 0.188527 -0.0526957
internal_weight=295.344 62.3602 232.984
internal_count=5120 320 4800
is_linear=0
shrinkage=0.05


Tree=5
num_leaves=8
num_cat=0
split_feature=8 4 0 0 13 13 20
split_gain=979.344 1.13687e-13 2.84217e-14 3.55271e-15 3.55271e-15 3.55271e-15 4.44089e-16
threshold=1.0000000180025095e-35 20.530000000000005 1505.4850000000004 1531.9000000000003 -1.1856971979141233 -1.2119728922843931 -0.014157159719616173
decision_type=2 2 2 2 2 2 2
left_child=2 -2 -1 -4 5 -5 -7
right_child=1 -3 3 4 -6 6 -8
leaf_value=-0.052557281433384243 0.16472479367667034 0.16472479367667034 -0.052557281433384041 -0.052557281433384229 -0.052557281433384243 -0.052557281433384187 -0.052557281433384256
leaf_weight=197.934076577425 61.095212161540985 6.5534656643867484 0.925790816545489 19.811923474073417 1.6664234697818745 0.92579081654548645 0.92579081654548534
leaf_count=4276 289 31 20 428 36 20 20
internal_value=-0.00184336 0.164725 -0.0525573 -0.0525573 -0.0525573 -0.0525573 -0.0525573
internal_weight=289.838 67.6487 222.19 24.2557 23.3299 21.6635 1.85158
internal_count=5120 320 4800 524 504 468 40
is_linear=0
shrinkage=0.05


Tree=6
num_leaves=4
num_cat=0
split_feature=8 0 3
split_gain=855.248 2.84217e-14 3.55271e-15
threshold=1.0000000180025095e-35 1894.0800000000002 33.500000000000007
decision_type=2 2 2
left_child=1 -1 -3
right_child=-2 2 -4
leaf_value=-0.052426350270362979 0.14730120446376913 -0.052426350270362979 -0.052426350270362979
leaf_weight=199.33245426416397 71.750612258911133 2.1628189235925666 10.372703000903128
leaf_count=4516 320 49 235
internal_value=-0.00189872 -0.0524264 -0.0524264
internal_weight=283.619 211.868 12.5355
internal_count=5120 4800 284
is_linear=0
shrinkage=0.05


Tree=7
num_leaves=5
num_cat=0
split_feature=8 0 0 4
split_gain=758.052 2.84217e-14 2.84217e-14 4.44089e-16
threshold=1.0000000180025095e-35 3135.9200000000005 285.30500000000006 0.9850000000000001
decision_type=2 2 2 2
left_child=1 2 -1 -3
right_child=-2 3 -4 -5
leaf_value=-0.052302422621568381 0.13397423814652351 -0.052302422621568381 -0.052302422621568381 -0.052302422621568312
leaf_weight=64.177249372005463 74.855456352233887 0.96791917085647472 135.97160178422928 0.88375228643417358
leaf_count=1525 320 23 3231 21
internal_value=-0.00193752 -0.0523024 -0.0523024 -0.0523024
internal_weight=276.856 202.001 200.149 1.85167
internal_count=5120 4800 4756 44
is_linear=0
shrinkage=0.05


Tree=8
num_leaves=7
num_cat=0
split_feature=8 0 0 0 3 8
split_gain=679.4 5.68434e-14 5.68434e-14 2.84217e-14 8.88178e-16 8.88178e-16
threshold=1.0000000180025095e-35 51234.365000000013 200.98500000000004 2269.8150000000005 57.500000000000007 -0.67668351531028736
decision_type=2 2 2 2 2 2
left_child=3 2 -2 -1 5 -5
right_child=1 -3 -4 4 -6 -7
leaf_value=-0.052185092576187919 0.12344493779207021 0.12344493779207021 0.12344493779207021 -0.052185092576187919 -0.052185092576187878 -0.052185092576187891
leaf_weight=185.99047404527664 8.434383422136305 13.735995858907698 54.943983435630798 4.4130612909793845 1.0029684752225874 1.1634434312582014
leaf_count=4636 35 57 228 110 25 29
internal_value=-0.0019649 0.123445 0.123445 -0.0521851 -0.0521851 -0.0521851
internal_weight=269.684 77.1144 63.3784 192.57 6.57947 5.5765
internal_count=5120 320 263 4800 164 139
is_linear=0
shrinkage=0.05


Tree=9
num_leaves=5
num_cat=0
split_feature=8 0 0 13
split_gain=614.151 5.68434e-14 2.84217e-14 8.88178e-16
threshold=1.0000000180025095e-35 332.84000000000009 2741.0250000000005 -1.2920246720314024
decision_type=2 2 2 2
left_child=2 -2 -1 -4
right_child=1 -3 3 -5
leaf_value=-0.052073987187215433 0.11491579376792221 0.11491579376792221 -0.052073987187215398 -0.052073987187215433
leaf_weight=180.34687024354935 25.316178634762764 53.336026832461357 2.1032819896936421 1.1090032309293736
leaf_count=4716 103 217 55 29
internal_value=-0.00198419 0.114916 -0.052074 -0.052074
internal_weight=262.211 78.6522 183.559 3.21229
internal_count=5120 320 4800 84
is_linear=0
shrinkage=0.05


Tree=10
num_leaves=9
num_cat=0
split_feature=8 0 0 0 0 17 0 3
split_gain=558.953 5.68434e-14 2.84217e-14 2.84217e-14 2.84217e-14 1.42109e-14 4.44089e-16 4.44089e-16
threshold=1.0000000180025095e-35 378.185 2741.0250000000005 1078.2250000000001 285.30500000000006 -1.473312199115753 2908.4000000000005 50.500000000000007
decision_type=2 2 2 2 2 2 2 2
left_child=2 4 3 -1 5 -2 -4 -8
right_child=1 -3 6 -5 -6 -7 7 -9
leaf_value=-0.051968750402442844 0.10786861555487187 0.10786861555487191 -0.051968750402442809 -0.051968750402442844 0.10786861555487191 0.10786861555487184 -0.051968750402442802 -0.051968750402442788
leaf_weight=139.81542113423347 12.682155400514604 49.982612460851669 0.72896465659141485 32.074444890022278 10.941467404365538 5.9680731296539333 1.5672740116715433 0.76541288942098606
leaf_count=3836 51 201 20 880 44 24 43 21
internal_value=-0.0019976 0.107869 -0.0519688 -0.0519688 0.107869 0.107869 -0.0519688 -0.0519688
internal_weight=254.526 79.5743 174.952 171.89 29.5917 18.6502 3.06165 2.33269
internal_count=5120 320 4800 4716 119 75 84 64
is_linear=0
shrinkage=0.05


Tree=11
num_leaves=4
num_cat=0
split_feature=8 4 0
split_gain=511.52 5.68434e-14 2.84217e-14
threshold=1.0000000180025095e-35 20.925000000000004 2269.8150000000005
decision_type=2 2 2
left_child=2 -2 -1
right_child=1 -3 -4
leaf_value=-0.051869053686167621 0.1019512887370931 0.1019512887370931 -0.051869053686167621
leaf_weight=161.03419625759125 72.973257899284363 6.9974356889724723 5.6966367959976187
leaf_count=4636 292 28 164
internal_value=-0.0020067 0.101951 -0.0518691
internal_weight=246.702 79.9707 166.731
internal_count=5120 320 4800
is_linear=0
shrinkage=0.05


Tree=12
num_leaves=5
num_cat=0
split_feature=8 0 0 10
split_gain=470.234 5.68434e-14 2.84217e-14 2.84217e-14
threshold=1.0000000180025095e-35 54970.885000000009 2112.2550000000006 5.2248229980468759
decision_type=2 2 2 2
left_child=2 -2 3 -1
right_child=1 -3 -4 -5
leaf_value=-0.051774573280717544 0.096915835144466445 0.096915835144466445 -0.051774573280717544 -0.051774573280717544
leaf_weight=130.67993845045567 70.428605854511261 9.4903795123100263 6.7524588257074347 21.448986858129501
leaf_count=3948 282 38 204 648
internal_value=-0.00201256 0.0969158 -0.0517746 -0.0517746
internal_weight=238.8 79.919 158.881 152.129
internal_count=5120 320 4800 4596
is_linear=0
shrinkage=0.05


Tree=13
num_leaves=6
num_cat=0
split_feature=8 0 0 0 8
split_gain=433.915 5.68434e-14 2.84217e-14 8.88178e-16 1.77636e-15
threshold=1.0000000180025095e-35 54970.885000000009 2112.2550000000006 2269.8150000000005 -0.67987346649169911
decision_type=2 2 2 2 2
left_child=2 -2 -1 -4 -5
right_child=1 -3 3 4 -6
leaf_value=-0.05168503121167492 0.092582335904093219 0.092582335904093219 -0.05168503121167492 -0.05168503121167492 -0.05168503121167483
leaf_weight=144.9538801163435 70.047447681427002 9.4390177726745588 1.2615655362606037 4.0685488544404498 1.1038698442280299
leaf_count=4596 282 38 40 129 35
internal_value=-0.00201601 0.0925823 -0.051685 -0.051685 -0.051685
internal_weight=230.874 79.4865 151.388 6.43398 5.17242
internal_count=5120 320 4800 204 164
is_linear=0
shrinkage=0.05


Tree=14
num_leaves=6
num_cat=0
split_feature=8 0 0 3 0
split_gain=401.681 2.84217e-14 2.84217e-14 2.84217e-14 7.10543e-15
threshold=1.0000000180025095e-35 46495.430000000008 289.34500000000008 24.500000000000004 231.14500000000001
decision_type=2 2 2 2 2
left_child=3 2 4 -1 -2
right_child=1 -3 -4 -5 -6
leaf_value=-0.051600158339090874 0.08881695470890244 0.088816954708902482 0.088816954708902482 -0.051600158339090874 0.088816954708902482
leaf_weight=6.5807440392673007 12.055792868137361 18.69878077507019 40.596037209033966 137.65474175289273 7.3810976743698111
leaf_count=219 49 76 165 4581 30
internal_value=-0.00201762 0.088817 0.088817 -0.0516002 0.088817
internal_weight=222.967 78.7317 60.0329 144.235 19.4369
internal_count=5120 320 244 4800 79
is_linear=0
shrinkage=0.05


Tree=15
num_leaves=4
num_cat=0
split_feature=8 0 0
split_gain=372.855 2.84217e-14 7.10543e-15
threshold=1.0000000180025095e-35 304.79000000000008 256.34000000000009
decision_type=2 2 2
left_child=-1 2 -2
right_child=1 -3 -4
leaf_value=-0.051519684930243864 0.085518021257617149 0.085518021257617163 0.085518021257617163
leaf_weight=137.40993440151215 15.541160583496096 56.579537749290466 5.5851045846939078
leaf_count=4800 64 233 23
internal_value=-0.00201784 0.085518 0.085518
internal_weight=215.116 77.7058 21.1263
internal_count=5120 320 87
is_linear=0
shrinkage=0.05


Tree=16
num_leaves=5
num_cat=0
split_feature=8 0 0 4
split_gain=346.91 2.84217e-14 2.84217e-14 7.10543e-15
threshold=1.0000000180025095e-35 51234.365000000013 188.22500000000002 14.655000000000003
decision_type=2 2 2 2
left_child=-1 2 -2 -3
right_child=1 3 -4 -5
leaf_value=-0.051443374370066089 0.082606841103803341 0.082606841103803341 0.082606841103803341 0.082606841103803327
leaf_weight=130.89736998081207 7.1675044298171988 7.6453380584716779 55.667617738246918 5.9729203581809998
leaf_count=4800 30 32 233 25
internal_value=-0.00201702 0.0826068 0.0826068 0.0826068
internal_weight=207.351 76.4534 62.8351 13.6183
internal_count=5120 320 263 57
is_linear=0
shrinkage=0.05


Tree=17
num_leaves=10
num_cat=0
split_feature=8 0 0 0 0 3 3 3 3
split_gain=323.429 2.84217e-14 2.84217e-14 3.55271e-15 3.55271e-15 1.77636e-15 1.77636e-15 8.88178e-16 4.44089e-16
threshold=1.0000000180025095e-35 1054.4650000000001 188.22500000000002 2269.8150000000005 1558.2550000000003 66.500000000000014 53.500000000000007 50.500000000000007 33.500000000000007
decision_type=2 2 2 2 2 2 2 2 2
left_child=1 -1 -2 4 5 6 -3 8 -5
right_child=2 3 -4 7 -6 -7 -8 -9 -10
leaf_value=-0.051370997991713158 0.080021550445950329 -0.051370997991713144 0.080021550445950329 -0.051370997991713123 -0.051370997991713158 -0.051370997991713019 -0.051370997991713123 -0.051370997991713123 -0.05137099799171313
leaf_weight=98.604600377380848 7.0325110852718344 10.05268186144531 67.980940490961075 0.72732581943273489 8.3122950792312604 0.67537397518754083 2.7794236671179542 1.4806275609880684 2.0520978476852179
leaf_count=3796 30 387 290 28 320 26 107 57 79
internal_value=-0.0020154 -0.051371 0.0800216 -0.051371 -0.051371 -0.051371 -0.051371 -0.051371 -0.051371
internal_weight=199.698 124.684 75.0135 26.0798 21.8198 13.5075 12.8321 4.26005 2.77942
internal_count=5120 4800 320 1004 840 520 494 164 107
is_linear=0
shrinkage=0.05


Tree=18
num_leaves=7
num_cat=0
split_feature=8 0 0 0 4 4
split_gain=302.076 2.84217e-14 1.42109e-14 7.10543e-15 3.55271e-15 1.77636e-15
threshold=1.0000000180025095e-35 304.79000000000008 1412.5500000000004 259.82000000000005 1.4350000000000003 1.2850000000000004
decision_type=2 2 2 2 2 2
left_child=2 3 -1 -2 5 -4
right_child=1 -3 4 -5 -6 -7
leaf_value=-0.051302345575658298 0.077712782335678035 0.077712782335678049 -0.051302345575658305 0.077712782335678049 -0.051302345575658152 -0.051302345575658242
leaf_weight=103.81446123123169 15.142903536558153 53.459038242697716 12.519093751907343 4.8181965798139563 0.64327359199524003 1.7813730239868171
leaf_count=4196 66 233 506 21 26 72
internal_value=-0.00201319 0.0777128 -0.0513023 0.0777128 -0.0513023 -0.0513023
internal_weight=192.178 73.4201 118.758 19.9611 14.9437 14.3005
internal_count=5120 320 4800 87 604 578
is_linear=0
shrinkage=0.05


Tree=19
num_leaves=4
num_cat=0
split_feature=8 0 3
split_gain=282.575 1.42109e-14 8.88178e-16
threshold=1.0000000180025095e-35 2112.2550000000006 57.500000000000007
decision_type=2 2 2
left_child=1 -1 -3
right_child=-2 2 -4
leaf_value=-0.051237217923214187 0.075640701829987653 -0.051237217923214187 -0.051237217923214132
leaf_weight=108.29925222694874 71.703243255615234 4.0294108204543582 0.77760559692978848
leaf_count=4596 320 171 33
internal_value=-0.00201054 -0.0512372 -0.0512372
internal_weight=184.81 113.106 4.80702
internal_count=5120 4800 204
is_linear=0
shrinkage=0.05


Tree=20
num_leaves=5
num_cat=0
split_feature=8 8 12 15
split_gain=264.7 1.42109e-14 4.44089e-16 4.44089e-16
threshold=1.0000000180025095e-35 -1.0140135884284971 4.6583931446075448 -2.0420771837234493
decision_type=2 2 2 2
left_child=1 2 -1 -4
right_child=-2 -3 3 -5
leaf_value=-0.051175424470133901 0.073772757531841496 -0.051175424470133936 -0.05117542447013386 -0.051175424470133915
leaf_weight=0.69567001052200739 69.888787269592285 104.01388705708086 1.0098435636609797 1.997246159240603
leaf_count=31 320 4635 45 89
internal_value=-0.00200758 -0.0511754 -0.0511754 -0.0511754
internal_weight=177.605 107.717 3.70276 3.00709
internal_count=5120 4800 165 134
is_linear=0
shrinkage=0.05


Tree=21
num_leaves=5
num_cat=0
split_feature=8 0 0 0
split_gain=248.263 2.84217e-14 1.42109e-14 7.10543e-15
threshold=1.0000000180025095e-35 327.81500000000005 1065.8900000000001 281.46000000000009
decision_type=2 2 2 2
left_child=2 3 -1 -2
right_child=1 -3 -4 -5
leaf_value=-0.051116782814810427 0.072082108915788631 0.072082108915788631 -0.051116782814810427 0.072082108915788631
leaf_weight=81.549367234110832 15.724876940250399 47.17463082075119 21.028453186154366 5.0999600887298575
leaf_count=3816 74 222 984 24
internal_value=-0.00200439 0.0720821 -0.0511168 0.0720821
internal_weight=170.577 67.9995 102.578 20.8248
internal_count=5120 320 4800 98
is_linear=0
shrinkage=0.05


Tree=22
num_leaves=3
num_cat=0
split_feature=8 8
split_gain=233.103 2.84217e-14
threshold=1.0000000180025095e-35 -1.0236850976943968
decision_type=2 2
left_child=1 -1
right_child=-2 -3
leaf_value=-0.051061131452503565 0.070546388420028791 -0.051061131452503565
leaf_weight=2.380918387323617 66.05504035949707 95.297784682363272
leaf_count=117 320 4683
internal_value=-0.00200106 -0.0510611
internal_weight=163.734 97.6787
internal_count=5120 4800
is_linear=0
shrinkage=0.05


Tree=23
num_leaves=5
num_cat=0
split_feature=8 0 0 8
split_gain=219.087 1.42109e-14 1.42109e-14 8.88178e-16
threshold=1.0000000180025095e-35 2193.5550000000003 51234.365000000013 -0.93810537457466114
decision_type=2 2 2 2
left_child=1 -1 -2 -3
right_child=2 3 -4 -5
leaf_value=-0.051008311095017217 0.069146866623879366 -0.051008311095017127 0.069146866623879366 -0.051008311095017217
leaf_weight=89.443314924836159 52.659706830978394 0.71694164909422431 11.412940263748167 2.8483897950500241
leaf_count=4616 263 37 57 147
internal_value=-0.00199764 -0.0510083 0.0691469 -0.0510083
internal_weight=157.081 93.0086 64.0726 3.56533
internal_count=5120 4800 320 184
is_linear=0
shrinkage=0.05


Tree=24
num_leaves=6
num_cat=0
split_feature=8 0 0 0 12
split_gain=206.097 1.42109e-14 1.42109e-14 1.77636e-15 1.77636e-15
threshold=1.0000000180025095e-35 1182.845 51234.365000000013 1369.0300000000002 5.5407292842864999
decision_type=2 2 2 2 2
left_child=1 -1 -2 -3 -5
right_child=2 3 -4 4 -6
leaf_value=-0.05095816952684408 0.067867656769403775 -0.05095816952684408 0.067867656769403775 -0.05095816952684408 -0.050958169526843948
leaf_weight=73.355064690113068 51.011447623372078 3.3209033310413352 11.055712983012198 11.198824010789391 0.68263012915849763
leaf_count=3976 263 180 57 607 37
internal_value=-0.00199417 -0.0509582 0.0678677 -0.0509582 -0.0509582
internal_weight=150.625 88.5574 62.0672 15.2024 11.8815
internal_count=5120 4800 320 824 644
is_linear=0
shrinkage=0.05


Tree=25
num_leaves=3
num_cat=0
split_feature=8 0
split_gain=194.035 1.42109e-14
threshold=1.0000000180025095e-35 46495.430000000008
decision_type=2 2
left_child=-1 -2
right_child=1 -3
leaf_value=-0.050910567164229752 0.066695255053085309 0.066695255053085309
leaf_weight=84.315204620361328 45.789194822311401 14.262208223342894
leaf_count=4800 244 76
internal_value=-0.0019907 0.0666953
internal_weight=144.367 60.0514
internal_count=5120 320
is_linear=0
shrinkage=0.05


Tree=26
num_leaves=8
num_cat=0
split_feature=8 0 0 0 0 4 9
split_gain=182.812 1.42109e-14 1.42109e-14 1.42109e-14 3.55271e-15 3.55271e-15 3.55271e-15
threshold=1.0000000180025095e-35 1065.8900000000001 51234.365000000013 327.81500000000005 3135.9200000000005 13.135000000000003 7.3856706619262704
decision_type=2 2 2 2 2 2 2
left_child=1 -1 3 -2 6 -4 -3
right_child=2 4 5 -5 -6 -7 -8
leaf_value=-0.050865366462712752 0.065618079159360784 -0.050865366462712752 0.065618079159360784 0.065618079159360784 -0.050865366462712613 0.06561807915936077 -0.050865366462712724
leaf_weight=63.816693350672722 17.773653000593185 8.7798123713582736 4.5340951532125455 29.925028011202812 0.73583189398050386 5.8036417961120605 6.9402326364070186
leaf_count=3816 98 525 25 165 44 32 415
internal_value=-0.00198726 -0.0508654 0.0656181 0.0656181 -0.0508654 0.0656181 -0.0508654
internal_weight=138.309 80.2726 58.0364 47.6987 16.4559 10.3377 15.72
internal_count=5120 4800 320 263 984 57 940
is_linear=0
shrinkage=0.05


Tree=27
num_leaves=6
num_cat=0
split_feature=8 0 0 4 8
split_gain=172.354 1.42109e-14 1.42109e-14 1.42109e-14 2.22045e-16
threshold=1.0000000180025095e-35 2613.0950000000007 51234.365000000013 5.7800000000000011 -0.68927565217018116
decision_type=2 2 2 2 2
left_child=1 -1 3 -2 -3
right_child=2 4 -4 -5 -6
leaf_value=-0.050822446410272407 0.064626153868411126 -0.050822446410272365 0.064626153868411126 0.064626153868411126 -0.050822446410272407
leaf_weight=74.764711692929268 23.463256061077118 1.3055166862905023 9.98063877224922 22.587761431932449 0.35026057437062164
leaf_count=4696 134 82 57 129 22
internal_value=-0.00198385 -0.0508224 0.0646262 0.0646262 -0.0508224
internal_weight=132.452 76.4205 56.0317 46.051 1.65578
internal_count=5120 4800 320 263 104
is_linear=0
shrinkage=0.05


Tree=28
num_leaves=3
num_cat=0
split_feature=8 0
split_gain=162.593 1.42109e-14
threshold=1.0000000180025095e-35 1488.8650000000002
decision_type=2 2
left_child=1 -1
right_child=-2 -3
leaf_value=-0.050781696505024621 0.063710816787754129 -0.050781696505024621
leaf_weight=64.505251616239548 54.04517650604248 8.2450321614742261
leaf_count=4256 320 544
internal_value=-0.00198052 -0.0507817
internal_weight=126.795 72.7503
internal_count=5120 4800
is_linear=0
shrinkage=0.05


Tree=29
num_leaves=5
num_cat=0
split_feature=8 0 11 3
split_gain=153.47 1.42109e-14 1.42109e-14 4.44089e-16
threshold=1.0000000180025095e-35 2051.3850000000007 4.0722460746765146 47.500000000000007
decision_type=2 2 2 2
left_child=1 -1 -2 -3
right_child=2 3 -4 -5
leaf_value=-0.050742993930588488 0.062864532274065438 -0.050742993930588481 0.062864532274065438 -0.050742993930588454
leaf_weight=66.021824657917023 40.853228628635406 1.7457694020122283 11.230568826198576 1.4860681686550377
leaf_count=4576 251 121 69 103
internal_value=-0.00197725 -0.050743 0.0628645 -0.050743
internal_weight=121.337 69.2537 52.0838 3.23184
internal_count=5120 4800 320 224
is_linear=0
shrinkage=0.05


Tree=30
num_leaves=4
num_cat=0
split_feature=8 0 4
split_gain=144.934 1.42109e-14 1.42109e-14
threshold=1.0000000180025095e-35 482.69000000000005 10.820000000000002
decision_type=2 2 2
left_child=1 -1 -2
right_child=2 -3 -4
leaf_value=-0.050706231441127694 0.062080708719623325 -0.050706231441127694 0.062080708719623325
leaf_weight=32.865200777538121 27.270824879407883 33.057475249283016 22.882416278123856
leaf_count=2393 174 2407 146
internal_value=-0.00197407 -0.0507062 0.0620807
internal_weight=116.076 65.9227 50.1532
internal_count=5120 4800 320
is_linear=0
shrinkage=0.05


Tree=31
num_leaves=7
num_cat=0
split_feature=8 0 0 3 3 9
split_gain=136.936 1.42109e-14 7.10543e-15 1.77636e-15 1.77636e-15 1.77636e-15
threshold=1.0000000180025095e-35 3135.9200000000005 1107.575 65.500000000000014 63.500000000000007 7.8579359054565439
decision_type=2 2 2 2 2 2
left_child=1 2 -1 4 5 -4
right_child=-2 -3 3 -5 -6 -7
leaf_value=-0.050671314045514275 0.061353535573111795 -0.050671314045514275 -0.050671314045514296 -0.050671314045514088 -0.050671314045513942 -0.050671314045514108
leaf_weight=50.931849710643291 48.258280754089355 0.57520569488406081 9.9222982367500592 0.49676855467259962 0.27452999074012119 0.5490599814802416
leaf_count=3896 320 44 759 38 21 42
internal_value=-0.00197098 -0.0506713 -0.0506713 -0.0506713 -0.0506713 -0.0506713
internal_weight=111.008 62.7497 62.1745 11.2427 10.7459 10.4714
internal_count=5120 4800 4756 860 822 801
is_linear=0
shrinkage=0.05


Tree=32
num_leaves=5
num_cat=0
split_feature=8 0 8 15
split_gain=129.436 1.42109e-14 7.10543e-15 1.77636e-15
threshold=1.0000000180025095e-35 54970.885000000009 -0.6552712321281432 -2.3821418285369869
decision_type=2 2 2 2
left_child=2 -2 -1 -4
right_child=1 -3 3 -5
leaf_value=-0.050638142352425891 0.060677894604876187 0.060677894604876187 -0.050638142352425891 -0.050638142352425891
leaf_weight=50.668815582990646 40.892499089241028 5.5103367567062369 8.523609694093464 0.53505871072411437
leaf_count=4072 282 38 685 43
internal_value=-0.00196798 0.0606779 -0.0506381 -0.0506381
internal_weight=106.13 46.4028 59.7275 9.05867
internal_count=5120 320 4800 728
is_linear=0
shrinkage=0.05


Tree=33
num_leaves=9
num_cat=0
split_feature=8 0 0 8 8 0 8 8
split_gain=122.395 1.42109e-14 7.10543e-15 7.10543e-15 4.44089e-16 2.22045e-16 2.22045e-16 1.11022e-16
threshold=1.0000000180025095e-35 25250.305000000004 2379.4000000000001 -1.0140135884284971 -0.66161885857582081 2613.0950000000007 -1.0294719338417051 -1.019392132759094
decision_type=2 2 2 2 2 2 2 2
left_child=2 -2 3 6 5 -4 -1 -8
right_child=1 -3 4 -5 -6 -7 7 -9
leaf_value=-0.05060663316744133 0.060049245986004612 0.060049245986004612 -0.050606633167441253 -0.050606633167441378 -0.050606633167441378 -0.05060663316744133 -0.050606633167441288 -0.050606633167441378
leaf_weight=1.0659191664308307 22.852419555187225 21.737667381763458 0.39083702769130457 53.236740590073168 0.24871447216719289 1.0659191664308307 0.60402086097747087 0.23687092587351699
leaf_count=90 164 156 33 4495 21 90 51 20
internal_value=-0.00196509 0.0600492 -0.0506066 -0.0506066 -0.0506066 -0.0506066 -0.0506066 -0.0506066
internal_weight=101.439 44.5901 56.849 55.1436 1.70547 1.45676 1.90681 0.840892
internal_count=5120 320 4800 4656 144 123 161 71
is_linear=0
shrinkage=0.05


Tree=34
num_leaves=6
num_cat=0
split_feature=8 0 0 0 4
split_gain=115.78 1.42109e-14 7.10543e-15 7.10543e-15 3.55271e-15
threshold=1.0000000180025095e-35 1696.9200000000003 54970.885000000009 37751.035000000011 11.385000000000003
decision_type=2 2 2 2 2
left_child=1 -1 3 -2 -5
right_child=2 -3 -4 4 -6
leaf_value=-0.050576700687452139 0.059463561270974657 -0.050576700687452139 0.059463561270974657 0.059463561270974678 0.059463561270974657
leaf_weight=49.77904862165451 27.299379765987396 4.3286129236221305 5.0851785838603965 3.6131532043218595 6.8248449414968491
leaf_count=4416 204 384 38 27 51
internal_value=-0.00196229 -0.0505767 0.0594636 0.0594636 0.0594636
internal_weight=96.9302 54.1077 42.8226 37.7374 10.438
internal_count=5120 4800 320 282 78
is_linear=0
shrinkage=0.05


Tree=35
num_leaves=4
num_cat=0
split_feature=8 0 3
split_gain=109.561 7.10543e-15 7.10543e-15
threshold=1.0000000180025095e-35 370.25000000000006 41.500000000000007
decision_type=2 2 2
left_child=-1 -2 -3
right_child=1 2 -4
leaf_value=-0.050548256893348964 0.05891722353657998 0.05891722353657998 0.058917223536579959
leaf_weight=51.49703174829483 14.771104678511618 16.954659283161163 9.3764403611421603
leaf_count=4800 115 132 73
internal_value=-0.0019596 0.0589172 0.0589172
internal_weight=92.5992 41.1022 26.3311
internal_count=5120 320 205
is_linear=0
shrinkage=0.05


Tree=36
num_leaves=7
num_cat=0
split_feature=8 0 0 0 4 0
split_gain=103.708 7.10543e-15 7.10543e-15 2.22045e-16 2.22045e-16 1.11022e-16
threshold=1.0000000180025095e-35 2193.5550000000003 46495.430000000008 2613.0950000000007 0.81500000000000006 2379.4000000000001
decision_type=2 2 2 2 2 2
left_child=1 -1 -2 5 -5 -3
right_child=2 3 -4 4 -6 -7
leaf_value=-0.050521230148939444 0.058407024210345618 -0.050521230148939444 0.058407024210345618 -0.050521230148939382 -0.050521230148939361 -0.050521230148939326
leaf_weight=47.13227891176939 30.065742820501328 0.40842529386281867 9.3647395670413953 0.52074224967509486 0.54116351436823606 0.40842529386281967
leaf_count=4616 244 40 76 51 53 40
internal_value=-0.00195701 -0.0505212 0.058407 -0.0505212 -0.0505212 -0.0505212
internal_weight=88.4415 49.011 39.4305 1.87876 1.06191 0.816851
internal_count=5120 4800 320 184 104 80
is_linear=0
shrinkage=0.05


Tree=37
num_leaves=8
num_cat=0
split_feature=8 0 0 17 3 3 4
split_gain=98.1964 7.10543e-15 7.10543e-15 7.10543e-15 1.77636e-15 2.22045e-16 5.55112e-17
threshold=1.0000000180025095e-35 2613.0950000000007 51234.365000000013 -1.3327724933624265 14.500000000000002 45.500000000000007 0.69500000000000006
decision_type=2 2 2 2 2 2 2
left_child=1 -1 3 -2 -4 6 -3
right_child=2 5 4 -5 -6 -7 -8
leaf_value=-0.050495555322131805 0.057930061537402135 -0.05049555532213184 0.057930061537402135 0.057930061537402079 0.057930061537402128 -0.050495555322131715 -0.050495555322131618
leaf_weight=45.633230537176132 27.529251083731651 0.19434936344623455 3.4263874739408484 3.5445387661457088 3.3082361817359924 0.55389568582177162 0.26237164065241814
leaf_count=4696 233 20 29 30 28 57 27
internal_value=-0.00195452 -0.0504956 0.0579301 0.0579301 0.0579301 -0.0504956 -0.0504956
internal_weight=84.4523 46.6438 37.8084 31.0738 6.73462 1.01062 0.456721
internal_count=5120 4800 320 263 57 104 47
is_linear=0
shrinkage=0.05


Tree=38
num_leaves=3
num_cat=0
split_feature=8 0
split_gain=93.0033 7.10543e-15
threshold=1.0000000180025095e-35 320.13000000000005
decision_type=2 2
left_child=-1 -2
right_child=1 -3
leaf_value=-0.050471149880839151 0.05748372168549673 0.05748372168549673
leaf_weight=44.389910995960236 10.531273216009138 25.705365806818008
leaf_count=4800 93 227
internal_value=-0.00195212 0.0574837
internal_weight=80.6266 36.2366
internal_count=5120 320
is_linear=0
shrinkage=0.05


Tree=39
num_leaves=2
num_cat=0
split_feature=8
split_gain=88.1075
threshold=1.0000000180025095e-35
decision_type=2
left_child=-1
right_child=-2
leaf_value=-0.050447961719413625 0.057065660736971495
leaf_weight=42.243911325931549 34.715476036071777
leaf_count=4800 320
internal_value=-0.00194983
internal_weight=76.9594
internal_count=5120
is_linear=0
shrinkage=0.05


Tree=40
num_leaves=7
num_cat=0
split_feature=8 0 0 3 18 3
split_gain=83.4891 7.10543e-15 7.10543e-15 1.77636e-15 1.77636e-15 8.88178e-16
threshold=1.0000000180025095e-35 185.63500000000002 51234.365000000013 69.500000000000014 5.1643476486206064 16.500000000000004
decision_type=2 2 2 2 2 2
left_child=1 3 -2 4 -1 -4
right_child=2 -3 5 -5 -6 -7
leaf_value=-0.050425920407083061 0.056673743095927522 -0.05042592040708304 0.056673743095927522 -0.050425920407082547 -0.050425920407082547 0.056673743095927501
leaf_weight=8.0904049426317162 27.32319587469101 31.741857901215553 3.4283857941627494 0.18425352871418077 0.18425352871418077 2.4933714866638184
leaf_count=966 263 3790 33 22 22 24
internal_value=-0.00194763 -0.0504259 0.0566737 -0.0504259 -0.0504259 0.0566737
internal_weight=73.4457 40.2008 33.245 8.45891 8.27466 5.92176
internal_count=5120 4800 320 1010 988 57
is_linear=0
shrinkage=0.05


Tree=41
num_leaves=5
num_cat=0
split_feature=8 10 0 4
split_gain=79.1304 1.42109e-14 7.10543e-15 1.77636e-15
threshold=1.0000000180025095e-35 4.8604674339294442 37751.035000000011 11.385000000000003
decision_type=2 2 2 2
left_child=1 -1 -2 -4
right_child=2 -3 3 -5
leaf_value=-0.050404977164857194 0.056306039848927729 -0.050404977164857194 0.05630603984892775 0.056306039848927736
leaf_weight=4.1124818734824649 20.288348615169529 34.143163461238146 3.8786548823118192 7.6578570753335953
leaf_count=516 204 4284 39 77
internal_value=-0.00194552 -0.050405 0.056306 0.056306
internal_weight=70.0805 38.2556 31.8249 11.5365
internal_count=5120 4800 320 116
is_linear=0
shrinkage=0.05


Tree=42
num_leaves=5
num_cat=0
split_feature=8 0 0 4
split_gain=75.0148 7.10543e-15 7.10543e-15 5.55112e-17
threshold=1.0000000180025095e-35 3135.9200000000005 54970.885000000009 0.9850000000000001
decision_type=2 2 2 2
left_child=1 -1 -2 -3
right_child=2 3 -4 -5
leaf_value=-0.050385071793884052 0.055960780862997619 -0.050385071793884052 0.055960780862997633 -0.05038507179388374
leaf_weight=36.070206085219979 26.838277906179432 0.17443539528176089 3.6165055334568015 0.15926710003986955
leaf_count=4756 282 23 38 21
internal_value=-0.0019435 -0.0503851 0.0559608 -0.0503851
internal_weight=66.8587 36.4039 30.4548 0.333702
internal_count=5120 4800 320 44
is_linear=0
shrinkage=0.05


Tree=43
num_leaves=5
num_cat=0
split_feature=8 0 3 3
split_gain=71.127 7.10543e-15 7.10543e-15 5.55112e-17
threshold=1.0000000180025095e-35 3135.9200000000005 15.500000000000002 42.500000000000007
decision_type=2 2 2 2
left_child=1 2 -1 -3
right_child=-2 3 -4 -5
leaf_value=-0.050366149255642013 0.05563636879939652 -0.050366149255642013 -0.050366149255642013 -0.050366149255641715
leaf_weight=0.25259171612560649 29.134125709533691 0.1515550296753635 34.071014052256942 0.16598884202539921
leaf_count=35 320 21 4721 23
internal_value=-0.00194157 -0.0503661 -0.0503661 -0.0503661
internal_weight=63.7753 34.6411 34.3236 0.317544
internal_count=5120 4800 4756 44
is_linear=0
shrinkage=0.05


Tree=44
num_leaves=10
num_cat=0
split_feature=8 0 0 8 10 10 11 11 11
split_gain=67.4529 7.10543e-15 7.10543e-15 3.55271e-15 3.55271e-15 1.77636e-15 4.44089e-16 2.22045e-16 2.22045e-16
threshold=1.0000000180025095e-35 1433.7000000000003 395.36000000000007 -0.62248766422271717 -0.23018647730350492 -0.3343082964420318 -1.731773793697357 -1.5889959335327146 -1.6109895110130308
decision_type=2 2 2 2 2 2 2 2 2
left_child=1 3 5 -1 -4 -2 -5 8 -8
right_child=2 -3 4 6 -6 -7 7 -9 -10
leaf_value=-0.050348164898295071 0.055331351969912616 -0.050348164898295071 0.055331351969912616 -0.050348164898294939 0.055331351969912623 0.055331351969912582 -0.050348164898295036 -0.050348164898294627 -0.050348164898294745
leaf_weight=26.830634876154363 7.3138120472431183 4.010517217218875 14.801762476563455 0.50131465215235982 2.0896605849266043 3.6569060236215609 1.078169868327677 0.37083549611270661 0.17168310005217802
leaf_count=3907 84 584 170 73 24 42 157 54 25
internal_value=-0.00193973 -0.0503482 0.0553314 -0.0503482 0.0553314 0.0553314 -0.0503482 -0.0503482 -0.0503482
internal_weight=60.8253 32.9632 27.8621 28.9526 16.8914 10.9707 2.122 1.62069 1.24985
internal_count=5120 4800 320 4216 194 126 309 236 182
is_linear=0
shrinkage=0.05


Tree=45
num_leaves=8
num_cat=0
split_feature=8 0 0 0 8 0 11
split_gain=63.9795 3.55271e-15 3.55271e-15 1.77636e-15 4.44089e-16 1.11022e-16 1.11022e-16
threshold=1.0000000180025095e-35 2193.5550000000003 561.2650000000001 1800.7250000000001 -0.65454548597335804 2112.2550000000006 -1.8449842929840086
decision_type=2 2 2 2 2 2 2
left_child=1 2 -1 -4 -3 6 -5
right_child=-2 4 3 5 -6 -7 -8
leaf_value=-0.050331069172744991 0.055044369464557333 -0.05033106917274497 -0.050331069172745026 -0.050331069172744838 -0.050331069172745019 -0.050331069172744637 -0.050331069172744838
leaf_weight=17.225109063088901 26.637969017028809 1.0585992671549318 12.023596614599224 0.27445166185498238 0.14376039430498977 0.13069126754999161 0.50969594344496805
leaf_count=2636 320 162 1840 42 22 20 78
internal_value=-0.00193796 -0.0503311 -0.0503311 -0.0503311 -0.0503311 -0.0503311 -0.0503311
internal_weight=58.0039 31.3659 30.1635 12.9384 1.20236 0.914839 0.784148
internal_count=5120 4800 4616 1980 184 140 120
is_linear=0
shrinkage=0.05


Tree=46
num_leaves=7
num_cat=0
split_feature=8 8 0 14 4 14
split_gain=60.6946 7.10543e-15 3.55271e-15 3.55271e-15 1.77636e-15 8.88178e-16
threshold=1.0000000180025095e-35 -0.90914776921272267 31755.965000000004 -0.90526473522186268 10.820000000000002 -0.74350720643997181
decision_type=2 2 2 2 2 2
left_child=1 -1 3 -2 -4 -5
right_child=2 -3 4 5 -6 -7
leaf_value=-0.050314816950604649 0.054774208434451133 -0.05031481695060467 0.054774208434451133 0.054774208434451126 0.054774208434451133 0.054774208434451049
leaf_weight=7.312163561582568 8.1951416432857496 22.533401995897293 2.6256279051303855 4.2964820265769958 8.1951416432857496 2.1482410132885006
leaf_count=1176 103 3624 33 54 103 27
internal_value=-0.00193628 -0.0503148 0.0547742 0.0547742 0.0547742 0.0547742
internal_weight=55.3062 29.8456 25.4606 14.6399 10.8208 6.44472
internal_count=5120 4800 320 184 136 81
is_linear=0
shrinkage=0.05


Tree=47
num_leaves=7
num_cat=0
split_feature=8 0 0 4 4 4
split_gain=57.5869 7.10543e-15 7.10543e-15 3.55271e-15 8.88178e-16 2.22045e-16
threshold=1.0000000180025095e-35 1369.0300000000002 327.81500000000005 5.7800000000000011 0.94500000000000006 1.1250000000000002
decision_type=2 2 2 2 2 2
left_child=1 -1 -2 -4 -3 -6
right_child=2 4 3 -5 5 -7
leaf_value=-0.050299368017904383 0.054519735587481327 -0.050299368017904383 0.054519735587481279 0.054519735587481348 -0.0502993680179043 -0.050299368017904349
leaf_weight=24.588350830599669 7.4507823884487179 2.2600457211956377 2.7370221018791225 14.141280859708784 0.50288975471630681 1.0471939598210154
leaf_count=4156 98 382 36 186 85 177
internal_value=-0.00193467 -0.0502994 0.0545197 0.0545197 -0.0502994 -0.0502994
internal_weight=52.7276 28.3985 24.3291 16.8783 3.81013 1.55008
internal_count=5120 4800 320 222 644 262
is_linear=0
shrinkage=0.05


Tree=48
num_leaves=10
num_cat=0
split_feature=8 0 0 0 20 8 10 8 8
split_gain=54.6461 3.55271e-15 3.55271e-15 3.55271e-15 3.55271e-15 1.77636e-15 1.77636e-15 2.22045e-16 2.22045e-16
threshold=1.0000000180025095e-35 3562.1250000000005 349.59500000000008 301.82000000000005 -0.001896081317681819 -0.64027667045593251 5.2593064308166513 -0.57164388895034779 -0.59909158945083607
decision_type=2 2 2 2 2 2 2 2 2
left_child=1 2 5 -2 -5 6 -1 8 -7
right_child=3 -3 -4 4 -6 7 -8 -9 -10
leaf_value=-0.050284687099793196 0.054279921005169388 -0.050284687099793182 -0.050284687099793182 0.054279921005169401 0.054279921005169485 -0.050284687099793141 -0.05028468709979305 -0.050284687099790837 -0.050284687099793002
leaf_weight=8.4384828517213428 6.1010779738426235 0.13510579615831275 16.471648314967752 15.615854337811474 1.5252694934606523 0.91759353224188078 0.66427016444504339 0.15199402067810908 0.24206455145031203
leaf_count=1499 84 24 2926 215 21 163 118 27 43
internal_value=-0.00193313 -0.0502847 -0.0502847 0.0542799 0.0542799 -0.0502847 -0.0502847 -0.0502847 -0.0502847
internal_weight=50.2634 27.0212 26.8861 23.2422 17.1411 10.4144 9.10275 1.31165 1.15966
internal_count=5120 4800 4776 320 236 1850 1617 233 206
is_linear=0
shrinkage=0.05


Tree=49
num_leaves=10
num_cat=0
split_feature=8 0 0 3 0 3 3 3 8
split_gain=51.8623 3.55271e-15 3.55271e-15 3.55271e-15 1.77636e-15 1.11022e-16 1.11022e-16 1.11022e-16 5.55112e-17
threshold=1.0000000180025095e-35 803.30500000000018 37751.035000000011 25.500000000000004 54970.885000000009 23.500000000000004 22.500000000000004 19.500000000000004 -0.7609000802040099
decision_type=2 2 2 2 2 2 2 2 2
left_child=1 3 -2 5 -4 6 7 -1 -7
right_child=2 -3 4 -5 -6 8 -8 -9 -10
leaf_value=-0.050270721755151883 0.054053799773747996 -0.050270721755153305 0.054053799773748017 -0.050270721755153305 0.054053799773747982 -0.050270721755152986 -0.050270721755152847 -0.050270721755153104 -0.050270721755152931
leaf_weight=0.25174650130794063 14.151743263006212 8.0558880418539029 5.4109606593847257 16.743820491246879 2.6361090391874313 0.16068925615400076 0.11248247930780053 0.25174650130793452 0.1339077134616673
leaf_count=47 204 1504 78 3126 38 30 21 47 25
internal_value=-0.00193166 -0.0502707 0.0540538 -0.0502707 0.0540538 -0.0502707 -0.0502707 -0.0502707 -0.0502707
internal_weight=47.9091 25.7103 22.1988 17.6544 8.04707 0.910572 0.615975 0.503493 0.294597
internal_count=5120 4800 320 3296 116 170 115 94 55
is_linear=0
shrinkage=0.05


Tree=50
num_leaves=5
num_cat=0
split_feature=8 0 0 8
split_gain=49.2263 3.55271e-15 3.55271e-15 4.44089e-16
threshold=1.0000000180025095e-35 1838.9950000000001 188.22500000000002 -0.67165520787239064
decision_type=2 2 2 2
left_child=1 -1 -2 -3
right_child=2 3 -4 -5
leaf_value=-0.050257450969965124 0.053840489494782422 -0.050257450969965103 0.053840489494782512 -0.050257450969965138
leaf_weight=22.913369044661525 1.9872850924730325 1.2791938679292796 19.210422560572624 0.27010866533964772
leaf_count=4496 30 251 290 53
internal_value=-0.00193026 -0.0502575 0.0538405 -0.0502575
internal_weight=45.6604 24.4627 21.1977 1.5493
internal_count=5120 4800 320 304
is_linear=0
shrinkage=0.05


Tree=51
num_leaves=3
num_cat=0
split_feature=8 0
split_gain=46.7298 3.55271e-15
threshold=1.0000000180025095e-35 206.73500000000004
decision_type=2 2
left_child=-1 -2
right_child=1 -3
leaf_value=-0.050244833551117876 0.053639187100618504 0.053639187100618581
leaf_weight=23.275309056043625 2.4664628282189396 17.771180890500546
leaf_count=4800 39 281
internal_value=-0.00192893 0.0536392
internal_weight=43.513 20.2376
internal_count=5120 320
is_linear=0
shrinkage=0.05


Tree=52
num_leaves=5
num_cat=0
split_feature=8 0 8 15
split_gain=44.3648 3.55271e-15 1.77636e-15 1.77636e-15
threshold=1.0000000180025095e-35 601.48000000000013 -0.56861796975135792 -2.0074038505554195
decision_type=2 2 2 2
left_child=1 2 -1 -3
right_child=-2 3 -4 -5
leaf_value=-0.050232830280775069 0.053449129813916807 -0.050232830280775069 -0.050232830280774021 -0.050232830280775069
leaf_weight=12.544397951103745 19.317364692687988 8.4152195155620557 0.17070346605032938 1.0149935819208611
leaf_count=2719 320 1824 37 220
internal_value=-0.00192765 -0.0502328 -0.0502328 -0.0502328
internal_weight=41.4627 22.1453 12.7151 9.43021
internal_count=5120 4800 2756 2044
is_linear=0
shrinkage=0.05


Tree=53
num_leaves=8
num_cat=0
split_feature=8 0 0 15 12 0 15
split_gain=42.1239 3.55271e-15 3.55271e-15 3.55271e-15 8.88178e-16 4.44089e-16 1.11022e-16
threshold=1.0000000180025095e-35 1244.8450000000003 343.43500000000006 -1.9635385274887083 0.42805296182632452 2193.5550000000003 -1.9455650448799131
decision_type=2 2 2 2 2 2 2
left_child=1 3 4 -1 -2 -3 -5
right_child=2 5 -4 6 -6 -7 -8
leaf_value=-0.050221428222110544 0.053269612713430739 -0.050221428222110544 0.053269612713430829 -0.05022142822211037 0.053269612713430815 -0.050221428222110502 -0.050221428222109947
leaf_weight=17.150052179116759 2.1316166408360031 2.5459509249776597 12.271198499947785 0.27215337473899126 4.0327882394194603 0.80768098309636105 0.29410122754052537
leaf_count=3907 37 580 213 62 70 184 67
internal_value=-0.00192644 -0.0502214 0.0532696 -0.0502214 0.0532696 -0.0502214 -0.0502214
internal_weight=39.5055 21.0699 18.4356 17.7163 6.1644 3.35363 0.566255
internal_count=5120 4800 320 4036 107 764 129
is_linear=0
shrinkage=0.05


Tree=54
num_leaves=8
num_cat=0
split_feature=8 0 0 8 8 8 11
split_gain=40 3.55271e-15 3.55271e-15 3.55271e-15 3.55271e-15 2.22045e-16 2.22045e-16
threshold=1.0000000180025095e-35 3562.1250000000005 147.79500000000004 -0.62445032596588124 -0.62782612442970265 -0.55501481890678395 -1.622489809989929
decision_type=2 2 2 2 2 2 2
left_child=1 3 -2 4 -1 6 -5
right_child=2 -3 -4 5 -6 -7 -8
leaf_value=-0.050210577206327517 0.053100002073665956 -0.050210577206327538 0.053100002073666108 -0.050210577206327489 -0.050210577206327538 -0.050210577206326629 -0.050210577206327371
leaf_weight=18.271610024385161 1.2643594369292284 0.10023283213376899 16.326728381216526 1.0524447374045847 0.14617288019508023 0.19628929626196878 0.27981665637344111
leaf_count=4375 23 24 297 252 35 47 67
internal_value=-0.00192528 -0.0502106 0.0531 -0.0502106 -0.0502106 -0.0502106 -0.0502106
internal_weight=37.6377 20.0466 17.5911 19.9463 18.4178 1.52855 1.33226
internal_count=5120 4800 320 4776 4410 366 319
is_linear=0
shrinkage=0.05


Tree=55
num_leaves=6
num_cat=0
split_feature=8 0 0 8 8
split_gain=37.9867 3.55271e-15 3.55271e-15 3.55271e-15 2.22045e-16
threshold=1.0000000180025095e-35 1894.0800000000002 147.79500000000004 -0.57465291023254383 -0.63678276538848866
decision_type=2 2 2 2 2
left_child=1 3 -2 -1 -3
right_child=2 4 -4 -5 -6
leaf_value=-0.050200269964239923 0.052939685223101475 -0.050200269964239888 0.052939685223101635 -0.050200269964239423 -0.05020026996423993
leaf_weight=17.594566706568006 1.206245925277474 1.0291311601176856 15.576306078583 0.3496661856770541 0.099336984567343189
leaf_count=4428 23 259 297 88 25
internal_value=-0.00192417 -0.0502003 0.0529397 -0.0502003 -0.0502003
internal_weight=35.8553 19.0727 16.7826 17.9442 1.12847
internal_count=5120 4800 320 4516 284
is_linear=0
shrinkage=0.05


Tree=56
num_leaves=4
num_cat=0
split_feature=8 0 0
split_gain=36.0778 3.55271e-15 4.44089e-16
threshold=1.0000000180025095e-35 119.56000000000002 116.51500000000001
decision_type=2 2 2
left_child=1 2 -1
right_child=-2 -3 -4
leaf_value=-0.050190463121935903 0.05278810485047998 -0.050190463121936008 -0.050190463121935439
leaf_weight=2.1019081780687006 16.008739471435547 15.964673086302353 0.079388618236407527
leaf_count=556 320 4223 21
internal_value=-0.00192312 -0.0501905 -0.0501905
internal_weight=34.1547 18.146 2.1813
internal_count=5120 4800 577
is_linear=0
shrinkage=0.05


Tree=57
num_leaves=4
num_cat=0
split_feature=8 3 22
split_gain=34.2677 3.55271e-15 3.55271e-15
threshold=1.0000000180025095e-35 23.500000000000004 -1.1192083358764646
decision_type=2 2 2
left_child=1 -1 -2
right_child=2 -3 -4
leaf_value=-0.050181140691784726 0.052644747458359446 -0.050181140691784989 0.052644747458359446
leaf_weight=0.66538743791170674 10.258459262549875 16.598719059256837 5.009945221245288
leaf_count=185 215 4615 105
internal_value=-0.00192212 -0.0501811 0.0526447
internal_weight=32.5325 17.2641 15.2684
internal_count=5120 4800 320
is_linear=0
shrinkage=0.05


Tree=58
num_leaves=5
num_cat=0
split_feature=8 9 0 15
split_gain=32.5509 7.10543e-15 3.55271e-15 8.88178e-16
threshold=1.0000000180025095e-35 7.9292104244232187 285.30500000000006 -1.4335089921951292
decision_type=2 2 2 2
left_child=1 -1 3 -2
right_child=2 -3 -4 -5
leaf_value=-0.050172272183586053 0.052509115706097946 -0.05017227218358588 0.052509115706097981 0.052509115706097981
leaf_weight=15.986956253647808 1.9110423624515536 0.43799880146980363 11.147747114300726 1.5015332847833622
leaf_count=4672 42 128 245 33
internal_value=-0.00192116 -0.0501723 0.0525091 0.0525091
internal_weight=30.9853 16.425 14.5603 3.41258
internal_count=5120 4800 320 75
is_linear=0
shrinkage=0.05


Tree=59
num_leaves=12
num_cat=0
split_feature=8 22 0 0 8 9 19 4 4 4 8
split_gain=30.9224 3.55271e-15 1.77636e-15 1.77636e-15 1.77636e-15 1.77636e-15 1.77636e-15 1.11022e-16 5.55112e-17 5.55112e-17 5.55112e-17
threshold=1.0000000180025095e-35 -0.88168925046920765 2613.0950000000007 2112.2550000000006 -0.54366266727447499 7.6166732311248788 8.3154540061950701 1.2450000000000003 1.155 0.59500000000000008 -0.74536010622978199
decision_type=2 2 2 2 2 2 2 2 2 2 2
left_child=2 -2 3 4 5 6 -1 9 10 -5 -4
right_child=1 -3 8 7 -6 -7 -8 -9 -10 -11 -12
leaf_value=-0.05016384621177649 0.052380761637303742 0.052380761637303742 -0.050163846211776067 -0.050163846211775755 -0.050163846211775324 -0.050163846211776435 -0.050163846211776275 -0.050163846211775755 -0.050163846211775866 -0.050163846211776067 -0.050163846211775755
leaf_weight=11.400804188568138 11.670639898627995 2.2126492001116267 0.1269649809692055 0.12696498096920628 0.078132295981050315 2.9950713459402332 0.48832684988156039 0.071621271315962076 0.084643320646136999 0.1269649809692055 0.12696498096920628
leaf_count=3502 269 51 39 39 24 920 150 22 26 39 39
internal_value=-0.00192025 0.0523808 -0.0501638 -0.0501638 -0.0501638 -0.0501638 -0.0501638 -0.0501638 -0.0501638 -0.0501638 -0.0501638
internal_weight=29.5097 13.8833 15.6265 15.2879 14.9623 14.8842 11.8891 0.325551 0.338573 0.25393 0.25393
internal_count=5120 320 4800 4696 4596 4572 3652 100 104 78 78
is_linear=0
shrinkage=0.05


Tree=60
num_leaves=13
num_cat=0
split_feature=8 9 0 0 0 4 0 0 3 4 0 0
split_gain=29.3774 3.55271e-15 1.77636e-15 1.77636e-15 1.77636e-15 1.77636e-15 8.88178e-16 1.11022e-16 1.11022e-16 1.11022e-16 5.55112e-17 5.55112e-17
threshold=1.0000000180025095e-35 -0.88913524150848378 2379.4000000000001 1732.8350000000003 1388.5650000000003 20.625000000000004 357.21500000000009 2269.8150000000005 58.500000000000007 1.3350000000000002 3135.9200000000005 2908.4000000000005
decision_type=2 2 2 2 2 2 2 2 2 2 2 2
left_child=2 5 3 4 -1 -2 -3 8 -5 -6 11 -4
right_child=1 6 10 7 9 -7 -8 -9 -10 -11 -12 -13
leaf_value=-0.050155828250190618 0.052259268492448455 0.052259268492448441 -0.05015582825019025 -0.050155828250190437 -0.050155828250190486 0.05225926849244833 0.05225926849244842 -0.050155828250189799 -0.050155828250189986 -0.050155828250189965 -0.050155828250190243 -0.050155828250189799
leaf_weight=12.933997906744477 8.0657604709267581 1.3649748489260662 0.2477777376770981 0.53891657944768745 0.72784710442647416 0.90998323261737901 2.895401194691658 0.06194443441927433 0.080527764745056629 0.077430543024092913 0.13627775572240353 0.06194443441927433
leaf_count=4176 195 33 80 174 235 22 70 20 26 25 44 20
internal_value=-0.00191938 0.0522593 -0.0501558 -0.0501558 -0.0501558 0.0522593 0.0522593 -0.0501558 -0.0501558 -0.0501558 -0.0501558 -0.0501558
internal_weight=28.1028 13.2361 14.8667 14.4207 13.7393 8.97574 4.26038 0.681389 0.619444 0.805278 0.446 0.309722
internal_count=5120 320 4800 4656 4436 217 103 220 200 260 144 100
is_linear=0
shrinkage=0.05


Tree=61
num_leaves=4
num_cat=0
split_feature=8 4 8
split_gain=27.9113 3.55271e-15 3.55271e-15
threshold=1.0000000180025095e-35 21.975000000000005 -0.69199007749557484
decision_type=2 2 2
left_child=2 -2 -1
right_child=1 -3 -4
leaf_value=-0.050148203494871674 0.052144228020281062 0.052144228020280937 -0.050148203494871625
leaf_weight=10.13632111251354 11.789627887308594 0.82803406566381532 4.0073827654123333
leaf_count=3440 299 21 1360
internal_value=-0.00191855 0.0521442 -0.0501482
internal_weight=26.7614 12.6177 14.1437
internal_count=5120 320 4800
is_linear=0
shrinkage=0.05


Tree=62
num_leaves=7
num_cat=0
split_feature=8 0 9 0 14 14
split_gain=26.5201 3.55271e-15 3.55271e-15 1.77636e-15 1.77636e-15 5.55112e-17
threshold=1.0000000180025095e-35 2193.5550000000003 -0.88913524150848378 1894.0800000000002 7.3236451148986825 7.4819345474243173
decision_type=2 2 2 2 2 2
left_child=1 3 -2 4 -1 -6
right_child=2 -3 -4 -5 5 -7
leaf_value=-0.050140954575849328 0.052035287057982528 -0.050140954575849155 0.052035287057982528 -0.050140954575848995 -0.050140954575849009 -0.050140954575848808
leaf_weight=12.278420529328283 8.1556631848216039 0.51580579392612058 3.8711212351918212 0.28032923582941371 0.28313252818770784 0.098115232540294528
leaf_count=4380 217 184 103 100 101 35
internal_value=-0.00191777 -0.050141 0.0520353 -0.050141 -0.050141 -0.050141
internal_weight=25.4826 13.4558 12.0268 12.94 12.6597 0.381248
internal_count=5120 4800 320 4616 4516 136
is_linear=0
shrinkage=0.05


Tree=63
num_leaves=6
num_cat=0
split_feature=8 4 9 3 0
split_gain=25.1997 3.55271e-15 3.55271e-15 1.77636e-15 1.11022e-16
threshold=1.0000000180025095e-35 21.295000000000005 7.8527574539184579 47.500000000000007 1345.4950000000001
decision_type=2 2 2 2 2
left_child=2 3 -1 -2 -4
right_child=1 -3 4 -5 -6
leaf_value=-0.050134062207099039 0.051932087554578114 0.051932087554577989 -0.050134062207098887 0.051932087554578059 -0.050134062207098498
leaf_weight=12.153207298368216 8.3102339208126015 0.85967937111854631 0.55738870427012521 2.292478322982789 0.090675674378871918
leaf_count=4557 232 24 209 64 34
internal_value=-0.00191702 0.0519321 -0.0501341 0.0519321 -0.0501341
internal_weight=24.2637 11.4624 12.8013 10.6027 0.648064
internal_count=5120 320 4800 296 243
is_linear=0
shrinkage=0.05


Tree=64
num_leaves=5
num_cat=0
split_feature=8 4 0 9
split_gain=23.9463 3.55271e-15 1.77636e-15 2.22045e-16
threshold=1.0000000180025095e-35 21.050000000000001 1894.0800000000002 7.0794537067413339
decision_type=2 2 2 2
left_child=2 -2 -1 -4
right_child=1 -3 3 -5
leaf_value=-0.050127505979552789 0.051834311118949219 0.051834311118949108 -0.050127505979552289 -0.050127505979552706
leaf_weight=11.457937344908714 10.035884633660313 0.88752721250057298 0.17760310322046358 0.54295805841684341
leaf_count=4516 294 26 70 214
internal_value=-0.0019163 0.0518343 -0.0501275 -0.0501275
internal_weight=23.1019 10.9234 12.1785 0.720561
internal_count=5120 320 4800 284
is_linear=0
shrinkage=0.05


Tree=65
num_leaves=12
num_cat=0
split_feature=8 0 0 0 10 0 14 0 14 9 10
split_gain=22.7565 3.55271e-15 1.77636e-15 1.77636e-15 1.77636e-15 4.44089e-16 4.44089e-16 2.22045e-16 2.22045e-16 1.11022e-16 1.11022e-16
threshold=1.0000000180025095e-35 3135.9200000000005 1505.4850000000004 289.34500000000008 5.2559037208557138 145.20000000000002 -1.030288517475128 2112.2550000000006 7.400386095046998 7.7941892147064218 5.3121061325073251
decision_type=2 2 2 2 2 2 2 2 2 2 2
left_child=1 2 4 5 -1 -2 -7 9 10 -4 -6
right_child=3 -3 7 -5 8 6 -8 -9 -10 -11 -12
leaf_value=-0.050121275019333111 0.051741651131037375 -0.050121275019332272 -0.050121275019332993 0.051741651131037326 -0.050121275019332924 0.051741651131037264 0.051741651131037306 -0.05012127501933298 -0.050121275019332792 -0.050121275019332279 -0.050121275019332945
leaf_weight=9.3460000529885257 0.68307810276746606 0.10620454605668861 0.71205320651643045 7.8391344174742699 0.4996441144030549 0.78066068887710582 1.1059359759092326 0.38619834929704666 0.15930681908503175 0.060343492077663541 0.31619989848695695
leaf_count=3872 21 44 295 241 207 24 34 160 66 25 131
internal_value=-0.00191562 -0.0501213 -0.0501213 0.0517417 -0.0501213 0.0517417 0.0517417 -0.0501213 -0.0501213 -0.0501213 -0.0501213
internal_weight=21.9948 11.586 11.4797 10.4088 10.3212 2.56967 1.8866 1.1586 0.975151 0.772397 0.815844
internal_count=5120 4800 4756 320 4276 79 58 480 404 320 338
is_linear=0
shrinkage=0.05


Tree=66
num_leaves=13
num_cat=0
split_feature=8 0 0 0 9 0 9 20 0 0 20 0
split_gain=21.6269 1.77636e-15 1.77636e-15 1.77636e-15 1.77636e-15 8.88178e-16 8.88178e-16 8.88178e-16 4.44089e-16 4.44089e-16 4.44089e-16 2.22045e-16
threshold=1.0000000180025095e-35 3562.1250000000005 1003.2900000000001 343.43500000000006 8.1245584487915057 54970.885000000009 -0.80548167228698719 -0.002761548617854714 289.34500000000008 228.05000000000004 -0.0054057214874774209 174.55500000000004
decision_type=2 2 2 2 2 2 2 2 2 2 2 2
left_child=1 2 4 8 -1 6 7 10 9 11 -5 -2
right_child=3 -3 -4 5 -6 -7 -8 -9 -10 -11 -12 -13
leaf_value=-0.050115346370163509 0.051653829402120779 -0.050115346370161885 -0.05011534637016346 0.051653829402120738 -0.05011534637016201 0.051653829402120738 0.051653829402120703 0.051653829402120759 0.051653829402120724 0.051653829402120724 0.051653829402120745 0.051653829402120703
leaf_weight=8.4732916695065761 0.80580293014645465 0.05511084012687284 2.434062105603517 0.61984840780496542 0.059703410137445512 1.1777119748294351 1.3016816563904292 1.0227498728781932 0.86778777092695225 0.96076503209769715 2.4793936312198643 0.68183324858546257
leaf_count=3690 26 24 1060 20 26 38 42 33 28 31 80 22
internal_value=-0.00191497 -0.0501153 -0.0501153 0.0516538 -0.0501153 0.0516538 0.0516538 0.0516538 0.0516538 0.0516538 0.0516538 0.0516538
internal_weight=20.9397 11.0222 10.9671 9.91757 8.533 6.60139 5.42367 4.12199 3.31619 2.4484 3.09924 1.48764
internal_count=5120 4800 4776 320 3716 213 175 133 107 79 100 48
is_linear=0
shrinkage=0.05


Tree=67
num_leaves=13
num_cat=0
split_feature=8 0 0 0 9 9 9 9 3 4 0 9
split_gain=20.5543 1.77636e-15 1.77636e-15 1.77636e-15 1.77636e-15 1.77636e-15 4.44089e-16 4.44089e-16 2.22045e-16 1.11022e-16 5.55112e-17 2.77556e-17
threshold=1.0000000180025095e-35 2379.4000000000001 1345.4950000000001 51234.365000000013 7.953789710998536 -0.80548167228698719 -1.1023659110069273 -0.64523303508758534 43.500000000000007 1.2750000000000001 2908.4000000000005 8.1245584487915057
decision_type=2 2 2 2 2 2 2 2 2 2 2 2
left_child=1 2 4 5 -1 -2 -5 -7 -4 -10 -3 -6
right_child=3 10 8 6 11 7 -8 -9 9 -11 -12 -13
leaf_value=-0.050109704236610722 0.051570571951936962 -0.050109704236610202 -0.050109704236610556 0.051570571951936907 -0.050109704236610021 0.051570571951936907 0.051570571951936886 0.051570571951936962 -0.050109704236610611 -0.050109704236610146 -0.050109704236610354 -0.050109704236609903
leaf_weight=8.8451761985197628 5.8168771900236598 0.17476268112659532 0.53957977797836132 1.0039280429482458 0.12888747733086425 1.0039280429482458 0.67912779375910748 0.94487345218658347 0.50899630878120661 0.087381340563297272 0.13981014490127563 0.06116693839430809
leaf_count=4049 197 80 247 34 59 34 23 32 233 40 64 28
internal_value=-0.00191436 -0.0501097 -0.0501097 0.0515706 -0.0501097 0.0515706 0.0515706 0.0515706 -0.0501097 -0.0501097 -0.0501097 -0.0501097
internal_weight=19.9345 10.4858 10.1712 9.44873 9.03523 7.76568 1.68306 1.9488 1.13596 0.596378 0.314573 0.190054
internal_count=5120 4800 4656 320 4136 263 57 66 520 273 144 87
is_linear=0
shrinkage=0.05


Tree=68
num_leaves=8
num_cat=0
split_feature=8 3 0 9 0 9 9
split_gain=19.5357 3.55271e-15 1.77636e-15 1.77636e-15 1.11022e-16 5.55112e-17 5.55112e-17
threshold=1.0000000180025095e-35 64.500000000000014 346.19500000000011 7.8723101615905771 1065.8900000000001 8.1245584487915057 8.0627298355102557
decision_type=2 2 2 2 2 2 2
left_child=1 3 -2 -1 -3 6 -5
right_child=2 4 -4 5 -6 -7 -8
leaf_value=-0.050104343108957464 0.05149162815734043 -0.050104343108957256 0.051491628157340402 -0.050104343108957151 -0.05010434310895702 -0.050104343108956666 -0.050104343108956319
leaf_weight=9.0630707798991335 3.037954352796076 0.40940723312087435 5.9633918777108192 0.28471467480994839 0.11222330247983336 0.06234627915546298 0.043642395408824086
leaf_count=4361 108 197 212 137 54 30 21
internal_value=-0.00191377 -0.0501043 0.0514916 -0.0501043 -0.0501043 -0.0501043 -0.0501043
internal_weight=18.9768 9.9754 9.00135 9.45377 0.521631 0.390703 0.328357
internal_count=5120 4800 320 4549 251 188 158
is_linear=0
shrinkage=0.05


Tree=69
num_leaves=6
num_cat=0
split_feature=8 0 0 18 0
split_gain=18.5684 3.55271e-15 1.77636e-15 1.77636e-15 8.88178e-16
threshold=1.0000000180025095e-35 1948.8350000000003 54970.885000000009 5.0080797672271737 353.57000000000005
decision_type=2 2 2 2 2
left_child=1 3 4 -1 -2
right_child=2 -3 -4 -5 -6
leaf_value=-0.05009924199466164 0.05141676549220682 -0.050099241994661474 0.051416765492206751 -0.050099241994661529 0.051416765492206799
leaf_weight=8.139514761278404 2.9474835842847806 0.52194119431078512 1.0182216018438337 0.82838394097052592 4.6087925136089325
leaf_count=4117 110 264 38 419 172
internal_value=-0.00191321 -0.0500992 0.0514168 -0.0500992 0.0514168
internal_weight=18.0643 9.48984 8.5745 8.9679 7.55628
internal_count=5120 4800 320 4536 282
is_linear=0
shrinkage=0.05


Tree=70
num_leaves=4
num_cat=0
split_feature=8 0 0
split_gain=17.6497 1.77636e-15 1.77636e-15
threshold=1.0000000180025095e-35 3562.1250000000005 2908.4000000000005
decision_type=2 2 2
left_child=1 2 -1
right_child=-2 -3 -4
leaf_value=-0.050094395288634935 0.051345764668705718 -0.050094395288632958 -0.050094395288633742
leaf_weight=8.9074952751398069 8.167308568954466 0.045139334164560618 0.075232223607600512
leaf_count=4736 320 24 40
internal_value=-0.00191268 -0.0500944 -0.0500944
internal_weight=17.1952 9.02787 8.98273
internal_count=5120 4800 4776
is_linear=0
shrinkage=0.05


Tree=71
num_leaves=5
num_cat=0
split_feature=8 0 3 4
split_gain=16.7771 1.77636e-15 5.55112e-17 1.38778e-17
threshold=1.0000000180025095e-35 73.340000000000018 54.500000000000007 1.0450000000000002
decision_type=2 2 2 2
left_child=1 2 -1 -4
right_child=-2 -3 3 -5
leaf_value=-0.050089782066866095 0.051278404018977423 -0.050089782066866595 -0.05008978206686563 -0.050089782066865374
leaf_weight=0.35784763749689119 7.7789318561553946 8.1374552766792458 0.051887907437048852 0.041152478312142193
leaf_count=200 320 4548 29 23
internal_value=-0.00191217 -0.0500898 -0.0500898 -0.0500898
internal_weight=16.3673 8.58834 0.450888 0.0930404
internal_count=5120 4800 252 52
is_linear=0
shrinkage=0.05


Tree=72
num_leaves=5
num_cat=0
split_feature=8 9 0 0
split_gain=15.9482 3.55271e-15 8.88178e-16 8.88178e-16
threshold=1.0000000180025095e-35 7.990154743194581 42278.635000000002 37751.035000000011
decision_type=2 2 2 2
left_child=1 -1 3 -2
right_child=2 -3 -4 -5
leaf_value=-0.050085397067295381 0.051214503548900892 -0.050085397067294771 0.051214503548900892 0.051214503548900815
leaf_weight=8.0220978873548994 4.7229497283697137 0.14808455680031407 2.2225645780563354 0.46303428709506977
leaf_count=4713 204 87 96 20
internal_value=-0.00191169 -0.0500854 0.0512145 0.0512145
internal_weight=15.5787 8.17018 7.40855 5.18598
internal_count=5120 4800 320 224
is_linear=0
shrinkage=0.05


Tree=73
num_leaves=8
num_cat=0
split_feature=8 0 0 0 0 0 16
split_gain=15.1607 8.88178e-16 8.88178e-16 8.88178e-16 8.88178e-16 8.88178e-16 8.88178e-16
threshold=1.0000000180025095e-35 853.8950000000001 54970.885000000009 167.37000000000003 228.05000000000004 285.30500000000006 -0.9000161588191985
decision_type=2 2 2 2 2 2 2
left_child=1 -1 3 -2 -5 -6 -7
right_child=2 -3 -4 4 5 6 -8
leaf_value=-0.050081223452746237 0.051153874195115571 -0.05008122345274623 0.051153874195115606 0.051153874195115571 0.051153874195115578 0.051153874195115648 0.051153874195115613
leaf_weight=5.5313215777277946 0.52915285527706135 2.2410272434353828 0.83782535418868054 0.52915285527706135 0.59529696218669403 2.8441965971142049 1.71974677965045
leaf_count=3416 24 1384 38 24 27 129 78
internal_value=-0.00191123 -0.0500812 0.0511539 0.0511539 0.0511539 0.0511539 0.0511539
internal_weight=14.8277 7.77235 7.05537 6.21755 5.68839 5.15924 4.56394
internal_count=5120 4800 320 282 258 234 207
is_linear=0
shrinkage=0.05


Tree=74
num_leaves=4
num_cat=0
split_feature=8 0 0
split_gain=14.4126 8.88178e-16 8.88178e-16
threshold=1.0000000180025095e-35 3562.1250000000005 54970.885000000009
decision_type=2 2 2
left_child=1 -1 -2
right_child=2 -3 -4
leaf_value=-0.050077256922401628 0.051096330256509614 -0.050077256922400427 0.051096330256509559
leaf_weight=7.356888547539711 5.9208049401640892 0.036969289183616527 0.79783896356821049
leaf_count=4776 282 24 38
internal_value=-0.00191079 -0.0500773 0.0510963
internal_weight=14.1125 7.39386 6.71864
internal_count=5120 4800 320
is_linear=0
shrinkage=0.05


Tree=75
num_leaves=8
num_cat=0
split_feature=8 0 0 4 10 0 4
split_gain=13.7019 8.88178e-16 8.88178e-16 8.88178e-16 2.22045e-16 1.11022e-16 5.55112e-17
threshold=1.0000000180025095e-35 1606.5000000000002 25250.305000000004 12.990000000000002 -0.3343082964420318 2193.5550000000003 1.0450000000000002
decision_type=2 2 2 2 2 2 2
left_child=1 -1 -2 -4 -5 6 -3
right_child=2 5 3 4 -6 -7 -8
leaf_value=-0.050073486038645712 0.051041719655201379 -0.050073486038645545 0.051041719655201351 0.051041719655201358 0.051041719655201302 -0.050073486038645532 -0.050073486038645303
leaf_weight=6.383147940505296 3.2787890285253525 0.25937033642549057 1.4194757379591467 1.1795643456280229 0.51980801671743382 0.26962792035192251 0.12162563798483461
leaf_count=4356 164 177 71 59 26 184 83
internal_value=-0.00191038 -0.0500735 0.0510417 0.0510417 0.0510417 -0.0500735 -0.0500735
internal_weight=13.4314 7.03377 6.39764 3.11885 1.69937 0.650624 0.380996
internal_count=5120 4800 320 156 85 444 260
is_linear=0
shrinkage=0.05


Tree=76
num_leaves=8
num_cat=0
split_feature=8 0 23 0 0 0 23
split_gain=13.0265 8.88178e-16 8.88178e-16 4.44089e-16 2.22045e-16 1.11022e-16 1.11022e-16
threshold=1.0000000180025095e-35 31755.965000000004 -1.1637969017028806 373.59000000000009 25250.305000000004 20300.390000000003 -1.1710251569747923
decision_type=2 2 2 2 2 2 2
left_child=2 3 6 -2 5 -5 -1
right_child=1 -3 -4 4 -6 -7 -8
leaf_value=-0.050069895141003642 0.050989883166448036 0.05098988316644805 -0.050069895141003698 0.05098988316644798 0.050989883166447925 0.050989883166447925 -0.05006989514100324
leaf_weight=0.78342781541869044 2.2272600140422587 2.5889518111944199 5.8129786304198205 0.51398308016359784 0.38072820752859116 0.38072820752859116 0.094791977666318306
leaf_count=562 117 136 4170 27 20 20 68
internal_value=-0.00190998 0.0509899 -0.0500699 0.0509899 0.0509899 0.0509899 -0.0500699
internal_weight=12.7828 6.09165 6.6912 3.5027 1.27544 0.894711 0.87822
internal_count=5120 320 4800 184 67 47 630
is_linear=0
shrinkage=0.05


Tree=77
num_leaves=7
num_cat=0
split_feature=8 0 0 8 8 0
split_gain=12.3848 8.88178e-16 8.88178e-16 4.44089e-16 4.44089e-16 1.38778e-17
threshold=1.0000000180025095e-35 2908.4000000000005 525.70000000000016 -0.60786291956901539 -0.62951141595840443 3562.1250000000005
decision_type=2 2 2 2 2 2
left_child=1 2 3 4 -1 -3
right_child=-2 5 -4 -5 -6 -7
leaf_value=-0.050066481575219146 0.05094067194817286 -0.050066481575218327 -0.050066481575219146 -0.050066481575218771 -0.050066481575218827 -0.050066481575217592
leaf_weight=3.064620795892552 5.8000147342681885 0.053044063970446476 2.9187496199738234 0.16708880150690708 0.12995795672759403 0.031826438382267952
leaf_count=2311 320 40 2201 126 98 24
internal_value=-0.0019096 -0.0500665 -0.0500665 -0.0500665 -0.0500665 -0.0500665
internal_weight=12.1653 6.36529 6.28042 3.36167 3.19458 0.0848705
internal_count=5120 4800 4736 2535 2409 64
is_linear=0
shrinkage=0.05


Tree=78
num_leaves=10
num_cat=0
split_feature=8 0 0 1 0 4 4 4 0
split_gain=11.775 8.88178e-16 8.88178e-16 8.88178e-16 5.55112e-17 5.55112e-17 2.77556e-17 2.77556e-17 6.93889e-18
threshold=1.0000000180025095e-35 1996.4650000000004 4124.8350000000009 1.0000000180025095e-35 3135.9200000000005 1.3350000000000002 1.1450000000000002 0.97500000000000009 3562.1250000000005
decision_type=2 2 2 2 2 2 2 2 2
left_child=1 -1 -2 -4 5 6 7 -3 -6
right_child=2 4 3 -5 8 -7 -8 -9 -10
leaf_value=-0.0500632367683349 0.050893953973845343 -0.050063236768334643 0.050893953973845343 0.050893953973845309 -0.050063236768332922 -0.050063236768333019 -0.050063236768333103 -0.050063236768332922 -0.050063236768333255
leaf_weight=5.7474239734001458 2.2088325023651123 0.17282640130724747 2.2260890062898397 1.0871597472578289 0.025230131577700377 0.026491638156585395 0.027753144735470414 0.025230131577700377 0.030276157893240452
leaf_count=4556 128 137 129 63 20 21 22 20 24
internal_value=-0.00190925 -0.0500632 0.050894 0.050894 -0.0500632 -0.0500632 -0.0500632 -0.0500632 -0.0500632
internal_weight=11.5773 6.05523 5.52208 3.31325 0.307808 0.252301 0.22581 0.198057 0.0555063
internal_count=5120 4800 320 192 244 200 179 157 44
is_linear=0
shrinkage=0.05


Tree=79
num_leaves=7
num_cat=0
split_feature=8 0 0 17 19 3
split_gain=11.1955 8.88178e-16 8.88178e-16 8.88178e-16 2.22045e-16 1.38778e-17
threshold=1.0000000180025095e-35 2908.4000000000005 46495.430000000008 -1.6404557228088377 -1.3962666988372801 50.500000000000007
decision_type=2 2 2 2 2 2
left_child=1 -1 3 4 -2 -3
right_child=2 5 -4 -5 -6 -7
leaf_value=-0.050060150044798461 0.050849597848024002 -0.050060150044797608 0.050849597848024036 0.050849597848024043 0.050849597848024036 -0.050060150044796484
leaf_weight=5.6834571957588196 0.73929836042225361 0.051602335181087144 1.248592786490917 2.8750491794198756 0.39429245889186793 0.025201140437275171
leaf_count=4736 45 43 76 175 24 21
internal_value=-0.0019089 -0.0500602 0.0508496 0.0508496 0.0508496 -0.0500602
internal_weight=11.0175 5.76026 5.25723 4.00864 1.13359 0.0768035
internal_count=5120 4800 320 244 69 64
is_linear=0
shrinkage=0.05


Tree=80
num_leaves=5
num_cat=0
split_feature=8 4 0 4
split_gain=10.6447 1.77636e-15 8.88178e-16 1.11022e-16
threshold=1.0000000180025095e-35 0.48500000000000004 51234.365000000013 15.760000000000002
decision_type=2 2 2 2
left_child=1 -1 -2 -4
right_child=2 -3 3 -5
leaf_value=-0.050057208687195209 0.050807475429890558 -0.050057208687195237 0.050807475429890496 0.05080747542989042
leaf_weight=1.4532469700789077 4.1133821830153465 4.0263959650183097 0.56304851174354542 0.32844496518373489
leaf_count=1273 263 3527 36 21
internal_value=-0.00190858 -0.0500572 0.0508075 0.0508075
internal_weight=10.4845 5.47964 5.00488 0.891493
internal_count=5120 4800 320 57
is_linear=0
shrinkage=0.05


Tree=81
num_leaves=5
num_cat=0
split_feature=8 0 0 3
split_gain=10.1213 8.88178e-16 8.88178e-16 1.11022e-16
threshold=1.0000000180025095e-35 1606.5000000000002 54970.885000000009 39.500000000000007
decision_type=2 2 2 2
left_child=1 -1 -2 -3
right_child=2 3 -4 -5
leaf_value=-0.050054419509509389 0.050767473166790644 -0.050054419509509118 0.050767473166790582 -0.050054419509509243
leaf_weight=4.7305080033838749 4.1986641157418489 0.16072433069348324 0.56577743403613556 0.32144866138696671
leaf_count=4356 282 148 38 296
internal_value=-0.00190827 -0.0500544 0.0507675 -0.0500544
internal_weight=9.97712 5.21268 4.76444 0.482173
internal_count=5120 4800 320 444
is_linear=0
shrinkage=0.05


Tree=82
num_leaves=6
num_cat=0
split_feature=8 0 0 0 0
split_gain=9.62385 8.88178e-16 8.88178e-16 2.22045e-16 2.22045e-16
threshold=1.0000000180025095e-35 2908.4000000000005 357.21500000000009 170.40500000000003 315.78000000000003
decision_type=2 2 2 2 2
left_child=1 -1 3 -2 -5
right_child=2 -3 -4 4 -6
leaf_value=-0.050051763806489562 0.05072948374804203 -0.050051763806488903 0.050729483748042141 0.050729483748042106 0.050729483748041981
leaf_weight=4.892595961689949 0.354326982051134 0.06611616164445866 2.9621735699474812 0.92125015333294846 0.29763466492295265
leaf_count=4736 25 64 209 65 21
internal_value=-0.00190798 -0.0500518 0.0507295 0.0507295 0.0507295
internal_weight=9.4941 4.95871 4.53539 1.57321 1.21888
internal_count=5120 4800 320 111 86
is_linear=0
shrinkage=0.05


Tree=83
num_leaves=6
num_cat=0
split_feature=8 0 0 17 0
split_gain=9.15101 8.88178e-16 8.88178e-16 8.88178e-16 5.55112e-17
threshold=1.0000000180025095e-35 1838.9950000000001 188.22500000000002 -1.322827100753784 1948.8350000000003
decision_type=2 2 2 2 2
left_child=1 -1 -2 -4 -3
right_child=2 4 3 -5 -6
leaf_value=-0.050049238366051498 0.050693397126108132 -0.05004923836605038 0.050693397126108236 0.050693397126108097 -0.050049238366051324
leaf_weight=4.418354906141758 0.40473614819347847 0.039309207350015529 3.4672396695241332 0.44520976301282678 0.25944076851010323
leaf_count=4496 30 40 257 33 264
internal_value=-0.0019077 -0.0500492 0.0506934 0.0506934 -0.0500492
internal_weight=9.03429 4.7171 4.31719 3.91245 0.29875
internal_count=5120 4800 320 290 304
is_linear=0
shrinkage=0.05


Tree=84
num_leaves=13
num_cat=0
split_feature=8 0 0 0 0 3 16 0 3 10 3 3
split_gain=8.70156 8.88178e-16 8.88178e-16 4.44089e-16 4.44089e-16 4.44089e-16 4.44089e-16 1.11022e-16 1.11022e-16 2.77556e-17 1.38778e-17 1.38778e-17
threshold=1.0000000180025095e-35 506.49500000000006 51234.365000000013 25250.305000000004 390.64000000000004 25.500000000000004 -0.86930933594703663 20300.390000000003 84.000000000000014 5.2182631492614755 17.500000000000004 21.500000000000004
decision_type=2 2 2 2 2 2 2 2 2 2 2 2
left_child=1 5 3 4 -2 9 -5 -6 -4 10 -1 -12
right_child=2 -3 8 6 7 -7 -8 -9 -10 -11 11 -13
leaf_value=-0.050046832214583004 0.050659124770898706 -0.050046832214586223 0.050659124770898657 0.050659124770898713 0.050659124770898595 -0.050046832214586223 0.050659124770898595 0.050659124770898567 0.050659124770898595 -0.050046832214583573 -0.050046832214584717 -0.050046832214585182
leaf_weight=0.020566604332998728 1.5795283690094954 2.1753858310403302 0.43661759793758381 1.0016521364450452 0.2696755751967429 2.1931478984188288 0.2696755751967429 0.25683388113975525 0.29535896331071854 0.018696913029998541 0.032719597802497447 0.046742282574996352
leaf_count=22 123 2327 34 78 21 2346 21 20 23 20 35 50
internal_value=-0.00190743 -0.0500468 0.0506591 0.0506591 0.0506591 -0.0500468 0.0506591 0.0506591 0.0506591 -0.0500468 -0.0500468 -0.0500468
internal_weight=8.5966 4.48726 4.10934 3.37737 2.10604 2.31187 1.27133 0.526509 0.731977 0.118725 0.100028 0.0794619
internal_count=5120 4800 320 263 164 2473 99 41 57 127 107 85
is_linear=0
shrinkage=0.05


Tree=85
num_leaves=4
num_cat=0
split_feature=8 3 4
split_gain=8.27433 8.88178e-16 8.88178e-16
threshold=1.0000000180025095e-35 28.500000000000004 0.18500000000000003
decision_type=2 2 2
left_child=2 -2 -1
right_child=1 -3 -4
leaf_value=-0.050044541386049204 0.050626565499421433 0.05062656549942144 -0.050044541386049385
leaf_weight=0.2418875154107808 1.8701275046914818 2.0412502828985453 4.0267156977206469
leaf_count=272 153 167 4528
internal_value=-0.00190718 0.0506266 -0.0500445
internal_weight=8.17998 3.91138 4.2686
internal_count=5120 320 4800
is_linear=0
shrinkage=0.05


Tree=86
num_leaves=5
num_cat=0
split_feature=8 0 0 0
split_gain=7.86822 8.88178e-16 4.44089e-16 6.93889e-18
threshold=1.0000000180025095e-35 3135.9200000000005 343.43500000000006 3562.1250000000005
decision_type=2 2 2 2
left_child=1 -1 -2 -3
right_child=2 3 -4 -5
leaf_value=-0.050042367843292024 0.050595632593354881 -0.050042367843289408 0.050595632593354915 -0.050042367843289574
leaf_weight=4.0233707735314965 1.2448229147121312 0.016919136978685745 2.4780119704082608 0.020302964374423027
leaf_count=4756 107 20 213 24
internal_value=-0.00190694 -0.0500424 0.0505956 -0.0500424
internal_weight=7.78343 4.06059 3.72283 0.0372221
internal_count=5120 4800 320 44
is_linear=0
shrinkage=0.05


Tree=87
num_leaves=6
num_cat=0
split_feature=8 0 0 0 3
split_gain=7.48216 8.88178e-16 4.44089e-16 5.55112e-17 6.93889e-18
threshold=1.0000000180025095e-35 231.14500000000001 1606.5000000000002 2908.4000000000005 49.500000000000007
decision_type=2 2 2 2 2
left_child=2 -2 -1 -4 -5
right_child=1 -3 3 4 -6
leaf_value=-0.050040303269808899 0.050566246248084916 0.050566246248085027 -0.050040303269808767 -0.050040303269807324 -0.050040303269806422
leaf_weight=3.5054101862479006 0.54256416670978103 3.0007120240479708 0.30579795013181854 0.031384526460897177 0.020118286192882806
leaf_count=4356 49 271 380 39 25
internal_value=-0.00190671 0.0505662 -0.0500403 -0.0500403 -0.0500403
internal_weight=7.40599 3.54328 3.86271 0.357301 0.0515028
internal_count=5120 320 4800 444 64
is_linear=0
shrinkage=0.05


Tree=88
num_leaves=5
num_cat=0
split_feature=8 0 0 0
split_gain=7.11515 4.44089e-16 4.44089e-16 5.55112e-17
threshold=1.0000000180025095e-35 1458.8600000000004 231.14500000000001 2112.2550000000006
decision_type=2 2 2 2
left_child=1 -1 -2 -3
right_child=2 3 -4 -5
leaf_value=-0.050038334254779861 0.050538327671780528 -0.050038334254779729 0.050538327671780639 -0.050038334254779562
leaf_weight=3.2427154846955095 0.51638092286884818 0.27558488538488735 2.8559026550501585 0.15616476838476956
leaf_count=4236 49 360 271 204
internal_value=-0.00190649 -0.0500383 0.0505383 -0.0500383
internal_weight=7.04675 3.67447 3.37228 0.43175
internal_count=5120 4800 320 564
is_linear=0
shrinkage=0.05


Tree=89
num_leaves=4
num_cat=0
split_feature=8 0 0
split_gain=6.76624 4.44089e-16 5.55112e-17
threshold=1.0000000180025095e-35 128.90000000000003 107.47000000000001
decision_type=2 2 2
left_child=1 2 -1
right_child=-2 -3 -4
leaf_value=-0.050036461439479707 0.050511799767354017 -0.050036461439479873 -0.050036461439479388
leaf_weight=0.36483100714394856 3.2094576954841614 3.0315199256292544 0.099035962019115686
leaf_count=501 320 4163 136
internal_value=-0.00190628 -0.0500365 -0.0500365
internal_weight=6.70484 3.49539 0.463867
internal_count=5120 4800 637
is_linear=0
shrinkage=0.05


Tree=90
num_leaves=6
num_cat=0
split_feature=8 0 0 8 4
split_gain=6.43453 4.44089e-16 4.44089e-16 2.22045e-16 1.11022e-16
threshold=1.0000000180025095e-35 329.94500000000005 51234.365000000013 -0.64881333708763111 16.445000000000004
decision_type=2 2 2 2 2
left_child=1 3 -2 -1 -4
right_child=2 -3 4 -5 -6
leaf_value=-0.050034682699723158 0.050486582881594744 -0.050034682699723179 0.050486582881594647 -0.050034682699722804 0.050486582881594501
leaf_weight=1.0369937379145993 2.5103487875312571 2.1203993532108143 0.353166939690709 0.1676369302440438 0.19090104848146439
leaf_count=1497 263 3061 37 242 20
internal_value=-0.00190608 -0.0500347 0.0504866 -0.0500347 0.0504866
internal_weight=6.37945 3.32503 3.05442 1.20463 0.544068
internal_count=5120 4800 320 1739 57
is_linear=0
shrinkage=0.05


Tree=91
num_leaves=4
num_cat=0
split_feature=8 0 0
split_gain=6.11916 4.44089e-16 2.22045e-16
threshold=1.0000000180025095e-35 37751.035000000011 145.20000000000002
decision_type=2 2 2
left_child=-1 2 -2
right_child=1 -3 -4
leaf_value=-0.050032992621577801 0.050462629799682579 0.050462629799682891 0.050462629799682905
leaf_weight=3.1629706732928753 0.19075845088809762 1.0537133477628229 1.662323643453419
leaf_count=4800 21 116 183
internal_value=-0.0019059 0.0504626 0.0504626
internal_weight=6.06977 2.9068 1.85308
internal_count=5120 320 204
is_linear=0
shrinkage=0.05


Tree=92
num_leaves=5
num_cat=0
split_feature=8 0 11 11
split_gain=5.81932 4.44089e-16 4.44089e-16 1.11022e-16
threshold=1.0000000180025095e-35 3135.9200000000005 3.7655353546142583 3.5908731222152714
decision_type=2 2 2 2
left_child=1 -1 3 -2
right_child=2 -3 -4 -5
leaf_value=-0.050031381939139169 0.050439868385853882 -0.05003138193913758 0.05043986838585425 0.050439868385854181
leaf_weight=2.9812244086060677 0.17289036884903941 0.027580713620409258 2.0487508708611131 0.54460466187447309
leaf_count=4756 20 44 237 63
internal_value=-0.00190571 -0.0500314 0.0504399 0.0504399
internal_weight=5.77505 3.00881 2.76625 0.717495
internal_count=5120 4800 320 83
is_linear=0
shrinkage=0.05


Tree=93
num_leaves=4
num_cat=0
split_feature=8 0 0
split_gain=5.53424 4.44089e-16 4.44089e-16
threshold=1.0000000180025095e-35 2051.3850000000007 386.35000000000008
decision_type=2 2 2
left_child=1 -1 -2
right_child=2 -3 -4
leaf_value=-0.050029846646320486 0.050418227718437653 -0.050029846646320181 0.050418227718437694
leaf_weight=2.7285825014114384 0.99538958352059159 0.13356697559356678 1.6370456786826251
leaf_count=4576 121 224 199
internal_value=-0.00190555 -0.0500298 0.0504182
internal_weight=5.49458 2.86215 2.63244
internal_count=5120 4800 320
is_linear=0
shrinkage=0.05


Tree=94
num_leaves=6
num_cat=0
split_feature=8 0 0 4 15
split_gain=5.26319 4.44089e-16 4.44089e-16 2.22045e-16 1.11022e-16
threshold=1.0000000180025095e-35 1996.4650000000004 327.81500000000005 10.750000000000002 -1.4335089921951292
decision_type=2 2 2 2 2
left_child=1 -1 -2 4 -4
right_child=2 -3 3 -5 -6
leaf_value=-0.050028394919454149 0.050397666348344743 -0.050028394919453857 0.050397666348344666 0.050397666348344784 0.050397666348344666
leaf_weight=2.5842372418846939 0.76717028580606017 0.13840076536871482 0.30530246067792177 1.1585836969316003 0.2739893877878784
leaf_count=4556 98 244 39 148 35
internal_value=-0.00190538 -0.0500284 0.0503977 0.0503977 0.0503977
internal_weight=5.22768 2.72264 2.50505 1.73788 0.579292
internal_count=5120 4800 320 222 74
is_linear=0
shrinkage=0.05


Tree=95
num_leaves=6
num_cat=0
split_feature=8 0 13 4 4
split_gain=5.00547 4.44089e-16 4.44089e-16 5.55112e-17 6.93889e-18
threshold=1.0000000180025095e-35 147.79500000000004 6.4074623584747323 1.385 1.4350000000000003
decision_type=2 2 2 2 2
left_child=1 3 -2 -1 -5
right_child=2 -3 -4 4 -6
leaf_value=-0.05002700735525642 0.050378118350415252 -0.050027007355256586 0.050378118350415425 -0.05002700735525395 -0.050027007355254394
leaf_weight=0.37715759844286401 0.34266758710145984 2.1712191361002624 2.0411069318652153 0.018884858291130513 0.022661829949356616
leaf_count=699 46 4024 274 35 42
internal_value=-0.00190523 -0.050027 0.0503781 -0.050027 -0.050027
internal_weight=4.9737 2.58992 2.38377 0.418704 0.0415467
internal_count=5120 4800 320 776 77
is_linear=0
shrinkage=0.05


Tree=96
num_leaves=11
num_cat=0
split_feature=8 0 0 0 8 17 0 8 8 8
split_gain=4.76041 4.44089e-16 4.44089e-16 2.22045e-16 2.22045e-16 2.22045e-16 1.11022e-16 5.55112e-17 1.38778e-17 1.38778e-17
threshold=1.0000000180025095e-35 613.1350000000001 315.78000000000003 390.64000000000004 -0.68121108412742604 -0.9644431173801421 269.8250000000001 -0.6131860315799712 -0.56045603752136219 -0.57763347029685963
decision_type=2 2 2 2 2 2 2 2 2 2
left_child=1 4 6 -4 -1 -3 -2 -6 9 -9
right_child=2 5 3 -5 7 -7 -8 8 -10 -11
leaf_value=-0.050025686577260711 0.050359543037462068 -0.050025686577260697 0.050359543037462012 0.050359543037462179 -0.050025686577260579 -0.050025686577258734 0.050359543037461874 -0.050025686577259788 -0.050025686577256562 -0.050025686577257603
leaf_weight=1.0645127500174565 0.4820205066353086 1.0065137429046442 0.23392171645537008 1.396441761869937 0.28640217671636492 0.022070418635848799 0.15594781097024679 0.052353086066432297 0.015911232039798384 0.015911232039798051
leaf_count=2074 68 1961 33 197 558 43 22 102 31 31
internal_value=-0.00190508 -0.0500257 0.0503595 0.0503595 -0.0500257 -0.0500257 0.0503595 -0.0500257 -0.0500257 -0.0500257
internal_weight=4.73201 2.46367 2.26833 1.63036 1.43509 1.02858 0.637968 0.370578 0.0841756 0.0682643
internal_count=5120 4800 320 230 2796 2004 90 722 164 133
is_linear=0
shrinkage=0.05


Tree=97
num_leaves=3
num_cat=0
split_feature=8 0
split_gain=4.52739 4.44089e-16
threshold=1.0000000180025095e-35 3562.1250000000005
decision_type=2 2
left_child=1 -1
right_child=-2 -3
leaf_value=-0.050024436728781853 0.050341883362971906 -0.050024436728778092
leaf_weight=2.3318590291310106 2.1584416925907135 0.011717884568497428
leaf_count=4776 320 24
internal_value=-0.00190494 -0.0500244
internal_weight=4.50202 2.34358
internal_count=5120 4800
is_linear=0
shrinkage=0.05


Tree=98
num_leaves=2
num_cat=0
split_feature=8
split_gain=4.30582
threshold=1.0000000180025095e-35
decision_type=2
left_child=-1
right_child=-2
leaf_value=-0.050023245140703422 0.050325101218217198
leaf_weight=2.2293311543762684 2.0538407564163208
leaf_count=4800 320
internal_value=-0.00190481
internal_weight=4.28317
internal_count=5120
is_linear=0
shrinkage=0.05


Tree=99
num_leaves=7
num_cat=0
split_feature=8 0 0 8 0 0
split_gain=4.09513 4.44089e-16 2.22045e-16 2.22045e-16 1.11022e-16 5.55112e-17
threshold=1.0000000180025095e-35 501.29000000000002 312.18500000000006 -0.57465291023254383 256.34000000000009 206.73500000000004
decision_type=2 2 2 2 2 2
left_child=1 -1 4 -3 5 -2
right_child=2 3 -4 -5 -6 -7
leaf_value=-0.05002211101024881 0.050309143712176534 -0.050022111010248817 0.050309143712176686 -0.050022111010246895 0.050309143712176388 0.050309143712176388
leaf_weight=1.0837416531285273 0.23817760124802578 1.0143786529079077 1.4107442535459993 0.022531930007971712 0.15267794951796532 0.15267794951796532
leaf_count=2453 39 2296 231 51 25 25
internal_value=-0.00190469 -0.0500221 0.0503091 -0.0500221 0.0503091 0.0503091
internal_weight=4.07493 2.12065 1.95428 1.03691 0.543534 0.390856
internal_count=5120 4800 320 2347 89 64
is_linear=0
shrinkage=0.05


Tree=100
num_leaves=11
num_cat=0
split_feature=8 0 0 0 0 0 4 4 0 0
split_gain=3.89478 4.44089e-16 2.22045e-16 1.11022e-16 1.11022e-16 2.77556e-17 2.77556e-17 2.77556e-17 1.38778e-17 1.38778e-17
threshold=1.0000000180025095e-35 413.75500000000005 395.36000000000007 323.16500000000002 102.88000000000001 79.77500000000002 1.425 1.3550000000000002 67.435000000000016 85.300000000000011
decision_type=2 2 2 2 2 2 2 2 2 2
left_child=1 3 -2 4 5 8 7 -5 -1 -7
right_child=2 -3 -4 6 -6 9 -8 -9 -10 -11
leaf_value=-0.05002102813705217 0.050293974323704742 -0.050021028137053142 0.050293974323704763 -0.050021028137052871 -0.050021028137053086 -0.050021028137050422 -0.050021028137047778 -0.050021028137048423 -0.050021028137051761 -0.050021028137052226
leaf_weight=0.088255531154573741 0.73218327295035113 1.1208452456630764 1.1273298012092707 0.16054101381450891 0.52196842711418867 0.018071370664983988 0.0092458175495266914 0.010506610851734877 0.035302212461829185 0.052533054258674383
leaf_count=210 126 2667 194 382 1242 43 22 25 84 125
internal_value=-0.00190456 -0.050021 0.050294 -0.050021 -0.050021 -0.050021 -0.050021 -0.050021 -0.050021 -0.050021
internal_weight=3.87678 2.01727 1.85951 0.896424 0.716131 0.194162 0.180293 0.171048 0.123558 0.0706044
internal_count=5120 4800 320 2133 1704 462 429 407 294 168
is_linear=0
shrinkage=0.05


Tree=101
num_leaves=6
num_cat=0
split_feature=8 0 0 0 0
split_gain=3.70427 2.22045e-16 2.22045e-16 5.55112e-17 3.46945e-18
threshold=1.0000000180025095e-35 1162.5200000000002 25250.305000000004 3135.9200000000005 3562.1250000000005
decision_type=2 2 2 2 2
left_child=1 -1 -2 -3 -5
right_child=2 3 -4 4 -6
leaf_value=-0.050020005540107687 0.050279555002774159 -0.050020005540107583 0.050279555002774146 -0.050020005540101477 -0.050020005540102525
leaf_weight=1.5815134224249052 0.90677546709775902 0.31982071232050646 0.86254251748323441 0.0079955178080126643 0.0095946213696151972
leaf_count=3956 164 800 156 20 24
internal_value=-0.00190445 -0.05002 0.0502796 -0.05002 -0.05002
internal_weight=3.68824 1.91892 1.76932 0.337411 0.0175901
internal_count=5120 4800 320 844 44
is_linear=0
shrinkage=0.05


Tree=102
num_leaves=7
num_cat=0
split_feature=8 8 0 0 9 9
split_gain=3.5231 4.44089e-16 2.22045e-16 2.22045e-16 5.55112e-17 5.55112e-17
threshold=1.0000000180025095e-35 -0.72509595751762379 289.34500000000008 46495.430000000008 -0.88913524150848378 -1.2944796085357664
decision_type=2 2 2 2 2 2
left_child=1 -1 -2 -4 5 -5
right_child=2 -3 3 4 -6 -7
leaf_value=-0.050019029548875285 0.050265848310544925 -0.050019029548875243 0.05026584831054498 0.050265848310544738 0.050265848310544592 0.050265848310544571
leaf_weight=1.0705045603390315 0.41560783609747876 0.75486733650905113 0.86804168298840501 0.17360833659768105 0.1157388910651207 0.11047803238034248
leaf_count=2815 79 1985 165 33 22 21
internal_value=-0.00190434 -0.050019 0.0502658 0.0502658 0.0502658 0.0502658
internal_weight=3.50885 1.82537 1.68347 1.26787 0.399825 0.284086
internal_count=5120 4800 320 241 76 54
is_linear=0
shrinkage=0.05


Tree=103
num_leaves=9
num_cat=0
split_feature=8 0 0 3 3 4 4 0
split_gain=3.35081 2.22045e-16 2.22045e-16 2.22045e-16 2.22045e-16 2.22045e-16 2.22045e-16 5.55112e-17
threshold=1.0000000180025095e-35 188.22500000000002 378.185 75.500000000000014 73.500000000000014 0.69500000000000006 1.4950000000000003 320.13000000000005
decision_type=2 2 2 2 2 2 2 2
left_child=3 -2 7 4 5 -1 -7 -3
right_child=1 2 -4 -5 -6 6 -8 -9
leaf_value=-0.050018102119122498 0.050252815662811937 0.050252815662812089 0.050252815662812179 -0.050018102119115254 -0.050018102119115587 -0.050018102119122533 -0.050018102119115254 0.050252815662811846
leaf_weight=0.71155358536634583 0.15016646124422539 0.31534956861287344 1.0061152903363106 0.0075966574950144796 0.0079584030900151648 1.0016735525568943 0.0075966574950144796 0.1301442664116621
leaf_count=1967 30 63 201 21 22 2769 21 26
internal_value=-0.00190424 0.0502528 0.0502528 -0.0500181 -0.0500181 -0.0500181 -0.0500181 0.0502528
internal_weight=3.33815 1.60178 1.45161 1.73638 1.72878 1.72082 1.00927 0.445494
internal_count=5120 320 290 4800 4779 4757 2790 89
is_linear=0
shrinkage=0.05


Tree=104
num_leaves=6
num_cat=0
split_feature=8 0 0 0 10
split_gain=3.18697 4.44089e-16 2.22045e-16 2.22045e-16 1.11022e-16
threshold=1.0000000180025095e-35 501.29000000000002 259.82000000000005 362.58500000000004 5.1186873912811288
decision_type=2 2 2 2 2
left_child=1 -1 -2 -4 -3
right_child=2 4 3 -5 -6
leaf_value=-0.05001721572174718 0.050240424360068425 -0.050017215721747159 0.050240424360068384 0.050240424360068515 -0.050017215721747083
leaf_weight=0.84409936200245306 0.31432961393147696 0.51237829189631157 0.21907821577042319 0.99061454087495804 0.29524551675422117
leaf_count=2453 66 1489 46 208 858
internal_value=-0.00190414 -0.0500172 0.0502404 0.0502404 -0.0500172
internal_weight=3.17575 1.65172 1.52402 1.20969 0.807624
internal_count=5120 4800 320 254 2347
is_linear=0
shrinkage=0.05


Tree=105
num_leaves=4
num_cat=0
split_feature=8 0 10
split_gain=3.03116 2.22045e-16 2.22045e-16
threshold=1.0000000180025095e-35 770.84000000000015 -0.24065354466438291
decision_type=2 2 2
left_child=1 -1 -2
right_child=2 -3 -4
leaf_value=-0.050016377642472978 0.050228646458592652 -0.050016377642472958 0.050228646458592541
leaf_weight=1.052699536085129 1.1464270697906611 0.51849380135536183 0.30359926354140032
leaf_count=3216 253 1584 67
internal_value=-0.00190405 -0.0500164 0.0502286
internal_weight=3.02122 1.57119 1.45003
internal_count=5120 4800 320
is_linear=0
shrinkage=0.05


Tree=106
num_leaves=4
num_cat=0
split_feature=8 14 0
split_gain=2.88299 4.44089e-16 2.22045e-16
threshold=1.0000000180025095e-35 -0.77772167325019825 3562.1250000000005
decision_type=2 2 2
left_child=2 -2 -1
right_child=1 -3 -4
leaf_value=-0.050015576685053326 0.05021744061332474 0.050217440613324643 -0.050015576685045929
leaf_weight=1.4871156667359173 1.0735071776434777 0.30610044021159399 0.0074729430489243178
leaf_count=4776 249 71 24
internal_value=-0.00190396 0.0502174 -0.0500156
internal_weight=2.8742 1.37961 1.49459
internal_count=5120 320 4800
is_linear=0
shrinkage=0.05


Tree=107
num_leaves=5
num_cat=0
split_feature=8 11 0 3
split_gain=2.74207 4.44089e-16 2.22045e-16 5.55112e-17
threshold=1.0000000180025095e-35 -1.7140280604362486 46495.430000000008 17.500000000000004
decision_type=2 2 2 2
left_child=1 -1 -2 -4
right_child=2 -3 3 -5
leaf_value=-0.050014817650533727 0.050206790488557029 -0.050014817650533609 0.050206790488556807 0.050206790488556731
leaf_weight=1.022748199640773 1.0008534677326677 0.39896954095456783 0.16817619744688261 0.14356504660099745
leaf_count=3453 244 1347 41 35
internal_value=-0.00190387 -0.0500148 0.0502068 0.0502068
internal_weight=2.73431 1.42172 1.31259 0.311741
internal_count=5120 4800 320 76
is_linear=0
shrinkage=0.05


Tree=108
num_leaves=7
num_cat=0
split_feature=8 0 0 0 0 0
split_gain=2.60806 2.22045e-16 2.22045e-16 2.22045e-16 2.22045e-16 2.22045e-16
threshold=1.0000000180025095e-35 3562.1250000000005 2908.4000000000005 2741.0250000000005 2493.6050000000005 20300.390000000003
decision_type=2 2 2 2 2 2
left_child=1 2 3 4 -1 -2
right_child=5 -3 -4 -5 -6 -7
leaf_value=-0.0500140948396256 0.050196668721979879 -0.050014094839617412 -0.050014094839620694 -0.050014094839615768 -0.050014094839620694 0.050196668721979879
leaf_weight=1.3174618724733584 0.56197090074419953 0.0067619942128659396 0.011269990354776493 0.0056349951773883014 0.011269990354776493 0.6868533231317997
leaf_count=4676 144 24 40 20 40 176
internal_value=-0.00190379 -0.0500141 -0.0500141 -0.0500141 -0.0500141 0.0501967
internal_weight=2.60122 1.3524 1.34564 1.33437 1.32873 1.24882
internal_count=5120 4800 4776 4736 4716 320
is_linear=0
shrinkage=0.05


Tree=109
num_leaves=5
num_cat=0
split_feature=8 9 8 8
split_gain=2.48061 4.44089e-16 2.22045e-16 2.22045e-16
threshold=1.0000000180025095e-35 -0.64523303508758534 -0.56045603752136219 -0.64507737755775441
decision_type=2 2 2 2
left_child=2 -2 3 -1
right_child=1 -3 -4 -5
leaf_value=-0.050013405610332046 0.050187038877397977 0.05018703887739772 -0.050013405610327799 -0.050013405610331789
leaf_weight=1.1202912306180222 1.0396229475736616 0.14851756393909443 0.015544710855465715 0.15062288794433687
leaf_count=4180 280 40 58 562
internal_value=-0.00190372 0.050187 -0.0500134 -0.0500134
internal_weight=2.4746 1.18814 1.28646 1.27091
internal_count=5120 320 4800 4742
is_linear=0
shrinkage=0.05


Tree=110
num_leaves=5
num_cat=0
split_feature=8 20 0 0
split_gain=2.3594 4.44089e-16 2.22045e-16 5.55112e-17
threshold=1.0000000180025095e-35 -0.013032956048846243 386.35000000000008 327.81500000000005
decision_type=2 2 2 2
left_child=1 -1 3 -2
right_child=2 -3 -4 -5
leaf_value=-0.050012757108534811 0.050177884680028262 -0.050012757108534457 0.05017788468002831 0.050177884680027762
leaf_weight=1.0549598209327085 0.34618354029953458 0.16877317579928819 0.70296453591436148 0.081247157417237759
leaf_count=4138 98 662 199 23
internal_value=-0.00190364 -0.0500128 0.0501779 0.0501779
internal_weight=2.35413 1.22373 1.1304 0.427431
internal_count=5120 4800 320 121
is_linear=0
shrinkage=0.05


Tree=111
num_leaves=4
num_cat=0
split_feature=8 0 8
split_gain=2.24412 2.22045e-16 2.22045e-16
threshold=1.0000000180025095e-35 386.35000000000008 -0.55501481890678395
decision_type=2 2 2
left_child=2 -2 -1
right_child=1 -3 -4
leaf_value=-0.050012129918962624 0.050169179112739284 0.050169179112739305 -0.050012129918956816
leaf_weight=1.152666885347571 0.40665341680869438 0.66879363590851426 0.011398136673961168
leaf_count=4753 121 199 47
internal_value=-0.00190357 0.0501692 -0.0500121
internal_weight=2.23951 1.07545 1.16407
internal_count=5120 320 4800
is_linear=0
shrinkage=0.05


Tree=112
num_leaves=3
num_cat=0
split_feature=8 8
split_gain=2.13449 4.44089e-16
threshold=1.0000000180025095e-35 -0.57164388895034779
decision_type=2 2
left_child=1 -1
right_child=-2 -3
leaf_value=-0.050011540544402038 0.050160897674380291 -0.050011540544398603
leaf_weight=1.0881584775779627 1.0231614857912061 0.019147159982822237
leaf_count=4717 320 83
internal_value=-0.00190351 -0.0500115
internal_weight=2.13047 1.10731
internal_count=5120 4800
is_linear=0
shrinkage=0.05


Tree=113
num_leaves=8
num_cat=0
split_feature=9 8 0 0 0 0 0
split_gain=2.03022 4.44089e-16 2.22045e-16 2.22045e-16 5.55112e-17 2.77556e-17 6.93889e-18
threshold=1.0000000180025095e-35 -0.60540297627449025 308.69000000000011 3562.1250000000005 269.8250000000001 228.05000000000004 861.50500000000011
decision_type=2 2 2 2 2 2 2
left_child=2 3 4 -2 5 -1 -3
right_child=1 6 -4 -5 -6 -7 -8
leaf_value=0.050153028448533865 -0.050010978247750928 -0.050010978247750006 0.050153028448534254 -0.050010978247739972 0.050153028448533504 0.050153028448533504 -0.050010978247747244
leaf_weight=0.14601153507828746 1.0004281558212822 0.034452121180947537 0.70572241954505444 0.0050471260328778236 0.060838139615952969 0.060838139615952969 0.013385856000240892
leaf_count=48 4559 157 232 23 20 20 61
internal_value=-0.00190344 -0.050011 0.050153 -0.050011 0.050153 0.050153 -0.050011
internal_weight=2.02672 1.05331 0.97341 1.00548 0.267688 0.20685 0.047838
internal_count=5120 4800 320 4582 88 68 218
is_linear=0
shrinkage=0.05


Tree=114
num_leaves=8
num_cat=0
split_feature=8 0 0 0 16 0 3
split_gain=1.93105 2.22045e-16 2.22045e-16 1.11022e-16 1.11022e-16 2.77556e-17 2.77556e-17
threshold=1.0000000180025095e-35 1019.4600000000002 267.20000000000005 378.185 -0.7860388159751891 323.16500000000002 65.500000000000014
decision_type=2 2 2 2 2 2 2
left_child=1 -1 -2 5 -5 -4 -3
right_child=2 6 3 4 -6 -7 -8
leaf_value=-0.050010443013839806 0.050145540651337972 -0.050010443013839612 0.050145540651337667 0.050145540651338166 0.050145540651337542 0.050145540651337507 -0.050010443013834761
leaf_weight=0.77985342429019489 0.19389615370891999 0.21228879349655472 0.083925200859084725 0.5122331224847585 0.069455338642001152 0.066561366198584437 0.0098107898666057736
leaf_count=3736 67 1017 29 177 24 23 47
internal_value=-0.00190339 -0.0500104 0.0501455 0.0501455 0.0501455 0.0501455 -0.0500104
internal_weight=1.92802 1.00195 0.926071 0.732175 0.581688 0.150487 0.2221
internal_count=5120 4800 320 253 201 52 1064
is_linear=0
shrinkage=0.05


Tree=115
num_leaves=8
num_cat=0
split_feature=8 0 0 0 0 0 0
split_gain=1.83673 1.11022e-16 1.11022e-16 1.11022e-16 2.77556e-17 1.38778e-17 1.73472e-18
threshold=1.0000000180025095e-35 1606.5000000000002 46495.430000000008 31755.965000000004 42278.635000000002 2908.4000000000005 3562.1250000000005
decision_type=2 2 2 2 2 2 2
left_child=1 -1 3 -2 -5 -3 -7
right_child=2 5 -4 4 -6 6 -8
leaf_value=-0.050009933995907474 0.050138427552977261 -0.050009933995906863 0.050138427552977122 0.050138427552976907 0.050138427552976456 -0.050009933995901236 -0.050009933995897031
leaf_weight=0.86493520106887445 0.50659111514687538 0.07545348402345553 0.20924415625631809 0.110128503292799 0.055064251646399498 0.0079424720024690032 0.0047654832014814028
leaf_count=4356 184 380 76 40 20 40 24
internal_value=-0.00190333 -0.0500099 0.0501384 0.0501384 0.0501384 -0.0500099 -0.0500099
internal_weight=1.83412 0.953097 0.881028 0.671784 0.165193 0.0881614 0.012708
internal_count=5120 4800 320 244 60 444 64
is_linear=0
shrinkage=0.05


Tree=116
num_leaves=5
num_cat=0
split_feature=8 0 0 0
split_gain=1.74703 1.11022e-16 1.11022e-16 1.11022e-16
threshold=1.0000000180025095e-35 3562.1250000000005 167.37000000000003 386.35000000000008
decision_type=2 2 2 2
left_child=1 2 -1 -2
right_child=3 -3 -4 -5
leaf_value=-0.0500094493651164 0.050131656504792094 -0.050009449365105665 -0.050009449365116622 0.050131656504792156
leaf_weight=0.17301372322253883 0.31693307892419398 0.0045331106521189204 0.72907529654912651 0.52123704715631902
leaf_count=916 121 24 3860 199
internal_value=-0.00190327 -0.0500094 -0.0500094 0.0501317
internal_weight=1.74479 0.906622 0.902089 0.83817
internal_count=5120 4800 4776 320
is_linear=0
shrinkage=0.05


Tree=117
num_leaves=4
num_cat=0
split_feature=8 0 0
split_gain=1.66171 2.22045e-16 1.11022e-16
threshold=1.0000000180025095e-35 3562.1250000000005 37751.035000000011
decision_type=2 2 2
left_child=1 -1 -2
right_child=2 -3 -4
leaf_value=-0.050008986140609273 0.050125214752971971 -0.050008986140597747 0.050125214752971894
leaf_weight=0.85810132173355669 0.50833734031766653 0.0043120669433847061 0.28905456606298685
leaf_count=4776 204 24 116
internal_value=-0.00190322 -0.050009 0.0501252
internal_weight=1.65981 0.862413 0.797392
internal_count=5120 4800 320
is_linear=0
shrinkage=0.05


Tree=118
num_leaves=5
num_cat=0
split_feature=8 0 0 3
split_gain=1.58056 2.22045e-16 1.11022e-16 6.93889e-18
threshold=1.0000000180025095e-35 2112.2550000000006 390.64000000000004 44.500000000000007
decision_type=2 2 2 2
left_child=1 -1 -2 -3
right_child=2 3 -4 -5
leaf_value=-0.050008548513495177 0.050119096469711744 -0.050008548513492228 0.050119096469711813 -0.050008548513492512
leaf_weight=0.78549475106410682 0.2915841587819159 0.016578109411057085 0.46700877463445067 0.01828719285549596
leaf_count=4596 123 97 197 107
internal_value=-0.00190317 -0.0500085 0.0501191 -0.0500085
internal_weight=1.57895 0.82036 0.758593 0.0348653
internal_count=5120 4800 320 204
is_linear=0
shrinkage=0.05


Tree=119
num_leaves=6
num_cat=0
split_feature=8 0 0 3 3
split_gain=1.50339 1.11022e-16 1.11022e-16 5.55112e-17 3.46945e-18
threshold=1.0000000180025095e-35 2379.4000000000001 37751.035000000011 48.500000000000007 36.500000000000007
decision_type=2 2 2 2 2
left_child=1 -1 3 -2 -3
right_child=2 4 -4 -5 -6
leaf_value=-0.050008131918788161 0.050113274637414176 -0.050008131918778315 0.050113274637414121 0.050113274637413711 -0.050008131918785503
leaf_weight=0.75694622355513275 0.37662550597451627 0.0050398051826050496 0.26160813588649035 0.083443974377587438 0.018370902762399055
leaf_count=4656 167 31 116 37 113
internal_value=-0.00190313 -0.0500081 0.0501133 0.0501133 -0.0500081
internal_weight=1.50203 0.780357 0.721678 0.460069 0.0234107
internal_count=5120 4800 320 204 144
is_linear=0
shrinkage=0.05


Tree=120
num_leaves=4
num_cat=0
split_feature=8 0 0
split_gain=1.42998 1.11022e-16 8.67362e-19
threshold=1.0000000180025095e-35 3135.9200000000005 3562.1250000000005
decision_type=2 2 2
left_child=1 -1 -3
right_child=-2 2 -4
leaf_value=-0.050007734839174089 0.050107734472372316 -0.050007734839158005 -0.050007734839160684
leaf_weight=0.73549975344212726 0.68655498325824738 0.0030929342028684905 0.0037115210434421897
leaf_count=4756 320 20 24
internal_value=-0.00190308 -0.0500077 -0.0500077
internal_weight=1.42886 0.742304 0.00680446
internal_count=5120 4800 44
is_linear=0
shrinkage=0.05


Tree=121
num_leaves=2
num_cat=0
split_feature=8
split_gain=1.36016
threshold=1.0000000180025095e-35
decision_type=2
left_child=-1
right_child=-2
leaf_value=-0.050007354818504081 0.050102472293809652
leaf_weight=0.70610682014375925 0.65313816070556641
leaf_count=4800 320
internal_value=-0.00190304
internal_weight=1.35924
internal_count=5120
is_linear=0
shrinkage=0.05


Tree=122
num_leaves=4
num_cat=0
split_feature=8 0 0
split_gain=1.29376 1.11022e-16 1.11022e-16
threshold=1.0000000180025095e-35 686.43000000000018 240.74500000000003
decision_type=2 2 2
left_child=1 -1 -2
right_child=2 -3 -4
leaf_value=-0.050006998706227157 0.050097463309913694 -0.050006998706227081 0.050097463309914103
leaf_weight=0.41643802961334586 0.099026824696920812 0.2552362116985023 0.52231795771513134
leaf_count=2976 51 1824 269
internal_value=-0.001903 -0.050007 0.0500975
internal_weight=1.29302 0.671674 0.621345
internal_count=5120 4800 320
is_linear=0
shrinkage=0.05


Tree=123
num_leaves=8
num_cat=0
split_feature=8 0 0 0 11 0 3
split_gain=1.2306 2.22045e-16 1.11022e-16 5.55112e-17 5.55112e-17 2.77556e-17 1.73472e-18
threshold=1.0000000180025095e-35 613.1350000000001 390.64000000000004 589.35500000000013 -1.7184660434722898 312.18500000000006 51.500000000000007
decision_type=2 2 2 2 2 2 2
left_child=1 3 5 4 -1 -2 -5
right_child=2 -3 -4 6 -6 -7 -8
leaf_value=-0.050006657816544266 0.050092701144593188 -0.05000665781654428 0.050092701144593355 -0.050006657816538104 -0.050006657816544009 0.050092701144592702 -0.050006657816526558
leaf_weight=0.25184118648758158 0.16439863271079957 0.2667493328335695 0.36389360274188221 0.0078533985215472057 0.10968136240262538 0.062803972046822309 0.0027952774398727351
leaf_count=1892 89 2004 197 59 824 34 21
internal_value=-0.00190296 -0.0500067 0.0500927 -0.0500067 -0.0500067 0.0500927 -0.0500067
internal_weight=1.23002 0.638921 0.591096 0.372171 0.361523 0.227203 0.0106487
internal_count=5120 4800 320 2796 2716 123 80
is_linear=0
shrinkage=0.05


Tree=124
num_leaves=4
num_cat=0
split_feature=8 0 0
split_gain=1.17053 1.11022e-16 3.46945e-18
threshold=1.0000000180025095e-35 1996.4650000000004 2908.4000000000005
decision_type=2 2 2
left_child=1 -1 -3
right_child=-2 2 -4
leaf_value=-0.050006332542129418 0.050088173916499862 -0.050006332542127323 -0.050006332542123347
leaf_weight=0.57686924078734592 0.56231766939163208 0.022791146475356072 0.0081035187467932701
leaf_count=4556 320 180 64
internal_value=-0.00190293 -0.0500063 -0.0500063
internal_weight=1.17008 0.607764 0.0308947
internal_count=5120 4800 244
is_linear=0
shrinkage=0.05


Tree=125
num_leaves=8
num_cat=0
split_feature=8 0 0 0 3 0 3
split_gain=1.11339 1.11022e-16 1.11022e-16 5.55112e-17 3.46945e-18 1.73472e-18 8.67362e-19
threshold=1.0000000180025095e-35 2613.0950000000007 54970.885000000009 31755.965000000004 54.500000000000007 3562.1250000000005 46.500000000000007
decision_type=2 2 2 2 2 2 2
left_child=1 -1 3 -2 5 6 -3
right_child=2 4 -4 -5 -6 -7 -8
leaf_value=-0.050006022873629513 0.050083863569762632 -0.050006022873617745 0.050083863569762001 0.050083863569762493 -0.050006022873610716 -0.050006022873608835 -0.05000602287361422
leaf_weight=0.56560033233836293 0.3075893372297287 0.0042155050323344767 0.063523884862661362 0.16382475569844246 0.0026497460203245291 0.0024088600184768438 0.0032519610249437392
leaf_count=4696 184 35 38 98 22 20 27
internal_value=-0.00190289 -0.050006 0.0500839 0.0500839 -0.050006 -0.050006 -0.050006
internal_weight=1.11306 0.578126 0.534938 0.471414 0.0125261 0.00987633 0.00746747
internal_count=5120 4800 320 282 104 82 62
is_linear=0
shrinkage=0.05


Tree=126
num_leaves=7
num_cat=0
split_feature=8 0 0 10 3 10
split_gain=1.05904 1.11022e-16 1.11022e-16 1.11022e-16 1.38778e-17 3.46945e-18
threshold=1.0000000180025095e-35 3562.1250000000005 46495.430000000008 5.2992300987243661 84.000000000000014 5.3213262557983407
decision_type=2 2 2 2 2 2
left_child=1 3 -2 -1 -4 -5
right_child=2 -3 4 5 -6 -7
leaf_value=-0.050005731496807128 0.050079770765013736 -0.050005731496789052 0.05007977076501318 -0.050005731496801258 0.050079770765012813 -0.050005731496804588
leaf_weight=0.51991674826422241 0.38802808756008744 0.0027496698894537977 0.073152836179360747 0.0083635792470886372 0.047708371421322227 0.018903980489994865
leaf_count=4538 244 24 46 73 30 165
internal_value=-0.00190286 -0.0500057 0.0500798 -0.0500057 0.0500798 -0.0500057
internal_weight=1.05882 0.549934 0.508889 0.547184 0.120861 0.0272676
internal_count=5120 4800 320 4776 76 238
is_linear=0
shrinkage=0.05


Tree=127
num_leaves=4
num_cat=0
split_feature=8 0 0
split_gain=1.00735 1.11022e-16 5.55112e-17
threshold=1.0000000180025095e-35 3562.1250000000005 395.36000000000007
decision_type=2 2 2
left_child=1 -1 -2
right_child=2 -3 -4
leaf_value=-0.050005451165931858 0.050075870589913488 -0.050005451165912852 0.050075870589913578
leaf_weight=0.52050063729984686 0.19061721442267299 0.0026155810919590286 0.29348999680951238
leaf_count=4776 126 24 194
internal_value=-0.00190283 -0.0500055 0.0500759
internal_weight=1.00722 0.523116 0.484107
internal_count=5120 4800 320
is_linear=0
shrinkage=0.05


Tree=128
num_leaves=6
num_cat=0
split_feature=8 0 0 0 3
split_gain=0.958182 1.11022e-16 5.55112e-17 6.93889e-18 3.46945e-18
threshold=1.0000000180025095e-35 1696.9200000000003 51234.365000000013 2193.5550000000003 38.500000000000007
decision_type=2 2 2 2 2
left_child=1 -1 -2 4 -3
right_child=2 3 -4 -5 -6
leaf_value=-0.050005183178511652 0.050072167201735733 -0.050005183178503589 0.050072167201735254 -0.05000518317850914 -0.050005183178508342
leaf_weight=0.4577976493164897 0.37849827576428652 0.0061164088110672301 0.082031945697963238 0.019074902054853737 0.014617180378991179
leaf_count=4416 263 59 57 184 141
internal_value=-0.0019028 -0.0500052 0.0500722 -0.0500052 -0.0500052
internal_weight=0.958136 0.497606 0.46053 0.0398085 0.0207336
internal_count=5120 4800 320 384 200
is_linear=0
shrinkage=0.05


Tree=129
num_leaves=5
num_cat=0
split_feature=8 0 0 0
split_gain=0.911417 5.55112e-17 5.55112e-17 2.77556e-17
threshold=1.0000000180025095e-35 3562.1250000000005 390.64000000000004 329.94500000000005
decision_type=2 2 2 2
left_child=1 -1 3 -2
right_child=2 -3 -4 -5
leaf_value=-0.050004932415576825 0.050068638539434107 -0.050004932415555814 0.050068638539434288 0.05006863853943281
leaf_weight=0.47097323747584596 0.1382753086509183 0.0023666996858082703 0.26970530499238521 0.030119374161586165
leaf_count=4776 101 24 197 22
internal_value=-0.00190277 -0.0500049 0.0500686 0.0500686
internal_weight=0.91144 0.47334 0.4381 0.168395
internal_count=5120 4800 320 123
is_linear=0
shrinkage=0.05


Tree=130
num_leaves=7
num_cat=0
split_feature=8 0 0 0 4 3
split_gain=0.866936 1.11022e-16 5.55112e-17 5.55112e-17 6.93889e-18 1.73472e-18
threshold=1.0000000180025095e-35 357.21500000000009 2379.4000000000001 1369.0300000000002 1.3550000000000002 50.500000000000007
decision_type=2 2 2 2 2 2
left_child=2 -2 3 -1 -5 -4
right_child=1 -3 5 4 -6 -7
leaf_value=-0.050004692738123371 0.050065288102074348 0.050065288102074515 -0.05000469273811789 -0.050004692738122317 -0.050004692738112172 -0.050004692738112602
leaf_weight=0.38984750106465071 0.14456389553379267 0.27219688438344747 0.0089113360445480794 0.042493002401897684 0.0044087662536185226 0.0045963733282405892
leaf_count=4156 111 209 95 453 47 49
internal_value=-0.00190274 0.0500653 -0.0500047 -0.0500047 -0.0500047 -0.0500047
internal_weight=0.867018 0.416761 0.450257 0.436749 0.0469018 0.0135077
internal_count=5120 320 4800 4656 500 144
is_linear=0
shrinkage=0.05


Tree=131
num_leaves=8
num_cat=0
split_feature=8 0 0 0 0 0 4
split_gain=0.824627 5.55112e-17 5.55112e-17 3.46945e-18 1.73472e-18 1.73472e-18 8.67362e-19
threshold=1.0000000180025095e-35 2112.2550000000006 54970.885000000009 2493.6050000000005 3562.1250000000005 2908.4000000000005 1.0550000000000004
decision_type=2 2 2 2 2 2 2
left_child=1 -1 -2 6 5 -5 -3
right_child=2 3 -4 4 -6 -7 -8
leaf_value=-0.050004460371676863 0.050062100741515972 -0.050004460371667163 0.050062100741515063 -0.050004460371667642 -0.050004460371653618 -0.050004460371662979 -0.050004460371652619
leaf_weight=0.41009687259793282 0.34938014228828251 0.0050860578194260589 0.047079593641683459 0.0053537450730800629 0.002141498029232026 0.0035691633820533752 0.0020522689446806908
leaf_count=4596 282 57 38 60 24 40 23
internal_value=-0.00190272 -0.0500045 0.0500621 -0.0500045 -0.0500045 -0.0500045 -0.0500045
internal_weight=0.824759 0.4283 0.39646 0.0182027 0.0110644 0.00892291 0.00713833
internal_count=5120 4800 320 204 124 100 80
is_linear=0
shrinkage=0.05


Tree=132
num_leaves=5
num_cat=0
split_feature=8 0 0 0
split_gain=0.784384 5.55112e-17 5.55112e-17 5.55112e-17
threshold=1.0000000180025095e-35 1505.4850000000004 54970.885000000009 390.64000000000004
decision_type=2 2 2 2
left_child=1 -1 3 -2
right_child=2 -3 -4 -5
leaf_value=-0.050004243281107121 0.050059072810238595 -0.050004243281106135 0.050059072810237817 0.050059072810238671
leaf_weight=0.36293700596434064 0.14496565342415124 0.044475909991888329 0.044786136830225587 0.18739462515804917
leaf_count=4276 123 524 38 159
internal_value=-0.00190269 -0.0500042 0.0500591 0.0500591
internal_weight=0.784559 0.407413 0.377146 0.33236
internal_count=5120 4800 320 282
is_linear=0
shrinkage=0.05


Tree=133
num_leaves=5
num_cat=0
split_feature=8 0 4 4
split_gain=0.746106 5.55112e-17 5.55112e-17 1.38778e-17
threshold=1.0000000180025095e-35 2908.4000000000005 16.445000000000004 22.360000000000003
decision_type=2 2 2 2
left_child=1 -1 -2 -4
right_child=2 -3 3 -5
leaf_value=-0.050004041774191849 0.050056179495278387 -0.050004041774182308 0.050056179495277499 0.050056179495276326
leaf_weight=0.38237743452191353 0.28926068963482976 0.0051672626286745063 0.047088949475437403 0.022423309274017811
leaf_count=4736 258 64 42 20
internal_value=-0.00190267 -0.050004 0.0500562 0.0500562
internal_weight=0.746318 0.387545 0.358773 0.0695123
internal_count=5120 4800 320 62
is_linear=0
shrinkage=0.05


Tree=134
num_leaves=5
num_cat=0
split_feature=8 0 0 0
split_gain=0.709698 5.55112e-17 5.55112e-17 4.33681e-19
threshold=1.0000000180025095e-35 3135.9200000000005 46495.430000000008 3562.1250000000005
decision_type=2 2 2 2
left_child=1 -1 -2 -3
right_child=2 3 -4 -5
leaf_value=-0.050003841611904222 0.050053440855402781 -0.050003841611871824 0.050053440855402358 -0.050003841611877223
leaf_weight=0.36526610740111209 0.26023636106401682 0.0015360223187599322 0.081057227216660976 0.0018432267825119197
leaf_count=4756 244 20 76 24
internal_value=-0.00190265 -0.0500038 0.0500534 -0.0500038
internal_weight=0.709939 0.368645 0.341294 0.00337925
internal_count=5120 4800 320 44
is_linear=0
shrinkage=0.05


Tree=135
num_leaves=5
num_cat=0
split_feature=8 0 0 0
split_gain=0.675066 5.55112e-17 5.55112e-17 3.46945e-18
threshold=1.0000000180025095e-35 1732.8350000000003 386.35000000000008 1768.1150000000002
decision_type=2 2 2 2
left_child=1 -1 -2 -3
right_child=2 3 -4 -5
leaf_value=-0.050003655121826453 0.050050830965810894 -0.050003655121792417 0.050050830965811061 -0.050003655121824621
leaf_weight=0.32407528036856093 0.12276395689696074 0.001461114879930391 0.20190105307847261 0.025131175934802741
leaf_count=4436 121 20 199 344
internal_value=-0.00190263 -0.0500037 0.0500508 -0.0500037
internal_weight=0.675333 0.350668 0.324665 0.0265923
internal_count=5120 4800 320 364
is_linear=0
shrinkage=0.05


Tree=136
num_leaves=6
num_cat=0
split_feature=8 0 0 4 0
split_gain=0.642126 5.55112e-17 5.55112e-17 5.55112e-17 2.77556e-17
threshold=1.0000000180025095e-35 54970.885000000009 46495.430000000008 0.25500000000000006 259.82000000000005
decision_type=2 2 2 2 2
left_child=3 2 4 -1 -2
right_child=1 -3 -4 -5 -6
leaf_value=-0.050003476058696532 0.050048350419620184 0.050048350419619608 0.050048350419619608 -0.050003476058697906 0.050048350419620684
leaf_weight=0.032453237137815449 0.063699455349706113 0.036675443989224732 0.036675443989224732 0.30111322594893863 0.17179550079163164
leaf_count=467 66 38 38 4333 178
internal_value=-0.00190261 0.0500484 0.0500484 -0.0500035 0.0500484
internal_weight=0.642412 0.308846 0.27217 0.333566 0.235495
internal_count=5120 320 282 4800 244
is_linear=0
shrinkage=0.05


Tree=137
num_leaves=6
num_cat=0
split_feature=8 0 0 0 4
split_gain=0.610794 5.55112e-17 5.55112e-17 2.77556e-17 6.93889e-18
threshold=1.0000000180025095e-35 1531.9000000000003 343.43500000000006 46495.430000000008 1.1150000000000004
decision_type=2 2 2 2 2
left_child=1 -1 -2 -4 -3
right_child=2 4 3 -5 -6
leaf_value=-0.050003307552766302 0.050045992881674634 -0.050003307552764414 0.050045992881674745 0.050045992881674432 -0.050003307552760959
leaf_weight=0.28398285963339731 0.098238288832362741 0.024260174461232964 0.12578173429938033 0.069776728516444564 0.0090562504119588993
leaf_count=4296 107 367 137 76 137
internal_value=-0.00190259 -0.0500033 0.050046 0.050046 -0.0500033
internal_weight=0.611096 0.317299 0.293797 0.195558 0.0333164
internal_count=5120 4800 320 213 504
is_linear=0
shrinkage=0.05


Tree=138
num_leaves=4
num_cat=0
split_feature=8 0 3
split_gain=0.580991 5.55112e-17 6.93889e-18
threshold=1.0000000180025095e-35 1388.5650000000003 66.500000000000014
decision_type=2 2 2
left_child=1 -1 -3
right_child=-2 2 -4
leaf_value=-0.050003141560812848 0.050043743581503146 -0.050003141560811717 -0.050003141560781256
leaf_weight=0.26258808339480311 0.27948034927248955 0.037665292613382917 0.0015720072042313396
leaf_count=4176 320 599 25
internal_value=-0.00190257 -0.0500031 -0.0500031
internal_weight=0.581306 0.301825 0.0392373
internal_count=5120 4800 624
is_linear=0
shrinkage=0.05


Tree=139
num_leaves=8
num_cat=0
split_feature=8 0 0 0 0 0 4
split_gain=0.552643 5.55112e-17 5.55112e-17 2.77556e-17 2.77556e-17 6.93889e-18 6.93889e-18
threshold=1.0000000180025095e-35 122.51000000000001 51234.365000000013 37751.035000000011 31755.965000000004 119.56000000000002 14.655000000000003
decision_type=2 2 2 2 2 2 2
left_child=1 5 3 4 -2 -1 -4
right_child=2 -3 6 -5 -6 -7 -8
leaf_value=-0.050002989390066283 0.050041609149612767 -0.050002989390067525 0.050041609149611213 0.05004160914961208 0.050041609149610082 -0.050002989390027945 0.050041609149610693
leaf_weight=0.034512539194111014 0.15287006692960858 0.25133741714671487 0.026586098596453667 0.049018119287211448 0.016616311622783542 0.0012560889481392215 0.020770389528479427
leaf_count=577 184 4202 32 59 20 21 25
internal_value=-0.00190255 -0.050003 0.0500416 0.0500416 0.0500416 -0.050003 0.0500416
internal_weight=0.552967 0.287106 0.265861 0.218504 0.169486 0.0357686 0.0473565
internal_count=5120 4800 320 263 204 598 57
is_linear=0
shrinkage=0.05


Tree=140
num_leaves=9
num_cat=0
split_feature=8 0 0 3 0 3 3 3
split_gain=0.525679 5.55112e-17 5.55112e-17 6.93889e-18 1.73472e-18 1.73472e-18 8.67362e-19 8.67362e-19
threshold=1.0000000180025095e-35 2269.8150000000005 51234.365000000013 16.500000000000004 3562.1250000000005 57.500000000000007 35.500000000000007 45.500000000000007
decision_type=2 2 2 2 2 2 2 2
left_child=1 -1 -2 -4 5 6 -3 -8
right_child=2 4 3 -5 -6 -7 7 -9
leaf_value=-0.050002845329487372 0.050039579537746993 -0.050002845329455009 0.050039579537745321 0.0500395795377446 -0.050002845329450908 -0.050002845329449347 -0.050002845329463141 -0.050002845329471281
leaf_weight=0.26377342488558497 0.20785613154293969 0.0015362127851403784 0.026080807379912585 0.018967859912663698 0.0013655224756803372 0.0013086257058603223 0.0020482837135205045 0.0030724255702807568
leaf_count=4636 263 27 33 24 24 23 36 54
internal_value=-0.00190254 -0.0500028 0.0500396 0.0500396 -0.0500028 -0.0500028 -0.0500028 -0.0500028
internal_weight=0.526009 0.273104 0.252905 0.0450487 0.00933107 0.00796555 0.00665692 0.00512071
internal_count=5120 4800 320 57 164 140 117 90
is_linear=0
shrinkage=0.05


Tree=141
num_leaves=5
num_cat=0
split_feature=8 8 11 0
split_gain=0.500031 5.55112e-17 5.55112e-17 1.38778e-17
threshold=1.0000000180025095e-35 4.9324686527252206 -2.0179753303527828 320.13000000000005
decision_type=2 2 2 2
left_child=2 -2 -1 -3
right_child=1 3 -4 -5
leaf_value=-0.050002708888758074 0.050037647057730165 0.050037647057728424 -0.050002708888764562 0.050037647057729721
leaf_weight=0.0074688394743134259 0.15186583809554577 0.024057954549789429 0.25231688137137098 0.06465575285255909
leaf_count=138 202 32 4662 86
internal_value=-0.00190252 0.0500376 -0.0500027 0.0500376
internal_weight=0.500365 0.24058 0.259786 0.0887137
internal_count=5120 320 4800 118
is_linear=0
shrinkage=0.05


Tree=142
num_leaves=7
num_cat=0
split_feature=8 0 0 0 0 3
split_gain=0.475635 2.77556e-17 2.77556e-17 2.77556e-17 2.77556e-17 3.46945e-18
threshold=1.0000000180025095e-35 2051.3850000000007 613.1350000000001 54970.885000000009 46495.430000000008 53.500000000000007
decision_type=2 2 2 2 2 2
left_child=1 2 -1 4 -2 -3
right_child=3 5 -4 -5 -6 -7
leaf_value=-0.050002575711793541 0.050035807494611298 -0.050002575711788046 -0.050002575711793354 0.050035807494609744 0.050035807494609744 -0.050002575711777131
leaf_weight=0.14394533605081961 0.17450157878920436 0.008546110795577988 0.091639019374269992 0.027176475385203958 0.027176475385203958 0.0029859905189368883
leaf_count=2796 244 166 1780 38 38 58
internal_value=-0.00190251 -0.0500026 -0.0500026 0.0500358 0.0500358 -0.0500026
internal_weight=0.475971 0.247116 0.235584 0.228855 0.201678 0.0115321
internal_count=5120 4800 4576 320 282 224
is_linear=0
shrinkage=0.05


Tree=143
num_leaves=10
num_cat=0
split_feature=8 0 0 4 14 4 8 0 4
split_gain=0.45243 2.77556e-17 2.77556e-17 2.77556e-17 2.77556e-17 1.38778e-17 3.46945e-18 1.73472e-18 1.73472e-18
threshold=1.0000000180025095e-35 1996.4650000000004 365.99000000000007 21.050000000000001 6.7181849479675302 15.505000000000003 4.7437143325805673 3562.1250000000005 1.2050000000000003
decision_type=2 2 2 2 2 2 2 2 2
left_child=1 4 -2 5 -1 -4 -7 8 -3
right_child=2 7 3 -5 -6 6 -8 -9 -10
leaf_value=-0.050002447759827498 0.050034065698070229 -0.050002447759822335 0.05003406569807034 0.050034065698068057 -0.050002447759827651 0.050034065698067211 0.050034065698067821 -0.050002447759785455 -0.050002447759803108
leaf_weight=0.092263022786937654 0.076875511440448463 0.0087659666023682803 0.093203053693287075 0.017688170773908496 0.13085286458954215 0.013606285210698843 0.016327542252838612 0.0011753251310437926 0.0020078470988664785
leaf_count=1884 113 179 137 26 2672 20 24 24 41
internal_value=-0.00190249 -0.0500024 0.0500341 0.0500341 -0.0500024 0.0500341 0.0500341 -0.0500024 -0.0500024
internal_weight=0.452766 0.235065 0.217701 0.140825 0.223116 0.123137 0.0299338 0.0119491 0.0107738
internal_count=5120 4800 320 207 4556 181 44 244 220
is_linear=0
shrinkage=0.05


Tree=144
num_leaves=5
num_cat=0
split_feature=8 0 0 0
split_gain=0.430357 2.77556e-17 2.77556e-17 3.46945e-18
threshold=1.0000000180025095e-35 3562.1250000000005 224.79000000000002 170.40500000000003
decision_type=2 2 2 2
left_child=1 -1 3 -2
right_child=2 -3 -4 -5
leaf_value=-0.050002331156519725 0.050032402253125025 -0.05000233115647526 0.050032402253127828 0.050032402253124254
leaf_weight=0.22248328287969343 0.016178897931240499 0.0011180064466316244 0.17796787724364549 0.012943118344992399
leaf_count=4776 25 24 275 20
internal_value=-0.00190248 -0.0500023 0.0500324 0.0500324
internal_weight=0.430691 0.223601 0.20709 0.029122
internal_count=5120 4800 320 45
is_linear=0
shrinkage=0.05


Tree=145
num_leaves=11
num_cat=0
split_feature=8 0 0 0 3 0 0 0 4 0
split_gain=0.409361 5.55112e-17 2.77556e-17 1.38778e-17 1.38778e-17 6.93889e-18 6.93889e-18 6.93889e-18 6.93889e-18 3.46945e-18
threshold=1.0000000180025095e-35 926.85500000000013 386.35000000000008 285.30500000000006 40.500000000000007 142.85000000000005 3135.9200000000005 2269.8150000000005 19.575000000000006 323.16500000000002
decision_type=2 2 2 2 2 2 2 2 2 2
left_child=1 -1 3 5 -4 -2 7 -3 -6 -5
right_child=2 6 4 9 8 -7 -8 -9 -10 -11
leaf_value=-0.050002212583186038 0.050030819355175039 -0.050002212583185296 0.050030819355178474 0.050030819355175227 0.05003081935517744 0.050030819355177628 -0.050002212583160732 -0.050002212583176969 0.050030819355175407 0.050030819355175851
leaf_weight=0.1584589729027357 0.012312254402786493 0.046970500916359015 0.078798428177833557 0.012927867122925818 0.030165023286826909 0.033858699607662857 0.0019497189059620714 0.0053174151980783782 0.013543479843065143 0.015390318003483117
leaf_count=3576 20 1060 128 21 49 55 44 120 22 25
internal_value=-0.00190247 -0.0500022 0.0500308 0.0500308 0.0500308 0.0500308 -0.0500022 -0.0500022 0.0500308 0.0500308
internal_weight=0.409693 0.212697 0.196996 0.0744891 0.122507 0.046171 0.0542376 0.0522879 0.0437085 0.0283182
internal_count=5120 4800 320 121 199 75 1224 1180 71 46
is_linear=0
shrinkage=0.05


Tree=146
num_leaves=7
num_cat=0
split_feature=8 0 3 0 0 0
split_gain=0.38939 2.77556e-17 2.77556e-17 6.93889e-18 1.73472e-18 1.73472e-18
threshold=1.0000000180025095e-35 853.8950000000001 34.500000000000007 1800.7250000000001 2908.4000000000005 2493.6050000000005
decision_type=2 2 2 2 2 2
left_child=1 -1 -2 -3 5 -5
right_child=2 3 -4 4 -6 -7
leaf_value=-0.050002110248167433 0.05002931723203137 -0.050002110248166656 0.050029317232031273 -0.050002110248161848 -0.050002110248149226 -0.050002110248147984
leaf_weight=0.14398702493053861 0.10248106555081904 0.044679814527626149 0.084912882884964347 0.008430153684457764 0.0026976491790264854 0.0025290461053373301
leaf_count=3416 175 1060 145 200 64 60
internal_value=-0.00190245 -0.0500021 0.0500293 -0.0500021 -0.0500021 -0.0500021
internal_weight=0.389718 0.202324 0.187394 0.0583367 0.0136568 0.0109592
internal_count=5120 4800 320 1384 324 260
is_linear=0
shrinkage=0.05


Tree=147
num_leaves=4
num_cat=0
split_feature=8 8 0
split_gain=0.370394 5.55112e-17 2.77556e-17
threshold=1.0000000180025095e-35 -0.86265724897384632 51234.365000000013
decision_type=2 2 2
left_child=1 -1 -2
right_child=2 -3 -4
leaf_value=-0.050002005214282247 0.050027883313270807 -0.050002005214282608 0.050027883313269565
leaf_weight=0.065756016701925546 0.14650711789727211 0.12670061754761264 0.031752493232488632
leaf_count=1640 263 3160 57
internal_value=-0.00190244 -0.050002 0.0500279
internal_weight=0.370716 0.192457 0.17826
internal_count=5120 4800 320
is_linear=0
shrinkage=0.05


Tree=148
num_leaves=3
num_cat=0
split_feature=8 0
split_gain=0.352324 2.77556e-17
threshold=1.0000000180025095e-35 2493.6050000000005
decision_type=2 2
left_child=1 -1
right_child=-2 -3
leaf_value=-0.0500019077103162 0.050026522081321273 -0.050001907710305916
leaf_weight=0.1783414258970879 0.16957027837634087 0.0047293278039433053
leaf_count=4676 320 124
internal_value=-0.00190243 -0.0500019
internal_weight=0.352641 0.183071
internal_count=5120 4800
is_linear=0
shrinkage=0.05


Tree=149
num_leaves=7
num_cat=0
split_feature=8 0 0 4 0 3
split_gain=0.335137 2.77556e-17 2.77556e-17 3.46945e-18 8.67362e-19 8.67362e-19
threshold=1.0000000180025095e-35 2269.8150000000005 51234.365000000013 16.445000000000004 2908.4000000000005 41.500000000000007
decision_type=2 2 2 2 2 2
left_child=1 -1 -2 -4 5 -3
right_child=2 4 3 -5 -6 -7
leaf_value=-0.050001814992863575 0.050025231066336086 -0.050001814992827631 0.050025231066333775 0.050025231066331499 -0.050001814992842335 -0.050001814992841648
leaf_weight=0.16819273978762794 0.13257197669008747 0.0013786290146526872 0.018650810408871621 0.010081519139930606 0.002321901498362422 0.0022493420765385963
leaf_count=4636 263 38 37 20 64 62
internal_value=-0.00190242 -0.0500018 0.0500252 0.0500252 -0.0500018 -0.0500018
internal_weight=0.335447 0.174143 0.161304 0.0287323 0.00594987 0.00362797
internal_count=5120 4800 320 57 164 100
is_linear=0
shrinkage=0.05


end of trees

feature_importances:
amount=360
target_emb_0=196
session_duration_sec=59
ratio_to_daily_avg=56
target_emb_1=24
target_emb_2=15
target_emb_3=11
target_emb_6=8
target_emb_7=8
target_emb_9=5
target_emb_12=5
target_emb_5=4
target_emb_4=3
target_emb_8=3
target_emb_10=2
target_emb_11=2
target_emb_14=2
target_emb_15=2
is_first_time_transfer=1

parameters:
[boosting: gbdt]
[objective: binary]
[metric: binary_logloss]
[tree_learner: serial]
[device_type: cpu]
[data_sample_strategy: bagging]
[data: ]
[valid: ]
[num_iterations: 150]
[learning_rate: 0.05]
[num_leaves: 31]
[num_threads: 8]
[seed: 42]
[deterministic: 0]
[force_col_wise: 0]
[force_row_wise: 0]
[histogram_pool_size: -1]
[max_depth: 6]
[min_data_in_leaf: 20]
[min_sum_hessian_in_leaf: 0.001]
[bagging_fraction: 1]
[pos_bagging_fraction: 1]
[neg_bagging_fraction: 1]
[bagging_freq: 0]
[bagging_seed: 400]
[bagging_by_query: 0]
[feature_fraction: 1]
[feature_fraction_bynode: 1]
[feature_fraction_seed: 30056]
[extra_trees: 0]
[extra_seed: 12879]
[early_stopping_round: 0]
[early_stopping_min_delta: 0]
[first_metric_only: 0]
[max_delta_step: 0]
[lambda_l1: 0]
[lambda_l2: 0]
[linear_lambda: 0]
[min_gain_to_split: 0]
[drop_rate: 0.1]
[max_drop: 50]
[skip_drop: 0.5]
[xgboost_dart_mode: 0]
[uniform_drop: 0]
[drop_seed: 17869]
[top_rate: 0.2]
[other_rate: 0.1]
[min_data_per_group: 100]
[max_cat_threshold: 32]
[cat_l2: 10]
[cat_smooth: 10]
[max_cat_to_onehot: 4]
[top_k: 20]
[monotone_constraints: ]
[monotone_constraints_method: basic]
[monotone_penalty: 0]
[feature_contri: ]
[forcedsplits_filename: ]
[refit_decay_rate: 0.9]
[cegb_tradeoff: 1]
[cegb_penalty_split: 0]
[cegb_penalty_feature_lazy: ]
[cegb_penalty_feature_coupled: ]
[path_smooth: 0]
[interaction_constraints: ]
[verbosity: 1]
[saved_feature_importance_type: 0]
[use_quantized_grad: 0]
[num_grad_quant_bins: 4]
[quant_train_renew_leaf: 0]
[stochastic_rounding: 1]
[linear_tree: 0]
[max_bin: 255]
[max_bin_by_feature: ]
[min_data_in_bin: 3]
[bin_construct_sample_cnt: 200000]
[data_random_seed: 175]
[is_enable_sparse: 1]
[enable_bundle: 1]
[use_missing: 1]
[zero_as_missing: 0]
[feature_pre_filter: 1]
[pre_partition: 0]
[two_round: 0]
[header: 0]
[label_column: ]
[weight_column: ]
[group_column: ]
[ignore_column: ]
[categorical_feature: ]
[forcedbins_filename: ]
[precise_float_parser: 0]
[parser_config_file: ]
[objective_seed: 16083]
[num_class: 1]
[is_unbalance: 0]
[scale_pos_weight: 1]
[sigmoid: 1]
[boost_from_average: 1]
[reg_sqrt: 0]
[alpha: 0.9]
[fair_c: 1]
[poisson_max_delta_step: 0.7]
[tweedie_variance_power: 1.5]
[lambdarank_truncation_level: 30]
[lambdarank_norm: 1]
[label_gain: ]
[lambdarank_position_bias_regularization: 0]
[eval_at: ]
[multi_error_top_k: 1]
[auc_mu_weights: ]
[num_machines: 1]
[local_listen_port: 12400]
[time_out: 120]
[machine_list_filename: ]
[machines: ]
[gpu_platform_id: -1]
[gpu_device_id: -1]
[gpu_device_id_list: ]
[gpu_use_dp: 0]
[num_gpu: 1]

end of parameters

pandas_categorical:[]
