tree
version=v4
num_class=1
num_tree_per_iteration=1
label_index=0
max_feature_idx=5
objective=regression
feature_names=days_to_payday fixed_due_in_7d is_weekend spend_lag_1 spend_lag_3 spend_lag_7
feature_infos=[0:29] [0:1] [0:1] [104.01000000000001:14484.923169481037] [104.01000000000001:14484.923169481037] [104.01000000000001:14484.923169481037]
tree_sizes=2695 2734 2728 2726 2731 2719 2627 2718 2635 2716 2634 2654 2626 2634 2555 2644 2561 2559 2551 2563 2560 2706 2566 2549 2474 2707 2560 2629 2550 2625 2634 2623 2722 2622 2640 2554 2636 2709 2542 2720 2467 2537 2719 2545 2470 2654 2467 2317 1971 2412 2289 2060 2209 2455 2303 2477 2284 2147 2242 2290 2332 2400 2414 2079 2063 2219 1825 1650 2069 1495 1490 1498 1581 1408 1581 1508 1312 1415 1325 1332 1502 1325 1163 1163 1802 1144 1226 1499 1315 1459 1477 1148 1583 1221 978 1594 1143 1682 1490 1135

Tree=0
num_leaves=31
num_cat=0
split_feature=0 0 2 4 2 4 3 0 0 0 0 2 4 4 5 3 4 3 4 5 3 4 5 3 4 4 4 5 4 3
split_gain=3.80071e+09 7.68839e+09 1.96774e+09 1.78277e+09 8.32592e+08 8.53005e+07 6.43795e+07 4.40427e+07 1.22192e+08 3.53674e+07 1.60465e+08 3.1635e+07 1.55349e+07 1.01309e+07 8.9654e+06 2.63326e+06 2.57893e+06 2.33022e+06 1.78964e+06 1.29339e+06 1.18988e+06 891961 308473 55889.5 28383.7 20617.3 24872.4 20234.2 19873 10737.8
threshold=26.500000000000004 27.500000000000004 1.0000000180025095e-35 517.93500000000006 1.0000000180025095e-35 273.86500000000007 347.60500000000008 22.500000000000004 23.500000000000004 22.500000000000004 23.500000000000004 1.0000000180025095e-35 327.43500000000006 1631.9650000000004 1437.595 1474.0400000000002 293.59500000000008 211.04000000000002 370.87500000000006 360.78500000000003 1977.9650000000004 321.58500000000004 394.29500000000007 356.56500000000005 236.66000000000003 414.63000000000005 419.96000000000009 456.50000000000006 1631.9650000000004 451.43000000000006
decision_type=2 2 2 2 2 2 2 2 2 2 2 2 2 2 2 2 2 2 2 2 2 2 2 2 2 2 2 2 2 2
left_child=4 2 3 5 9 -2 12 15 16 25 22 23 -4 -5 -8 17 -9 -6 -10 -13 -17 -21 -11 28 -12 27 -27 -1 -3 -25
right_child=1 11 6 13 7 -7 14 8 18 10 24 19 -14 -15 -16 20 -18 -19 -20 21 -22 -23 -24 29 -26 26 -28 -29 -30 -31
leaf_value=731.41383550817443 784.21669967820378 730.57521416756379 1260.9319005665607 1143.4956931400354 751.86291638959324 875.94048538171637 1172.4262371902937 835.18244557562878 756.13512348669792 794.54597981725033 729.29299671219053 750.13177752614126 1209.6259375131754 1182.3230999596967 1132.1203429937623 769.836373169034 819.05606374225567 763.25803439473805 765.16294011315802 755.78854705318145 762.45150492058463 766.14845157842387 800.98648115950391 732.10375196818654 731.21711407085434 730.19385820215871 731.2199577234345 730.91062488204125 731.79309658096497 731.39579361605354
leaf_weight=3753 31 206 25 42 46 139 37 35 85 97 20 26 36 28 22 225 85 1817 155 31 72 63 23 151 460 61 1855 211 40 83
leaf_count=3753 31 206 25 42 46 139 37 35 85 97 20 26 36 28 22 225 85 1817 155 31 72 63 23 151 460 61 1855 211 40 83
internal_value=752.073 846.644 1029.32 946.66 741.986 859.214 1194.64 766.372 782.564 732.502 744.066 737.04 1230.65 1159.03 1157.4 763.674 823.76 762.977 761.966 760.002 768.046 762.732 795.78 731.299 731.137 731.322 731.187 731.387 730.773 731.853
internal_weight=9960 960 360 240 9000 170 120 2520 360 6480 600 600 61 70 59 2160 120 1863 240 120 297 94 120 480 480 5880 1916 3964 246 234
internal_count=9960 960 360 240 9000 170 120 2520 360 6480 600 600 61 70 59 2160 120 1863 240 120 297 94 120 480 480 5880 1916 3964 246 234
is_linear=0
shrinkage=1


Tree=1
num_leaves=31
num_cat=0
split_feature=0 0 2 4 2 3 3 0 0 0 0 2 4 4 5 3 4 3 4 3 4 0 3 3 4 5 4 5 5 5
split_gain=3.43014e+09 6.93878e+09 1.77589e+09 1.60895e+09 7.51414e+08 7.84282e+07 5.81025e+07 3.97485e+07 1.10278e+08 3.19191e+07 1.4482e+08 2.85506e+07 1.40202e+07 9.14309e+06 8.09127e+06 2.37652e+06 2.32748e+06 2.10303e+06 1.61515e+06 1.28104e+06 1.352e+06 1.16004e+06 282188 50440.3 25616.3 19149.4 18665.9 33322 22421.3 10218.8
threshold=26.500000000000004 27.500000000000004 1.0000000180025095e-35 517.93500000000006 1.0000000180025095e-35 369.29500000000007 347.60500000000008 22.500000000000004 23.500000000000004 22.500000000000004 23.500000000000004 1.0000000180025095e-35 327.43500000000006 1631.9650000000004 1437.595 1474.0400000000002 293.59500000000008 211.04000000000002 370.87500000000006 378.56500000000005 314.79000000000002 11.500000000000002 292.75500000000005 356.56500000000005 236.66000000000003 401.79500000000002 277.35000000000008 250.43000000000004 238.30500000000004 363.21000000000009
decision_type=2 2 2 2 2 2 2 2 2 2 2 2 2 2 2 2 2 2 2 2 2 2 2 2 2 2 2 2 2 2
left_child=4 2 3 5 9 -2 12 15 16 26 22 23 -4 -5 -8 17 -9 -6 -10 20 -13 -17 -11 25 -12 -3 28 -28 -1 -25
right_child=1 11 6 13 7 -7 14 8 18 10 24 19 -14 -15 -16 21 -18 -19 -20 -21 -22 -23 -24 29 -26 -27 27 -29 -30 -31
leaf_value=-20.345750294560972 122.46884808694163 -20.052314387730192 483.41576953125008 371.85136021205358 -0.19977622654127039 46.025282652481742 399.33538917335306 78.953777291434164 3.8588201679902916 45.542665672302249 -21.641199951171878 1.4567462213337423 434.67509358723959 408.73739275251114 361.04479203657672 12.546976744717567 63.633714096966912 10.625585685917635 12.435246286699851 -3.6845658211481003 13.949654572757323 18.890880593633266 40.059724183516067 -19.461412692714383 -19.813287763180941 -21.300429873996311 -19.370350490883709 -19.79162482365771 -19.401537033124161 -18.776084828931232
leaf_weight=69 124 210 25 42 46 46 37 35 85 32 20 32 36 28 22 174 85 1817 155 21 67 123 88 148 460 36 523 4580 708 86
leaf_count=69 124 210 25 42 46 46 37 35 85 32 20 32 36 28 22 174 85 1817 155 21 67 123 88 148 460 36 523 4580 708 86
internal_value=-3.09308e-07 89.8425 263.383 184.857 -9.5832 101.784 420.434 13.5841 28.9659 -18.5927 -7.60719 -14.2816 454.651 386.606 385.058 11.0205 68.1021 10.3583 9.39776 7.53222 9.91154 15.1743 41.5218 -19.7351 -19.8895 -20.235 -19.7137 -19.7484 -19.4854 -19.2095
internal_weight=9960 960 360 240 9000 170 120 2520 360 6480 600 600 61 70 59 2160 120 1863 240 120 99 297 120 480 480 246 5880 5103 777 234
internal_count=9960 960 360 240 9000 170 120 2520 360 6480 600 600 61 70 59 2160 120 1863 240 120 99 297 120 480 480 246 5880 5103 777 234
is_linear=0
shrinkage=0.05


Tree=2
num_leaves=31
num_cat=0
split_feature=0 0 2 4 2 4 3 0 0 0 0 2 4 4 5 3 4 0 4 3 4 4 5 3 4 4 5 5 4 3
split_gain=3.0957e+09 6.26224e+09 1.60274e+09 1.45207e+09 6.78151e+08 7.60244e+07 5.24375e+07 3.5873e+07 9.95261e+07 2.8807e+07 1.307e+08 2.57669e+07 1.26533e+07 8.25164e+06 7.30237e+06 2.14481e+06 2.10056e+06 1.92911e+06 1.45767e+06 1.15614e+06 1.22018e+06 1.08516e+06 278576 45522.3 23118.7 18059.7 23759.9 18729.9 17828.4 9608
threshold=26.500000000000004 27.500000000000004 1.0000000180025095e-35 517.93500000000006 1.0000000180025095e-35 273.86500000000007 347.60500000000008 22.500000000000004 23.500000000000004 22.500000000000004 23.500000000000004 1.0000000180025095e-35 327.43500000000006 1631.9650000000004 1437.595 1474.0400000000002 293.59500000000008 6.5000000000000009 370.87500000000006 378.56500000000005 314.79000000000002 421.35000000000008 394.29500000000007 356.56500000000005 236.66000000000003 414.63000000000005 352.53000000000003 254.45000000000002 1631.9650000000004 451.43000000000006
decision_type=2 2 2 2 2 2 2 2 2 2 2 2 2 2 2 2 2 2 2 2 2 2 2 2 2 2 2 2 2 2
left_child=4 2 3 5 9 -2 12 15 16 25 22 23 -4 -5 -8 17 -9 -6 -10 20 -13 -17 -11 28 -12 27 -27 -1 -3 -25
right_child=1 11 6 13 7 -7 14 8 18 10 24 19 -14 -15 -16 21 -18 -19 -20 -21 -22 -23 -24 29 -26 26 -28 -29 -30 -31
leaf_value=-18.371103460874782 25.892428096648185 -19.410782934392543 459.24497265624996 353.25879603794647 12.160470020731619 112.48539552757209 379.36860615498313 75.00608834402901 3.6658791295219872 38.272664760314314 -20.559140014648438 1.3839087357744575 412.94134046766499 388.30052751813616 342.99254594282672 15.249206464791644 60.452028359805837 8.7245952801858859 11.81348469641901 -3.5003378368559339 13.252171331377173 3.4587480090913321 44.393107206925102 -18.011527247144688 -18.82262451171875 -19.028286926805482 -18.676120190680784 -18.70699156753798 -18.257248725891113 -18.681206521643215
leaf_weight=471 31 206 25 42 605 139 37 35 85 97 20 32 36 28 22 276 85 1258 155 21 67 21 23 151 460 968 948 3493 40 83
leaf_count=471 31 206 25 42 605 139 37 35 85 97 20 32 36 28 22 276 85 1258 155 21 67 21 23 151 460 968 948 3493 40 83
internal_value=-1.88285e-07 85.3504 250.214 175.614 -9.10404 96.6949 399.412 12.9049 27.5176 -17.6631 -7.22683 -13.5675 431.918 367.275 365.805 10.4695 64.697 9.84038 8.92787 7.15561 9.41597 14.4155 39.4457 -18.7483 -18.895 -18.728 -18.854 -18.6671 -19.2232 -18.2491
internal_weight=9960 960 360 240 9000 170 120 2520 360 6480 600 600 61 70 59 2160 120 1863 240 120 99 297 120 480 480 5880 1916 3964 246 234
internal_count=9960 960 360 240 9000 170 120 2520 360 6480 600 600 61 70 59 2160 120 1863 240 120 99 297 120 480 480 5880 1916 3964 246 234
is_linear=0
shrinkage=0.05


Tree=3
num_leaves=31
num_cat=0
split_feature=0 0 2 4 2 3 3 0 0 0 0 2 4 3 5 3 5 4 4 5 4 0 3 3 5 5 0 3 0 5
split_gain=2.79387e+09 5.65168e+09 1.44647e+09 1.3105e+09 6.12032e+08 6.98759e+07 4.73249e+07 3.23754e+07 8.98223e+07 2.59983e+07 1.17957e+08 2.32546e+07 1.14196e+07 7.87758e+06 6.59039e+06 2.11912e+06 1.91764e+06 1.89575e+06 1.31555e+06 1.1198e+06 703960 355156 254845 41084 23069.1 17181.1 17149.5 34879.3 26153.7 9144.1
threshold=26.500000000000004 27.500000000000004 1.0000000180025095e-35 517.93500000000006 1.0000000180025095e-35 369.29500000000007 347.60500000000008 22.500000000000004 23.500000000000004 22.500000000000004 23.500000000000004 1.0000000180025095e-35 327.43500000000006 340.33500000000009 1437.595 211.04000000000002 11752.526766137917 293.59500000000008 370.87500000000006 360.78500000000003 343.87000000000006 13.500000000000002 292.75500000000005 356.56500000000005 438.43000000000006 401.79500000000002 1.0000000180025095e-35 354.21000000000009 5.5000000000000009 363.21000000000009
decision_type=2 2 2 2 2 2 2 2 2 2 2 2 2 2 2 2 2 2 2 2 2 2 2 2 2 2 2 2 2 2
left_child=4 2 3 5 9 -2 12 15 17 26 22 23 -4 -5 -8 21 -17 -9 -10 -13 -21 -6 -11 25 -12 -3 27 -1 -28 -25
right_child=1 11 6 13 7 -7 14 8 18 10 24 19 -14 -15 -16 16 -18 -19 -20 20 -22 -23 -24 29 -26 -27 28 -29 -30 -31
leaf_value=-17.669441855131691 111.38455180506554 -18.089046579996744 436.28271679687498 366.17125674977024 -4.6974475555419923 39.229222206447439 360.40018079603044 71.255783211844317 3.4825854638043574 41.294519662857056 -17.874259855445299 -2.3860440657689024 392.29428304036463 332.61103719075527 325.84291659268467 10.327851520302518 -4.8570296514601941 57.42942663753734 11.222810116275665 5.1022234736631313 13.75804842244024 4.1227563040597097 36.083986776525329 -17.574869444563586 -19.531790646639738 -19.27127783033583 -17.579204051277856 -18.883261590633751 -17.833504827287463 -16.926580899260767
leaf_weight=134 124 210 25 34 25 46 37 35 85 32 458 26 36 36 22 2093 21 85 155 48 46 21 88 148 22 36 1320 106 4320 86
leaf_count=134 124 210 25 34 25 46 37 35 85 32 458 26 36 36 22 2093 21 85 155 48 46 21 88 148 22 36 1320 106 4320 86
internal_value=-7.05011e-08 81.0829 237.703 166.834 -8.64884 91.8602 379.442 12.2597 26.1417 -16.7799 -6.86549 -12.8892 410.322 348.912 347.514 9.94599 10.177 61.4621 8.48148 6.79783 9.33805 -0.670833 37.4735 -17.8109 -17.9502 -18.2621 -17.7916 -18.2055 -17.774 -17.3366
internal_weight=9960 960 360 240 9000 170 120 2520 360 6480 600 600 61 70 59 2160 2114 120 240 120 94 46 120 480 480 246 5880 240 5640 234
internal_count=9960 960 360 240 9000 170 120 2520 360 6480 600 600 61 70 59 2160 2114 120 240 120 94 46 120 480 480 246 5880 240 5640 234
is_linear=0
shrinkage=0.05


Tree=4
num_leaves=31
num_cat=0
split_feature=0 0 2 4 2 4 3 0 0 0 0 2 4 4 5 3 0 4 4 3 3 4 5 3 4 5 4 4 4 3
split_gain=2.52147e+09 5.10064e+09 1.30544e+09 1.18272e+09 5.52359e+08 6.77571e+07 4.27107e+07 2.92188e+07 8.10646e+07 2.34635e+07 1.06456e+08 2.09873e+07 1.03062e+07 7.38468e+06 5.94783e+06 1.91602e+06 1.72961e+06 1.71092e+06 1.18728e+06 1.06256e+06 1.03365e+06 1.04632e+06 251577 37078.2 20855.5 16421.8 24624.1 20060.2 15994.2 8597.07
threshold=26.500000000000004 27.500000000000004 1.0000000180025095e-35 517.93500000000006 1.0000000180025095e-35 273.86500000000007 347.60500000000008 22.500000000000004 23.500000000000004 22.500000000000004 23.500000000000004 1.0000000180025095e-35 327.43500000000006 1631.9650000000004 1437.595 1474.0400000000002 6.5000000000000009 293.59500000000008 370.87500000000006 1977.9650000000004 378.56500000000005 310.37000000000006 394.29500000000007 356.56500000000005 236.66000000000003 225.82000000000002 277.35000000000008 1714.1350000000002 1631.9650000000004 451.43000000000006
decision_type=2 2 2 2 2 2 2 2 2 2 2 2 2 2 2 2 2 2 2 2 2 2 2 2 2 2 2 2 2 2
left_child=4 2 3 5 9 -2 12 15 17 25 22 23 -4 -5 -8 16 -6 -9 -10 -17 21 -13 -11 28 -12 27 -27 -1 -3 -25
right_child=1 11 6 13 7 -7 14 8 18 10 24 20 -14 -15 -16 19 -18 -19 -20 -21 -22 -23 -24 29 -26 26 -28 -29 -30 -31
leaf_value=-16.660830848281449 20.425133686680951 -17.526609446701496 414.46859277343748 318.20620088123144 11.050954650216852 102.17437179894756 342.38017842060816 67.692995125906805 3.3084565948037543 34.485000531698013 -18.633325653076174 0.60911921303847749 372.67955457899308 351.35602068219868 309.55077015269887 14.870150618659125 7.7975894708512135 54.557954747817099 10.661669193006333 7.8915479322274527 -3.6177207583472843 11.903721411568778 40.30128920181938 -16.245087346967484 -16.983996137536092 -16.651120213847431 -16.962860936820569 -15.095904506336559 -16.434023265838626 -16.878556639889638
leaf_weight=296 31 206 25 42 605 139 37 35 85 97 20 29 36 28 22 225 1258 85 155 72 21 70 23 151 460 729 4833 22 40 83
leaf_count=296 31 206 25 42 605 139 37 35 85 97 20 29 36 28 22 225 1258 85 155 72 21 70 23 151 460 729 4833 22 40 83
internal_value=-3.0919e-08 77.0287 225.818 158.492 -8.2164 87.2672 360.47 11.6467 24.8346 -15.9409 -6.52222 -12.2447 389.806 331.466 330.139 9.44869 8.8541 58.389 8.05741 13.1784 6.45794 8.5952 35.5998 -16.9204 -17.0527 -16.902 -16.922 -16.5526 -17.349 -16.4698
internal_weight=9960 960 360 240 9000 170 120 2520 360 6480 600 600 61 70 59 2160 1863 120 240 297 120 99 120 480 480 5880 5562 318 246 234
internal_count=9960 960 360 240 9000 170 120 2520 360 6480 600 600 61 70 59 2160 1863 120 240 297 120 99 120 480 480 5880 5562 318 246 234
is_linear=0
shrinkage=0.05


Tree=5
num_leaves=31
num_cat=0
split_feature=0 0 2 4 2 3 3 0 0 0 0 2 4 3 5 3 5 4 4 5 4 0 3 3 5 4 4 5 5 5
split_gain=2.27563e+09 4.60333e+09 1.17816e+09 1.06741e+09 4.98504e+08 6.2256e+07 3.85464e+07 2.637e+07 7.31608e+07 2.11758e+07 9.60764e+07 1.89411e+07 9.30132e+06 7.05045e+06 5.36791e+06 1.89732e+06 1.71057e+06 1.5441e+06 1.07152e+06 992037 596698 326529 230151 33463.1 20811.2 15809.5 22282.4 18018.9 15415.1 8182.41
threshold=26.500000000000004 27.500000000000004 1.0000000180025095e-35 517.93500000000006 1.0000000180025095e-35 369.29500000000007 347.60500000000008 22.500000000000004 23.500000000000004 22.500000000000004 23.500000000000004 1.0000000180025095e-35 327.43500000000006 340.33500000000009 1437.595 211.04000000000002 407.98000000000008 293.59500000000008 370.87500000000006 360.78500000000003 321.58500000000004 13.500000000000002 292.75500000000005 356.56500000000005 438.43000000000006 414.63000000000005 419.96000000000009 406.73500000000007 401.79500000000002 363.21000000000009
decision_type=2 2 2 2 2 2 2 2 2 2 2 2 2 2 2 2 2 2 2 2 2 2 2 2 2 2 2 2 2 2
left_child=4 2 3 5 9 -2 12 15 17 25 22 23 -4 -5 -8 21 -17 -9 -10 -13 -21 -6 -11 28 -12 27 -27 -1 -3 -25
right_child=1 11 6 13 7 -7 14 8 18 10 24 19 -14 -15 -16 16 -18 -19 -20 20 -22 -23 -24 29 -26 26 -28 -29 -30 -31
leaf_value=-15.954327051976088 101.33290528328189 -16.317628678821382 393.74516748046881 331.22113396139707 -4.9305357513427737 33.225336389956269 325.26116382495775 64.308346470424112 3.1430335740482107 37.451016306877136 -16.127925173163934 -2.509071030983558 354.04558376736117 299.47164204915367 294.07323219992901 7.1820008188613107 10.199848531602788 51.830058625165158 10.128586305187596 2.8469554055121638 11.320403005206396 3.526738412039621 32.499357830394402 -15.871673284994589 -17.70225330699574 -17.115134617539706 -16.143926501004202 -16.249165000728837 -17.437452528211804 -15.258421893452491
leaf_weight=3351 124 210 25 34 25 46 37 35 85 32 458 26 36 36 22 704 1410 85 155 31 63 21 88 148 22 61 1855 613 36 86
leaf_count=3351 124 210 25 34 25 46 37 35 85 32 458 26 36 36 22 704 1410 85 155 31 63 21 88 148 22 61 1855 613 36 86
internal_value=1.39396e-07 73.1773 214.527 150.567 -7.80558 82.9038 342.446 11.0643 23.5929 -15.1439 -6.19611 -11.6325 370.316 314.893 313.632 8.97626 9.19485 55.4696 7.65454 6.13504 8.52597 -1.06961 33.8198 -16.0743 -16.2001 -16.0569 -16.1748 -15.9999 -16.4815 -15.6463
internal_weight=9960 960 360 240 9000 170 120 2520 360 6480 600 600 61 70 59 2160 2114 120 240 120 94 46 120 480 480 5880 1916 3964 246 234
internal_count=9960 960 360 240 9000 170 120 2520 360 6480 600 600 61 70 59 2160 2114 120 240 120 94 46 120 480 480 5880 1916 3964 246 234
is_linear=0
shrinkage=0.05


Tree=6
num_leaves=30
num_cat=0
split_feature=0 0 2 4 2 4 3 0 0 0 0 2 4 4 5 5 5 4 5 4 5 5 3 4 0 0 3 0 3
split_gain=2.05375e+09 4.1545e+09 1.06329e+09 9.63336e+08 4.499e+08 6.0389e+07 3.47881e+07 2.37989e+07 6.60277e+07 1.91111e+07 8.67089e+07 1.70943e+07 8.39444e+06 6.89575e+06 4.84454e+06 1.785e+06 1.72705e+06 1.39355e+06 1.0473e+06 975378 2.10807e+06 227194 30441.8 18813.9 17929.4 15422.2 31423.9 23392 11268.1
threshold=26.500000000000004 27.500000000000004 1.0000000180025095e-35 517.93500000000006 1.0000000180025095e-35 273.86500000000007 347.60500000000008 22.500000000000004 23.500000000000004 22.500000000000004 23.500000000000004 1.0000000180025095e-35 327.43500000000006 1172.0450000000003 1437.595 11752.526766137917 407.98000000000008 293.59500000000008 294.11500000000007 401.75500000000005 1437.595 394.29500000000007 368.60500000000008 236.66000000000003 28.500000000000004 1.0000000180025095e-35 354.21000000000009 5.5000000000000009 451.43000000000006
decision_type=2 2 2 2 2 2 2 2 2 2 2 2 2 2 2 2 2 2 2 2 2 2 2 2 2 2 2 2 2
left_child=4 2 3 5 9 -2 12 15 17 25 21 22 -4 -5 -8 16 -6 -9 -10 20 -13 -11 24 -12 -3 26 -1 -27 -24
right_child=1 11 6 13 7 -7 14 8 18 10 23 19 -14 -15 -16 -17 -18 -19 -20 -21 -22 -23 28 -25 -26 27 -28 -29 -30
leaf_value=-15.137762308832425 15.655442613170994 -15.965138635879908 374.0578984375 320.87444051106775 6.6838866458897472 92.831979809219035 308.99809834248316 61.092928968157082 -2.8735225843346637 31.069420120396565 -16.891327896118167 2.2680636205980855 336.34330647786464 287.81274546747625 279.3695712002841 -5.0324905236562101 9.6925490061203696 49.23855580722585 8.3471212823819467 -3.9592552730015349 17.349171509613864 36.59666966977327 -14.491619770466782 -15.324806908317235 -15.155982214505556 -15.053158158966989 -16.289890080577923 -15.293657855016214 -15.250649693500566
leaf_weight=134 31 156 25 24 719 139 37 35 23 97 20 62 36 46 22 24 1417 85 217 21 37 23 119 460 122 1320 106 4320 83
leaf_count=134 31 156 25 24 719 139 37 35 23 97 20 62 36 46 22 24 1417 85 217 21 37 23 119 460 122 1320 106 4320 83
internal_value=1.21808e-07 69.5184 203.801 143.039 -7.4153 78.7586 325.324 10.5111 22.4132 -14.3867 -5.8863 -11.0508 351.8 299.148 297.95 8.52744 8.6798 52.6961 7.27181 5.82829 7.90444 32.1288 -15.2706 -15.3901 -15.61 -15.2541 -15.6466 -15.2374 -14.8035
internal_weight=9960 960 360 240 9000 170 120 2520 360 6480 600 600 61 70 59 2160 2136 120 240 120 99 120 480 480 278 5880 240 5640 202
internal_count=9960 960 360 240 9000 170 120 2520 360 6480 600 600 61 70 59 2160 2136 120 240 120 99 120 480 480 278 5880 240 5640 202
is_linear=0
shrinkage=0.05


Tree=7
num_leaves=31
num_cat=0
split_feature=0 0 2 4 2 3 3 0 0 0 0 2 4 4 5 3 0 4 0 4 3 4 3 3 5 5 4 5 4 4
split_gain=1.85351e+09 3.74944e+09 9.59619e+08 8.69411e+08 4.06034e+08 5.5467e+07 3.13963e+07 2.14785e+07 5.959e+07 1.72478e+07 7.82548e+07 1.54276e+07 7.57598e+06 7.01293e+06 4.3722e+06 1.70088e+06 1.56843e+06 1.25768e+06 1.02474e+06 961533 921866 899808 207850 27634.2 18774.3 14633.1 21638.9 18422.3 14139.3 7688.2
threshold=26.500000000000004 27.500000000000004 1.0000000180025095e-35 517.93500000000006 1.0000000180025095e-35 369.29500000000007 347.60500000000008 22.500000000000004 23.500000000000004 22.500000000000004 23.500000000000004 1.0000000180025095e-35 327.43500000000006 1631.9650000000004 1437.595 1474.0400000000002 6.5000000000000009 293.59500000000008 11.500000000000002 370.87500000000006 378.56500000000005 386.2050000000001 292.75500000000005 356.56500000000005 438.43000000000006 225.82000000000002 277.35000000000008 220.10000000000002 1631.9650000000004 258.35500000000008
decision_type=2 2 2 2 2 2 2 2 2 2 2 2 2 2 2 2 2 2 2 2 2 2 2 2 2 2 2 2 2 2
left_child=4 2 3 5 9 -2 12 15 17 25 22 23 -4 -5 -8 16 -6 -9 -17 -10 21 -13 -11 28 -12 27 -27 -1 -3 -25
right_child=1 11 6 13 7 -7 14 8 19 10 24 20 -14 -15 -16 18 -18 -19 -20 -21 -22 -23 -24 29 -26 26 -28 -29 -30 -31
leaf_value=-14.346902070991725 92.215935565579329 -15.044136751045301 355.35499804687504 271.26890811011907 9.6328462661790457 27.929121730638588 293.54819599873315 58.038282121930813 2.6345295621367062 33.973176765441899 -14.552039516232421 10.103232981322648 319.52613728841152 303.57356523786274 265.4010908647017 9.1458075533310588 6.5347757476738799 46.776628066792213 15.108308871199448 9.2518552429445329 -3.9783984184265138 -1.3626089529557663 29.267530679702759 -13.370747540791829 -16.047339560768823 -14.25629966066044 -14.548533826512676 -13.38035324596968 -14.016858711242676 -14.228011555765191
leaf_weight=257 124 206 25 42 605 46 37 35 85 32 458 77 36 28 22 174 1258 85 123 155 21 22 88 30 22 729 4833 61 40 204
leaf_count=257 124 206 25 42 605 46 37 35 85 32 458 77 36 28 22 174 1258 85 123 155 21 22 88 30 22 729 4833 61 40 204
internal_value=-2.12686e-08 66.0425 193.611 135.887 -7.04453 74.8207 309.058 9.98557 21.2926 -13.6674 -5.59199 -10.4983 334.21 284.191 283.053 8.10107 7.54086 50.0613 11.6151 6.90822 5.53688 7.55527 30.5224 -14.5071 -14.6206 -14.4914 -14.5102 -14.1615 -14.8771 -14.1181
internal_weight=9960 960 360 240 9000 170 120 2520 360 6480 600 600 61 70 59 2160 1863 120 297 240 120 99 120 480 480 5880 5562 318 246 234
internal_count=9960 960 360 240 9000 170 120 2520 360 6480 600 600 61 70 59 2160 1863 120 297 240 120 99 120 480 480 5880 5562 318 246 234
is_linear=0
shrinkage=0.05


Tree=8
num_leaves=30
num_cat=0
split_feature=0 0 2 4 2 4 3 0 0 0 0 2 5 4 5 3 5 5 5 3 4 0 5 4 3 3 0 3 0
split_gain=1.67279e+09 3.38387e+09 8.66056e+08 7.84643e+08 3.66446e+08 5.38223e+07 2.83351e+07 1.93844e+07 5.37799e+07 1.55661e+07 7.0625e+07 1.39234e+07 7.52501e+06 6.61913e+06 3.94591e+06 1.68491e+06 1.58567e+06 1.14742e+06 939965 831984 902239 308161 205174 25159.8 23057.6 18206.9 13897 28379.2 21028.3
threshold=26.500000000000004 27.500000000000004 1.0000000180025095e-35 517.93500000000006 1.0000000180025095e-35 273.86500000000007 347.60500000000008 22.500000000000004 23.500000000000004 22.500000000000004 23.500000000000004 1.0000000180025095e-35 1139.0550000000001 1172.0450000000003 1437.595 211.04000000000002 9090.1851734891407 377.48500000000007 294.11500000000007 378.56500000000005 310.37000000000006 13.500000000000002 394.29500000000007 1936.3200000000004 355.78500000000003 315.59500000000008 1.0000000180025095e-35 354.21000000000009 5.5000000000000009
decision_type=2 2 2 2 2 2 2 2 2 2 2 2 2 2 2 2 2 2 2 2 2 2 2 2 2 2 2 2 2
left_child=4 2 3 5 9 -2 12 15 17 26 22 23 -4 -5 -8 21 -17 -9 -10 20 -13 -6 -11 24 -3 -12 27 -1 -28
right_child=1 11 6 13 7 -7 14 8 18 10 25 19 -14 -15 -16 16 -18 -19 -20 -21 -22 -23 -24 -25 -26 -27 28 -29 -30
leaf_value=-13.655853806680708 11.506136297410535 -14.214318940941423 331.16211579975334 291.26726938883462 -5.5215902709960938 84.365821410254625 278.87078296558275 54.604339281717934 -3.0485841170601224 27.989506554357789 -13.300403672746084 -0.23838272094726565 294.92673764436142 258.875476339589 252.13104248046875 8.1380576703579504 -0.042248023924280391 44.165632450433428 7.58152664729527 -3.7794786771138513 10.249800756999425 2.6943593343098957 33.242082098255985 -12.089348693121048 -13.50555514128312 -14.050504661175555 -13.576288508501921 -14.75074444536893 -13.804313544608929
leaf_weight=134 31 229 38 24 25 139 37 39 23 97 103 29 23 46 22 2053 61 81 217 21 70 21 23 21 230 377 1320 106 4320
leaf_count=134 31 229 38 24 25 139 37 39 23 97 103 29 23 46 22 2053 61 81 217 21 70 21 23 21 230 377 1320 106 4320
internal_value=-2.04261e-08 62.7404 183.93 129.093 -6.69231 71.0796 293.605 9.48629 20.2279 -12.984 -5.31239 -9.97338 317.5 269.981 268.9 7.69602 7.90201 47.5582 6.56281 5.26003 7.1775 -1.77083 28.9963 -13.7817 -13.8592 -13.8895 -13.7668 -14.1394 -13.7509
internal_weight=9960 960 360 240 9000 170 120 2520 360 6480 600 600 61 70 59 2160 2114 120 240 120 99 46 120 480 459 480 5880 240 5640
internal_count=9960 960 360 240 9000 170 120 2520 360 6480 600 600 61 70 59 2160 2114 120 240 120 99 46 120 480 459 480 5880 240 5640
is_linear=0
shrinkage=0.05


Tree=9
num_leaves=31
num_cat=0
split_feature=0 0 2 4 2 4 3 0 0 0 0 2 4 4 5 3 5 0 4 5 4 5 3 3 5 0 4 5 5 4
split_gain=1.5097e+09 3.05394e+09 7.81616e+08 7.0814e+08 3.30717e+08 5.0363e+07 2.55725e+07 1.74944e+07 4.85364e+07 1.40484e+07 6.3739e+07 1.25659e+07 6.81631e+06 6.71665e+06 3.56118e+06 1.54904e+06 1.46402e+06 1.16937e+06 1.14121e+06 919479 832840 1.84691e+06 187710 23227.3 17041.1 15950.1 13604.4 21976.3 16276.6 10422.1
threshold=26.500000000000004 27.500000000000004 1.0000000180025095e-35 517.93500000000006 1.0000000180025095e-35 356.52000000000004 347.60500000000008 22.500000000000004 23.500000000000004 22.500000000000004 23.500000000000004 1.0000000180025095e-35 327.43500000000006 1631.9650000000004 1437.595 235.36500000000004 407.98000000000008 16.500000000000004 293.59500000000008 1466.4750000000001 401.75500000000005 1437.595 292.75500000000005 368.60500000000008 438.43000000000006 28.500000000000004 414.63000000000005 352.53000000000003 456.50000000000006 345.97500000000008
decision_type=2 2 2 2 2 2 2 2 2 2 2 2 2 2 2 2 2 2 2 2 2 2 2 2 2 2 2 2 2 2
left_child=4 2 3 5 9 -2 12 15 18 26 22 23 -4 -5 -8 17 -17 -6 -9 -10 21 -13 -11 25 -12 -3 28 -28 -1 -25
right_child=1 11 6 13 7 -7 14 8 19 10 24 20 -14 -15 -16 16 -18 -19 -20 -21 -22 -23 -24 29 -26 -27 27 -29 -30 -31
leaf_value=-13.001563684711005 46.905818091498482 -13.724057385860347 321.68138867187503 243.83621012369792 4.0450766645452028 103.44410661266696 264.92724873310812 52.77896099635533 4.2487561955171476 30.825799059867862 -13.129773779623372 1.6397869663853801 287.69630126953126 275.45111345563618 239.52447953657671 5.7274290989238255 8.5688725652205857 -9.0180549258277534 42.051442613040706 11.057594863346646 -4.0471272150675457 15.755854343723607 26.35394282774492 -13.097531943485656 -14.554380659623579 -12.9608690793397 -13.355433510157688 -13.016742723199386 -13.452886745941019 -12.372236089291782
leaf_weight=3753 108 156 25 42 93 62 37 35 170 32 458 62 36 28 22 678 1368 21 85 70 21 37 88 87 22 122 968 948 211 115
leaf_count=3753 108 156 25 42 93 62 37 35 170 32 458 62 36 28 22 678 1368 21 85 70 21 37 88 87 22 122 968 948 211 115
internal_value=5.02869e-09 59.6034 174.734 122.638 -6.35769 67.5257 278.925 9.01198 19.2165 -12.3348 -5.04677 -9.47471 301.625 256.482 255.455 7.31122 7.62728 1.63871 45.1803 6.23467 4.99703 6.91549 27.5464 -13.0926 -13.1951 -13.3891 -13.0785 -13.1879 -13.0256 -12.6846
internal_weight=9960 960 360 240 9000 170 120 2520 360 6480 600 600 61 70 59 2160 2046 114 120 240 120 99 120 480 480 278 5880 1916 3964 202
internal_count=9960 960 360 240 9000 170 120 2520 360 6480 600 600 61 70 59 2160 2046 114 120 240 120 99 120 480 480 278 5880 1916 3964 202
is_linear=0
shrinkage=0.05


Tree=10
num_leaves=30
num_cat=0
split_feature=0 0 2 4 2 3 3 0 0 0 0 2 4 4 5 3 0 5 4 4 5 4 5 4 4 4 5 4 4
split_gain=1.3625e+09 2.75618e+09 7.05408e+08 6.39097e+08 2.98473e+08 4.97238e+07 2.30791e+07 1.57887e+07 4.38041e+07 1.26787e+07 5.75245e+07 1.13407e+07 6.96723e+06 6.35318e+06 3.21397e+06 1.49629e+06 1.39601e+06 1.0414e+06 968677 858075 764335 577674 185289 22602.9 20154.7 16774.1 13316.5 19037.5 18619.3
threshold=26.500000000000004 27.500000000000004 1.0000000180025095e-35 517.93500000000006 1.0000000180025095e-35 369.29500000000007 347.60500000000008 22.500000000000004 23.500000000000004 22.500000000000004 23.500000000000004 1.0000000180025095e-35 354.19500000000005 1172.0450000000003 1437.595 1474.0400000000002 6.5000000000000009 377.48500000000007 421.35000000000008 370.87500000000006 360.78500000000003 343.87000000000006 394.29500000000007 1936.3200000000004 256.49000000000007 236.66000000000003 225.82000000000002 277.35000000000008 1714.1350000000002
decision_type=2 2 2 2 2 2 2 2 2 2 2 2 2 2 2 2 2 2 2 2 2 2 2 2 2 2 2 2 2
left_child=4 2 3 5 9 -2 12 15 17 26 22 23 -4 -5 -8 16 -6 -9 -17 -10 -13 -22 -11 24 -3 -12 28 -28 -1
right_child=1 11 6 13 7 -7 14 8 19 10 25 20 -14 -15 -16 18 -18 -19 -20 -21 21 -23 -24 -25 -26 -27 27 -29 -30
leaf_value=-12.214156688226236 80.619453331731989 -11.480866578567861 272.93394907358532 264.51209513346356 8.3938651574544672 19.751787003226905 251.68088708826014 49.634018247555467 1.8857047361486101 25.212402288692516 -13.952845630645752 -2.8403161929203917 307.52458597819009 232.7777009383492 227.54825883345171 11.029252848763399 5.4710438150933252 39.689230705779281 -0.1104473114013672 8.1368986222820894 3.0087243179480239 10.849803849925166 30.203952523936398 -10.833928462437221 -12.617928205086635 -12.473683405337127 -12.204352046825269 -12.478457535795611 -10.706481361389161
leaf_weight=296 124 43 37 24 605 46 37 39 85 97 20 26 24 46 22 276 1258 81 21 155 48 46 23 21 416 460 729 4833 22
leaf_count=296 124 43 37 24 605 46 37 39 85 97 20 26 24 46 22 276 1258 81 21 155 48 46 23 21 416 460 729 4833 22
internal_value=-4.45996e-08 56.6232 165.997 116.506 -6.03981 64.1494 264.978 8.56138 18.2557 -11.718 -4.79443 -9.00098 286.543 243.658 242.682 6.94566 6.42022 42.9213 10.2416 5.92293 4.74718 6.84585 26.1691 -12.438 -12.5114 -12.5353 -12.4245 -12.4425 -12.1099
internal_weight=9960 960 360 240 9000 170 120 2520 360 6480 600 600 61 70 59 2160 1863 120 297 240 120 94 120 480 459 480 5880 5562 318
internal_count=9960 960 360 240 9000 170 120 2520 360 6480 600 600 61 70 59 2160 1863 120 297 240 120 94 120 480 459 480 5880 5562 318
is_linear=0
shrinkage=0.05


Tree=11
num_leaves=30
num_cat=0
split_feature=0 0 2 4 2 4 3 0 0 0 0 2 5 4 4 5 5 4 3 4 5 3 3 3 0 0 3 0 5
split_gain=1.22966e+09 2.48745e+09 6.36631e+08 5.76785e+08 2.69371e+08 4.62253e+07 2.08289e+07 1.42493e+07 3.95332e+07 1.14425e+07 5.19158e+07 1.0235e+07 6.81669e+06 6.4333e+06 3.09462e+06 1.46307e+06 1.42886e+06 1.03552e+06 872817 765164 1.61949e+06 169521 20840.4 16343.5 14281.6 12509.4 25568.2 18788.5 10063.5
threshold=26.500000000000004 27.500000000000004 1.0000000180025095e-35 517.93500000000006 1.0000000180025095e-35 273.86500000000007 347.60500000000008 22.500000000000004 23.500000000000004 22.500000000000004 23.500000000000004 1.0000000180025095e-35 1139.0550000000001 1631.9650000000004 370.87500000000006 11752.526766137917 407.98000000000008 293.59500000000008 334.26500000000004 401.75500000000005 1437.595 292.75500000000005 368.60500000000008 315.59500000000008 28.500000000000004 1.0000000180025095e-35 354.21000000000009 5.5000000000000009 363.21000000000009
decision_type=2 2 2 2 2 2 2 2 2 2 2 2 2 2 2 2 2 2 2 2 2 2 2 2 2 2 2 2 2
left_child=4 2 3 5 9 -2 12 15 17 25 21 22 -4 -5 -8 16 -6 -9 -10 20 -13 -11 24 -12 -3 26 -1 -27 -24
right_child=1 11 6 13 7 -7 14 8 18 10 23 19 -14 -15 -16 -17 -18 -19 -20 -21 -22 -23 28 -25 -26 27 -28 -29 -30
leaf_value=-11.697845866075204 5.7326488864037302 -12.413876394125133 285.21982341565587 219.09881955101378 4.920856537695804 73.254769085122533 239.37811147328972 48.013483336312433 -0.10649342674475451 27.977093619108203 -11.350369847862467 1.4084552541855844 250.73199462890625 250.03966805594311 215.69780634099789 -5.6780342578887941 7.6574892612506718 37.794762031330784 7.2125885713607705 -4.1590923672630673 14.626896749960409 23.727412069927563 -11.69509866108266 -12.061049010582881 -11.691707379700709 -11.623174118273187 -12.737095976775548 -11.838713564276695 -10.960476305713392
leaf_weight=134 31 156 38 42 719 139 37 35 52 32 103 62 23 28 22 24 1417 85 188 21 37 88 129 377 122 1320 106 4320 73
leaf_count=134 31 156 38 42 719 139 37 35 52 32 103 62 23 28 22 24 1417 85 188 21 37 88 129 377 122 1320 106 4320 73
internal_value=8.56634e-08 53.792 157.697 110.681 -5.73782 60.9419 251.729 8.13331 17.3429 -11.1321 -4.55471 -8.55093 272.216 231.475 230.548 6.59837 6.73631 40.7752 5.62679 4.50982 6.34868 24.8607 -11.8161 -11.9085 -12.097 -11.8033 -12.1568 -11.7883 -11.4296
internal_weight=9960 960 360 240 9000 170 120 2520 360 6480 600 600 61 70 59 2160 2136 120 240 120 99 120 480 480 278 5880 240 5640 202
internal_count=9960 960 360 240 9000 170 120 2520 360 6480 600 600 61 70 59 2160 2136 120 240 120 99 120 480 480 278 5880 240 5640 202
is_linear=0
shrinkage=0.05


Tree=12
num_leaves=30
num_cat=0
split_feature=0 0 2 4 2 3 3 0 0 0 0 2 4 4 5 3 5 5 5 3 4 0 5 4 4 5 5 0 4
split_gain=1.10977e+09 2.24493e+09 5.7456e+08 5.20548e+08 2.43108e+08 4.43134e+07 1.87981e+07 1.286e+07 3.56787e+07 1.03269e+07 4.6854e+07 9.23708e+06 6.57931e+06 6.09754e+06 2.90502e+06 1.39613e+06 1.34721e+06 945185 826895 725809 749603 313241 167331 20462.7 17962.6 15460.7 12037.7 24328.8 20751.7
threshold=26.500000000000004 27.500000000000004 1.0000000180025095e-35 517.93500000000006 1.0000000180025095e-35 369.29500000000007 347.60500000000008 22.500000000000004 23.500000000000004 22.500000000000004 23.500000000000004 1.0000000180025095e-35 327.43500000000006 1172.0450000000003 1437.595 211.04000000000002 9090.1851734891407 377.48500000000007 1466.4750000000001 378.56500000000005 310.37000000000006 13.500000000000002 394.29500000000007 1936.3200000000004 256.49000000000007 438.43000000000006 250.43000000000004 4.5000000000000009 277.35000000000008
decision_type=2 2 2 2 2 2 2 2 2 2 2 2 2 2 2 2 2 2 2 2 2 2 2 2 2 2 2 2 2
left_child=4 2 3 5 9 -2 12 15 17 26 22 23 -4 -5 -8 21 -17 -9 -10 20 -13 -6 -11 24 -3 -12 27 -1 -28
right_child=1 11 6 13 7 -7 14 8 18 10 25 19 -14 -15 -16 16 -18 -19 -20 -21 -22 -23 -24 -25 -26 -27 28 -29 -30
leaf_value=-11.538321661647363 73.443049400083481 -10.322255107968353 278.31040576171876 240.33154881795249 -6.1305525360107431 15.982183506177819 227.57594159100509 45.13157052504711 3.4621709993306329 22.708457251430787 -11.250928644946569 -0.68427781729862613 244.92137349446617 209.2421962572181 204.63249373002486 6.6735406080339805 -0.86662892875124209 35.657334709167479 9.9191204105104731 -4.1587054593222481 8.8756629528956754 2.1528517950148811 27.451954414533532 -9.6990522566295816 -11.395701108529018 -12.607869581742721 -10.981110481340059 -10.818369624489232 -11.275988861181851
leaf_weight=158 124 43 25 24 25 46 37 39 170 97 458 29 36 46 22 2053 61 81 70 21 70 21 23 21 416 22 686 456 4580
leaf_count=158 124 43 25 24 25 46 37 39 170 97 458 29 36 46 22 2053 61 81 70 21 70 21 23 21 416 22 686 456 4580
internal_value=1.18476e-09 51.1024 149.812 105.147 -5.45093 57.8948 239.143 7.72664 16.4758 -10.5755 -4.32697 -8.12338 258.605 219.901 219.021 6.26845 6.45597 38.7365 5.34545 4.28433 6.07528 -2.349 23.6176 -11.2253 -11.2951 -11.3131 -11.2131 -11.0036 -11.2376
internal_weight=9960 960 360 240 9000 170 120 2520 360 6480 600 600 61 70 59 2160 2114 120 240 120 99 46 120 480 459 480 5880 614 5266
internal_count=9960 960 360 240 9000 170 120 2520 360 6480 600 600 61 70 59 2160 2114 120 240 120 99 46 120 480 459 480 5880 614 5266
is_linear=0
shrinkage=0.05


Tree=13
num_leaves=30
num_cat=0
split_feature=0 0 2 4 2 4 5 3 0 0 0 0 2 4 3 0 5 3 5 4 5 5 3 4 3 4 5 5 3
split_gain=1.00156e+09 2.02605e+09 5.1854e+08 4.69795e+08 2.19405e+08 4.43841e+07 1.80015e+07 3.01764e+07 1.16061e+07 3.22e+07 9.32002e+06 4.22858e+07 8.33646e+06 6.16227e+06 1.32277e+06 1.24195e+06 942588 941489 805245 708355 1.42493e+06 170121 18960.2 14961.3 14127.6 11479.4 20478.7 14531.4 6986.27
threshold=26.500000000000004 27.500000000000004 1.0000000180025095e-35 517.93500000000006 1.0000000180025095e-35 356.52000000000004 1790.8500000000001 373.00500000000005 22.500000000000004 23.500000000000004 22.500000000000004 23.500000000000004 1.0000000180025095e-35 1631.9650000000004 1474.0400000000002 6.5000000000000009 1741.8100000000002 1977.9650000000004 294.11500000000007 401.75500000000005 1437.595 289.32500000000005 356.56500000000005 236.66000000000003 307.64500000000004 414.63000000000005 352.53000000000003 406.73500000000007 451.43000000000006
decision_type=2 2 2 2 2 2 2 2 2 2 2 2 2 2 2 2 2 2 2 2 2 2 2 2 2 2 2 2 2
left_child=4 2 3 5 10 -2 7 -4 14 16 25 21 22 -5 15 -6 -10 -16 -11 20 -14 -12 24 -13 -3 27 -27 -1 -24
right_child=1 12 6 13 8 -7 -8 -9 9 18 11 23 19 -15 17 -17 -18 -19 -20 -21 -22 -23 28 -25 -26 26 -28 -29 -30
leaf_value=-10.562974009656864 35.642835970278142 -10.56940616410354 255.27705542720966 196.79350382486982 7.32256337955471 88.719130879063755 187.41582747749661 194.93900370279948 34.817859106063842 -3.8178137488987134 26.524321528843473 -12.086212120056153 1.2054195465580111 227.07557830810549 10.64645092476739 4.5657295827361475 46.708533648848537 4.0774639970726438 6.0210686888837595 -4.2707843598865329 13.604433054537388 21.569684485233193 -10.139288778494526 -10.689259066737216 -11.328458064152645 -10.914743203565109 -10.587796563337625 -10.827746777433362 -10.710337602086815
leaf_weight=3351 108 116 67 42 605 62 23 30 100 23 21 20 62 28 225 1258 20 72 217 21 37 99 151 460 130 968 948 613 83
leaf_count=3351 108 116 67 42 605 62 23 30 100 23 21 20 62 28 225 1258 20 72 217 21 37 99 151 460 130 968 948 613 83
internal_value=4.0302e-09 48.5473 142.322 99.8894 -5.17838 55.0001 227.186 236.616 7.34031 15.652 -10.0468 -4.11062 -7.71721 208.906 5.95503 5.461 36.7996 9.05397 5.07818 4.07011 5.83939 22.4367 -10.664 -10.7475 -10.9705 -10.6525 -10.753 -10.6039 -10.3418
internal_weight=9960 960 360 240 9000 170 120 97 2520 360 6480 600 600 70 2160 1863 120 297 240 120 99 120 480 480 246 5880 1916 3964 234
internal_count=9960 960 360 240 9000 170 120 97 2520 360 6480 600 600 70 2160 1863 120 297 240 120 99 120 480 480 246 5880 1916 3964 234
is_linear=0
shrinkage=0.05


Tree=14
num_leaves=29
num_cat=0
split_feature=0 0 2 4 2 5 5 3 0 0 0 0 2 3 3 0 3 4 4 3 4 5 4 0 3 5 4 5
split_gain=9.03911e+08 1.82851e+09 4.67982e+08 4.2399e+08 1.98013e+08 4.41088e+07 1.62463e+07 2.72342e+07 1.04745e+07 2.90605e+07 8.41132e+06 3.81629e+07 7.52366e+06 6.02048e+06 1.28827e+06 1.18222e+06 1.02918e+06 929618 797994 647262 713728 154632 18579 17706.3 14671.7 11216.1 17168.4 15366
threshold=26.500000000000004 27.500000000000004 1.0000000180025095e-35 517.93500000000006 1.0000000180025095e-35 281.61500000000007 1790.8500000000001 373.00500000000005 22.500000000000004 23.500000000000004 22.500000000000004 23.500000000000004 1.0000000180025095e-35 313.71500000000009 299.05000000000007 4.5000000000000009 363.71000000000009 293.59500000000008 370.87500000000006 378.56500000000005 386.2050000000001 394.29500000000007 1936.3200000000004 28.500000000000004 315.59500000000008 225.82000000000002 1714.1350000000002 230.92000000000004
decision_type=2 2 2 2 2 2 2 2 2 2 2 2 2 2 2 2 2 2 2 2 2 2 2 2 2 2 2 2
left_child=4 2 3 5 10 -2 7 -4 14 17 25 21 22 -5 15 -6 -16 -10 -11 20 -14 -12 23 -3 -13 26 -1 -27
right_child=1 12 6 13 8 -7 -8 -9 9 18 11 24 19 -15 16 -17 -18 -19 -20 -21 -22 -23 -24 -25 -26 27 -28 -29
leaf_value=-9.9312177780512219 112.18816434420074 -10.509962530303421 242.5131981237611 220.85983450753349 8.161442182876252 41.427914810180667 178.04503518809443 185.19205505371096 41.817809813363212 0.93094320332302771 20.44091773533944 -9.6812310653982809 7.8271345500822198 188.86152156907687 7.983904708833645 1.700519064720428 5.4011961879850157 32.135711250866159 6.9593153347507597 -4.1064943143299653 -2.384550406716087 25.000871546372124 -8.6765324501764223 -9.8888553949661588 -10.354582364710952 -10.945958413748906 -8.4834763787009493 -10.127845683061453
leaf_weight=296 26 228 67 21 91 144 23 30 35 85 97 103 77 49 574 319 1176 85 155 21 22 23 21 231 377 58 22 5504
leaf_count=296 26 228 67 21 91 144 23 30 35 85 97 103 77 49 574 319 1176 85 155 21 22 23 21 231 377 58 22 5504
internal_value=6.95024e-08 46.12 135.205 94.8949 -4.91946 52.2501 215.827 224.785 6.9733 14.8694 -9.54442 -3.90509 -7.33135 198.461 5.65728 3.13453 6.24832 34.9597 4.82427 3.86661 5.55787 21.3149 -10.1308 -10.1974 -10.2101 -10.1199 -9.83106 -10.1364
internal_weight=9960 960 360 240 9000 170 120 97 2520 360 6480 600 600 70 2160 410 1750 120 240 120 99 120 480 459 480 5880 318 5562
internal_count=9960 960 360 240 9000 170 120 97 2520 360 6480 600 600 70 2160 410 1750 120 240 120 99 120 480 459 480 5880 318 5562
is_linear=0
shrinkage=0.05


Tree=15
num_leaves=30
num_cat=0
split_feature=0 0 2 4 2 3 5 3 0 0 0 0 2 4 3 3 0 5 3 5 4 5 3 5 5 3 3 3 4
split_gain=8.1578e+08 1.65023e+09 4.22354e+08 3.82651e+08 1.78707e+08 4.0556e+07 1.46623e+07 2.45788e+07 9.45326e+06 2.62271e+07 7.59122e+06 3.4442e+07 6.7901e+06 5.70463e+06 1.22122e+06 1.52945e+06 1.00759e+06 885960 817588 588076 540467 157009 17046.3 14026.5 12551.5 11108.8 25365.9 17728.7 9683.73
threshold=26.500000000000004 27.500000000000004 1.0000000180025095e-35 517.93500000000006 1.0000000180025095e-35 369.29500000000007 1790.8500000000001 373.00500000000005 22.500000000000004 23.500000000000004 22.500000000000004 23.500000000000004 1.0000000180025095e-35 1172.0450000000003 235.36500000000004 246.92500000000004 16.500000000000004 377.48500000000007 334.26500000000004 360.78500000000003 343.87000000000006 289.32500000000005 368.60500000000008 438.43000000000006 401.79500000000002 422.59000000000009 427.74500000000006 373.00500000000005 345.97500000000008
decision_type=2 2 2 2 2 2 2 2 2 2 2 2 2 2 2 2 2 2 2 2 2 2 2 2 2 2 2 2 2
left_child=4 2 3 5 10 -2 7 -4 14 17 25 21 22 -5 16 -16 -6 -10 -11 -14 -21 -12 24 -13 -3 27 -27 -1 -24
right_child=1 12 6 13 8 -7 -8 -9 9 18 11 23 19 -15 15 -17 -18 -19 -20 20 -22 -23 28 -25 -26 26 -28 -29 -30
leaf_value=-9.5919295537085869 64.512035935924899 -9.7345775750342849 230.38753917181671 208.29892501831057 2.5714934315732734 9.5411771691363807 169.14278498110565 175.93244812011721 39.403183433337091 -0.96587159725335925 24.176060340518045 -9.6403494668319247 -2.9821103339011854 178.22789897089422 16.171259866041297 5.4773404920058031 -9.5544118245442711 30.230576705343932 6.117862668950508 1.802632910013199 9.386994035347648 19.416185448386454 -9.6727688493399793 -10.932821516557174 -10.663698293996411 -8.6480423688888557 -9.5425619030161535 -9.8156388238047452 -8.9736379548777716
leaf_weight=3429 124 235 67 24 93 46 23 30 39 52 21 458 26 46 34 2012 21 81 188 48 46 99 87 22 43 85 1172 1194 115
leaf_count=3429 124 235 67 24 93 46 23 30 39 52 21 458 26 46 34 2012 21 81 188 48 46 99 87 22 43 85 1172 1194 115
internal_value=2.9188e-09 43.814 128.445 90.1502 -4.67349 49.6376 205.035 213.546 6.62463 14.1259 -9.0672 -3.70984 -6.96478 188.538 5.37442 5.65505 0.337774 33.2117 4.58305 3.67328 5.51413 20.2492 -9.6243 -9.69959 -9.87829 -9.61387 -9.48207 -9.64971 -9.27475
internal_weight=9960 960 360 240 9000 170 120 97 2520 360 6480 600 600 70 2160 2046 114 120 240 120 94 120 480 480 278 5880 1257 4623 202
internal_count=9960 960 360 240 9000 170 120 97 2520 360 6480 600 600 70 2160 2046 114 120 240 120 94 120 480 480 278 5880 1257 4623 202
is_linear=0
shrinkage=0.05


Tree=16
num_leaves=29
num_cat=0
split_feature=0 0 2 4 2 3 4 5 3 0 0 0 0 2 3 4 0 5 4 4 5 3 4 4 3 0 3 0
split_gain=7.36241e+08 1.48933e+09 3.81175e+08 3.47516e+08 1.61283e+08 7.28883e+07 3.25935e+07 1.32327e+07 2.21824e+07 8.53157e+06 2.367e+07 6.85107e+06 3.10839e+07 6.12807e+06 1.20002e+06 1.1589e+06 905269 868236 750385 599677 1.24181e+06 154137 16594 15971.5 13595.3 10987.8 22854.1 17444.4
threshold=26.500000000000004 27.500000000000004 1.0000000180025095e-35 419.96000000000009 1.0000000180025095e-35 369.29500000000007 837.72000000000014 1790.8500000000001 373.00500000000005 22.500000000000004 23.500000000000004 22.500000000000004 23.500000000000004 1.0000000180025095e-35 1474.0400000000002 191.05000000000004 11.500000000000002 1741.8100000000002 370.87500000000006 401.75500000000005 1437.595 292.75500000000005 1936.3200000000004 256.49000000000007 354.21000000000009 1.0000000180025095e-35 354.21000000000009 5.5000000000000009
decision_type=2 2 2 2 2 2 2 2 2 2 2 2 2 2 2 2 2 2 2 2 2 2 2 2 2 2 2 2
left_child=4 2 3 5 11 -2 -5 8 -4 14 17 25 21 22 15 -6 -16 -11 -12 20 -15 -13 23 -3 -14 26 -1 -27
right_child=1 13 7 6 9 -7 -8 -9 -10 10 18 12 24 19 16 -17 -18 -19 -20 -21 -22 -23 -24 -25 -26 27 -28 -29
leaf_value=-9.0305586444797807 61.401240688087675 -8.2885877919751554 218.86816643102844 115.21120101265285 -6.28106336593628 -16.425369411561547 184.75371331108943 160.68564466393514 167.13582906087242 29.649077758312231 0.57850283286150761 22.208362388610841 -8.8648856862024825 0.79153755326424879 5.7364331563313806 4.7776050023762933 11.340583835384711 41.061151313781743 6.4242803952001752 -4.1848161606561574 12.366470099784234 18.156102707169275 -7.7686595280965172 -9.3007925815307182 -9.4170793698022237 -8.9599992639368224 -10.013102375786261 -9.167686122677944
leaf_weight=134 113 43 67 23 24 41 63 23 30 100 85 32 176 62 174 1839 123 20 155 21 37 88 21 416 304 1320 106 4320
leaf_count=134 113 43 67 23 24 41 63 23 30 100 85 32 176 62 174 1839 123 20 155 21 37 88 21 416 304 1320 106 4320
internal_value=3.09154e-08 41.6233 122.023 85.6427 -4.43981 40.6812 166.155 194.783 202.868 6.2934 13.4196 -8.61384 -3.52435 -6.61655 5.1057 4.63514 8.05734 31.5511 4.3539 3.48961 5.11752 19.2367 -9.14309 -9.20597 -9.21461 -9.13318 -9.46452 -9.11908
internal_weight=9960 960 360 240 9000 154 86 120 97 2520 360 6480 600 600 2160 1863 297 120 240 120 99 120 480 459 480 5880 240 5640
internal_count=9960 960 360 240 9000 154 86 120 97 2520 360 6480 600 600 2160 1863 297 120 240 120 99 120 480 459 480 5880 240 5640
is_linear=0
shrinkage=0.05


Tree=17
num_leaves=29
num_cat=0
split_feature=0 0 2 4 2 3 4 5 3 0 0 0 0 2 5 5 4 3 3 4 5 3 5 4 5 0 4 3
split_gain=6.64458e+08 1.34412e+09 3.4401e+08 3.13633e+08 1.45558e+08 6.57817e+07 2.94156e+07 1.19425e+07 2.00196e+07 7.69974e+06 2.13622e+07 6.18309e+06 2.80532e+07 5.53058e+06 1.18774e+06 1.28436e+06 834530 767138 571882 646385 142990 15525.8 13862.6 13247 10517.9 22128 18231.4 6629.68
threshold=26.500000000000004 27.500000000000004 1.0000000180025095e-35 419.96000000000009 1.0000000180025095e-35 369.29500000000007 837.72000000000014 1790.8500000000001 373.00500000000005 22.500000000000004 23.500000000000004 22.500000000000004 23.500000000000004 1.0000000180025095e-35 11752.526766137917 407.98000000000008 293.59500000000008 334.26500000000004 378.56500000000005 310.37000000000006 394.29500000000007 356.56500000000005 264.32000000000005 236.66000000000003 250.43000000000004 4.5000000000000009 277.35000000000008 451.43000000000006
decision_type=2 2 2 2 2 2 2 2 2 2 2 2 2 2 2 2 2 2 2 2 2 2 2 2 2 2 2 2
left_child=4 2 3 5 11 -2 -5 8 -4 14 16 24 20 21 15 -6 -11 -12 19 -15 -13 22 -3 -14 25 -1 -26 -23
right_child=1 13 7 6 9 -7 -8 -9 -10 10 17 12 23 18 -16 -17 -18 -19 -20 -21 -22 27 -24 -25 26 -27 -28 -29
leaf_value=-8.990608733213401 58.331179188416073 -9.8698068618774428 207.92475841009798 109.45063861349354 3.2534874908822964 -15.604101115901296 175.51603124709357 152.65136134935463 158.77903198242188 36.471476429530554 -1.2387918068812445 17.434424186490244 -10.013591661453248 -1.3720756514319059 -6.210688082377116 5.8480488782324 27.297913196507626 5.6229071835254105 -4.1793335762052308 7.5053155466488439 21.819357822252357 -8.1970513916962986 -8.807867354892549 -8.6991079211753348 -8.4589668531459559 -8.3039927173079118 -8.7353590102799608 -8.7533353748091738
leaf_weight=158 113 36 67 23 719 41 63 23 30 35 52 97 20 29 24 1417 85 188 21 70 23 151 210 460 686 456 4580 83
leaf_count=158 113 36 67 23 719 41 63 23 30 35 52 97 20 29 24 1417 85 188 21 70 23 151 210 460 686 456 4580 83
internal_value=3.83654e-08 39.5421 115.922 81.3605 -4.21782 38.6471 157.847 185.044 192.725 5.97873 12.7486 -8.18315 -3.34813 -6.28572 4.85041 4.97469 29.9735 4.13621 3.31513 4.90487 18.2749 -8.68593 -8.96327 -8.75388 -8.67652 -8.48068 -8.69935 -8.39437
internal_weight=9960 960 360 240 9000 154 86 120 97 2520 360 6480 600 600 2160 2136 120 240 120 99 120 480 246 480 5880 614 5266 234
internal_count=9960 960 360 240 9000 154 86 120 97 2520 360 6480 600 600 2160 2136 120 240 120 99 120 480 246 480 5880 614 5266 234
is_linear=0
shrinkage=0.05


Tree=18
num_leaves=29
num_cat=0
split_feature=0 0 2 4 2 3 4 5 3 0 0 0 0 2 3 5 5 5 4 5 0 5 4 0 5 3 3 3
split_gain=5.99673e+08 1.21307e+09 3.10469e+08 2.83054e+08 1.31366e+08 6.02636e+07 2.65476e+07 1.07781e+07 1.80677e+07 6.94902e+06 1.92794e+07 5.58024e+06 2.53181e+07 4.99135e+06 1.11826e+06 1.11579e+06 830117 724951 555890 1.09118e+06 326285 145356 15056.5 15767.2 12706 9984.13 23013.1 16691.5
threshold=26.500000000000004 27.500000000000004 1.0000000180025095e-35 419.96000000000009 1.0000000180025095e-35 359.71500000000009 837.72000000000014 1790.8500000000001 373.00500000000005 22.500000000000004 23.500000000000004 22.500000000000004 23.500000000000004 1.0000000180025095e-35 211.04000000000002 9090.1851734891407 377.48500000000007 1466.4750000000001 401.75500000000005 1437.595 13.500000000000002 289.32500000000005 1936.3200000000004 28.500000000000004 438.43000000000006 422.59000000000009 427.74500000000006 415.49000000000007
decision_type=2 2 2 2 2 2 2 2 2 2 2 2 2 2 2 2 2 2 2 2 2 2 2 2 2 2 2 2
left_child=4 2 3 5 11 -2 -5 8 -4 14 16 25 21 22 20 -16 -11 -12 19 -15 -6 -13 23 -3 -14 27 -27 -1
right_child=1 13 7 6 9 -7 -8 -9 -10 10 17 12 24 18 15 -17 -18 -19 -20 -21 -22 -23 -24 -25 -26 26 -28 -29
leaf_value=-8.2619033209142287 59.047335755591305 -8.606504155041879 197.52852075491379 103.97810934315558 -6.9639862365722651 -7.091460594764122 166.74023018488811 145.01879318900731 150.84008463541667 34.468065661650442 2.166026569815243 21.139489691598076 -8.2598030981538599 0.66159250774691181 4.9737157859151324 -1.8883520001270733 25.58924047505414 8.2118627262115478 -4.2395584106445314 11.511813269112562 1.4901272728329613 16.559655365558587 -6.9424280876205078 -8.0203917602439994 -9.4899334820834067 -7.3233363101061659 -8.175359680790951 -8.8880644912019786
leaf_weight=4514 102 228 67 23 25 52 63 23 30 39 170 21 458 62 2053 61 81 70 21 37 21 99 21 231 22 85 1172 109
leaf_count=4514 102 228 67 23 25 52 63 23 30 39 170 21 458 62 2053 61 81 70 21 37 21 99 21 231 22 85 1172 109
internal_value=7.11564e-08 37.565 110.126 77.2925 -4.00693 36.7148 149.955 175.792 183.089 5.67979 12.1112 -7.77399 -3.18072 -5.97143 4.60789 4.77571 28.4749 3.9294 3.14938 4.71673 -3.1045 17.3611 -8.25163 -8.31153 -8.31618 -8.24269 -8.11774 -8.27667
internal_weight=9960 960 360 240 9000 154 86 120 97 2520 360 6480 600 600 2160 2114 120 240 120 99 46 120 480 459 480 5880 1257 4623
internal_count=9960 960 360 240 9000 154 86 120 97 2520 360 6480 600 600 2160 2114 120 240 120 99 46 120 480 459 480 5880 1257 4623
is_linear=0
shrinkage=0.05


Tree=19
num_leaves=29
num_cat=0
split_feature=0 0 2 4 2 3 4 5 3 0 0 0 0 2 3 3 5 4 3 4 3 3 3 5 4 3 4 5
split_gain=5.41205e+08 1.09479e+09 2.80198e+08 2.55456e+08 1.18558e+08 5.44291e+07 2.39592e+07 9.72728e+06 1.63061e+07 6.27149e+06 1.73996e+07 5.03617e+06 2.28495e+07 4.50469e+06 1.10292e+06 1.35629e+06 800345 701763 510067 595627 139622 13936 12338.2 11200.2 9826.13 20731.1 14358.1 9103.22
threshold=26.500000000000004 27.500000000000004 1.0000000180025095e-35 419.96000000000009 1.0000000180025095e-35 369.29500000000007 837.72000000000014 1790.8500000000001 373.00500000000005 22.500000000000004 23.500000000000004 22.500000000000004 23.500000000000004 1.0000000180025095e-35 2075.9800000000005 1977.9650000000004 1725.8100000000002 370.87500000000006 378.56500000000005 386.2050000000001 292.75500000000005 368.60500000000008 315.59500000000008 401.79500000000002 414.63000000000005 230.85500000000005 376.24500000000006 363.21000000000009
decision_type=2 2 2 2 2 2 2 2 2 2 2 2 2 2 2 2 2 2 2 2 2 2 2 2 2 2 2 2
left_child=4 2 3 5 11 -2 -5 8 -4 14 16 24 20 21 15 -6 -11 -12 19 -15 -13 23 -14 -3 26 -26 -1 -23
right_child=1 13 7 6 9 -7 -8 -9 -10 10 17 12 22 18 -16 -17 -18 -19 -20 -21 -22 27 -24 -25 25 -27 -28 -29
leaf_value=-7.8339204423044464 52.784167804549227 -7.9329484456650761 187.65208991890523 98.779200014860749 4.4443083627591937 -14.469324772532396 158.40321852668885 137.76785699595575 143.29808247884114 25.17045681019022 0.081891008324592438 19.321351629495624 -7.4153901065437537 6.5662985715773203 14.81853643798828 -4.1444531367180195 35.917078139668426 5.7351061361066762 -4.0859379371007289 -2.7623382481661714 15.464604153687304 -7.775494248056134 -8.0328771823913421 -8.8106313306231829 -8.5655311778440311 -7.881394625963174 -7.5981363704051876 -7.0768003432718052
leaf_weight=3152 113 235 67 23 2088 41 63 23 30 99 85 32 103 77 25 47 21 155 21 22 88 129 377 43 118 1798 812 73
leaf_count=3152 113 235 67 23 2088 41 63 23 30 99 85 32 103 77 25 47 21 155 21 22 88 129 377 43 118 1798 812 73
internal_value=2.43908e-08 35.6867 104.619 73.4279 -3.80659 34.879 142.457 167.002 173.934 5.3958 11.5057 -7.38529 -3.02169 -5.67286 4.3775 4.25523 27.0511 3.73293 2.99191 4.49327 16.4931 -7.83905 -7.90037 -8.06871 -7.83056 -7.92353 -7.78562 -7.523
internal_weight=9960 960 360 240 9000 154 86 120 97 2520 360 6480 600 600 2160 2135 120 240 120 99 120 480 480 278 5880 1916 3964 202
internal_count=9960 960 360 240 9000 154 86 120 97 2520 360 6480 600 600 2160 2135 120 240 120 99 120 480 480 278 5880 1916 3964 202
is_linear=0
shrinkage=0.05


Tree=20
num_leaves=29
num_cat=0
split_feature=0 0 2 4 2 5 4 4 4 0 0 0 0 2 3 0 4 5 3 3 4 5 4 0 4 0 3 0
split_gain=4.88438e+08 9.88052e+08 2.52879e+08 2.30574e+08 1.06998e+08 3.94793e+07 9.33854e+06 9.98361e+06 6.59386e+06 5.66002e+06 1.57032e+07 4.54514e+06 2.06217e+07 4.06548e+06 1.07658e+06 1.05187e+06 858069 774131 721095 460336 595935 132225 13561 14022.5 11818.3 9689.98 20672 16187
threshold=26.500000000000004 27.500000000000004 1.0000000180025095e-35 517.93500000000006 1.0000000180025095e-35 281.61500000000007 289.71000000000009 390.03500000000003 1172.0450000000003 22.500000000000004 23.500000000000004 22.500000000000004 23.500000000000004 1.0000000180025095e-35 1474.0400000000002 6.5000000000000009 421.35000000000008 377.48500000000007 334.26500000000004 378.56500000000005 310.37000000000006 394.29500000000007 1936.3200000000004 28.500000000000004 236.66000000000003 1.0000000180025095e-35 354.21000000000009 5.5000000000000009
decision_type=2 2 2 2 2 2 2 2 2 2 2 2 2 2 2 2 2 2 2 2 2 2 2 2 2 2 2 2
left_child=4 2 3 5 11 -2 -4 -8 -5 14 17 25 21 22 15 -6 -16 -11 -12 20 -15 -13 23 -3 -14 26 -1 -27
right_child=1 13 6 8 9 -7 7 -9 -10 10 18 12 24 19 16 -17 -18 -19 -20 -21 -22 -23 -24 -25 -26 27 -28 -29
leaf_value=-7.3374653510193326 95.013875755896947 -7.782118848750466 188.09116127707742 167.3757303873698 5.4261202410627005 28.069939443800184 142.70441203705252 179.31404339599612 135.04584414233332 31.486139372067573 -1.6649216010020329 14.860226202011109 -8.6952027297019949 -1.758402626267795 7.6956676487041564 2.8890122992956395 -2.7887710298810688 22.911948043475917 4.9876754573467093 -3.8816410609654022 6.7655076932907114 19.07687244207963 -6.2046106156848726 -7.2293853929032501 -7.4536236952698749 -7.2725511990115059 -8.2719261029981208 -7.4726129165374573
leaf_weight=134 26 228 22 24 605 144 73 25 46 39 52 97 20 29 276 1258 21 81 188 21 70 23 21 231 460 1320 106 4320
leaf_count=134 26 228 22 24 605 144 73 25 46 39 52 97 20 29 276 1258 21 81 188 21 70 23 21 231 460 1320 106 4320
internal_value=3.11019e-08 33.9024 99.3884 69.7565 -3.61626 38.3084 158.652 152.044 146.13 5.12601 10.9304 -7.01603 -2.8706 -5.38922 4.15862 3.71293 6.95434 25.6986 3.54628 2.84231 4.2686 15.6684 -7.4471 -7.50395 -7.50536 -7.43903 -7.75019 -7.42579
internal_weight=9960 960 360 240 9000 170 120 98 70 2520 360 6480 600 600 2160 1863 297 120 240 120 99 120 480 459 480 5880 240 5640
internal_count=9960 960 360 240 9000 170 120 98 70 2520 360 6480 600 600 2160 1863 297 120 240 120 99 120 480 459 480 5880 240 5640
is_linear=0
shrinkage=0.05


Tree=21
num_leaves=31
num_cat=0
split_feature=0 0 2 4 2 3 4 3 4 0 0 0 0 2 3 3 0 3 4 5 4 5 5 3 5 5 5 0 5 3
split_gain=4.40815e+08 8.91717e+08 2.28223e+08 2.11032e+08 9.65659e+07 4.97713e+07 1.92285e+07 8.8209e+06 7.2743e+06 5.10817e+06 1.41721e+07 4.10199e+06 1.86111e+07 3.6691e+06 3.47083e+06 1.04973e+06 1.02284e+06 990251 754505 692015 472738 953146 134562 12685.9 12827.4 11528.2 9486.54 20238.8 17133.9 6638.7
threshold=26.500000000000004 27.500000000000004 1.0000000180025095e-35 419.96000000000009 1.0000000180025095e-35 359.71500000000009 837.72000000000014 347.60500000000008 354.19500000000005 22.500000000000004 23.500000000000004 22.500000000000004 23.500000000000004 1.0000000180025095e-35 394.21500000000009 299.05000000000007 4.5000000000000009 363.71000000000009 293.59500000000008 294.11500000000007 401.75500000000005 1437.595 289.32500000000005 356.56500000000005 264.32000000000005 438.43000000000006 250.43000000000004 4.5000000000000009 278.88000000000005 1164.5450000000003
decision_type=2 2 2 2 2 2 2 2 2 2 2 2 2 2 2 2 2 2 2 2 2 2 2 2 2 2 2 2 2 2
left_child=4 2 3 5 11 -2 -5 8 -4 15 18 26 22 23 -9 16 -6 -17 -11 -12 21 -15 -13 24 -3 -14 27 -1 -28 -25
right_child=1 13 7 6 9 -7 -8 14 -10 10 19 12 25 20 -16 17 -18 -19 -20 -21 -22 -23 -24 29 -26 -27 28 -29 -30 -31
leaf_value=-7.3687655221057842 51.52721533681833 -8.1974705060323085 150.14564650252061 89.88028325619905 6.3492592685825224 -8.5788379962627701 143.29456837063745 127.92045808089406 185.49032840728762 30.592172690800261 -4.8778822359831437 18.520359370822 -7.0763840341672113 0.35559382746296547 153.24906020391555 6.1866529975498574 0.339596462586083 3.6532623817817922 21.869527015966529 4.2430554093029098 -4.1137320382254465 10.496353585011251 14.113857983985936 -6.6758997860775198 -7.1759526687009005 -8.2481135975230835 -7.3955166964371619 -6.7121123861848266 -7.0622478334712371 -7.3354414850473404
leaf_weight=158 102 36 37 23 91 52 63 38 24 35 23 21 458 62 21 574 319 1176 85 217 21 37 99 186 210 22 419 456 4847 48
leaf_count=158 102 36 37 23 91 52 63 38 24 35 23 21 458 62 21 574 319 1176 85 217 21 37 99 186 210 22 419 456 4847 48
internal_value=1.36746e-08 32.2073 94.419 66.2687 -3.43544 31.2317 129.009 150.72 164.052 4.86971 10.3839 -6.66523 -2.72707 -5.11976 136.936 3.95069 1.67345 4.48421 24.4136 3.36897 2.7002 4.14557 14.885 -7.07474 -7.32544 -7.13009 -7.06708 -6.88109 -7.08877 -6.81119
internal_weight=9960 960 360 240 9000 154 86 120 61 2520 360 6480 600 600 59 2160 410 1750 120 240 120 99 120 480 246 480 5880 614 5266 234
internal_count=9960 960 360 240 9000 154 86 120 61 2520 360 6480 600 600 59 2160 410 1750 120 240 120 99 120 480 246 480 5880 614 5266 234
is_linear=0
shrinkage=0.05


Tree=22
num_leaves=29
num_cat=0
split_feature=0 0 2 4 2 3 4 4 4 0 0 0 0 2 5 3 5 5 4 4 5 3 4 4 3 3 3 3
split_gain=3.97835e+08 8.04775e+08 2.05972e+08 1.90456e+08 8.71507e+07 4.50192e+07 1.73537e+07 8.6471e+06 8.57705e+06 4.61012e+06 1.27903e+07 3.70205e+06 1.67965e+07 3.31136e+06 1.01673e+06 1.87762e+06 1.24492e+06 739700 656231 426646 860214 126479 12322.4 13712.2 11360.7 8840.71 20920.9 15128.1
threshold=26.500000000000004 27.500000000000004 1.0000000180025095e-35 419.96000000000009 1.0000000180025095e-35 369.29500000000007 837.72000000000014 289.71000000000009 390.03500000000003 22.500000000000004 23.500000000000004 22.500000000000004 23.500000000000004 1.0000000180025095e-35 407.98000000000008 354.94000000000005 9090.1851734891407 1741.8100000000002 370.87500000000006 401.75500000000005 1437.595 292.75500000000005 1936.3200000000004 256.49000000000007 354.21000000000009 422.59000000000009 427.74500000000006 373.00500000000005
decision_type=2 2 2 2 2 2 2 2 2 2 2 2 2 2 2 2 2 2 2 2 2 2 2 2 2 2 2 2
left_child=4 2 3 5 11 -2 -5 -4 -9 14 17 25 21 22 15 -6 -16 -11 -12 20 -15 -13 23 -3 -14 27 -27 -1
right_child=1 13 7 6 9 -7 -8 8 -10 10 18 12 24 19 16 -17 -18 -19 -20 -21 -22 -23 -24 -25 -26 26 -28 -29
leaf_value=-6.6923215357398256 45.954092866340574 -5.9251730807991914 171.51174260919746 85.38627073868463 -0.75943961409271743 -15.210244602110329 136.12983815859235 128.16802085458417 162.10089823913574 21.437363303661346 -0.33008747998405907 16.832623188942673 -6.4538921074433766 0.33781406802515829 4.836254151227168 4.4105297339711216 -2.2974602296948432 31.970884208679202 5.1366555094718933 -3.9080454145159038 9.9715357496931745 13.161881888204846 -5.5366201128278467 -6.8630582013955497 -6.9586685974641078 -5.8387106089030993 -6.6510826043326903 -6.8989730350872875
leaf_weight=3429 113 43 22 23 305 41 63 73 25 100 85 32 176 62 1377 414 64 20 155 21 37 88 21 416 304 85 1172 1194
leaf_count=3429 113 43 22 23 305 41 63 73 25 100 85 32 176 62 1377 414 64 20 155 21 37 88 21 416 304 85 1172 1194
internal_value=1.1856e-08 30.5969 89.6981 62.9552 -3.26367 29.6701 122.559 143.184 136.824 4.62623 9.86466 -6.33197 -2.59072 -4.86377 3.75315 2.21743 4.51942 23.193 3.20052 2.56519 3.9383 14.1407 -6.72101 -6.7752 -6.77358 -6.71373 -6.59615 -6.74569
internal_weight=9960 960 360 240 9000 154 86 120 98 2520 360 6480 600 600 2160 719 1441 120 240 120 99 120 480 459 480 5880 1257 4623
internal_count=9960 960 360 240 9000 154 86 120 98 2520 360 6480 600 600 2160 719 1441 120 240 120 99 120 480 459 480 5880 1257 4623
is_linear=0
shrinkage=0.05


Tree=23
num_leaves=29
num_cat=0
split_feature=0 0 2 4 2 3 3 5 3 0 0 0 0 2 3 5 5 3 3 3 5 3 3 4 5 4 5 3
split_gain=3.59046e+08 7.26309e+08 1.85889e+08 1.71887e+08 7.86535e+07 4.1205e+07 1.63223e+07 8.53451e+06 1.42566e+07 4.16063e+06 1.15433e+07 3.3411e+06 1.51589e+07 2.9885e+06 977497 947524 725115 674101 405601 530796 122271 11385.8 12787.9 11020.4 8813.61 17031.9 14378.9 6095.96
threshold=26.500000000000004 27.500000000000004 1.0000000180025095e-35 419.96000000000009 1.0000000180025095e-35 359.71500000000009 301.06500000000005 1790.8500000000001 373.00500000000005 22.500000000000004 23.500000000000004 22.500000000000004 23.500000000000004 1.0000000180025095e-35 202.22000000000003 11752.526766137917 377.48500000000007 334.26500000000004 378.56500000000005 303.28500000000003 394.29500000000007 356.56500000000005 307.64500000000004 10143.966881249189 225.82000000000002 251.99000000000004 230.92000000000004 451.43000000000006
decision_type=2 2 2 2 2 2 2 2 2 2 2 2 2 2 2 2 2 2 2 2 2 2 2 2 2 2 2 2
left_child=4 2 3 5 11 -2 -5 8 -4 14 16 24 20 21 -6 -16 -11 -12 19 -15 -13 22 -3 -14 25 -1 -26 -23
right_child=1 13 7 6 9 -7 -8 -9 -10 10 17 12 23 18 15 -17 -18 -19 -20 -21 -22 27 -24 -25 26 -27 -28 -29
leaf_value=-7.348316905131707 46.653147977941181 -6.2408296083581867 155.34425566943725 78.108078148251494 -5.7159453800746371 -8.0363140986515926 128.81217236738939 108.64092750549317 113.87125546773275 27.634658534710226 -1.9980402249556322 12.65653324809271 -6.5090930277490191 -0.86288328547226767 3.792524790717267 -6.8809300695146831 19.336353751759471 4.4341279677571137 -3.8746385097503664 6.6653800682943372 16.711362200197964 -5.9460681548971221 -6.962994059782762 -5.6612269219898046 -7.1758221724937705 -6.0128367865024366 -6.3844233436600577 -6.4794908618352496
leaf_weight=26 102 116 67 21 28 52 65 23 30 39 52 97 438 38 2111 21 81 188 21 61 23 151 130 42 58 292 5504 83
leaf_count=26 102 116 67 21 28 52 65 23 30 39 52 97 438 38 2111 21 81 188 21 61 23 151 130 42 58 292 5504 83
internal_value=9.69253e-10 29.0671 85.2132 59.8075 -3.10049 28.1866 116.431 136.025 142.518 4.39492 9.37143 -6.01537 -2.46118 -4.62058 3.5655 3.68739 22.0333 3.04049 2.43693 3.77574 13.4337 -6.38496 -6.62246 -6.4349 -6.37804 -6.12203 -6.39268 -6.13527
internal_weight=9960 960 360 240 9000 154 86 120 97 2520 360 6480 600 600 2160 2132 120 240 120 99 120 480 246 480 5880 318 5562 234
internal_count=9960 960 360 240 9000 154 86 120 97 2520 360 6480 600 600 2160 2132 120 240 120 99 120 480 246 480 5880 318 5562 234
is_linear=0
shrinkage=0.05


Tree=24
num_leaves=28
num_cat=0
split_feature=0 0 2 4 2 3 4 5 3 0 0 0 0 2 3 3 5 5 5 5 5 4 0 5 4 3 5
split_gain=3.24039e+08 6.55494e+08 1.67765e+08 1.55128e+08 7.09848e+07 3.72514e+07 1.54295e+07 7.7024e+06 1.28666e+07 3.75497e+06 1.04178e+07 3.01534e+06 1.36809e+07 2.69713e+06 960506 1.27624e+06 692007 635718 385762 539207 124563 11187.4 12857 10575.6 8795.38 19597.1 13224.7
threshold=26.500000000000004 27.500000000000004 1.0000000180025095e-35 419.96000000000009 1.0000000180025095e-35 369.29500000000007 837.72000000000014 1790.8500000000001 373.00500000000005 22.500000000000004 23.500000000000004 22.500000000000004 23.500000000000004 1.0000000180025095e-35 2075.9800000000005 1977.9650000000004 1725.8100000000002 1466.4750000000001 360.78500000000003 1015.3450000000001 289.32500000000005 1936.3200000000004 28.500000000000004 414.57000000000005 414.63000000000005 273.52000000000004 456.50000000000006
decision_type=2 2 2 2 2 2 2 2 2 2 2 2 2 2 2 2 2 2 2 2 2 2 2 2 2 2 2
left_child=4 2 3 5 11 -2 -5 8 -4 14 16 24 20 21 15 -6 -11 -12 -15 -20 -13 22 -3 -14 26 -26 -1
right_child=1 13 7 6 9 -7 -8 -9 -10 10 17 12 23 18 -16 -17 -18 -19 19 -21 -22 -23 -24 -25 25 -27 -28
leaf_value=-5.9949676547244906 41.589919098710595 -6.3837033645102856 147.57704281095249 75.558160267705503 3.4565369799904442 -14.047917212509526 123.4058760226719 103.20888222404149 108.17769395192465 19.182892320613671 1.2371854430086473 16.25972170148577 -6.0331293913652733 -3.0752622567690335 13.130880340576173 -4.8749127530037093 29.175723330179853 6.898721205847604 9.4754830113772694 1.2765768854434674 12.020087149167303 -4.9371853215353836 -5.8544383550619159 -6.8014183921813967 -6.526508872030516 -6.0797011714614131 -6.4017854684902034
leaf_weight=3753 113 228 67 23 2088 41 63 23 30 99 170 21 430 26 25 47 21 70 29 65 99 21 231 50 289 1627 211
leaf_count=3753 113 228 67 23 2088 41 63 23 30 99 170 21 430 26 25 47 21 70 29 65 99 21 231 50 289 1627 211
internal_value=1.50325e-08 27.6137 80.9525 56.8171 -2.94546 26.7772 110.609 129.223 135.392 4.17517 8.90286 -5.7146 -2.33812 -4.38955 3.38722 3.27313 20.9316 2.88847 2.31508 3.80603 12.762 -6.06571 -6.11734 -6.11316 -6.05914 -6.1471 -6.01662
internal_weight=9960 960 360 240 9000 154 86 120 97 2520 360 6480 600 600 2160 2135 120 240 120 94 120 480 459 480 5880 1916 3964
internal_count=9960 960 360 240 9000 154 86 120 97 2520 360 6480 600 600 2160 2135 120 240 120 94 120 480 459 480 5880 1916 3964
is_linear=0
shrinkage=0.05


Tree=25
num_leaves=31
num_cat=0
split_feature=0 0 2 4 2 3 3 4 4 0 0 0 0 2 3 4 0 5 4 4 3 3 4 4 3 4 4 5 3 3
split_gain=2.92446e+08 5.91583e+08 1.51408e+08 1.40003e+08 6.40638e+07 3.41139e+07 1.47528e+07 7.37075e+06 8.27588e+06 3.38886e+06 9.40206e+06 2.72134e+06 1.2347e+07 2.43416e+06 955207 1.04734e+06 821880 676100 613765 391733 909700 114578 72804.4 10628 12252.2 10551.6 8911.94 14036.9 11419.7 3792.51
threshold=26.500000000000004 27.500000000000004 1.0000000180025095e-35 419.96000000000009 1.0000000180025095e-35 359.71500000000009 307.64500000000004 289.71000000000009 354.19500000000005 22.500000000000004 23.500000000000004 22.500000000000004 23.500000000000004 1.0000000180025095e-35 1474.0400000000002 191.05000000000004 11.500000000000002 377.48500000000007 370.87500000000006 321.58500000000004 337.42000000000002 292.75500000000005 292.27500000000003 256.49000000000007 377.44500000000005 236.66000000000003 2165.0150000000003 456.50000000000006 324.96000000000009 381.9550000000001
decision_type=2 2 2 2 2 2 2 2 2 2 2 2 2 2 2 2 2 2 2 2 2 2 2 2 2 2 2 2 2 2
left_child=4 2 3 5 11 -2 -5 -4 -9 14 17 26 21 23 15 -6 -16 -11 -12 22 -21 -13 -15 29 -25 -14 27 -1 -28 -3
right_child=1 13 7 6 9 -7 -8 8 -10 10 18 12 25 19 16 -17 -18 -19 -20 20 -22 -23 -24 24 -26 -27 28 -29 -30 -31
leaf_value=-5.7416566330464791 42.240996716069247 -4.5088308572769167 148.9160742673007 74.466178512573251 -7.5794738411903388 -7.5205795874962433 119.08814497115247 101.12215588887534 130.27936470823468 25.29378119982206 -0.67041612877565271 14.686024290323259 -6.9317766118049624 0.29238830447196962 3.6398479510997905 2.9334732782458275 8.9796510289597329 17.280854710237481 4.6164890504652458 9.8247690050225529 -0.85219269998016822 11.192248727178033 -3.9738851070404055 -6.035460007121273 -5.4844144849083101 -5.7586199905302218 -5.8766953366143362 -6.0533226776646707 -4.48365545580464 -5.4502627994703214
leaf_weight=5434 102 20 22 27 24 52 59 45 53 39 85 32 20 20 174 1839 123 81 155 38 42 88 20 279 158 460 28 387 31 23
leaf_count=5434 102 20 22 27 24 52 59 45 53 39 85 32 20 20 174 1839 123 81 155 38 42 88 20 279 158 460 28 387 31 23
internal_value=4.45804e-08 26.233 76.9049 53.9762 -2.79819 25.4384 105.079 122.762 116.891 3.96641 8.45771 -5.42887 -2.22122 -4.17007 3.21786 2.79804 5.85128 19.8851 2.74404 2.19933 4.21936 12.1239 -1.84075 -5.76242 -5.83623 -5.8075 -5.75618 -5.76238 -5.14476 -5.01239
internal_weight=9960 960 360 240 9000 154 86 120 98 2520 360 6480 600 600 2160 1863 297 120 240 120 80 120 40 480 437 480 5880 5821 59 43
internal_count=9960 960 360 240 9000 154 86 120 98 2520 360 6480 600 600 2160 1863 297 120 240 120 80 120 40 480 437 480 5880 5821 59 43
is_linear=0
shrinkage=0.05


Tree=26
num_leaves=29
num_cat=0
split_feature=0 0 2 4 2 5 4 5 3 0 0 0 0 2 5 5 5 4 3 4 4 5 4 0 3 5 3 5
split_gain=2.63932e+08 5.33904e+08 1.36646e+08 1.2774e+08 5.78176e+07 3.44826e+07 7.15236e+06 6.79431e+06 1.17241e+07 3.05845e+06 8.48536e+06 2.45601e+06 1.11432e+07 2.19683e+06 919939 1.78524e+06 1.20001e+06 674614 633584 388464 811474 113067 10181 11372.5 10072.7 8618.76 25672.2 19197
threshold=26.500000000000004 27.500000000000004 1.0000000180025095e-35 517.93500000000006 1.0000000180025095e-35 281.61500000000007 1172.0450000000003 1790.8500000000001 373.00500000000005 22.500000000000004 23.500000000000004 22.500000000000004 23.500000000000004 1.0000000180025095e-35 407.98000000000008 383.93500000000006 1015.3450000000001 293.59500000000008 334.26500000000004 401.75500000000005 364.15500000000003 394.29500000000007 1936.3200000000004 28.500000000000004 315.59500000000008 2768.3550000000005 264.40000000000003 456.50000000000006
decision_type=2 2 2 2 2 2 2 2 2 2 2 2 2 2 2 2 2 2 2 2 2 2 2 2 2 2 2 2
left_child=4 2 3 5 11 -2 -5 8 -4 14 17 25 21 22 15 -6 -16 -11 -12 20 -15 -13 23 -3 -14 27 -27 -1
right_child=1 13 7 6 9 -7 -8 -9 -10 10 18 12 24 19 16 -17 -18 -19 -20 -21 -22 -23 -24 -25 -26 26 -28 -29
leaf_value=-5.454969802515766 80.865750004695016 -5.7740707690255686 134.0491901682384 130.25058705409367 2.5205605903192412 18.301464059617786 96.579333571247446 92.191193190864908 96.439702504475918 24.733086580548971 -2.2779232061826269 10.770372942550896 -5.078923555832465 0.97992017145280708 6.3526863617015028 -5.1189406559385109 2.9747718328727437 16.485157211598231 3.9579458612076781 -4.0874258767990836 11.868423809246584 14.669606360145238 -4.3977371624537875 -5.2762974449566435 -5.6368476476846396 -6.6842681837081912 -4.7219164446592332 -5.8534656531340445
leaf_weight=5440 26 228 67 24 632 144 46 23 30 35 52 97 103 77 346 87 1095 85 188 21 22 23 21 231 377 20 100 320
leaf_count=5440 26 228 67 24 632 144 46 23 30 35 52 97 103 77 346 87 1095 85 188 21 22 23 21 231 377 20 100 320
internal_value=-8.20871e-09 24.9214 73.0596 51.2774 -2.65828 27.8701 108.124 116.624 122.417 3.76809 8.03483 -5.15743 -2.11016 -3.96157 3.05697 1.59617 3.78585 18.8908 2.60684 2.08936 3.39959 11.5177 -5.4743 -5.52356 -5.51713 -5.46837 -5.04898 -5.47711
internal_weight=9960 960 360 240 9000 170 70 120 97 2520 360 6480 600 600 2160 719 1441 120 240 120 99 120 480 459 480 5880 120 5760
internal_count=9960 960 360 240 9000 170 70 120 97 2520 360 6480 600 600 2160 719 1441 120 240 120 99 120 480 459 480 5880 120 5760
is_linear=0
shrinkage=0.05


Tree=27
num_leaves=30
num_cat=0
split_feature=0 0 2 4 2 5 4 4 4 0 0 0 0 2 3 4 5 5 5 4 5 5 5 4 3 0 3 0 3
split_gain=2.38199e+08 4.81848e+08 1.23323e+08 1.16844e+08 5.21803e+07 4.08161e+07 3.35105e+07 6.46667e+06 7.64248e+06 2.76025e+06 7.65804e+06 2.21655e+06 1.00567e+07 1.98264e+06 896764 1.43157e+06 961675 639519 600246 350588 749357 115303 9763.24 9590.17 11604.6 8591.42 18560.4 14775.5 3424.4
threshold=26.500000000000004 27.500000000000004 1.0000000180025095e-35 356.52000000000004 1.0000000180025095e-35 378.59500000000008 837.72000000000014 289.71000000000009 390.03500000000003 22.500000000000004 23.500000000000004 22.500000000000004 23.500000000000004 1.0000000180025095e-35 226.07500000000002 374.92000000000002 290.55500000000001 1725.8100000000002 294.11500000000007 401.75500000000005 1437.595 289.32500000000005 438.43000000000006 256.49000000000007 1686.7250000000001 1.0000000180025095e-35 354.21000000000009 5.5000000000000009 381.9550000000001
decision_type=2 2 2 2 2 2 2 2 2 2 2 2 2 2 2 2 2 2 2 2 2 2 2 2 2 2 2 2 2
left_child=4 2 3 5 11 -2 -5 -4 -9 14 17 25 21 23 15 -6 -16 -11 -12 20 -15 -13 -14 28 -25 26 -1 -27 -3
right_child=1 13 7 6 9 -7 -8 8 -10 10 18 12 22 19 16 -17 -18 -19 -20 -21 -22 -23 -24 24 -26 27 -28 -29 -30
leaf_value=-5.0968652798168703 28.328873634338379 -4.0096189904585477 135.29032133275811 56.198004200147551 -7.4434931735603174 -41.812353842599052 106.63536907377699 97.122256721209169 129.15311920166016 16.265145063580889 -5.2040982951288646 14.307011817750476 -5.19184749498638 -0.13087502064243439 -0.5565169688089785 7.4616001764933273 3.4101684224149453 25.871532576424734 3.2905718205711261 -3.8830543154761905 8.8606882765486432 10.22801522049639 -6.2701574455608018 -5.3271213588454458 -4.0941787678003312 -5.036079784972932 -5.9823153709465604 -5.2272199163677202 -4.9041957316191302
leaf_weight=134 80 20 22 69 49 28 63 73 25 99 23 21 458 62 166 24 1921 21 217 21 37 99 22 417 20 1320 106 4320 23
leaf_count=134 80 20 22 69 49 28 63 73 25 99 23 21 458 62 166 24 1921 21 217 21 37 99 22 417 20 1320 106 4320 23
internal_value=6.34239e-09 23.6753 69.4067 48.7136 -2.52537 10.1441 80.2704 110.793 105.293 3.57969 7.63309 -4.89955 -2.00465 -3.76349 2.90412 -2.54319 3.09466 17.9463 2.4765 1.98489 3.22961 10.9418 -5.24127 -5.20059 -5.27069 -5.19495 -5.48794 -5.18248 -4.48811
internal_weight=9960 960 360 240 9000 108 132 120 98 2520 360 6480 600 600 2160 73 2087 120 240 120 99 120 480 480 437 5880 240 5640 43
internal_count=9960 960 360 240 9000 108 132 120 98 2520 360 6480 600 600 2160 73 2087 120 240 120 99 120 480 480 437 5880 240 5640 43
is_linear=0
shrinkage=0.05


Tree=28
num_leaves=29
num_cat=0
split_feature=0 0 2 4 2 5 4 5 3 0 0 0 0 2 3 4 4 5 4 3 3 5 4 4 0 4 3 0
split_gain=2.14974e+08 4.34868e+08 1.11299e+08 1.05452e+08 4.70928e+07 3.68365e+07 3.02432e+07 6.07224e+06 1.05651e+07 2.49112e+06 6.91138e+06 2.00044e+06 9.07616e+06 1.78933e+06 864803 2.93653e+06 1.21561e+06 638352 574010 343692 487965 104490 9637.68 9302.35 9966.6 8100.81 17362.1 11733.9
threshold=26.500000000000004 27.500000000000004 1.0000000180025095e-35 356.52000000000004 1.0000000180025095e-35 378.59500000000008 837.72000000000014 1790.8500000000001 373.00500000000005 22.500000000000004 23.500000000000004 22.500000000000004 23.500000000000004 1.0000000180025095e-35 1192.95 333.78500000000003 191.05000000000004 375.67000000000002 370.87500000000006 378.56500000000005 303.28500000000003 394.29500000000007 10143.966881249189 1936.3200000000004 28.500000000000004 202.79000000000005 414.15500000000003 20.500000000000004
decision_type=2 2 2 2 2 2 2 2 2 2 2 2 2 2 2 2 2 2 2 2 2 2 2 2 2 2 2 2
left_child=4 2 3 5 11 -2 -5 8 -4 14 17 25 21 23 16 -16 -6 -11 -12 20 -15 -13 -14 24 -3 26 -1 -27
right_child=1 13 7 6 9 -7 -8 -9 -10 10 18 12 22 19 15 -17 -18 -19 -20 -21 -22 -23 -24 -25 -26 27 -28 -29
leaf_value=-4.8575675627607628 26.912431030273439 -5.2221573273798363 121.77193869832736 53.388104734558993 -9.1573582027269449 -39.721738542829243 101.30360175238717 82.155120285697606 86.069843877156586 22.619499354892309 -0.94935229357551132 9.6762993424977228 -5.0485848781316793 -1.3294776514956828 9.6340084024270389 1.2513839198882322 2.4146119330850468 14.661571403912134 4.1634631030790272 -3.9243007818857829 5.8886585939125942 13.424725186306498 -4.2556907943316871 -3.9114942414419995 -4.7561675463662008 -4.9221854837737506 -3.3502251358032229 -5.1854185011011111
leaf_weight=81 80 228 67 69 23 28 63 23 30 36 85 97 438 38 180 249 1708 84 155 21 61 23 42 21 231 5314 25 460
leaf_count=81 80 228 67 69 23 28 63 23 30 36 85 97 438 38 180 249 1708 84 155 21 61 23 42 21 231 5314 25 460
internal_value=2.86786e-08 22.4915 65.9363 46.2779 -2.3991 9.63691 76.2569 105.253 110.73 3.4007 7.25143 -4.65458 -1.90442 -3.57532 2.75891 4.76857 2.26085 17.0489 2.35267 1.88565 3.11806 10.3947 -4.97921 -4.94056 -4.98764 -4.9352 -4.50206 -4.94316
internal_weight=9960 960 360 240 9000 108 132 120 97 2520 360 6480 600 600 2160 429 1731 120 240 120 99 120 480 480 459 5880 106 5774
internal_count=9960 960 360 240 9000 108 132 120 97 2520 360 6480 600 600 2160 429 1731 120 240 120 99 120 480 480 459 5880 106 5774
is_linear=0
shrinkage=0.05


Tree=29
num_leaves=30
num_cat=0
split_feature=0 0 2 4 2 5 4 4 4 0 0 0 0 2 3 5 4 3 4 3 5 4 4 3 5 4 5 0 5
split_gain=1.94014e+08 3.92468e+08 1.00447e+08 9.51705e+07 4.25012e+07 3.32449e+07 2.72945e+07 5.67174e+06 7.3449e+06 2.24824e+06 6.23752e+06 1.8054e+06 8.19124e+06 1.61487e+06 851491 853641 611928 592255 343959 819098 106413 66503.8 9351 9030.71 9340.42 8790.84 8071.8 18515.6 15777
threshold=26.500000000000004 27.500000000000004 1.0000000180025095e-35 356.52000000000004 1.0000000180025095e-35 378.59500000000008 837.72000000000014 289.71000000000009 354.19500000000005 22.500000000000004 23.500000000000004 22.500000000000004 23.500000000000004 1.0000000180025095e-35 202.22000000000003 11752.526766137917 293.59500000000008 334.26500000000004 321.58500000000004 337.42000000000002 289.32500000000005 292.27500000000003 236.66000000000003 368.60500000000008 401.79500000000002 345.97500000000008 250.43000000000004 4.5000000000000009 278.88000000000005
decision_type=2 2 2 2 2 2 2 2 2 2 2 2 2 2 2 2 2 2 2 2 2 2 2 2 2 2 2 2 2
left_child=4 2 3 5 11 -2 -5 -4 -9 14 16 26 20 23 -6 -16 -11 -12 21 -20 -13 -15 -14 24 -3 -25 27 -1 -28
right_child=1 13 7 6 9 -7 -8 8 -10 10 17 12 22 18 15 -17 -18 -19 19 -21 -22 -23 -24 25 -26 -27 28 -29 -30
leaf_value=-4.983335754690291 25.566809082031252 -4.7544249101395302 122.93295385187324 50.71869992242344 -6.0416194370814731 -37.735650852748329 96.238420807369181 79.984883982340506 107.45319090789219 21.760729680742539 -2.4877201483799865 13.107846217496055 -5.7886280822753911 0.044395856857299805 2.8345239578449348 -7.2963619209471204 13.905350062847138 3.5413357787943904 9.0031722470333708 -1.1281597977592832 9.1892572263274541 -4.0330966114997864 -4.6842295920330548 -4.8183336490872266 -5.5559322656587113 -4.1522137719911081 -5.0028036776121025 -4.3552599205431255 -4.6830027330673705
leaf_weight=158 80 235 22 69 28 28 63 45 53 35 52 21 20 20 2111 21 85 188 38 42 99 20 460 87 43 115 419 456 4847
leaf_count=158 80 235 22 69 28 28 63 45 53 35 52 21 20 20 2111 21 85 188 38 42 99 20 460 87 43 115 419 456 4847
internal_value=6.09238e-09 21.367 62.6395 43.964 -2.27914 9.15506 72.444 99.9905 94.8402 3.23067 6.88886 -4.42185 -1.80919 -3.39655 2.62097 2.73474 16.1965 2.23504 1.79137 3.68422 9.87501 -1.99435 -4.73025 -4.69353 -4.8784 -4.43911 -4.68844 -4.51688 -4.70845
internal_weight=9960 960 360 240 9000 108 132 120 98 2520 360 6480 600 600 2160 2132 120 240 120 80 120 40 480 480 278 202 5880 614 5266
internal_count=9960 960 360 240 9000 108 132 120 98 2520 360 6480 600 600 2160 2132 120 240 120 80 120 40 480 480 278 202 5880 614 5266
is_linear=0
shrinkage=0.05


Tree=30
num_leaves=30
num_cat=0
split_feature=0 0 2 4 2 3 3 3 4 3 0 0 0 0 2 3 3 5 5 4 4 3 4 4 4 4 4 4 3
split_gain=1.75098e+08 3.54203e+08 9.06536e+07 8.61821e+07 3.83573e+07 3.20966e+07 1.29824e+07 5.47592e+06 6.10684e+06 3.80996e+06 2.02904e+06 5.62936e+06 1.62937e+06 7.39259e+06 1.45742e+06 820934 1.21889e+06 590163 557544 328526 708426 104181 9081.42 8780.76 10090.3 8069.6 19424 13032.2 3071.11
threshold=26.500000000000004 27.500000000000004 1.0000000180025095e-35 419.96000000000009 1.0000000180025095e-35 369.29500000000007 360.44500000000011 347.60500000000008 354.19500000000005 394.21500000000009 22.500000000000004 23.500000000000004 22.500000000000004 23.500000000000004 1.0000000180025095e-35 2075.9800000000005 1977.9650000000004 1725.8100000000002 1466.4750000000001 401.75500000000005 364.15500000000003 292.75500000000005 360.41000000000003 256.49000000000007 1779.9950000000003 414.63000000000005 419.96000000000009 376.24500000000006 381.9550000000001
decision_type=2 2 2 2 2 2 2 2 2 2 2 2 2 2 2 2 2 2 2 2 2 2 2 2 2 2 2 2 2
left_child=4 2 3 5 12 -2 -5 8 -4 -9 15 17 25 21 23 16 -6 -12 -13 20 -16 -14 -15 28 -25 27 -27 -1 -3
right_child=1 14 7 6 10 -7 -8 9 -10 -11 11 18 13 22 19 -17 -18 -19 -20 -21 -22 -23 -24 24 -26 26 -28 -29 -30
leaf_value=-4.4593142187853969 33.125054283479678 -3.3239690899848942 92.753928715473904 66.53111491653155 2.563681041928886 -18.520032705911778 106.47971757830997 74.685134245219984 125.13838739395142 101.22232746850877 13.771733523860121 0.57686438041574817 11.824347908794881 -4.2592789098956025 0.64589310683213275 11.497875518798828 -5.5784292596451781 22.999983442397347 5.8788895848819189 -3.9785116831461589 10.819573907418686 8.4928641346367932 -4.695474420222201 -4.5957221885990567 -3.6987676208071849 -5.4161815959899151 -4.5094044840458354 -4.2346810563628017 -4.1711436707040539
leaf_weight=3152 113 20 37 53 2088 41 33 38 24 21 99 170 32 222 77 25 47 21 70 21 22 88 258 403 34 61 1855 812 23
leaf_count=3152 113 20 37 53 2088 41 33 38 24 21 99 170 32 222 77 25 47 21 70 21 22 88 258 403 34 61 1855 812 23
internal_value=2.68369e-08 20.2986 59.5075 41.7658 -2.16519 19.3754 81.8602 94.991 105.495 84.1306 3.06913 6.54442 -4.20076 -1.71874 -3.22672 2.48992 2.38444 15.3867 2.12329 1.7018 2.90671 9.38126 -4.49373 -4.45885 -4.52594 -4.45402 -4.53827 -4.4133 -3.77711
internal_weight=9960 960 360 240 9000 154 86 120 61 59 2520 360 6480 600 600 2160 2135 120 240 120 99 120 480 480 437 5880 1916 3964 43
internal_count=9960 960 360 240 9000 154 86 120 61 59 2520 360 6480 600 600 2160 2135 120 240 120 99 120 480 480 437 5880 1916 3964 43
is_linear=0
shrinkage=0.05


Tree=31
num_leaves=30
num_cat=0
split_feature=0 0 2 4 2 5 4 5 3 0 0 0 0 2 3 0 5 5 4 5 5 5 3 3 5 5 3 5 3
split_gain=1.58026e+08 3.19668e+08 8.18148e+07 8.03847e+07 3.46175e+07 3.02525e+07 2.23236e+07 5.308e+06 9.43761e+06 1.83121e+06 5.0805e+06 1.47051e+06 6.67182e+06 1.31532e+06 797008 884342 796092 602299 536910 312241 493430 96626.6 9176.97 8392.95 11952.5 7914.09 23169.1 17297 6766.93
threshold=26.500000000000004 27.500000000000004 1.0000000180025095e-35 356.52000000000004 1.0000000180025095e-35 378.59500000000008 837.72000000000014 1790.8500000000001 373.00500000000005 22.500000000000004 23.500000000000004 22.500000000000004 23.500000000000004 1.0000000180025095e-35 1474.0400000000002 6.5000000000000009 1437.595 375.67000000000002 370.87500000000006 355.39500000000004 1168.7250000000001 394.29500000000007 354.21000000000009 356.56500000000005 264.32000000000005 2768.3550000000005 264.40000000000003 456.50000000000006 1164.5450000000003
decision_type=2 2 2 2 2 2 2 2 2 2 2 2 2 2 2 2 2 2 2 2 2 2 2 2 2 2 2 2 2
left_child=4 2 3 5 11 -2 -5 8 -4 14 17 25 21 23 15 -6 -16 -11 -12 -15 -21 -13 -14 24 -3 27 -27 -1 -25
right_child=1 13 7 6 9 -7 -8 -9 -10 10 18 12 22 19 16 -17 -18 -19 -20 20 -22 -23 -24 28 -26 26 -28 -29 -30
leaf_value=-4.2186793435624503 23.34233768463135 -5.2815884007347957 105.79818285472356 46.204197922305788 3.5527964344054213 -37.044003731863846 87.370724117945116 68.645772452976402 72.054784673055011 20.028297477298313 -1.1764091803045833 8.2213120231001664 -3.98171818303791 -3.4842788772036637 6.6711619483374562 1.2264813938608989 1.2444764339006866 12.29836279253165 3.7684166739063878 7.3205827738109397 -0.0095619103004192501 11.825928978298023 -4.4353956495368809 -3.8849490044578432 -4.2955228291026186 -5.3829641532897954 -3.5187299683569004 -4.5969414140656593 -4.5508300587534904
leaf_weight=5440 80 36 67 69 605 28 63 23 30 36 85 97 176 24 193 1258 104 84 155 38 58 23 304 186 210 20 100 320 48
leaf_count=5440 80 36 67 69 605 28 63 23 30 36 85 97 176 24 193 1258 104 84 155 38 58 23 304 186 210 20 100 320 48
internal_value=2.95792e-08 19.2837 56.5322 39.6775 -2.05693 7.68662 65.8519 90.2415 95.3621 2.91568 6.2172 -3.99072 -1.6328 -3.06539 2.36542 1.98194 4.77091 14.6173 2.01712 1.61671 2.89195 8.9122 -4.26905 -4.23591 -4.43983 -4.23132 -3.82944 -4.23969 -4.02154
internal_weight=9960 960 360 240 9000 108 132 120 97 2520 360 6480 600 600 2160 1863 297 120 240 120 96 120 480 480 246 5880 120 5760 234
internal_count=9960 960 360 240 9000 108 132 120 97 2520 360 6480 600 600 2160 1863 297 120 240 120 96 120 480 480 246 5880 120 5760 234
is_linear=0
shrinkage=0.05


Tree=32
num_leaves=31
num_cat=0
split_feature=0 0 2 4 2 5 3 4 4 0 0 0 0 2 5 5 4 3 4 4 3 5 4 5 3 5 5 5 0 3
split_gain=1.42618e+08 2.885e+08 7.38379e+07 7.25472e+07 3.12423e+07 2.73029e+07 2.09191e+07 5.13361e+06 6.36626e+06 1.65266e+06 4.58515e+06 1.32713e+06 6.02131e+06 1.18708e+06 806900 1.64609e+06 1.16785e+06 556610 555179 310577 752345 98511.1 59185.5 8912.86 7944.28 16242.9 15467.2 7708.13 9904.28 5851.73
threshold=26.500000000000004 27.500000000000004 1.0000000180025095e-35 356.52000000000004 1.0000000180025095e-35 378.59500000000008 370.67500000000007 289.71000000000009 354.19500000000005 22.500000000000004 23.500000000000004 22.500000000000004 23.500000000000004 1.0000000180025095e-35 407.98000000000008 383.93500000000006 202.79000000000005 334.26500000000004 293.59500000000008 321.58500000000004 337.42000000000002 289.32500000000005 292.27500000000003 414.57000000000005 390.95000000000005 401.79500000000002 363.21000000000009 190.66000000000003 1.0000000180025095e-35 319.35500000000008
decision_type=2 2 2 2 2 2 2 2 2 2 2 2 2 2 2 2 2 2 2 2 2 2 2 2 2 2 2 2 2 2
left_child=4 2 3 5 11 -2 -5 -4 -9 14 18 27 21 24 15 -6 -16 -12 -11 22 -21 -13 -15 -14 25 -3 -26 29 -29 -1
right_child=1 13 7 6 9 -7 -8 8 -10 10 17 12 23 19 16 -17 -18 -19 -20 20 -22 -23 -24 -25 26 -27 -28 28 -30 -31
leaf_value=-4.1849379718303679 22.175218620300296 -4.0111076173345959 107.55630312832919 75.684012699127194 1.7666760638544829 -35.191802651541579 32.372345676422121 66.999181933932832 92.572148844880886 19.186422914777484 -2.6621683634244482 11.577084636688234 -3.9821251153772659 -0.13814682960510255 -6.5154567062854767 -5.5690395607345415 3.1442948608871384 3.182643687344612 11.704145085671369 8.4321409275657242 -1.277589426154182 7.8067845247008583 -3.9847524940967562 -4.6874348767995837 -4.105013700221714 -4.9812868716670025 -3.0452482179359155 -4.3433563777414559 -4.0133064865757078 -3.2912810990887302
leaf_weight=26 80 280 22 92 632 28 40 45 53 35 52 21 430 20 32 87 1409 188 85 38 42 99 20 50 95 51 54 237 5555 62
leaf_count=26 80 280 22 92 632 28 40 45 53 35 52 21 430 20 32 87 1409 188 85 38 42 99 20 50 95 51 54 237 5555 62
internal_value=5.94837e-09 18.3195 53.7055 37.6936 -1.95408 7.30229 62.5593 85.7294 80.8295 2.76989 5.90634 -3.79118 -1.55116 -2.91212 2.24715 0.879044 2.92978 1.91627 13.8865 1.53587 3.33453 8.46659 -2.06145 -4.05559 -4.02412 -4.16059 -3.72094 -4.01976 -4.02681 -3.55532
internal_weight=9960 960 360 240 9000 108 132 120 98 2520 360 6480 600 600 2160 719 1441 240 120 120 80 120 40 480 480 331 149 5880 5792 88
internal_count=9960 960 360 240 9000 108 132 120 98 2520 360 6480 600 600 2160 719 1441 240 120 120 80 120 40 480 480 331 149 5880 5792 88
is_linear=0
shrinkage=0.05


Tree=33
num_leaves=30
num_cat=0
split_feature=0 0 2 4 4 2 4 5 3 0 0 0 0 2 3 3 0 5 3 4 5 3 4 4 3 3 3 3 3
split_gain=1.28713e+08 2.60372e+08 6.66387e+07 6.67143e+07 2.83297e+07 2.81962e+07 1.12728e+07 4.68052e+06 8.60422e+06 1.49153e+06 4.1381e+06 1.19774e+06 5.43424e+06 1.07134e+06 772742 1.4512e+06 860105 551295 532462 302290 635385 94370.5 8679.96 7735.41 10257.8 7544.78 19207.5 14759.4 2887.22
threshold=26.500000000000004 27.500000000000004 1.0000000180025095e-35 799.81500000000017 273.86500000000007 1.0000000180025095e-35 1172.0450000000003 1790.8500000000001 373.00500000000005 22.500000000000004 23.500000000000004 22.500000000000004 23.500000000000004 1.0000000180025095e-35 235.36500000000004 246.92500000000004 16.500000000000004 375.67000000000002 8452.2137005613458 401.75500000000005 1437.595 292.75500000000005 10143.966881249189 256.49000000000007 1686.7250000000001 422.59000000000009 427.74500000000006 417.14500000000004 381.9550000000001
decision_type=2 2 2 2 2 2 2 2 2 2 2 2 2 2 2 2 2 2 2 2 2 2 2 2 2 2 2 2 2
left_child=5 2 3 4 -2 11 -5 8 -4 14 17 25 21 23 16 -16 -7 -11 -12 20 -15 -13 -14 28 -25 27 -27 -1 -3
right_child=1 13 7 6 -6 9 -8 -9 -10 10 18 12 22 19 15 -17 -18 -19 -20 -21 -22 -23 -24 24 -26 26 -28 -29 -30
leaf_value=-3.8361471567358345 -23.758240435200353 -2.7436674058437349 96.216028027214236 109.95058607578278 28.966776478373919 0.19210528507027577 64.986769796454396 61.163829106869905 63.996921240488689 18.368931411372291 0.10808290858177623 10.368477219343186 -3.9186560630610163 -0.47951652830646885 12.601705753102022 2.1849249362382692 -11.011221676781064 10.973532842454457 5.0595189852886895 -3.9897035144624255 7.8000861039032818 7.1977233388207189 -3.166188685099284 -3.9389249530627577 -2.779731807112694 -2.9843919059809516 -3.7627862582822353 -4.505023685523442 -3.5650870442390445
leaf_weight=4539 31 20 67 20 143 93 46 23 30 36 157 32 438 62 34 2012 21 84 83 21 37 88 42 417 20 85 1172 84 23
leaf_count=4539 31 20 67 20 143 93 46 23 30 36 157 32 438 62 34 2012 21 84 83 21 37 88 42 417 20 85 1172 84 23
internal_value=3.86026e-08 17.4035 51.0203 35.8089 19.5732 -1.85638 78.6122 81.4429 86.2514 2.6314 5.61102 -3.60162 -1.4736 -2.76651 2.13479 2.35803 -1.87167 13.1922 1.82045 1.45908 2.61488 8.04326 -3.85282 -3.82291 -3.88587 -3.81877 -3.71015 -3.8483 -3.18303
internal_weight=9960 960 360 240 174 9000 66 120 97 2520 360 6480 600 600 2160 2046 114 120 240 120 99 120 480 480 437 5880 1257 4623 43
internal_count=9960 960 360 240 174 9000 66 120 97 2520 360 6480 600 600 2160 2046 114 120 240 120 99 120 480 480 437 5880 1257 4623 43
is_linear=0
shrinkage=0.05


Tree=34
num_leaves=30
num_cat=0
split_feature=0 0 2 4 2 5 3 4 4 0 5 0 4 3 4 0 0 2 4 4 3 3 4 4 4 4 4 3 0
split_gain=1.16164e+08 2.34985e+08 6.01414e+07 6.0585e+07 2.5447e+07 2.49912e+07 1.86683e+07 4.50313e+06 6.08751e+06 1.38672e+06 1.79626e+06 2.52861e+06 1.49204e+06 1.86502e+06 1.68734e+06 1.08096e+06 4.9044e+06 966882 480259 277982 670494 94504.6 53414.9 8549.76 7854.97 9375.78 7317.27 15541.3 10910.6
threshold=26.500000000000004 27.500000000000004 1.0000000180025095e-35 356.52000000000004 1.0000000180025095e-35 378.59500000000008 370.67500000000007 289.71000000000009 390.03500000000003 18.500000000000004 9090.1851734891407 23.500000000000004 418.03000000000003 754.09000000000003 414.63000000000005 22.500000000000004 23.500000000000004 1.0000000180025095e-35 1495.5200000000002 321.58500000000004 337.42000000000002 348.98000000000008 292.27500000000003 236.66000000000003 1779.9950000000003 1520.1050000000002 202.79000000000005 414.15500000000003 20.500000000000004
decision_type=2 2 2 2 2 2 2 2 2 2 2 2 2 2 2 2 2 2 2 2 2 2 2 2 2 2 2 2 2
left_child=4 2 3 5 15 -2 -5 -4 -9 12 11 -11 14 -14 -6 26 21 24 -12 22 -21 -17 -19 -18 25 -3 27 -1 -28
right_child=1 17 7 6 9 -7 -8 8 -10 10 18 -13 13 -15 -16 16 23 19 -20 20 -22 -23 -24 -25 -26 -27 28 -29 -30
leaf_value=-3.5525142934587266 20.47490173339844 -3.6249544576349031 97.813477602871984 69.14040644065193 2.1147819094338156 -34.40979347229004 28.225097332000736 65.488934482940266 94.076132141113291 8.6356717995695167 2.6653410543094984 1.7294316980863611 0.73806528595777665 -10.46597118652784 15.748072188833484 6.4754273166119223 -4.6721973752975465 -0.19005965709686279 -6.4539614087059398 7.9001137482492556 -1.2662263319605875 9.3301232795326072 -3.8443351244926456 -3.6161733676433947 -2.8991933636805594 -4.5263931520523562 -3.6151644891128294 -2.1263999457359315 -3.8689940753627732
leaf_weight=81 80 415 22 92 1715 28 40 73 25 296 22 240 130 52 23 71 20 20 42 38 42 49 20 460 34 31 5314 25 460
leaf_count=81 80 415 22 92 1715 28 40 73 25 296 22 240 130 52 23 71 20 20 42 38 42 49 20 460 34 31 5314 25 460
internal_value=1.56871e-08 16.5334 48.4693 34.0185 -1.76356 6.24554 56.7418 77.3708 72.7816 2.49983 4.59799 5.54333 1.84415 -2.46309 2.2952 -3.42154 -1.39992 -2.62819 -3.3192 1.38612 3.08779 7.64109 -2.0172 -3.66017 -3.63176 -3.68761 -3.62783 -3.21617 -3.63539
internal_weight=9960 960 360 240 9000 108 132 120 98 2520 600 536 1920 182 1738 6480 600 600 64 120 80 120 40 480 480 446 5880 106 5774
internal_count=9960 960 360 240 9000 108 132 120 98 2520 600 536 1920 182 1738 6480 600 600 64 120 80 120 40 480 480 446 5880 106 5774
is_linear=0
shrinkage=0.05


Tree=35
num_leaves=29
num_cat=0
split_feature=0 0 2 4 4 2 3 5 3 0 0 0 0 2 3 3 0 5 4 4 4 3 4 4 5 4 4 0
split_gain=1.04838e+08 2.12074e+08 5.42776e+07 5.68538e+07 2.52091e+07 2.2966e+07 7.63467e+06 4.18532e+06 7.7563e+06 1.27425e+06 3.4997e+06 975563 4.42622e+06 872611 761312 1.01879e+06 890566 561499 536441 284261 608454 89723.1 8705.03 7296.63 19037.6 11932.1 7124.98 8457.41
threshold=26.500000000000004 27.500000000000004 1.0000000180025095e-35 837.72000000000014 273.86500000000007 1.0000000180025095e-35 340.33500000000009 1790.8500000000001 373.00500000000005 22.500000000000004 23.500000000000004 22.500000000000004 23.500000000000004 1.0000000180025095e-35 299.05000000000007 363.71000000000009 4.5000000000000009 1725.8100000000002 370.87500000000006 401.75500000000005 364.15500000000003 292.75500000000005 360.41000000000003 414.63000000000005 352.53000000000003 410.48500000000007 1936.3200000000004 28.500000000000004
decision_type=2 2 2 2 2 2 2 2 2 2 2 2 2 2 2 2 2 2 2 2 2 2 2 2 2 2 2 2
left_child=5 2 3 4 -2 11 -5 8 -4 14 17 23 21 26 16 -16 -7 -11 -12 20 -15 -13 -14 25 -25 -1 27 -3
right_child=1 13 7 6 -6 9 -8 -9 -10 10 18 12 22 19 15 -17 -18 -19 -20 -21 -22 -23 -24 24 -26 -27 -28 -29
leaf_value=-3.4200845562901705 -23.151453965710058 -3.7074139378180635 87.510142700707732 90.239922405406844 26.493799536195521 4.3395046485649358 55.423875316496826 54.32589950561524 56.919739532470707 10.525523859081847 -1.5491783957796939 9.5262818336486816 -3.2476206750281764 0.34239058061079547 4.0969801992904848 1.5273442516930966 -1.2681207756637407 19.526879388945446 3.3934879124549129 -3.966977709815616 9.7709383205934017 6.4345883987505337 -3.674681135018667 -3.6825235557938694 -3.3672903317015006 -2.7993769103967692 -2.5495638501076474 -3.2781528059215774
leaf_weight=3885 31 228 67 32 146 91 31 23 30 99 85 32 222 77 574 1176 319 21 155 21 22 88 258 968 948 79 21 231
leaf_count=3885 31 228 67 32 146 91 31 23 30 99 85 32 222 77 574 1176 319 21 155 21 22 88 258 968 948 79 21 231
internal_value=3.93295e-09 15.7067 46.0458 32.3176 17.7989 -1.67538 73.1082 73.5022 78.0492 2.37484 5.12889 -3.25046 -1.32992 -2.49678 1.91583 2.37018 -0.0235015 12.1008 1.64296 1.31682 2.43762 7.25904 -3.47717 -3.44644 -3.52655 -3.40771 -3.45018 -3.49138
internal_weight=9960 960 360 240 177 9000 63 120 97 2520 360 6480 600 600 2160 1750 410 120 240 120 99 120 480 5880 1916 3964 480 459
internal_count=9960 960 360 240 177 9000 63 120 97 2520 360 6480 600 600 2160 1750 410 120 240 120 99 120 480 5880 1916 3964 480 459
is_linear=0
shrinkage=0.05


Tree=36
num_leaves=30
num_cat=0
split_feature=0 0 2 4 5 2 4 4 4 0 5 0 4 3 0 0 0 2 4 3 3 3 3 3 0 3 4 3 3
split_gain=9.4616e+07 1.91397e+08 4.89856e+07 5.14517e+07 2.93392e+07 2.07268e+07 6.97189e+06 3.94882e+06 5.641e+06 1.17053e+06 1.56817e+06 2.13712e+06 1.34733e+06 1.67299e+06 1.54639e+06 880446 3.99466e+06 787531 430511 262969 483441 89729 8322.99 7226.02 20561.5 14719.7 6970.73 9100.04 2606.96
threshold=26.500000000000004 27.500000000000004 1.0000000180025095e-35 517.93500000000006 281.61500000000007 1.0000000180025095e-35 1172.0450000000003 289.71000000000009 354.19500000000005 18.500000000000004 9090.1851734891407 23.500000000000004 418.03000000000003 754.09000000000003 13.500000000000002 22.500000000000004 23.500000000000004 1.0000000180025095e-35 1495.5200000000002 378.56500000000005 303.28500000000003 348.98000000000008 299.05000000000007 228.49000000000004 6.5000000000000009 250.72500000000002 256.49000000000007 1686.7250000000001 381.9550000000001
decision_type=2 2 2 2 2 2 2 2 2 2 2 2 2 2 2 2 2 2 2 2 2 2 2 2 2 2 2 2 2
left_child=5 2 3 4 -2 15 -5 -4 -9 12 11 -11 14 -14 -7 23 21 26 -12 20 -19 -17 -18 24 -1 -25 28 -28 -3
right_child=1 17 7 6 -6 9 -8 8 -10 10 18 -13 13 -15 -16 16 22 19 -20 -21 -22 -23 -24 25 -26 -27 27 -29 -30
leaf_value=-4.1608106369602273 64.729848891038159 -2.2527434515953066 88.970335596257996 88.625335454940796 7.0199212710062673 2.9440519157022309 55.381600665009536 52.510986739264595 76.583250945469118 7.9099605806071214 2.452433078939265 1.5608119835952918 0.5925301994727209 -10.019039936478322 -0.4989561515566947 5.7602544877520749 -2.8479574717671041 -2.0978876063698215 -6.1816465491340278 -3.8310774445533755 5.0867151426487283 8.541887801034111 -3.39850646481481 -2.8909649112116313 -3.2473180418401535 -3.2791098413432884 -3.3874057828951223 -2.2955898797512058 -3.0332787638125214
leaf_weight=87 26 20 22 24 144 1303 46 45 53 296 22 240 130 52 435 71 83 38 42 21 61 49 397 256 211 5326 417 20 23
leaf_count=87 26 20 22 24 144 1303 46 45 53 296 22 240 130 52 435 71 83 38 42 21 61 49 397 256 211 5326 417 20 23
internal_value=6.07417e-11 14.9214 43.7435 30.7017 15.8461 -1.59161 66.7795 69.8271 65.5297 2.2561 4.18378 5.06706 1.65369 -2.43935 2.08231 -3.08794 -1.26343 -2.37194 -3.21368 1.25098 2.32899 6.89609 -3.30331 -3.27412 -3.51401 -3.26131 -3.27767 -3.33744 -2.67024
internal_weight=9960 960 360 240 170 9000 70 120 98 2520 600 536 1920 182 1738 6480 600 600 64 120 99 120 480 5880 298 5582 480 437 43
internal_count=9960 960 360 240 170 9000 70 120 98 2520 600 536 1920 182 1738 6480 600 600 64 120 99 120 480 5880 298 5582 480 437 43
is_linear=0
shrinkage=0.05


Tree=37
num_leaves=31
num_cat=0
split_feature=0 0 2 4 5 4 2 3 4 3 0 0 0 0 3 4 4 2 3 5 4 4 5 5 5 0 4 3 3 3
split_gain=8.53909e+07 1.72736e+08 4.42095e+07 4.80397e+07 2.2246e+07 1.9792e+07 1.87059e+07 3.72677e+06 5.12953e+06 3.89149e+06 1.0884e+06 2.95985e+06 794602 3.60518e+06 760784 2.52255e+06 1.06992e+06 710747 539942 519275 255230 547553 88294.9 8066.7 7106.09 16344.4 15118.9 6722.09 11343.6 7397.32
threshold=26.500000000000004 27.500000000000004 1.0000000180025095e-35 356.52000000000004 378.59500000000008 380.14000000000004 1.0000000180025095e-35 347.60500000000008 327.43500000000006 394.21500000000009 22.500000000000004 23.500000000000004 22.500000000000004 23.500000000000004 1192.95 333.78500000000003 191.05000000000004 1.0000000180025095e-35 324.96000000000009 294.11500000000007 401.75500000000005 364.15500000000003 289.32500000000005 438.43000000000006 250.43000000000004 4.5000000000000009 277.35000000000008 356.56500000000005 307.64500000000004 1164.5450000000003
decision_type=2 2 2 2 2 2 2 2 2 2 2 2 2 2 2 2 2 2 2 2 2 2 2 2 2 2 2 2 2 2
left_child=6 2 3 4 -2 -5 12 8 -4 -9 14 18 24 22 16 -16 -8 27 -12 -13 21 -19 -14 -15 25 -1 -26 28 -3 -29
right_child=1 17 7 5 -6 -7 10 9 -10 -11 11 19 13 23 15 -17 -18 20 -20 -21 -22 -23 -24 -25 26 -27 -28 29 -30 -31
leaf_value=-3.3876887046649489 17.86082977294922 -2.936839677945807 92.400560585021978 86.714394705636167 -33.921727371215823 39.355046514364396 -9.4602373206097141 47.830272448690316 62.918865230348381 74.649900890531995 18.599824619293212 -5.6610257687775984 9.4960796174548925 -3.0932182958650536 8.1134559497237202 0.34414867756357159 1.3961771004032824 0.26284839209024008 9.6003050909042358 2.2399483428881743 -3.8182899384271529 9.2070980104533113 5.9266299351297249 -4.0733727574348455 -2.9102716894991394 -2.7975866375523704 -3.1619672209212322 -2.7791225777358139 -3.6170021382203466 -3.4753289178013804
leaf_weight=158 80 116 25 28 28 104 23 38 36 21 20 23 21 458 180 249 1708 77 100 217 21 22 99 22 686 456 4580 186 130 48
leaf_count=158 80 116 25 28 28 104 23 38 36 21 20 23 21 458 180 249 1708 77 100 217 21 22 99 22 686 456 4580 186 130 48
internal_value=6.77017e-09 14.1753 41.5563 29.1666 4.43572 49.401 -1.51203 66.3358 75.0015 57.3762 2.14329 4.68859 -2.93354 -1.20026 1.71907 3.604 1.25193 -2.25334 11.1002 1.48277 1.18843 2.25046 6.55128 -3.13814 -3.11041 -2.94944 -3.12918 -3.11378 -3.29628 -2.92193
internal_weight=9960 960 360 240 108 132 9000 120 61 59 2520 360 6480 600 2160 429 1731 600 120 240 120 99 120 480 5880 614 5266 480 246 234
internal_count=9960 960 360 240 108 132 9000 120 61 59 2520 360 6480 600 2160 429 1731 600 120 240 120 99 120 480 5880 614 5266 480 246 234
is_linear=0
shrinkage=0.05


Tree=38
num_leaves=29
num_cat=0
split_feature=0 0 2 4 5 2 3 5 3 0 0 5 3 5 0 0 2 5 3 5 5 5 4 4 4 3 4 4
split_gain=7.70653e+07 1.55894e+08 3.9899e+07 4.567e+07 2.22056e+07 1.68821e+07 6.78666e+06 3.59659e+06 6.95476e+06 982277 2.67127e+06 730830 1.59318e+06 1.06694e+06 717129 3.25368e+06 641449 541542 512952 252589 506416 90149.2 7865.34 7119.34 10876.7 9540.76 6699.59 8396.48
threshold=26.500000000000004 27.500000000000004 1.0000000180025095e-35 837.72000000000014 271.50500000000005 1.0000000180025095e-35 340.33500000000009 1790.8500000000001 373.00500000000005 22.500000000000004 23.500000000000004 407.98000000000008 354.94000000000005 1015.3450000000001 22.500000000000004 23.500000000000004 1.0000000180025095e-35 936.3950000000001 8452.2137005613458 355.39500000000004 1168.7250000000001 394.29500000000007 346.82000000000005 2165.0150000000003 2114.6500000000005 324.96000000000009 1779.9950000000003 1520.1050000000002
decision_type=2 2 2 2 2 2 2 2 2 2 2 2 2 2 2 2 2 2 2 2 2 2 2 2 2 2 2 2
left_child=5 2 3 4 -2 14 -5 8 -4 11 17 12 -7 -13 23 21 26 -11 -12 -18 -21 -16 -17 24 -1 -25 27 -3
right_child=1 16 7 6 -6 9 -8 -9 -10 10 18 13 -14 -15 15 22 19 -19 -20 20 -22 -23 -24 25 -26 -27 -28 -29
leaf_value=-2.9555091267069793 61.703400438482106 -2.9503768510488144 76.192797000283619 80.41971764564515 8.0236308608516573 -2.4110349101609874 47.594135868933897 45.242444975479792 47.226106185913089 13.848579181608608 -0.27207375848369236 4.7031156361792128 2.3512665046010044 1.5179939304312615 5.5563930329588276 -2.7267714457225898 -3.4589233090480174 7.1298696550272282 4.5878012754830975 6.7625176015653112 -0.66346018232148274 9.0380962226701822 -3.14222199472339 -3.0774269623415815 -3.9100188601016996 -1.8041361703026682 -2.2815421073752291 -3.8034398400014449
leaf_weight=5791 22 415 67 32 155 305 31 23 30 61 157 346 414 1095 97 186 24 59 83 38 58 23 294 28 30 31 34 31
leaf_count=5791 22 415 67 32 155 305 31 23 30 61 157 346 414 1095 97 186 24 59 83 38 58 23 294 28 30 31 34 31
internal_value=4.98307e-09 13.4665 39.4785 27.7083 14.6957 -1.43643 64.2674 63.019 67.234 2.03613 4.45416 1.63312 0.331097 2.28278 -2.78687 -1.14024 -2.14067 10.5452 1.40863 1.12901 2.27599 6.22372 -2.98123 -2.95489 -2.96043 -2.40841 -2.95809 -3.00967
internal_weight=9960 960 360 240 177 9000 63 120 97 2520 360 2160 719 1441 6480 600 600 120 240 120 96 120 480 5880 5821 59 480 446
internal_count=9960 960 360 240 177 9000 63 120 97 2520 360 2160 719 1441 6480 600 600 120 240 120 96 120 480 5880 5821 59 480 446
is_linear=0
shrinkage=0.05


Tree=39
num_leaves=31
num_cat=0
split_feature=0 0 2 4 3 2 3 4 4 0 5 0 4 4 3 0 0 2 3 4 3 3 4 4 0 3 0 3 3 5
split_gain=6.95514e+07 1.40694e+08 3.60089e+07 4.16307e+07 2.80589e+07 1.52361e+07 1.51995e+07 3.28257e+06 5.35943e+06 907913 1.3371e+06 1.68079e+06 1.20033e+06 1.52583e+06 1.51647e+06 647209 2.93644e+06 578908 398370 247006 625019 85616.1 48116.5 8036.9 7053.92 22537.8 13676.5 6371.62 15034.9 14310.5
threshold=26.500000000000004 27.500000000000004 1.0000000180025095e-35 419.96000000000009 369.29500000000007 1.0000000180025095e-35 360.44500000000011 289.71000000000009 390.03500000000003 18.500000000000004 9090.1851734891407 23.500000000000004 418.03000000000003 414.63000000000005 754.09000000000003 22.500000000000004 23.500000000000004 1.0000000180025095e-35 348.98000000000008 321.58500000000004 337.42000000000002 292.75500000000005 292.27500000000003 10143.966881249189 7.5000000000000009 228.49000000000004 9.5000000000000018 390.95000000000005 451.43000000000006 417.92500000000001
decision_type=2 2 2 2 2 2 2 2 2 2 2 2 2 2 2 2 2 2 2 2 2 2 2 2 2 2 2 2 2 2
left_child=5 2 3 4 -2 15 -5 -4 -9 12 11 -11 13 -7 -14 24 21 27 -12 22 -21 -17 -19 -18 25 -1 -26 29 -29 -3
right_child=1 17 7 6 -6 9 -8 8 -10 10 18 -13 14 -15 -16 16 23 19 -20 20 -22 -23 -24 -25 26 -27 -28 28 -30 -31
leaf_value=-3.4349239734035955 23.616828418832966 -2.8211773921958225 77.321758131547412 37.602834935458205 -24.670676440727419 1.6367729888122213 80.828285607424661 49.107179584241891 75.930406921386719 6.9688336808536508 -6.904186581162846 1.3382011223832766 0.42705140893275922 14.601146034572436 -9.6759394563161418 8.1272766172885902 -2.895528217312374 -0.40139532804489142 1.0008386353651681 7.322878119820043 -1.5271598299344382 5.107172201235187 -3.869697589874268 -2.1714704153083622 -3.096715928249663 -2.6927157618842954 -2.8113959152550838 -1.9754327335790027 -2.9865528173116318 -3.9040897881283478
leaf_weight=108 113 297 22 53 41 1715 33 73 25 296 34 240 130 23 52 32 438 20 30 38 42 88 20 42 480 1932 3360 66 83 34
leaf_count=108 113 297 22 53 41 1715 33 73 25 296 34 240 130 23 52 32 438 20 30 38 42 88 20 42 480 1932 3360 66 83 34
internal_value=1.78158e-08 12.7932 37.5046 26.3229 10.7611 -1.36461 54.1893 59.868 55.9498 1.93432 3.63204 4.44765 1.40378 1.80834 -2.45952 -2.64752 -1.08323 -2.03364 -3.19871 1.07256 2.67661 5.91253 -2.13555 -2.83217 -2.80714 -2.73201 -2.84706 -2.81019 -2.53867 -2.93241
internal_weight=9960 960 360 240 154 9000 86 120 98 2520 600 536 1920 1738 182 6480 600 600 64 120 80 120 40 480 5880 2040 3840 480 149 331
internal_count=9960 960 360 240 154 9000 86 120 98 2520 600 536 1920 1738 182 6480 600 600 64 120 80 120 40 480 5880 2040 3840 480 149 331
is_linear=0
shrinkage=0.05


Tree=40
num_leaves=28
num_cat=0
split_feature=0 0 2 4 4 4 2 5 3 5 5 4 5 4 4 0 0 2 4 5 4 4 5 0 3 3 4
split_gain=6.27702e+07 1.26977e+08 3.2498e+07 3.8775e+07 2.11285e+07 2.06661e+07 1.37506e+07 3.21964e+06 6.41299e+06 865478 2.01318e+06 2.99705e+06 1.12961e+06 871118 1.84702e+06 584106 2.65014e+06 522464 236886 803758 86363.7 7976.24 6821.12 8822.38 6310.26 16969.1 5630.64
threshold=26.500000000000004 27.500000000000004 1.0000000180025095e-35 356.52000000000004 332.85500000000008 380.14000000000004 1.0000000180025095e-35 1790.8500000000001 339.79000000000002 294.11500000000007 317.42500000000007 309.53500000000003 355.39500000000004 246.04000000000005 331.13000000000005 22.500000000000004 23.500000000000004 1.0000000180025095e-35 395.45000000000005 1437.595 1548.6550000000004 236.66000000000003 190.66000000000003 1.0000000180025095e-35 1724.7400000000002 1164.5450000000003 317.38000000000005
decision_type=2 2 2 2 2 2 2 2 2 2 2 2 2 2 2 2 2 2 2 2 2 2 2 2 2 2 2
left_child=6 2 3 4 -2 -5 15 8 -4 13 11 -11 -12 -8 -15 22 20 24 19 -19 -17 -18 26 -24 25 -3 -1
right_child=1 17 7 5 -6 -7 9 -9 -10 10 12 -13 -14 14 -16 16 21 18 -20 -21 -22 -23 23 -25 -26 -27 -28
leaf_value=-1.5154978922435216 17.138456384759202 -2.6324543089905532 74.399618356124208 81.314014979771216 -31.293740653991701 32.920167268583405 -10.81843021937779 40.055448084292209 48.65288516820646 24.058416625976562 -1.4256554131923866 4.0682427609761556 2.2090717149188603 6.9939760851481614 -3.3037494006731833 4.8769096423750344 -3.6680549527704716 -1.3958175700218953 -3.5432397344838016 8.025301109419928 8.0483259763036461 -2.6480649191546051 -2.9721816183865575 -2.6606795316085901 -1.8221220720381965 -3.9245113046080982 -2.4538008887376357
leaf_weight=21 76 432 46 28 32 104 21 23 51 25 240 75 1955 63 141 92 20 61 23 36 28 460 237 5555 21 27 67
leaf_count=21 76 432 46 28 32 104 21 23 51 25 240 75 1955 63 141 92 20 61 23 36 28 460 237 5555 21 27 67
internal_value=-2.68313e-08 12.1535 35.6294 25.0067 2.78818 43.1855 -1.29638 56.8746 60.8627 1.8376 2.12774 9.06579 1.81165 -1.12176 -0.123569 -2.51515 -1.02907 -1.93196 1.01893 2.10068 5.61691 -2.69056 -2.66679 -2.67343 -2.66968 -2.70846 -2.22989
internal_weight=9960 960 360 240 108 132 9000 120 97 2520 2295 100 2195 225 204 6480 600 600 120 97 120 480 5880 5792 480 459 88
internal_count=9960 960 360 240 108 132 9000 120 97 2520 2295 100 2195 225 204 6480 600 600 120 97 120 480 5880 5792 480 459 88
is_linear=0
shrinkage=0.05


Tree=41
num_leaves=29
num_cat=0
split_feature=0 0 2 4 4 2 3 4 3 0 0 3 3 5 0 0 4 2 3 3 3 5 0 3 5 4 4 3
split_gain=5.66501e+07 1.14596e+08 2.93295e+07 3.71711e+07 2.12519e+07 1.24099e+07 6.77106e+06 2.96748e+06 6.52789e+06 841292 2.25874e+06 703462 1.11555e+06 532565 527156 2.39175e+06 518368 471524 231317 871363 83516.5 7683.46 6848.74 24755 15631.8 6071.08 8970.03 2442.26
threshold=26.500000000000004 27.500000000000004 1.0000000180025095e-35 837.72000000000014 273.86500000000007 1.0000000180025095e-35 340.33500000000009 390.03500000000003 305.51000000000005 22.500000000000004 23.500000000000004 2075.9800000000005 1977.9650000000004 1725.8100000000002 22.500000000000004 23.500000000000004 370.87500000000006 1.0000000180025095e-35 303.28500000000003 337.42000000000002 348.98000000000008 223.05000000000004 11.500000000000002 202.22000000000003 456.50000000000006 256.49000000000007 303.98500000000007 381.9550000000001
decision_type=2 2 2 2 2 2 2 2 2 2 2 2 2 2 2 2 2 2 2 2 2 2 2 2 2 2 2 2
left_child=5 2 3 4 -2 14 -5 8 -4 11 13 12 -7 -11 22 20 -12 25 -19 -20 -16 -17 24 -24 -1 27 -27 -3
right_child=1 17 7 6 -6 9 -8 -9 -10 10 16 -13 -14 -15 15 21 -18 18 19 -21 -22 -23 23 -25 -26 26 -28 -29
leaf_value=-2.468558137214159 -25.582292372180572 -1.5652271544933321 26.122319460998881 72.872579962015152 20.000229123520526 1.4465917518084077 40.084754045547982 69.358164680480954 57.192628928406606 8.0504119752633461 -1.9549011320226335 9.7113439788818354 -6.3427155241053157 16.816778437296549 4.2402534086939312 -1.7201076674919862 2.9037894298184304 -2.2567812555714659 10.474940808614095 -0.85315556248714186 6.9238649952168378 -2.603908855538192 -3.6714327377768665 -2.570071333460235 -3.3687065508292648 -3.1710472647486063 -2.5033583728729263 -2.3207039376963738
leaf_weight=3071 31 20 22 32 146 2088 31 25 73 99 85 25 47 21 71 26 155 38 24 58 49 454 52 2708 49 58 379 23
leaf_count=3071 31 20 22 32 146 2088 31 25 73 99 85 25 47 21 71 26 155 38 24 58 49 454 52 2708 49 58 379 23
internal_value=1.9451e-09 11.5459 33.8479 23.7564 12.0168 -1.23156 56.7389 54.0309 49.9974 1.74572 3.98351 1.37276 1.27512 9.58453 -2.38939 -0.977617 1.183 -1.83536 0.967982 2.46238 5.33606 -2.55604 -2.53345 -2.59082 -2.4827 -2.5362 -2.59198 -1.96932
internal_weight=9960 960 360 240 177 9000 63 120 95 2520 360 2160 2135 120 6480 600 240 600 120 82 120 480 5880 2760 3120 480 437 43
internal_count=9960 960 360 240 177 9000 63 120 95 2520 360 2160 2135 120 6480 600 240 600 120 82 120 480 5880 2760 3120 480 437 43
is_linear=0
shrinkage=0.05


Tree=42
num_leaves=31
num_cat=0
split_feature=0 0 2 4 5 2 3 4 4 5 5 4 5 3 4 3 0 0 2 4 3 3 4 3 5 3 5 3 5 5
split_gain=5.11267e+07 1.03423e+08 2.64698e+07 3.35469e+07 2.06623e+07 1.11999e+07 6.11088e+06 2.95176e+06 4.81188e+06 778089 1.81676e+06 2.70971e+06 1.02059e+06 817547 2.73851e+06 2.08564e+06 475758 2.15856e+06 425550 218212 530275 82644.9 46462.4 7583.82 6764.54 20456.9 15051.7 5968.76 14342.3 12924.6
threshold=26.500000000000004 27.500000000000004 1.0000000180025095e-35 837.72000000000014 271.50500000000005 1.0000000180025095e-35 340.33500000000009 289.71000000000009 354.19500000000005 294.11500000000007 317.42500000000007 309.53500000000003 355.39500000000004 330.97500000000008 332.85500000000008 245.09000000000003 22.500000000000004 23.500000000000004 1.0000000180025095e-35 321.58500000000004 337.42000000000002 292.75500000000005 292.27500000000003 358.90500000000003 2768.3550000000005 264.40000000000003 456.50000000000006 390.95000000000005 363.21000000000009 417.92500000000001
decision_type=2 2 2 2 2 2 2 2 2 2 2 2 2 2 2 2 2 2 2 2 2 2 2 2 2 2 2 2 2 2
left_child=5 2 3 4 -2 16 -5 -4 -9 13 11 -11 -12 15 -15 -7 24 21 27 22 -21 -18 -20 -19 26 -26 -1 29 -29 -3
right_child=1 18 7 6 -6 9 -8 8 -10 10 12 -13 -14 14 -16 -17 17 23 19 20 -22 -23 -24 -25 25 -27 -28 28 -30 -31
leaf_value=-2.3949134461287676 56.76076861294834 -2.4219702250226982 67.880239655754778 69.228951013088235 4.9799763488769528 8.4170266723632814 38.080516202219073 35.589917670355902 57.822833890285132 22.780242752075196 -1.443870728056257 3.7724977436065674 2.0110202573556122 9.6131384698968194 -4.3054102743825604 -10.437872972488405 7.2452332003042104 -2.1783665571401838 -0.39165627479553228 6.7068953689775972 -1.4448198297194073 4.2779948005622082 -3.7998241615295414 -2.5863141521608752 -3.4949935102462768 -1.7432684370875358 -2.7477708048617937 -2.5164405019189182 -1.4959396945105661 -3.4511127135332895
leaf_weight=5440 22 297 22 32 155 20 31 45 53 25 240 75 1955 57 93 55 32 186 20 38 42 88 20 294 20 100 320 95 54 34
leaf_count=5440 22 297 22 32 155 20 31 45 53 25 240 75 1955 57 93 55 32 186 20 38 42 88 20 294 20 100 320 95 54 34
internal_value=7.57799e-09 10.9686 32.1555 22.5686 11.416 -1.16998 53.9019 51.3293 47.6138 1.65844 1.93353 8.52443 1.63326 -1.14754 0.983638 -5.4099 -2.26992 -0.928736 -1.74359 0.919583 2.42724 5.06926 -2.09574 -2.42823 -2.40678 -2.03522 -2.41452 -2.40939 -2.14659 -2.52768
internal_weight=9960 960 360 240 177 9000 63 120 98 2520 2295 100 2195 225 150 75 6480 600 600 120 80 120 40 480 5880 120 5760 480 149 331
internal_count=9960 960 360 240 177 9000 63 120 98 2520 2295 100 2195 225 150 75 6480 600 600 120 80 120 40 480 5880 120 5760 480 149 331
is_linear=0
shrinkage=0.05


Tree=43
num_leaves=29
num_cat=0
split_feature=0 0 2 4 5 3 2 3 4 3 0 5 0 3 4 0 0 4 2 3 3 5 4 3 3 0 4 4
split_gain=4.61418e+07 9.33395e+07 2.3889e+07 3.21778e+07 1.9121e+07 1.04982e+07 1.01079e+07 2.87969e+06 4.94237e+06 3.55079e+06 763892 1.32292e+06 2.57372e+06 901853 1.09361e+06 429371 1.9481e+06 384172 384059 223185 750324 81958.7 7658.24 6694.17 39879.4 10721.9 5881.04 7637.29
threshold=26.500000000000004 27.500000000000004 1.0000000180025095e-35 282.09000000000009 303.42500000000007 341.83000000000004 1.0000000180025095e-35 347.60500000000008 354.19500000000005 394.21500000000009 19.500000000000004 9090.1851734891407 23.500000000000004 202.22000000000003 418.03000000000003 22.500000000000004 23.500000000000004 1495.5200000000002 1.0000000180025095e-35 303.28500000000003 337.42000000000002 289.32500000000005 360.41000000000003 1827.8300000000002 1915.2050000000002 20.500000000000004 1779.9950000000003 1520.1050000000002
decision_type=2 2 2 2 2 2 2 2 2 2 2 2 2 2 2 2 2 2 2 2 2 2 2 2 2 2 2 2
left_child=6 2 3 5 -5 -2 15 8 -4 -9 13 12 -12 -8 -15 23 21 -13 26 -20 -21 -17 -18 25 -25 -1 27 -3
right_child=1 18 7 4 -6 -7 10 9 -10 -11 11 17 -14 14 -16 16 22 -19 19 20 -22 -23 -24 24 -26 -27 -28 -29
leaf_value=-2.2795642631283295 -45.11310760498047 -2.2806901611441588 44.917948377454607 2.8502169342041017 38.553604531606041 6.117177200317383 -8.4819945653279625 31.7686201020291 74.05166684786478 57.387332289559509 8.9922869475050415 2.030386536771601 1.0318850537141164 1.639216789486996 -2.3848388231569722 7.6529621487572088 -2.0915212050214547 -6.1257912703922823 -2.293968667482075 9.7767607649167374 -0.7351546786982438 4.2139721582032221 -2.4920822231113449 -0.94304380635657015 -2.3864818506298504 -2.5573510986482426 -1.655041354018099 -3.0942737279399748
leaf_weight=5246 20 415 37 50 150 20 24 38 24 21 176 22 240 1830 186 21 222 42 38 24 58 99 258 63 199 372 34 31
leaf_count=5246 20 415 37 50 150 20 24 38 24 21 176 22 240 1830 186 21 222 42 38 24 58 99 258 63 199 372 34 31
internal_value=-1.09902e-08 10.4201 30.5477 21.4401 29.6278 -19.498 -1.11148 48.7629 56.3804 40.8871 1.57552 3.37017 4.39975 1.15324 1.26795 -2.15642 -0.882299 -3.32211 -1.65641 0.873604 2.3415 4.8158 -2.30682 -2.28644 -2.0394 -2.29796 -2.28892 -2.33724
internal_weight=9960 960 360 240 200 40 9000 120 61 59 2520 480 416 2040 2016 6480 600 64 600 120 82 120 480 5880 262 5618 480 446
internal_count=9960 960 360 240 200 40 9000 120 61 59 2520 480 416 2040 2016 6480 600 64 600 120 82 120 480 5880 262 5618 480 446
is_linear=0
shrinkage=0.05


Tree=44
num_leaves=28
num_cat=0
split_feature=0 0 2 4 3 3 2 5 5 5 5 4 3 4 4 0 0 2 3 4 5 5 4 5 4 3 3
split_gain=4.1643e+07 8.42389e+07 2.15599e+07 2.9599e+07 2.54095e+07 1.50995e+07 9.12241e+06 2.83624e+06 6.46332e+06 698280 1.64729e+06 2.44023e+06 947362 811700 1.49645e+06 387508 1.75816e+06 346613 223124 734542 83735.7 7585.4 6523 20595 17582.4 5675.71 15686.9
threshold=26.500000000000004 27.500000000000004 1.0000000180025095e-35 419.96000000000009 369.29500000000007 360.44500000000011 1.0000000180025095e-35 1790.8500000000001 1086.0600000000002 294.11500000000007 317.42500000000007 309.53500000000003 228.49000000000004 246.04000000000005 331.13000000000005 22.500000000000004 23.500000000000004 1.0000000180025095e-35 373.00500000000005 386.2050000000001 394.29500000000007 381.92500000000007 404.59500000000008 334.40500000000003 388.26000000000005 1724.7400000000002 1164.5450000000003
decision_type=2 2 2 2 2 2 2 2 2 2 2 2 2 2 2 2 2 2 2 2 2 2 2 2 2 2 2
left_child=6 2 3 4 -2 -5 15 8 -4 13 11 -11 -12 -8 -15 22 20 25 19 -19 -17 -18 24 -24 -1 26 -3
right_child=1 17 7 5 -6 -7 9 -9 -10 10 12 -13 -14 14 -16 16 21 18 -20 -21 -22 -23 23 -25 -26 -27 -28
leaf_value=-2.1642820253139279 19.480147100127905 -2.1381717160891709 40.152685406168956 27.333366005375701 -26.471053518900057 70.416348474675956 -10.521575964064827 30.538708877563479 66.868451685375632 21.561699455261234 -3.8015228794842231 3.5238523859977726 1.6760539195088207 6.20866553291442 -3.0604054647134551 3.9318549647773668 -2.3100645509006532 1.9970142910178279 4.6491440179019135 -8.8511161327362071 7.2874241953310763 -1.8583200009347547 -2.4327067841072294 -2.114317422002117 -1.7634533197526516 -1.3706562936306002 -3.3804564334728102
leaf_weight=3471 113 432 61 53 41 33 21 23 36 25 82 75 2113 63 141 97 354 71 29 20 23 126 850 1262 297 21 27
leaf_count=3471 113 432 61 53 41 33 21 23 36 25 82 75 2113 63 141 97 354 71 29 20 23 126 850 1262 297 21 27
internal_value=3.40548e-09 9.89913 29.0203 20.3681 7.24639 43.8652 -1.05591 46.3247 50.0678 1.49674 1.75735 8.03331 1.47142 -1.16144 -0.197898 -2.0486 -0.838184 -1.57359 0.829924 -0.38719 4.57501 -2.19148 -2.17212 -2.24246 -2.13269 -2.17447 -2.21125
internal_weight=9960 960 360 240 154 86 9000 120 97 2520 2295 100 2195 225 204 6480 600 600 120 91 120 480 5880 2112 3768 480 459
internal_count=9960 960 360 240 154 86 9000 120 97 2520 2295 100 2195 225 204 6480 600 600 120 91 120 480 5880 2112 3768 480 459
is_linear=0
shrinkage=0.05


Tree=45
num_leaves=30
num_cat=0
split_feature=0 0 2 4 3 3 2 4 5 0 5 5 5 0 4 0 0 0 2 3 3 4 5 3 3 3 3 5 3
split_gain=3.75828e+07 7.60256e+07 1.94578e+07 2.7871e+07 1.80691e+07 1.0065e+07 8.23297e+06 2.71884e+06 4.44079e+06 696273 1.1077e+06 2.54864e+06 1.39756e+06 1.0891e+06 3.14439e+06 1.47885e+06 349726 1.58674e+06 312819 213843 380131 80019.9 7748.48 6371.61 17483.3 13757 5697.32 11105.1 5741.85
threshold=26.500000000000004 27.500000000000004 1.0000000180025095e-35 282.09000000000009 283.75500000000005 341.83000000000004 1.0000000180025095e-35 289.71000000000009 353.95000000000005 18.500000000000004 936.3950000000001 810.45500000000015 1404.1000000000001 13.500000000000002 273.86500000000007 9.5000000000000018 22.500000000000004 23.500000000000004 1.0000000180025095e-35 378.56500000000005 303.28500000000003 1548.6550000000004 414.57000000000005 422.59000000000009 427.74500000000006 373.00500000000005 356.56500000000005 264.32000000000005 451.43000000000006
decision_type=2 2 2 2 2 2 2 2 2 2 2 2 2 2 2 2 2 2 2 2 2 2 2 2 2 2 2 2 2
left_child=6 2 3 5 -5 -2 16 -4 -9 13 11 -11 -12 15 -15 -8 23 21 26 20 -20 -18 -19 25 -25 -1 27 -3 -28
right_child=1 18 7 4 -6 -7 9 8 -10 10 12 -13 -14 14 -16 -17 17 22 19 -21 -22 -23 -24 24 -26 -27 28 -29 -30
leaf_value=-2.0397530187672066 -43.831458740234382 -3.0451282133658726 59.892978733236134 55.686719885537791 19.104582224074445 6.3307248687744142 0.71972559596101449 21.753118252754213 46.504047779940272 3.8141425217067764 -4.2593293174107876 20.969717033704125 2.9521709463731298 7.4958043673942827 -3.0093552338523417 4.4201351333326766 3.6339544425839962 -2.0134047402367865 -2.1649301328157122 -3.7944110734122143 4.2059228295185527 6.6866727658680505 -2.6710315884202718 -1.2712756503680174 -2.0139115022978533 -2.2368175857884487 -1.7054980822376267 -2.0946613301549641 -2.2231960298964775
leaf_weight=3429 20 36 22 43 157 20 1080 24 74 221 90 24 265 87 393 360 92 430 38 21 61 28 50 85 1172 1194 151 210 83
leaf_count=3429 20 36 22 43 157 20 1080 24 74 221 90 24 265 87 393 360 92 430 38 21 61 28 50 85 1172 1194 151 210 83
internal_value=-1.65199e-09 9.40417 27.5693 19.3497 26.9697 -18.7504 -1.00311 44.0085 40.4426 1.4219 2.90864 5.49469 1.1239 0.957297 -1.1053 1.64483 -1.94617 -0.796275 -1.49491 0.788428 1.76054 4.34626 -2.08191 -2.06351 -1.96369 -2.09065 -2.06575 -2.23375 -1.88913
internal_weight=9960 960 360 240 200 40 9000 120 98 2520 600 245 355 1920 480 1440 6480 600 600 120 99 120 480 5880 1257 4623 480 246 234
internal_count=9960 960 360 240 200 40 9000 120 98 2520 600 245 355 1920 480 1440 6480 600 600 120 99 120 480 5880 1257 4623 480 246 234
is_linear=0
shrinkage=0.05


Tree=46
num_leaves=28
num_cat=0
split_feature=0 0 2 4 5 2 3 5 3 0 0 3 4 4 5 4 0 0 5 2 3 3 4 5 4 5 0
split_gain=3.39185e+07 6.86131e+07 1.75606e+07 2.66437e+07 1.95181e+07 7.43026e+06 5.87788e+06 2.61251e+06 6.27523e+06 644993 1.85187e+06 680695 2.17427e+06 1.05275e+06 514862 502615 315627 1.43203e+06 283768 126176 580493 77809.1 7361.72 6321.98 15800.2 13955.6 5599.31
threshold=26.500000000000004 27.500000000000004 1.0000000180025095e-35 837.72000000000014 271.50500000000005 1.0000000180025095e-35 340.33500000000009 1790.8500000000001 297.92500000000001 22.500000000000004 23.500000000000004 1192.95 376.24500000000006 191.05000000000004 375.67000000000002 370.87500000000006 22.500000000000004 23.500000000000004 1725.8100000000002 1.0000000180025095e-35 303.28500000000003 348.98000000000008 236.66000000000003 250.43000000000004 313.62000000000006 278.88000000000005 28.500000000000004
decision_type=2 2 2 2 2 2 2 2 2 2 2 2 2 2 2 2 2 2 2 2 2 2 2 2 2 2 2
left_child=5 2 3 4 -2 16 -5 8 -4 11 14 13 -13 -7 -11 -12 23 21 19 26 -21 -18 -19 24 -1 -25 -3
right_child=1 18 7 6 -6 9 -8 -9 -10 10 15 12 -14 -15 -16 -17 17 22 -20 20 -22 -23 -24 25 -26 -27 -28
leaf_value=-2.215099162565068 52.51460397893733 -2.133232425438861 70.353858413696287 61.338208055496217 2.1878887890231229 -10.043489062267803 30.789362039873676 26.657464881565261 38.919092317215814 13.384540629386903 -2.315418139065013 5.1284315906291793 -2.6513492029160264 0.72545414829770638 6.2376827052661348 2.4688795732682753 3.0712404425715061 -2.916892652511597 4.2894361405145558 -5.5420399397611622 2.6439981308446003 5.6615312892563487 -1.9369825699925423 -2.2548800355628096 -1.6502783529742779 -1.9541054986494921 -1.7916885377746077
leaf_weight=172 22 240 20 32 155 23 31 23 77 36 85 301 128 1708 84 155 71 20 21 32 67 49 460 419 442 4847 240
leaf_count=172 22 240 20 32 155 23 31 23 77 36 85 301 128 1708 84 155 71 20 21 32 67 49 460 419 442 4847 240
internal_value=-3.17089e-09 8.93396 26.1908 18.3822 8.44319 -0.952956 46.3062 41.8081 45.4005 1.35081 3.31021 1.02424 2.80719 0.582366 8.38174 0.774441 -1.84886 -0.756461 -1.42017 -1.62725 -0.00199397 4.12894 -1.97781 -1.96033 -1.8085 -1.97804 -1.96246
internal_weight=9960 960 360 240 177 9000 63 120 97 2520 360 2160 429 1731 120 240 6480 600 600 579 99 120 480 5880 614 5266 480
internal_count=9960 960 360 240 177 9000 63 120 97 2520 360 2160 429 1731 120 240 6480 600 600 579 99 120 480 5880 614 5266 480
is_linear=0
shrinkage=0.05


Tree=47
num_leaves=26
num_cat=0
split_feature=0 0 2 4 4 4 2 4 3 5 5 4 5 3 3 0 0 5 5 2 3 5 4 3 0
split_gain=3.06114e+07 6.19234e+07 1.58485e+07 2.50744e+07 2.31679e+07 2.14547e+07 6.70581e+06 2.48356e+06 6.20299e+06 638976 1.48973e+06 2.2129e+06 934574 730542 1.85949e+06 284854 1.29241e+06 256101 120433 431204 79973.7 7264.1 6304.31 13845.7 9046.62
threshold=26.500000000000004 27.500000000000004 1.0000000180025095e-35 356.52000000000004 380.14000000000004 332.85500000000008 1.0000000180025095e-35 390.03500000000003 305.51000000000005 294.11500000000007 317.42500000000007 309.53500000000003 355.39500000000004 245.09000000000003 330.97500000000008 22.500000000000004 23.500000000000004 1725.8100000000002 1168.7250000000001 1.0000000180025095e-35 292.75500000000005 381.92500000000007 202.79000000000005 414.15500000000003 20.500000000000004
decision_type=2 2 2 2 2 2 2 2 2 2 2 2 2 2 2 2 2 2 2 2 2 2 2 2 2
left_child=6 2 3 5 -5 -2 15 8 -4 13 11 -11 -12 -8 -15 22 20 18 19 -3 -17 -18 23 -1 -24
right_child=1 17 7 4 -6 -7 9 -9 -10 10 12 -13 -14 14 -16 16 21 -19 -20 -21 -22 -23 24 -25 -26
leaf_value=-1.7976794562589977 14.056614464207701 -1.864337442147856 12.754340848055755 72.452158900669644 21.212729630103482 -34.748025226593022 7.8619052886962892 53.739629692077642 43.041564908746174 20.383687404632568 -1.6839491227269172 3.2065622248649599 1.6221439415475598 -10.013617836345325 0.73410895919799812 6.0630153775215154 -1.994965889275411 4.0749644510026668 -4.3058433513383605 2.5665911662001766 3.1441246042536068 -1.5528922275891381 -1.8509183546542329 -0.45160850954055792 -2.0820513803285103
leaf_weight=81 76 480 22 28 104 32 20 25 73 25 240 75 1955 55 150 32 354 21 37 62 88 126 5314 25 460
leaf_count=81 76 480 22 28 104 32 20 25 73 25 240 75 1955 55 150 32 354 21 37 62 88 126 5314 25 460
internal_value=-4.01372e-09 8.48727 24.8813 17.4631 32.0817 -0.40402 -0.905308 39.7177 36.0277 1.28327 1.53256 7.50084 1.26066 -1.25953 -2.14943 -1.75642 -0.718638 -1.34916 -1.54589 -1.35748 3.9225 -1.87892 -1.86232 -1.48021 -1.86933
internal_weight=9960 960 360 240 132 108 9000 120 95 2520 2295 100 2195 225 205 6480 600 600 579 542 120 480 5880 106 5774
internal_count=9960 960 360 240 132 108 9000 120 95 2520 2295 100 2195 225 205 6480 600 600 579 542 120 480 5880 106 5774
is_linear=0
shrinkage=0.05


Tree=48
num_leaves=22
num_cat=0
split_feature=0 0 4 4 4 2 4 5 0 0 3 0 0 5 5 2 5 5 4 4 3
split_gain=2.76268e+07 5.58858e+07 1.47817e+07 4.34463e+07 2.7964e+07 6.05199e+06 3.81021e+06 635150 894984 1.40431e+06 783253 257081 1.1664e+06 231131 108691 389162 76011.8 7433.63 6208.61 12518.6 12343.2
threshold=26.500000000000004 27.500000000000004 273.86500000000007 294.62500000000006 321.58500000000004 1.0000000180025095e-35 251.99000000000004 11752.526766137917 19.500000000000004 23.500000000000004 202.22000000000003 22.500000000000004 23.500000000000004 1725.8100000000002 1168.7250000000001 1.0000000180025095e-35 394.29500000000007 414.57000000000005 2019.3400000000001 1936.3200000000004 264.40000000000003
decision_type=2 2 2 2 2 2 2 2 2 2 2 2 2 2 2 2 2 2 2 2 2
left_child=5 2 6 -4 -5 11 -2 8 10 -10 -7 18 16 14 15 -3 -13 -14 19 -1 -20
right_child=1 13 3 4 -6 7 -8 -9 9 -11 -12 12 17 -15 -16 -17 -18 -19 20 -21 -22
leaf_value=-1.7687394821416558 10.764802166131828 -1.7711205763720987 95.353030881014746 -23.236341094970705 27.746229555056647 -8.1300577799479168 -17.507898712158205 -6.8760391573111228 6.22432774592329 0.66718040446440385 0.95620534976589555 3.1136001991242477 -1.7178788498589814 3.8712161041441422 -4.090551421046257 2.4382616892937694 6.3106637871783713 -2.3620063838958738 -2.5084394240379333 -2.3536346136241835 -1.310104101165837
leaf_weight=5609 26 480 22 30 260 24 22 24 216 240 2016 97 430 21 37 62 23 50 25 93 153
leaf_count=5609 26 480 22 30 260 24 22 24 216 240 2016 97 430 21 37 62 23 50 25 93 153
internal_value=2.24072e-09 8.0629 23.6372 27.6112 22.4722 -0.860043 -2.19352 1.2191 1.29694 3.29951 0.849308 -1.6686 -0.682706 -1.2817 -1.46859 -1.2896 3.72637 -1.78498 -1.7692 -1.77828 -1.47841
internal_weight=9960 960 360 312 290 9000 48 2520 2496 456 2040 6480 600 600 579 542 120 480 5880 5702 178
internal_count=9960 960 360 312 290 9000 48 2520 2496 456 2040 6480 600 600 579 542 120 480 5880 5702 178
is_linear=0
shrinkage=0.05


Tree=49
num_leaves=27
num_cat=0
split_feature=0 0 2 4 5 3 2 3 4 3 3 3 3 5 5 0 0 0 5 5 2 5 4 0 5 5
split_gain=2.49332e+07 5.0437e+07 1.44058e+07 2.42536e+07 1.74627e+07 9.16075e+06 5.46192e+06 2.70651e+06 5.16227e+06 3.08905e+06 596250 1.15192e+06 2.76821e+06 2.12393e+06 967112 1.16426e+06 232015 1.05267e+06 208596 98093.3 351219 77562.6 7298.12 6108.58 20372.9 18696.6
threshold=26.500000000000004 27.500000000000004 1.0000000180025095e-35 282.09000000000009 303.42500000000007 341.83000000000004 1.0000000180025095e-35 347.60500000000008 327.43500000000006 394.21500000000009 299.05000000000007 321.52500000000003 333.30000000000007 876.06500000000017 274.74000000000007 4.5000000000000009 22.500000000000004 23.500000000000004 1725.8100000000002 1168.7250000000001 1.0000000180025095e-35 289.32500000000005 10143.966881249189 5.5000000000000009 407.98000000000008 254.45000000000002
decision_type=2 2 2 2 2 2 2 2 2 2 2 2 2 2 2 2 2 2 2 2 2 2 2 2 2 2
left_child=6 2 3 5 -5 -2 16 8 -4 -9 14 13 -13 -12 -8 -16 23 21 19 20 -3 -18 -19 24 -1 -25
right_child=1 18 7 4 -6 -7 10 9 -10 -11 11 12 -14 -15 15 -17 17 22 -20 -21 -22 -23 -24 25 -26 -27
leaf_value=-1.5278403887257259 -44.086719970703129 -1.6825645505357536 61.439717483520511 -3.0988427734375001 31.021257456461587 3.7691846466064458 -8.7236343036998409 20.460090406631171 31.864095038837856 44.355095286596395 -1.3534881027121293 -6.1761044719495066 1.6438177934672051 9.346360449042141 5.5943796893954278 -1.1058952204316681 6.3000794217700049 -1.7560996689302124 3.677655313128517 -3.8860234966149201 2.3163487865078838 2.9545918221425529 -1.0661227551244554 -1.411505983849578 -2.0754015467081639 -1.7474488682373832
leaf_weight=1366 20 480 25 50 150 20 33 38 36 21 76 121 1749 119 80 342 21 438 21 37 62 99 42 464 194 3856
leaf_count=1366 20 480 25 50 150 20 33 38 36 21 76 121 1749 119 80 342 21 438 21 37 62 99 42 464 194 3856
internal_value=-1.80651e-08 7.65976 22.4554 15.3829 22.4912 -20.1588 -0.817041 36.6003 43.9853 28.9651 1.15815 1.51917 1.13782 5.17616 -0.48032 0.164299 -1.58517 -0.648571 -1.21762 -1.39516 -1.22512 3.54005 -1.69573 -1.68074 -1.59593 -1.71137
internal_weight=9960 960 360 240 200 40 9000 120 61 59 2520 2065 1870 195 455 422 6480 600 600 579 542 120 480 5880 1560 4320
internal_count=9960 960 360 240 200 40 9000 120 61 59 2520 2065 1870 195 455 422 6480 600 600 579 542 120 480 5880 1560 4320
is_linear=0
shrinkage=0.05


Tree=50
num_leaves=26
num_cat=0
split_feature=0 0 4 2 4 2 3 5 5 0 3 4 4 0 0 3 3 5 2 4 5 4 0 4 0
split_gain=2.25022e+07 4.55194e+07 1.31841e+07 1.97677e+07 1.6166e+07 4.92939e+06 2.44263e+06 585837 1.3979e+06 582435 373155 348539 474149 209394 950038 204219 272687 246860 160045 74160.9 16605 7326.32 6220.02 17216.8 11637.7
threshold=26.500000000000004 27.500000000000004 1631.9650000000004 1.0000000180025095e-35 273.86500000000007 1.0000000180025095e-35 347.60500000000008 9090.1851734891407 6426.8336786287973 22.500000000000004 324.96000000000009 1495.5200000000002 1828.6500000000003 22.500000000000004 23.500000000000004 260.90500000000003 274.76500000000004 404.66500000000002 1.0000000180025095e-35 1548.6550000000004 343.75000000000006 326.73500000000007 1.0000000180025095e-35 340.15500000000003 5.5000000000000009
decision_type=2 2 2 2 2 2 2 2 2 2 2 2 2 2 2 2 2 2 2 2 2 2 2 2 2
left_child=5 2 3 4 -2 13 -5 8 9 -7 -10 -9 -13 22 19 17 -17 20 -18 -15 -3 -16 23 -1 -24
right_child=1 15 -4 6 -6 7 -8 11 10 -11 -12 12 -14 14 21 16 18 -19 -20 -21 -22 -23 24 -25 -26
leaf_value=-2.4741319427490236 -23.988013138309604 -1.6518098148703577 54.280926513671879 41.785989307184693 15.088749564155032 0.71938688047831978 27.516837892693992 1.4758495785973289 4.0765193802969799 2.9005346873319815 12.654157191514969 -11.358184675736862 -0.72102199792861943 2.6773212918120883 -1.3169345719473702 -5.8759425957997644 -1.6110086883749906 6.1256883847713475 0.67643535340085947 5.6161568394729073 0.3180949926376343 -1.7407267096567083 -1.4561632323032951 -1.5604824606396936 -1.6257978046533079
leaf_weight=75 31 20 28 61 181 2043 59 22 21 360 32 22 20 92 147 33 410 20 94 28 23 333 1320 165 4320
leaf_count=75 31 20 28 61 181 2043 59 22 21 360 32 22 20 92 147 33 410 20 94 28 23 333 1320 165 4320
internal_value=1.00351e-08 7.27677 21.3326 18.5538 9.37469 -0.776189 34.7703 1.10024 1.22331 1.04615 9.25547 -3.62237 -6.29287 -1.50591 -0.616142 -1.15673 -1.47269 1.53641 -1.18438 3.36305 -0.59814 -1.61094 -1.5967 -1.846 -1.5861
internal_weight=9960 960 360 332 212 9000 120 2520 2456 2403 53 64 42 6480 600 600 537 63 504 120 43 480 5880 240 5640
internal_count=9960 960 360 332 212 9000 120 2520 2456 2403 53 64 42 6480 600 600 537 63 504 120 43 480 5880 240 5640
is_linear=0
shrinkage=0.05


Tree=51
num_leaves=23
num_cat=0
split_feature=0 0 4 2 5 2 4 5 0 0 3 0 0 3 3 2 4 3 3 4 5 4
split_gain=2.03083e+07 4.10812e+07 1.18986e+07 1.78404e+07 1.52002e+07 4.44877e+06 2.35906e+06 543567 729496 1.25229e+06 689304 188978 857409 188775 115438 290908 249967 73583 7135.03 6005.61 19245.5 15767.6
threshold=26.500000000000004 27.500000000000004 1631.9650000000004 1.0000000180025095e-35 281.61500000000007 1.0000000180025095e-35 289.71000000000009 11752.526766137917 19.500000000000004 23.500000000000004 202.22000000000003 22.500000000000004 23.500000000000004 230.85500000000005 303.28500000000003 1.0000000180025095e-35 425.10500000000008 292.75500000000005 230.85500000000005 404.59500000000008 334.40500000000003 388.26000000000005
decision_type=2 2 2 2 2 2 2 2 2 2 2 2 2 2 2 2 2 2 2 2 2 2
left_child=5 2 3 4 -2 11 -5 8 10 -10 -7 19 17 -3 16 -16 -15 -13 -14 21 -21 -1
right_child=1 13 -4 6 -6 7 -8 -9 9 -11 -12 12 18 14 15 -17 -18 -19 -20 20 -22 -23
leaf_value=-1.5089568796992632 39.539536150764022 2.7007330763724546 51.566879817417693 47.828015691583808 3.0546025844102496 -7.7105431238810231 29.710209361874327 -6.4435834487279253 5.6871765742544085 0.43943969669441385 0.8133834280531913 5.2481120571494104 -2.35279322886467 -4.5277201150543993 -1.5412092110267628 1.7496013007512907 0.2558061966164546 2.4482733670960775 -1.485206528962641 -1.7682747132971006 -1.4604932770304968 -1.1293773298311716
leaf_weight=3471 34 31 28 22 178 24 98 24 216 240 2016 32 25 72 371 82 44 88 455 850 1262 297
leaf_count=3471 34 31 28 22 178 24 98 24 216 240 2016 32 25 72 371 82 44 88 455 850 1262 297
internal_value=6.89794e-09 6.91293 20.266 17.6261 8.90596 -0.737379 33.0318 1.04523 1.11724 2.92521 0.713102 -1.43062 -0.585335 -1.0989 -1.30591 -0.945522 -2.71328 3.1949 -1.53039 -1.51687 -1.58436 -1.47904
internal_weight=9960 960 360 332 212 9000 120 2520 2496 456 2040 6480 600 600 569 453 116 120 480 5880 2112 3768
internal_count=9960 960 360 332 212 9000 120 2520 2496 456 2040 6480 600 600 569 453 116 120 480 5880 2112 3768
is_linear=0
shrinkage=0.05


Tree=52
num_leaves=25
num_cat=0
split_feature=0 0 4 4 4 2 4 5 5 4 3 3 3 3 5 0 0 2 3 5 3 3 3 4
split_gain=1.83282e+07 3.70758e+07 1.14456e+07 4.01673e+07 2.53809e+07 4.01502e+06 3.66114e+06 529814 1.18598e+06 537172 338678 336772 176898 234461 221642 170552 773812 127877 76274.4 15114.2 7454.41 5949.22 34022.9 17128.6
threshold=26.500000000000004 27.500000000000004 273.86500000000007 294.62500000000006 321.58500000000004 1.0000000180025095e-35 251.99000000000004 9090.1851734891407 6426.8336786287973 279.01500000000004 348.98000000000008 324.96000000000009 260.90500000000003 274.76500000000004 404.66500000000002 22.500000000000004 23.500000000000004 1.0000000180025095e-35 348.98000000000008 343.75000000000006 315.59500000000008 390.00000000000006 373.00500000000005 191.05000000000004
decision_type=2 2 2 2 2 2 2 2 2 2 2 2 2 2 2 2 2 2 2 2 2 2 2 2
left_child=5 2 6 -4 -5 15 -2 8 9 -7 -9 -10 14 -14 19 21 18 -15 -17 -3 -18 22 -1 -23
right_child=1 12 3 4 -6 7 -8 10 11 -11 -12 -13 13 17 -16 16 20 -19 -20 -21 -22 23 -24 -25
leaf_value=-1.4183726521346856 9.2251868027907147 -1.565267662703991 87.884895394065168 -25.737946395874026 22.832834210029016 2.5324502141306549 -18.48890634016557 -6.914764022827149 3.588334819248745 0.59437353336446497 0.37398934642473858 11.737089979648591 -5.4209893537290172 -1.4520274936934798 5.8111310613155371 1.9879329256608456 -1.0769025017769591 0.59265693489541404 4.552551615481474 0.31412596391594927 -1.5568658266285686 0.051347457794916063 -1.8484754549883124 -1.3845018016185227
leaf_weight=3429 26 20 22 30 260 437 22 34 21 1966 30 32 33 410 20 71 103 94 49 23 377 21 531 1899
leaf_count=3429 26 20 22 30 260 437 22 34 21 1966 30 32 33 410 20 71 103 94 49 23 377 21 531 1899
internal_value=-1.84544e-08 6.56728 19.2527 22.7496 17.8083 -0.70051 -3.47711 0.992968 1.11 0.946824 -3.49816 8.50834 -1.04395 -1.33802 1.46257 -1.35909 -0.556069 -1.07068 3.03515 -0.560011 -1.45387 -1.44103 -1.47605 -1.3688
internal_weight=9960 960 360 312 290 9000 48 2520 2456 2403 64 53 600 537 63 6480 600 504 120 43 480 5880 3960 1920
internal_count=9960 960 360 312 290 9000 48 2520 2456 2403 64 53 600 537 63 6480 600 504 120 43 480 5880 3960 1920
is_linear=0
shrinkage=0.05


Tree=53
num_leaves=28
num_cat=0
split_feature=0 0 2 4 3 3 2 3 4 3 5 4 3 3 0 5 4 5 0 0 5 5 5 5 5 3 5
split_gain=1.65412e+07 3.34609e+07 1.06724e+07 1.97256e+07 1.67094e+07 8.51626e+06 3.62355e+06 2.28844e+06 4.81067e+06 2.75602e+06 528024 976459 2.00544e+06 764830 1.25391e+06 1.11625e+06 637912 163269 153924 698365 116151 277248 70640.7 7060.33 5860.45 17768.6 13484.2
threshold=26.500000000000004 27.500000000000004 1.0000000180025095e-35 282.09000000000009 283.75500000000005 341.83000000000004 1.0000000180025095e-35 347.60500000000008 327.43500000000006 394.21500000000009 248.45500000000001 348.09500000000008 386.25000000000006 1192.95 1.0000000180025095e-35 322.55000000000001 308.40500000000003 1725.8100000000002 22.500000000000004 23.500000000000004 1168.7250000000001 657.38000000000011 394.29500000000007 381.92500000000007 2768.3550000000005 264.40000000000003 456.50000000000006
decision_type=2 2 2 2 2 2 2 2 2 2 2 2 2 2 2 2 2 2 2 2 2 2 2 2 2 2 2
left_child=6 2 3 5 -5 -2 18 8 -4 -9 11 16 -13 14 -12 -15 -8 20 24 22 21 -3 -20 -21 26 -26 -1
right_child=1 17 7 4 -6 -7 10 9 -10 -11 13 12 -14 15 -16 -17 -18 -19 19 23 -22 -23 -24 -25 25 -27 -28
leaf_value=-1.3576248768522312 -42.920944824218751 -1.1851559315119438 54.105107135772712 46.228567629082264 11.049696201883306 3.2208338165283203 -3.3832941141995523 15.410619798459505 25.554439152611629 37.980833189828054 -6.2343324617239153 2.3228417960080234 -19.278888252803259 9.4509784304011966 0.83459240982951965 1.9578507977342885 8.9548170280456549 3.3391229061853318 2.29267016753708 -1.4955851396798332 -3.8592814774126625 4.8134912014007574 5.3747105225272804 -1.0597559888274335 -2.3836150007694963 -0.75104552406072622 -1.6916036624717528
leaf_weight=5440 20 522 25 43 157 20 22 38 36 21 65 22 21 55 1799 516 20 21 97 354 37 20 23 126 20 100 320
leaf_count=5440 20 522 25 43 157 20 22 38 36 21 65 22 21 55 1799 516 20 21 97 354 37 20 23 126 20 100 320
internal_value=-8.08024e-09 6.23892 18.29 12.2026 18.6132 -19.8501 -0.665485 30.4649 37.2555 23.4441 0.943319 -2.93047 -8.22684 1.07854 0.58809 2.67961 2.492 -0.991756 -1.29113 -0.528265 -1.14883 -0.963804 2.88339 -1.38118 -1.36897 -1.02314 -1.37618
internal_weight=9960 960 360 240 200 40 9000 120 61 59 2520 85 43 2435 1864 571 42 600 6480 600 579 542 120 480 5880 120 5760
internal_count=9960 960 360 240 200 40 9000 120 61 59 2520 85 43 2435 1864 571 42 600 6480 600 579 542 120 480 5880 120 5760
is_linear=0
shrinkage=0.05


Tree=54
num_leaves=26
num_cat=0
split_feature=0 0 4 2 5 2 4 5 5 4 5 3 3 3 3 2 5 0 0 0 5 5 5 0 0
split_gain=1.49284e+07 3.01985e+07 1.078e+07 1.48996e+07 1.3872e+07 3.27026e+06 2.24968e+06 506132 1.33138e+06 1.964e+06 812371 733750 1.58997e+06 160661 213544 211494 200743 180889 138916 630275 71672.3 7066.67 5734.72 7532.92 5277.66
threshold=26.500000000000004 27.500000000000004 1631.9650000000004 1.0000000180025095e-35 281.61500000000007 1.0000000180025095e-35 390.03500000000003 294.11500000000007 317.42500000000007 309.53500000000003 355.39500000000004 245.09000000000003 330.97500000000008 260.90500000000003 299.05000000000007 1.0000000180025095e-35 360.78500000000003 28.500000000000004 22.500000000000004 23.500000000000004 289.32500000000005 414.57000000000005 190.66000000000003 1.0000000180025095e-35 7.5000000000000009
decision_type=2 2 2 2 2 2 2 2 2 2 2 2 2 2 2 2 2 2 2 2 2 2 2 2 2
left_child=5 2 3 4 -2 18 -5 11 9 -9 -10 -7 -13 16 17 -16 -3 -15 22 20 -20 -21 24 -24 -1
right_child=1 13 -4 6 -6 7 -8 8 10 -11 -12 12 -14 14 15 -17 -18 -19 19 21 -22 -23 23 -25 -26
leaf_value=-0.37486990353753491 36.158316713220934 -1.7089934763099337 47.168770626613075 25.429712780651297 1.3038687395245843 7.7745088195800776 42.287052978515625 18.89691604089737 -1.8843718820934496 2.71462610244751 1.1980032297812613 -9.5307519739324391 0.40760497538248697 -0.78559757070615888 -1.3212135011269728 1.4537943393169415 3.9709994728224616 -5.7030492548810114 5.3923829192206973 -1.2467014120345894 2.1764337862380829 -1.8747293295860292 -1.5826732115277762 -1.2948341715971594 -1.1854831306035061
leaf_weight=31 34 28 28 95 178 20 25 25 240 75 1955 55 150 32 376 84 35 45 21 430 99 50 237 5555 57
leaf_count=31 34 28 28 95 178 20 25 25 240 75 1955 55 150 32 376 84 35 45 21 430 99 50 237 5555 57
internal_value=-1.89106e-08 5.92697 17.3755 14.8629 6.89373 -0.632211 28.9417 0.896153 1.11802 6.7602 0.860978 -1.36694 -2.25878 -0.942168 -1.22241 -0.814473 1.44656 -3.65943 -1.22657 -0.501852 2.73922 -1.31212 -1.30053 -1.30661 -0.899926
internal_weight=9960 960 360 332 212 9000 120 2520 2295 100 2195 225 205 600 537 460 63 77 6480 600 120 480 5880 5792 88
internal_count=9960 960 360 332 212 9000 120 2520 2295 100 2195 225 205 600 537 460 63 77 6480 600 120 480 5880 5792 88
is_linear=0
shrinkage=0.05


Tree=55
num_leaves=28
num_cat=0
split_feature=0 0 4 4 4 4 3 3 2 3 3 3 5 5 5 4 3 0 0 4 5 5 3 5 3 3 0
split_gain=1.34729e+07 2.72541e+07 1.0143e+07 4.13653e+07 2.32616e+07 1.70321e+07 5.67323e+07 3.45476e+07 2.95141e+06 482186 1.08636e+06 2.42424e+06 1.87095e+06 858943 1.46005e+06 1.02506e+06 145092 125372 568823 112383 429520 366444 70277.8 6944.48 5674.45 35843.5 8854.81
threshold=26.500000000000004 27.500000000000004 356.52000000000004 370.87500000000006 401.75500000000005 328.58000000000004 311.47000000000008 299.05000000000007 1.0000000180025095e-35 299.05000000000007 321.52500000000003 333.30000000000007 876.06500000000017 2167.7050000000004 1659.1450000000002 1751.3900000000001 230.85500000000005 22.500000000000004 23.500000000000004 321.58500000000004 1321.8750000000002 407.98000000000008 292.75500000000005 223.05000000000004 1827.8300000000002 1915.2050000000002 20.500000000000004
decision_type=2 2 2 2 2 2 2 2 2 2 2 2 2 2 2 2 2 2 2 2 2 2 2 2 2 2 2
left_child=8 2 5 -4 -5 7 -7 -2 17 13 12 -12 -11 14 -10 -15 -3 24 22 21 -21 -18 -19 -20 26 -26 -1
right_child=1 16 3 4 -6 6 -8 -9 9 10 11 -13 -14 15 -16 -17 19 18 23 20 -22 -23 -24 -25 25 -27 -28
leaf_value=-1.229390861672675 62.754995820016575 2.4360729611689047 83.175927030123205 -11.873044037369063 28.826095797465399 -77.692400568181824 21.025579381543537 1.8409817344780208 -1.3916315241845068 -1.4010368002088447 -6.0387895427952136 1.2791837019885248 8.641364044702355 -15.626523995399475 6.1286686372756964 0.19003891717819943 -1.0236552103888243 4.6088362269103529 -0.45180137547162869 -1.1410451433237863 4.577249077790313 -7.0824571571042458 1.87260099215941 -1.2920271878922565 0.031345029577376352 -1.3371057166600948 -1.4818348110923845
leaf_weight=5246 33 31 26 53 104 22 43 79 334 76 121 1749 119 20 80 21 128 32 26 374 36 31 88 454 63 199 372
leaf_count=5246 33 31 26 53 104 22 43 79 334 76 121 1749 119 20 80 21 128 32 26 374 36 31 88 454 63 199 372
internal_value=-1.01931e-08 5.63063 16.5068 24.7607 15.0869 7.97299 -12.3867 19.7889 -0.6006 0.851346 1.176 0.805668 4.7274 -0.62209 0.0615666 -7.52536 -0.895059 -1.16525 -0.476759 -1.07654 -0.638951 -2.20493 2.60226 -1.24651 -1.2355 -1.00805 -1.24611
internal_weight=9960 960 360 183 157 177 65 112 9000 2520 2065 1870 195 455 414 41 600 6480 600 569 410 159 120 480 5880 262 5618
internal_count=9960 960 360 183 157 177 65 112 9000 2520 2065 1870 195 455 414 41 600 6480 600 569 410 159 120 480 5880 262 5618
is_linear=0
shrinkage=0.05


Tree=56
num_leaves=26
num_cat=0
split_feature=0 0 4 4 4 4 2 5 5 4 4 4 3 3 3 5 5 0 0 3 4 5 4 5 4
split_gain=1.21593e+07 2.45968e+07 9.62391e+06 3.67638e+07 2.33074e+07 3.34266e+06 2.66364e+06 462584 1.08613e+06 480645 322530 420240 292554 136040 196167 187719 117870 113148 513363 71416 11571.7 6859.45 5589.62 22195.6 17921.5
threshold=26.500000000000004 27.500000000000004 273.86500000000007 294.62500000000006 321.58500000000004 251.99000000000004 1.0000000180025095e-35 9090.1851734891407 6426.8336786287973 418.03000000000003 1495.5200000000002 1828.6500000000003 324.96000000000009 260.90500000000003 274.76500000000004 404.66500000000002 1659.1450000000002 22.500000000000004 23.500000000000004 348.98000000000008 379.48500000000007 381.92500000000007 277.35000000000008 238.30500000000004 279.01500000000004
decision_type=2 2 2 2 2 2 2 2 2 2 2 2 2 2 2 2 2 2 2 2 2 2 2 2 2
left_child=6 2 5 -4 -5 -2 17 8 9 -8 -9 -12 -10 15 -15 20 -16 22 19 -19 -3 -20 23 -1 -24
right_child=1 13 3 4 -6 -7 7 10 12 -11 11 -13 -14 14 16 -17 -18 18 21 -21 -22 -23 24 -25 -26
leaf_value=-1.9048135327472204 6.9760987942035388 0.32592803055331826 81.20267788280141 -27.568944717148941 18.975611211886772 -19.505154141512786 1.0411361735762994 1.5165754242376848 3.4125430515834263 -1.0292872838400029 -10.725343045321379 -0.71112129151821135 11.00751564949751 -4.8428654345599087 -0.70421123578373201 5.3497338119149207 -4.5307225715546382 1.4588317051110133 -1.2969550189199086 3.9404285683923841 -1.3149691080505199 -0.86737084887803551 -2.585302028966987 -0.96536627559591148 -1.1864421505323708
leaf_weight=69 26 21 22 30 260 22 2079 22 21 324 22 20 32 33 483 20 21 71 354 49 22 126 23 708 5080
leaf_count=69 26 21 22 30 260 22 2079 22 21 324 22 20 32 33 483 20 21 71 354 49 22 126 23 708 5080
internal_value=8.44272e-09 5.34909 15.6814 18.888 14.1607 -5.16114 -0.57057 0.808778 0.918134 0.761978 -3.38774 -5.95667 7.99819 -0.850307 -1.10818 1.34778 -0.863649 -1.10698 -0.452921 2.47215 -0.513601 -1.18419 -1.17372 -1.04879 -1.19275
internal_weight=9960 960 360 312 290 48 9000 2520 2456 2403 64 42 53 600 537 63 504 6480 600 120 43 480 5880 777 5103
internal_count=9960 960 360 312 290 48 9000 2520 2456 2403 64 42 53 600 537 63 504 6480 600 120 43 480 5880 777 5103
is_linear=0
shrinkage=0.05


Tree=57
num_leaves=24
num_cat=0
split_feature=0 0 4 2 4 2 3 0 0 3 3 4 3 5 5 2 0 0 4 3 4 4 3
split_gain=1.09738e+07 2.21987e+07 9.19963e+06 1.37639e+07 1.3322e+07 2.40394e+06 2.18041e+06 457774 1.41706e+06 579216 1.03316e+06 522005 515551 135730 128299 255643 102116 463310 69349.9 6858.52 5556.93 11387.5 10513.1
threshold=26.500000000000004 27.500000000000004 1631.9650000000004 1.0000000180025095e-35 282.09000000000009 1.0000000180025095e-35 347.60500000000008 22.500000000000004 23.500000000000004 2075.9800000000005 1977.9650000000004 370.87500000000006 324.96000000000009 1725.8100000000002 1168.7250000000001 1.0000000180025095e-35 22.500000000000004 23.500000000000004 1548.6550000000004 299.05000000000007 2019.3400000000001 1995.2150000000001 264.40000000000003
decision_type=2 2 2 2 2 2 2 2 2 2 2 2 2 2 2 2 2 2 2 2 2 2 2
left_child=5 2 3 4 -2 16 -5 9 12 10 -7 -10 -9 14 15 -3 20 18 -18 -19 21 -1 -22
right_child=1 13 -4 6 -6 7 -8 8 11 -11 -12 -13 -14 -15 -16 -17 17 19 -20 -21 22 -23 -24
leaf_value=-1.1186625552904368 -21.074150009155275 -1.1468126240512357 42.420246757779807 32.736174477123825 10.961138443059701 0.56964151344879388 19.254668413582497 14.183676738739013 -2.9480326652526858 8.0596747283935546 -6.926510766211976 1.9276767348474071 5.3897757917642597 3.1409834393433163 -3.7996736652142298 2.2648812286315425 1.6854300728310709 -0.7116269078778934 4.5273421764373785 -1.2113985754746559 -1.7905359239578247 -2.1294825485774451 -0.68460308748717402
leaf_weight=5674 40 480 28 61 172 2088 59 20 85 25 47 155 100 21 37 62 92 83 28 397 25 28 153
leaf_count=5674 40 480 28 61 172 2088 59 20 85 25 47 155 100 21 37 62 92 83 28 397 25 28 153
internal_value=3.68007e-09 5.08164 14.8974 12.5762 4.91674 -0.542042 26.1078 0.76834 2.41905 0.493221 0.404621 0.200863 6.85543 -0.807791 -0.951011 -0.756545 -1.05163 -0.430275 2.34854 -1.12498 -1.11504 -1.12363 -0.839931
internal_weight=9960 960 360 332 212 9000 120 2520 360 2160 2135 240 120 600 579 542 6480 600 120 480 5880 5702 178
internal_count=9960 960 360 332 212 9000 120 2520 360 2160 2135 240 120 600 579 542 6480 600 120 480 5880 5702 178
is_linear=0
shrinkage=0.05


Tree=58
num_leaves=25
num_cat=0
split_feature=0 0 4 2 5 3 2 5 3 3 5 5 4 4 5 5 5 0 0 3 3 4 5 4
split_gain=9.90383e+06 2.00343e+07 8.35236e+06 1.59174e+07 1.73244e+07 5.55855e+06 2.16955e+06 2.11871e+06 446565 1.03981e+06 1.68893e+06 1.43137e+06 817814 1.0641e+06 130463 328386 238725 92159.8 418137 67897.8 7152.35 5390.56 17404.4 14916
threshold=26.500000000000004 27.500000000000004 926.46000000000015 1.0000000180025095e-35 271.50500000000005 340.33500000000009 1.0000000180025095e-35 1790.8500000000001 1474.0400000000002 1977.9650000000004 1583.0900000000004 1842.3550000000002 191.05000000000004 220.74000000000004 1583.0900000000004 1168.7250000000001 657.38000000000011 22.500000000000004 23.500000000000004 292.75500000000005 230.85500000000005 404.59500000000008 334.40500000000003 376.24500000000006
decision_type=2 2 2 2 2 2 2 2 2 2 2 2 2 2 2 2 2 2 2 2 2 2 2 2
left_child=6 2 3 4 -2 -4 17 -5 12 10 -10 -11 -8 -14 15 16 -3 21 19 -19 -20 23 -23 -1
right_child=1 14 5 7 -6 -7 8 -9 9 11 -12 -13 13 -15 -16 -17 -18 18 20 -21 -22 22 -24 -25
leaf_value=-1.0674227984334335 42.820718106356537 -0.92411736868236261 46.356758995056154 28.037518137509064 -4.5560073548821132 16.165984812090475 -8.7577175895373038 11.158532327154409 6.8731478632655412 -2.0801600316937052 -2.2797860131944931 10.69638754272461 6.7714959476933334 0.31762694029809252 2.1086180332544688 -7.0911800929478233 4.6422103071212772 4.2034191011451183 -1.892128216266632 1.5139146576550875 -1.023489146496241 -1.2981245033561306 -1.0054347301521169 -0.7984126582765928
leaf_weight=3152 22 522 30 97 157 31 24 23 180 178 70 25 66 1977 37 21 20 32 25 88 455 850 1262 616
leaf_count=3152 22 522 30 97 157 31 24 23 180 178 70 25 66 1977 37 21 20 32 25 88 455 850 1262 616
internal_value=5.80553e-09 4.82756 14.1525 10.7125 1.26683 31.0139 -0.514939 24.8024 0.729923 2.15171 4.31033 -0.506694 0.418327 0.526122 -0.767402 -0.956412 -0.718718 -0.999052 -0.408761 2.23112 -1.06873 -1.05929 -1.12323 -1.02344
internal_weight=9960 960 360 299 179 61 9000 120 2520 453 250 203 2067 2043 600 563 542 6480 600 120 480 5880 2112 3768
internal_count=9960 960 360 299 179 61 9000 120 2520 453 250 203 2067 2043 600 563 542 6480 600 120 480 5880 2112 3768
is_linear=0
shrinkage=0.05


Tree=59
num_leaves=26
num_cat=0
split_feature=0 0 5 5 5 2 5 5 3 3 5 3 3 3 2 3 5 0 0 3 5 4 5 4 5
split_gain=8.9382e+06 1.80809e+07 8.29712e+06 2.99949e+07 2.22984e+07 1.95802e+06 446142 888392 1.72407e+06 736275 1.54966e+06 1.20477e+06 125732 184343 574419 209184 171743 83174.2 377369 67379.6 11046 6846.6 5511.44 17560.7 13355.7
threshold=26.500000000000004 27.500000000000004 248.45500000000001 281.61500000000007 303.42500000000007 1.0000000180025095e-35 248.45500000000001 236.17500000000004 386.25000000000006 228.49000000000004 1741.8100000000002 248.75500000000002 260.90500000000003 303.28500000000003 1.0000000180025095e-35 310.42500000000007 404.66500000000002 22.500000000000004 23.500000000000004 348.98000000000008 343.75000000000006 10143.966881249189 225.82000000000002 1714.1350000000002 230.92000000000004
decision_type=2 2 2 2 2 2 2 2 2 2 2 2 2 2 2 2 2 2 2 2 2 2 2 2 2
left_child=5 2 -2 -4 -5 17 7 8 -7 10 -8 -11 16 14 -14 -15 20 22 19 -19 -3 -20 23 -1 -24
right_child=1 12 3 4 -6 6 9 -9 -10 11 -12 -13 13 15 -16 -17 -18 18 21 -21 -22 -23 24 -25 -26
leaf_value=-0.90516893313473989 -16.308035365017979 -1.2556582081317904 70.503636368461272 -27.531659701376249 15.907409639815066 9.4009748646191191 -7.3521524576579829 -11.517475665699353 -7.2448207582746242 7.1804749300605373 7.9144767934625806 0.78064002025956203 -0.74109468611459883 4.4213343831896781 -10.289788137163434 -0.808941163680157 5.2120136511325841 1.1352941234346847 -1.0737697898040284 3.5457412128545798 0.3510139724482661 -0.40547739267349248 -1.77266323910705 0.55901844718239524 -1.0099431488644135
leaf_weight=296 22 20 23 33 282 28 68 22 35 76 22 2269 63 20 21 433 20 71 438 49 23 42 58 22 5504
leaf_count=296 22 20 23 33 282 28 68 22 35 76 22 2269 63 20 21 433 20 71 438 49 23 42 58 22 5504
internal_value=3.89863e-09 4.58618 13.4449 15.3814 11.3566 -0.489193 0.693426 -2.86736 0.153311 0.817725 -3.62031 0.988055 -0.729032 -0.976945 -3.12827 -0.578024 1.38413 -0.9491 -0.388323 2.11956 -0.396275 -1.01529 -1.00632 -0.803873 -1.0179
internal_weight=9960 960 360 338 315 9000 2520 85 63 2435 90 2345 600 537 84 453 63 6480 600 120 43 480 5880 318 5562
internal_count=9960 960 360 338 315 9000 2520 85 63 2435 90 2345 600 537 84 453 63 6480 600 120 43 480 5880 318 5562
is_linear=0
shrinkage=0.05


Tree=60
num_leaves=26
num_cat=0
split_feature=0 0 4 4 4 4 3 3 2 3 3 3 0 5 5 5 5 2 0 0 5 4 5 0 5
split_gain=8.06673e+06 1.6318e+07 7.97808e+06 3.79961e+07 1.99215e+07 1.6587e+07 5.08354e+07 3.08885e+07 1.76712e+06 439792 1.00353e+06 3.17815e+06 1.94075e+06 831077 1.10319e+06 118183 301372 232378 75064.7 340575 65228.6 6769.09 5230.09 15101.7 12377.6
threshold=26.500000000000004 27.500000000000004 356.52000000000004 370.87500000000006 401.75500000000005 328.58000000000004 311.47000000000008 299.05000000000007 1.0000000180025095e-35 299.05000000000007 323.96000000000009 333.30000000000007 6.5000000000000009 274.74000000000007 1260.6050000000002 1583.0900000000004 1168.7250000000001 1.0000000180025095e-35 22.500000000000004 23.500000000000004 394.29500000000007 236.66000000000003 250.43000000000004 4.5000000000000009 278.88000000000005
decision_type=2 2 2 2 2 2 2 2 2 2 2 2 2 2 2 2 2 2 2 2 2 2 2 2 2
left_child=8 2 5 -4 -5 7 -7 -2 18 13 12 -12 -11 -10 -15 16 17 -3 22 20 -20 -21 23 -1 -24
right_child=1 15 3 4 -6 6 -8 -9 9 10 11 -13 -14 14 -16 -17 -18 -19 19 21 -22 -23 24 -25 -26
leaf_value=-1.2391691238348244 57.491742220791906 -1.0168529893201776 76.078640306912945 -14.12796272061906 23.535981935721178 -76.70631478049539 16.740458893221479 -0.10619338071798977 -8.3900158622048124 11.332008572600104 -8.3699789615387612 1.0676130204455658 1.1038677828434187 2.0861438693361802 -3.0723942216579729 2.0447395743550483 -6.7494939168294268 2.2358945421634182 1.4459374174629289 -1.8650184950232509 4.407561318770699 -0.92537782799290591 -1.2328296745404923 -0.67194249119871019 -0.94956970563944643
leaf_weight=158 33 480 26 53 104 22 43 79 33 66 94 1749 156 239 183 37 21 62 97 20 23 460 419 456 4847
leaf_count=158 33 480 26 53 104 22 43 79 33 66 94 1749 156 239 183 37 21 62 97 20 23 460 419 456 4847
internal_value=-2.29959e-08 4.35687 12.7726 20.0929 10.8214 5.20418 -14.8877 16.8646 -0.464733 0.658755 0.96881 0.58626 4.14467 -0.748418 -0.150853 -0.69258 -0.872475 -0.644767 -0.901645 -0.368907 2.01358 -0.96453 -0.956006 -0.817906 -0.972108
internal_weight=9960 960 360 183 157 177 65 112 9000 2520 2065 1843 222 455 422 600 563 542 6480 600 120 480 5880 614 5266
internal_count=9960 960 360 183 157 177 65 112 9000 2520 2065 1843 222 455 422 600 563 542 6480 600 120 480 5880 614 5266
is_linear=0
shrinkage=0.05


Tree=61
num_leaves=27
num_cat=0
split_feature=0 0 4 4 4 4 2 0 0 0 4 0 5 4 3 3 2 3 5 0 0 5 4 0 5 5
split_gain=7.28022e+06 1.4727e+07 7.77066e+06 3.37834e+07 2.11825e+07 3.02321e+06 1.59482e+06 431528 1.22298e+06 532213 1.97121e+06 1.33896e+06 491659 476275 115292 168214 531938 188690 158032 67745.9 307369 66006.2 6819.34 5338.95 18640.4 16231.1
threshold=26.500000000000004 27.500000000000004 273.86500000000007 294.62500000000006 321.58500000000004 251.99000000000004 1.0000000180025095e-35 22.500000000000004 23.500000000000004 13.500000000000002 273.86500000000007 9.5000000000000018 375.67000000000002 327.43500000000006 260.90500000000003 303.28500000000003 1.0000000180025095e-35 310.42500000000007 360.78500000000003 22.500000000000004 23.500000000000004 289.32500000000005 326.73500000000007 5.5000000000000009 407.98000000000008 254.45000000000002
decision_type=2 2 2 2 2 2 2 2 2 2 2 2 2 2 2 2 2 2 2 2 2 2 2 2 2 2
left_child=6 2 5 -4 -5 -2 19 9 12 11 -11 -8 -9 -10 18 16 -16 -17 -3 23 21 -21 -22 24 -1 -25
right_child=1 14 3 4 -6 -7 7 8 13 10 -12 -13 -14 -15 15 17 -18 -19 -20 20 22 -23 -24 25 -26 -27
leaf_value=-0.76378646535938 4.9481451474703277 -1.4342171647718975 74.750718654285777 -29.29826640446981 15.073878443951791 -20.235965520685369 0.033411141810593785 11.238672092225817 -4.1741406345367436 5.5452879860716049 -1.8382639441457169 3.554461960428291 4.2547122949645635 1.3104309930299458 -0.65319731074666221 4.2338701975345616 -9.8420302039101024 -0.73359247148079976 3.6054200468744551 4.459028200876145 -0.63265222025921153 1.3728158938764323 -1.0415182087872479 -0.6574456216349942 -1.2875484680507294 -0.97045572932775304
leaf_weight=1366 26 28 22 30 260 22 1080 36 50 106 614 360 84 190 63 20 21 433 35 21 147 99 333 464 194 3856
leaf_count=1366 26 28 22 30 260 22 1080 36 50 106 614 360 84 190 63 20 21 433 35 21 147 99 333 464 194 3856
internal_value=5.42832e-10 4.13903 12.134 15.0153 10.4837 -6.59457 -0.441496 0.625817 2.22851 0.358702 -0.751241 0.913674 6.3499 0.167812 -0.657951 -0.895349 -2.95041 -0.514278 1.36558 -0.856563 -0.350462 1.9129 -0.916303 -0.908206 -0.828921 -0.936836
internal_weight=9960 960 360 312 290 48 9000 2520 360 2160 720 1440 120 240 600 537 84 453 63 6480 600 120 480 5880 1560 4320
internal_count=9960 960 360 312 290 48 9000 2520 360 2160 720 1440 120 240 600 537 84 453 63 6480 600 120 480 5880 1560 4320
is_linear=0
shrinkage=0.05


Tree=62
num_leaves=27
num_cat=0
split_feature=0 0 2 4 5 3 4 5 2 0 5 5 5 0 3 3 5 5 2 0 0 3 5 0 3 0
split_gain=6.5704e+06 1.32912e+07 7.67062e+06 1.57667e+07 1.7623e+07 9.34041e+06 2.11649e+06 3.58524e+06 1.43933e+06 407393 1.01329e+06 2.32401e+06 1.28981e+06 911124 2.91924e+06 1.24532e+06 108036 274484 222996 61140.7 277401 64774.9 6694.2 5212.73 20766 14690.7
threshold=26.500000000000004 27.500000000000004 1.0000000180025095e-35 282.09000000000009 303.42500000000007 341.83000000000004 289.71000000000009 353.95000000000005 1.0000000180025095e-35 18.500000000000004 936.3950000000001 810.45500000000015 1404.1000000000001 13.500000000000002 1852.0500000000002 271.91500000000002 1583.0900000000004 1168.7250000000001 1.0000000180025095e-35 22.500000000000004 23.500000000000004 292.75500000000005 414.57000000000005 1.5000000000000002 1567.9700000000003 5.5000000000000009
decision_type=2 2 2 2 2 2 2 2 2 2 2 2 2 2 2 2 2 2 2 2 2 2 2 2 2 2
left_child=8 2 3 5 -5 -2 -4 -8 19 13 11 -11 -12 15 -15 -10 17 18 -3 23 21 -21 -22 24 -1 -25
right_child=1 16 6 4 -6 -7 7 -9 9 10 12 -13 -14 14 -16 -17 -18 -19 -20 20 22 -23 -24 25 -26 -27
leaf_value=-0.93134119257714265 -46.451258239746096 -0.94423709312764315 35.863809550892221 -13.609520851135256 20.666804059346518 1.8716402435302735 1.9098160505294801 24.149098956262744 -3.3203771301462681 2.6003741265422082 -5.1467624378204349 18.982514341672264 1.7811494832443744 -2.5419686709056819 15.349150594075523 1.3841852306250291 1.9921188528473313 -6.4057791028703965 2.242172742466773 3.7436694826930763 -0.80681571359551241 1.1167443784800442 -1.4180684687495233 -0.68382010567243456 -2.2310808790452552 -0.8899943185057837
leaf_weight=447 20 480 22 50 150 20 24 74 158 221 90 24 265 456 24 1282 37 21 62 32 430 88 50 1080 33 4320
leaf_count=447 20 480 22 50 150 20 24 74 158 221 90 24 265 456 24 1282 37 21 62 32 430 88 50 1080 33 4320
internal_value=6.20437e-09 3.93208 11.5273 6.36647 12.0977 -22.2898 21.8489 18.7027 -0.419421 0.594527 1.73177 4.20516 0.0247774 0.239139 -1.64741 0.86799 -0.625053 -0.797052 -0.57974 -0.813735 -0.332939 1.81726 -0.870488 -0.862795 -1.0207 -0.848759
internal_weight=9960 960 360 240 200 40 120 98 9000 2520 600 245 355 1920 480 1440 600 563 542 6480 600 120 480 5880 480 5400
internal_count=9960 960 360 240 200 40 120 98 9000 2520 600 245 355 1920 480 1440 600 563 542 6480 600 120 480 5880 480 5400
is_linear=0
shrinkage=0.05


Tree=63
num_leaves=23
num_cat=0
split_feature=0 0 4 2 5 4 2 4 4 4 0 3 4 5 5 0 0 4 5 3 3 4
split_gain=5.92979e+06 1.19953e+07 7.15922e+06 1.05613e+07 1.18738e+07 2.10445e+06 1.29899e+06 406197 730871 1.56157e+06 1.02462e+06 106122 106162 401278 350493 55179.4 250354 65255.5 6638.4 5333.7 30717.2 15363.1
threshold=26.500000000000004 27.500000000000004 1631.9650000000004 1.0000000180025095e-35 281.61500000000007 390.03500000000003 1.0000000180025095e-35 183.46000000000004 220.74000000000004 234.22500000000002 13.500000000000002 230.85500000000005 321.58500000000004 1321.8750000000002 413.30500000000001 22.500000000000004 23.500000000000004 1548.6550000000004 381.92500000000007 390.00000000000006 373.00500000000005 404.59500000000008
decision_type=2 2 2 2 2 2 2 2 2 2 2 2 2 2 2 2 2 2 2 2 2 2
left_child=6 2 3 4 -2 -5 15 -8 10 -10 -9 -3 14 -14 -13 19 17 -17 -18 20 -1 -21
right_child=1 11 -4 5 -6 -7 7 8 9 -11 -12 12 13 -15 -16 16 18 -19 -20 21 -22 -23
leaf_value=-0.7980148236622796 29.268758594288546 2.2550632715225221 35.230525338649748 17.359791772240087 -2.9777406874667394 33.663952026367191 -5.4239089931760525 1.0293691017009594 -7.5629073789564236 0.67305585064384232 12.434075035587433 -0.71364250732946766 -0.80900840058444656 4.7180980861186983 -6.7136640461285912 1.0831547485097595 -0.93789751700988555 3.8398983553051949 -0.51529175566125018 -0.65947715210598057 -1.206689107468222 -0.96920232271058693
leaf_weight=3429 34 31 28 95 178 25 28 54 59 2348 31 129 374 36 30 92 354 28 126 1351 531 569
leaf_count=3429 34 31 28 95 178 25 28 54 59 2348 31 129 374 36 30 92 354 28 126 1351 531 569
internal_value=4.01661e-09 3.73547 10.9509 8.90325 2.19387 20.7565 -0.39845 0.5648 0.632089 0.471177 5.18873 -0.593801 -0.749011 -0.323701 -1.84572 -0.773048 -0.316292 1.72639 -0.826964 -0.819656 -0.852814 -0.751265
internal_weight=9960 960 360 332 212 120 9000 2520 2492 2407 85 600 569 410 159 6480 600 120 480 5880 3960 1920
internal_count=9960 960 360 332 212 120 9000 2520 2492 2407 85 600 569 410 159 6480 600 120 480 5880 3960 1920
is_linear=0
shrinkage=0.05


Tree=64
num_leaves=23
num_cat=0
split_feature=0 0 5 5 5 2 5 0 0 4 3 5 5 3 0 0 3 4 3 5 3 5
split_gain=5.35163e+06 1.08257e+07 6.90882e+06 2.70058e+07 1.87484e+07 1.17234e+06 400062 543048 899412 604148 99309.6 154802 149783 147447 49799.4 225945 62734.4 9467.54 6544.38 5222.34 15470 11889.4
threshold=26.500000000000004 27.500000000000004 248.45500000000001 281.61500000000007 303.42500000000007 1.0000000180025095e-35 11752.526766137917 19.500000000000004 23.500000000000004 418.03000000000003 260.90500000000003 1659.1450000000002 404.66500000000002 274.76500000000004 22.500000000000004 23.500000000000004 348.98000000000008 379.48500000000007 358.90500000000003 2768.3550000000005 264.40000000000003 456.50000000000006
decision_type=2 2 2 2 2 2 2 2 2 2 2 2 2 2 2 2 2 2 2 2 2 2
left_child=5 2 -2 -4 -5 14 7 9 -9 -7 12 13 17 -12 19 16 -16 -3 -17 21 -21 -1
right_child=1 10 3 4 -6 6 -8 8 -10 -11 11 -13 -14 -15 15 18 -18 -19 -20 20 -22 -23
leaf_value=-0.76805140089613444 -16.746486681157894 0.41062124257995969 64.474123946480134 -27.307106130773374 12.52435954039824 0.52299392314992665 -5.8880957047144573 4.4989451180453655 0.051615490081409615 -2.4589404002230437 -3.9475755987628816 -4.7976180657096528 4.8887258124351511 -0.39031985537737118 0.69034280664694148 -0.55350154011800734 3.016217802008804 -1.0736108714883978 -0.93246281524093788 -1.7216410064697265 -0.19832281944155694 -1.081659486850258
leaf_weight=5440 22 21 23 33 282 1853 24 216 240 187 31 23 20 483 71 186 49 22 294 20 100 320
leaf_count=5440 22 21 23 33 282 1853 24 216 240 187 31 23 20 483 71 186 49 22 294 20 100 320
internal_value=-4.47224e-09 3.5487 10.4034 12.1705 8.35154 -0.378528 0.53656 0.598336 2.15825 0.24965 -0.564111 -0.784441 1.31394 -0.604863 -0.734395 -0.300477 1.64008 -0.348753 -0.785615 -0.778673 -0.452209 -0.785474
internal_weight=9960 960 360 338 315 9000 2520 2496 456 2040 600 537 63 514 6480 600 120 43 480 5880 120 5760
internal_count=9960 960 360 338 315 9000 2520 2496 456 2040 600 537 63 514 6480 600 120 43 480 5880 120 5760
is_linear=0
shrinkage=0.05


Tree=65
num_leaves=25
num_cat=0
split_feature=0 0 4 4 3 2 3 2 5 5 4 4 4 3 5 5 5 0 0 3 3 3 0 3
split_gain=4.82985e+06 9.77022e+06 6.66827e+06 2.18142e+07 2.09644e+07 1.28206e+07 8.49623e+06 1.05804e+06 396305 948484 406250 294863 385275 265525 94418.3 101540 213442 44944 203915 62515.1 6716.06 5145.43 19782.5 13298.2
threshold=26.500000000000004 27.500000000000004 282.09000000000009 307.54500000000002 274.76500000000004 1.0000000180025095e-35 341.83000000000004 1.0000000180025095e-35 9090.1851734891407 6426.8336786287973 279.01500000000004 1495.5200000000002 1828.6500000000003 324.96000000000009 1725.8100000000002 1168.7250000000001 657.38000000000011 22.500000000000004 23.500000000000004 292.75500000000005 230.85500000000005 228.49000000000004 9.5000000000000018 250.72500000000002
decision_type=2 2 2 2 2 2 2 2 2 2 2 2 2 2 2 2 2 2 2 2 2 2 2 2
left_child=7 2 5 -4 -5 6 -2 17 9 10 -9 -10 -13 -11 15 16 -3 21 19 -19 -20 22 -1 -23
right_child=1 14 3 4 -6 -7 -8 8 11 13 -12 12 -14 -15 -16 -17 -18 18 20 -21 -22 23 -24 -25
leaf_value=-1.3928550408624893 -44.835289611816407 -0.67657346480251279 63.398721885681155 39.408283217748007 3.093203634617133 26.453140276954286 1.2521981048583986 1.8439502651685982 1.3147157408974388 2.8584929784138997 0.15851926448340942 -10.396789238669657 -0.8082219660282135 10.09411197975278 2.7575528848738902 -3.1895963707485713 4.5867350721359257 3.4505815616808833 -1.5442230674028397 0.86988574808294128 -0.70249452001896207 -0.37692403148976156 -0.57392905368128921 -0.74585176106529938
leaf_weight=134 20 522 20 48 231 21 20 437 22 21 1966 22 20 32 21 37 20 32 25 88 455 256 164 5326
leaf_count=134 20 522 20 48 231 21 20 437 22 21 1966 22 20 32 21 37 20 32 25 88 455 256 164 5326
internal_value=1.0576e-08 3.37126 9.88321 12.9569 9.34096 -5.18272 -21.7915 -0.359601 0.509732 0.610951 0.465025 -3.37453 -5.8308 7.22717 -0.535905 -0.655357 -0.482355 -0.697676 -0.285453 1.55807 -0.746335 -0.739739 -0.942171 -0.728932
internal_weight=9960 960 360 299 279 61 40 9000 2520 2456 2403 64 42 53 600 579 542 6480 600 120 480 5880 298 5582
internal_count=9960 960 360 299 279 61 40 9000 2520 2456 2403 64 42 53 600 579 542 6480 600 120 480 5880 298 5582
is_linear=0
shrinkage=0.05


Tree=66
num_leaves=20
num_cat=0
split_feature=0 3 3 3 0 2 5 5 4 5 3 3 0 0 5 3 4 3 0
split_gain=4.35894e+06 9.41865e+06 1.33836e+07 1.99966e+07 5.79283e+06 954878 390278 1.21848e+06 1.76196e+06 724254 719253 1.40742e+06 40562 184033 60671.8 6473.62 5092.79 11430.5 7420.02
threshold=26.500000000000004 197.02500000000003 233.33500000000004 246.92500000000004 27.500000000000004 1.0000000180025095e-35 294.11500000000007 317.42500000000007 309.53500000000003 355.39500000000004 245.09000000000003 289.02500000000003 22.500000000000004 23.500000000000004 394.29500000000007 299.05000000000007 202.79000000000005 414.15500000000003 20.500000000000004
decision_type=2 2 2 2 2 2 2 2 2 2 2 2 2 2 2 2 2 2 2
left_child=5 -2 -3 -4 -5 12 10 8 -8 -9 -7 -12 16 14 -14 -15 17 -1 -18
right_child=1 2 3 4 -6 6 7 9 -10 -11 11 -13 13 15 -16 -17 18 -19 -20
leaf_value=-0.64777188345238024 36.31976457805861 -27.011099180015357 48.699403858681521 7.7900787022254923 -0.64293160595508092 7.5476605224609372 17.57224640083313 -2.1590157824258012 2.2448925806681319 0.75139119522441233 -13.763312462965647 -0.87742669595539236 0.93270958772639645 -0.30743108270128811 3.7890129006427267 -0.79297673832859739 -0.6923805920452043 0.5752760253846646 -0.90170562558281042
leaf_weight=81 21 37 24 321 557 20 25 240 75 1955 24 181 97 83 23 397 5314 25 460
leaf_count=81 21 37 24 321 557 20 25 240 75 1955 24 181 97 83 23 397 5314 25 460
internal_value=-7.4569e-09 3.2027 2.46206 3.67105 2.44021 -0.341621 0.484245 0.679076 6.07673 0.433169 -1.50302 -2.38602 -0.662792 -0.271181 1.48017 -0.709018 -0.702752 -0.359317 -0.709057
internal_weight=9960 960 939 902 878 9000 2520 2295 100 2195 225 205 6480 600 120 480 5880 106 5774
internal_count=9960 960 939 902 878 9000 2520 2295 100 2195 225 205 6480 600 120 480 5880 106 5774
is_linear=0
shrinkage=0.05


Tree=67
num_leaves=18
num_cat=0
split_feature=0 3 3 3 4 2 4 4 4 0 0 0 5 5 3 3 4
split_gain=3.93394e+06 8.50033e+06 1.20787e+07 1.80469e+07 5.47623e+06 861778 388305 629889 1.42717e+06 926703 36607.2 166090 61198.6 6442.78 5046.27 32068.4 7531.27
threshold=26.500000000000004 197.02500000000003 233.33500000000004 246.92500000000004 216.74500000000003 1.0000000180025095e-35 183.46000000000004 220.74000000000004 234.22500000000002 13.500000000000002 22.500000000000004 23.500000000000004 289.32500000000005 407.98000000000008 1827.8300000000002 1915.2050000000002 280.53000000000003
decision_type=2 2 2 2 2 2 2 2 2 2 2 2 2 2 2 2 2
left_child=5 -2 -3 -4 -5 10 -7 9 -9 -8 14 12 -12 -13 16 -16 -1
right_child=1 2 3 4 -6 6 7 8 -10 -11 11 13 -14 -15 15 -17 -18
leaf_value=-0.53235640887509694 34.503777497155326 -25.660544670594703 46.264433214565116 23.683969685435297 1.5883888382995579 -5.3952928611210424 0.80035918465367084 -7.3041211782875708 0.5694364372912154 11.646419715881349 3.8578064975284394 -0.60699408699775925 0.88611300401013315 -1.1776182848161885 0.53001344151913177 -0.76436952657660651 -0.70068903317595854
leaf_weight=770 21 37 24 29 849 28 54 59 2348 31 21 424 99 56 63 199 4848
leaf_count=770 21 37 24 29 849 28 54 59 2348 31 21 424 99 56 63 199 4848
internal_value=7.93466e-09 3.04257 2.33896 3.4875 2.3182 -0.32454 0.460033 0.525823 0.376441 4.75598 -0.629652 -0.257622 1.40616 -0.673567 -0.667615 -0.453125 -0.677617
internal_weight=9960 960 939 902 878 9000 2520 2492 2407 85 6480 600 120 480 5880 262 5618
internal_count=9960 960 939 902 878 9000 2520 2492 2407 85 6480 600 120 480 5880 262 5618
is_linear=0
shrinkage=0.05


Tree=68
num_leaves=23
num_cat=0
split_feature=0 0 4 2 5 5 2 3 5 5 5 3 4 5 5 0 0 4 5 4 4 3
split_gain=3.55038e+06 8.05044e+06 6.5503e+06 9.04264e+06 1.03169e+07 2.21866e+06 777755 379961 393368 1.07551e+06 877510 116958 121030 387036 320080 33038 149896 60447 6461.57 5081.51 10218.7 9591.96
threshold=26.500000000000004 27.500000000000004 1631.9650000000004 1.0000000180025095e-35 271.50500000000005 370.62500000000006 1.0000000180025095e-35 190.71000000000001 294.11500000000007 317.42500000000007 283.53000000000003 230.85500000000005 321.58500000000004 1321.8750000000002 413.30500000000001 22.500000000000004 23.500000000000004 1548.6550000000004 381.92500000000007 2019.3400000000001 1995.2150000000001 424.21000000000009
decision_type=2 2 2 2 2 2 2 2 2 2 2 2 2 2 2 2 2 2 2 2 2 2
left_child=6 2 3 4 -2 -5 15 -8 10 -10 -9 -3 14 -14 -13 19 17 -17 -18 20 -1 -21
right_child=1 11 -4 5 -6 -7 7 8 9 -11 -12 12 13 -15 -16 16 18 -19 -20 21 -22 -23
leaf_value=-0.63774423370003874 30.136328829251802 2.3345565949716875 32.025662551607404 29.08518896698952 -3.4892967962449597 13.711082424087957 -6.2604712350027905 0.15364498667333318 5.7598271307945259 0.4566696017624482 -7.4212350125215494 -0.90831362646679548 -0.84166796457440773 4.5864638759347143 -6.6421075777212781 0.71676404631656154 -0.74933512223894994 3.3699957166399273 -0.33239587100725326 -0.5125454267571049 -1.5952875026634761 0.58167246942934792
leaf_weight=5674 26 31 28 32 186 88 21 174 100 2176 49 129 374 36 30 92 354 28 126 155 28 23
leaf_count=5674 26 31 28 32 186 88 21 174 100 2176 49 129 374 36 30 92 354 28 126 155 28 23
internal_value=-1.73052e-09 2.89044 8.80154 6.84288 0.634601 17.8108 -0.308313 0.437032 0.493313 0.689673 -1.51079 -0.656226 -0.819168 -0.365052 -1.99016 -0.59817 -0.244741 1.33585 -0.639889 -0.634234 -0.642446 -0.371158
internal_weight=9960 960 360 332 212 120 9000 2520 2499 2276 223 600 569 410 159 6480 600 120 480 5880 5702 178
internal_count=9960 960 360 332 212 120 9000 2520 2499 2276 223 600 569 410 159 6480 600 120 480 5880 5702 178
is_linear=0
shrinkage=0.05


Tree=69
num_leaves=16
num_cat=0
split_feature=3 2 0 0 5 3 0 3 0 3 4 4 3 4 5
split_gain=3.4167e+06 2.31566e+06 6.01494e+06 6.42941e+06 2.00234e+06 1.75131e+06 1.40507e+07 1.56154e+06 1.18898e+07 768204 359864 555830 209774 28348.4 1550.34
threshold=173.28000000000003 1.0000000180025095e-35 26.500000000000004 28.500000000000004 370.62500000000006 233.33500000000004 26.500000000000004 266.63000000000005 26.500000000000004 269.56500000000005 183.46000000000004 220.74000000000004 378.56500000000005 926.46000000000015 366.13500000000005
decision_type=2 2 2 2 2 2 2 2 2 2 2 2 2 2 2
left_child=14 5 10 4 -4 6 13 8 -7 -9 -3 -12 -5 -2 -1
right_child=1 2 3 12 -6 7 -8 9 -10 -11 11 -13 -14 -15 -16
leaf_value=14.89504566192627 -0.54080525983198013 -5.1851591689246046 27.630930311232806 1.515720312643533 13.025528340448034 -0.41296682125348205 -34.012944709232876 -6.281976617204732 24.279823788946327 -0.50093938881167921 4.4885742181890151 0.37431043908962763 -3.9861397175561812 -1.5202832324573627 14.272482634186744
leaf_weight=20 255 28 32 99 88 429 35 58 55 6232 85 2399 21 104 20
leaf_count=20 255 28 32 99 88 429 35 58 55 6232 85 2399 21 104 20
internal_value=6.71311e-09 -0.0588055 1.17409 8.7366 16.9203 -0.53215 -3.77276 -0.343664 2.39303 -0.554246 0.451559 0.515096 0.552895 -0.824554 14.5838
internal_weight=9960 9920 2752 240 120 7168 394 6774 484 6290 2512 2484 120 359 40
internal_count=9960 9920 2752 240 120 7168 394 6774 484 6290 2512 2484 120 359 40
is_linear=0
shrinkage=0.05


Tree=70
num_leaves=16
num_cat=0
split_feature=3 2 0 5 3 3 0 3 0 3 5 4 3 4 5
split_gain=3.08357e+06 2.08989e+06 5.42849e+06 6.11542e+06 4.55849e+06 1.58056e+06 1.26808e+07 1.40929e+06 1.07306e+07 693304 357720 858512 547994 25584.4 1399.18
threshold=173.28000000000003 1.0000000180025095e-35 26.500000000000004 302.40000000000003 258.76500000000004 233.33500000000004 26.500000000000004 266.63000000000005 26.500000000000004 269.56500000000005 248.45500000000001 348.09500000000008 1192.95 926.46000000000015 366.13500000000005
decision_type=2 2 2 2 2 2 2 2 2 2 2 2 2 2 2
left_child=14 5 10 -4 -5 6 13 8 -7 -9 11 -3 -12 -2 -1
right_child=1 2 3 4 -6 7 -8 9 -10 -11 12 -13 -14 -15 -16
leaf_value=14.150292165875436 -0.51376498371654866 2.3251360393705824 34.770972712039949 25.994248535156249 3.3162500024453188 -0.39231848386062057 -32.312297598293853 -5.9678777962409217 23.065833242356103 -0.47589241723027947 0.12391543752545942 -7.7255062979321156 1.8951897645163662 -1.4442690807466325 13.558858380019666
leaf_weight=20 255 42 20 25 195 429 35 58 55 6232 1856 43 571 104 20
leaf_count=20 255 42 20 25 195 429 35 58 55 6232 1856 43 571 104 20
internal_value=5.08531e-09 -0.0558652 1.11539 8.29977 5.8933 -0.505542 -3.58412 -0.326481 2.27338 -0.526534 0.428981 -2.75931 0.540643 -0.783326 13.8546
internal_weight=9960 9920 2752 240 220 7168 394 6774 484 6290 2512 85 2427 359 40
internal_count=9960 9920 2752 240 220 7168 394 6774 484 6290 2512 85 2427 359 40
is_linear=0
shrinkage=0.05


Tree=71
num_leaves=16
num_cat=0
split_feature=3 2 0 0 4 3 0 3 0 3 4 4 5 4 5
split_gain=2.78292e+06 1.88612e+06 4.89921e+06 5.75963e+06 1.88143e+06 1.42645e+06 1.14444e+07 1.27188e+06 9.68432e+06 625707 326954 502814 213801 23089.9 1262.76
threshold=173.28000000000003 1.0000000180025095e-35 26.500000000000004 28.500000000000004 390.03500000000003 233.33500000000004 26.500000000000004 266.63000000000005 26.500000000000004 269.56500000000005 183.46000000000004 279.01500000000004 355.39500000000004 926.46000000000015 366.13500000000005
decision_type=2 2 2 2 2 2 2 2 2 2 2 2 2 2 2
left_child=14 5 10 4 -4 6 13 8 -7 -9 -3 -12 -5 -2 -1
right_child=1 2 3 12 -6 7 -8 9 -10 -11 11 -13 -14 -15 -16
leaf_value=13.442779942154885 -0.48807674147919117 -4.9652624871049618 12.418820103720615 -4.0819300279021267 27.834869323730473 -0.37270254653928442 -30.69668330192566 -5.6694840616193316 21.912540676377038 -0.45209779254603472 2.070399158916147 0.15226670032524203 1.1943115964531898 -1.3720556143886196 12.88091623544693
leaf_weight=20 255 28 95 24 25 429 35 58 55 6232 409 2075 96 104 20
leaf_count=20 255 28 95 24 25 429 35 58 55 6232 409 2075 96 104 20
internal_value=2.61996e-09 -0.053072 1.05962 7.88478 15.6305 -0.480265 -3.40492 -0.310157 2.15971 -0.500207 0.407532 0.468094 0.139063 -0.74416 13.1618
internal_weight=9960 9920 2752 240 120 7168 394 6774 484 6290 2512 2484 120 359 40
internal_count=9960 9920 2752 240 120 7168 394 6774 484 6290 2512 2484 120 359 40
is_linear=0
shrinkage=0.05


Tree=72
num_leaves=17
num_cat=0
split_feature=0 3 3 3 5 2 3 5 5 5 3 5 4 0 0 4
split_gain=2.54692e+06 7.92044e+06 9.2255e+06 1.4129e+07 5.37211e+06 513481 427111 363916 2.36055e+06 1.63303e+06 32733.9 38157 44234.2 36407.5 171958 6921.31
threshold=26.500000000000004 202.22000000000003 233.33500000000004 246.92500000000004 241.33500000000001 1.0000000180025095e-35 190.71000000000001 407.98000000000008 401.79500000000002 936.3950000000001 202.22000000000003 388.31000000000006 1172.0450000000003 22.500000000000004 23.500000000000004 2165.0150000000003
decision_type=2 2 2 2 2 2 2 2 2 2 2 2 2 2 2 2
left_child=5 -2 -3 -4 -5 10 -7 8 -8 -9 11 12 -1 15 -15 -12
right_child=1 2 3 4 -6 6 7 9 -10 -11 13 -13 -14 14 -16 -17
leaf_value=-2.1684805758214658 31.435898156788042 -23.449720753261023 40.563747787475592 -12.892474858033456 2.7289900684676343 -6.7564158121744802 -0.018123478272441523 3.9943144656536056 -16.993995848156157 0.054038725952936698 -0.52336165645667299 0.31185794304455483 0.28850901126861572 1.6385180674101179 -0.52702766153643021 0.025610200591899196
leaf_weight=90 23 35 24 59 819 21 824 328 21 1326 5696 31 23 114 468 58
leaf_count=90 23 35 24 59 819 21 824 328 21 1326 5696 31 23 114 468 58
internal_value=-1.06236e-08 2.44813 1.73658 2.71388 1.67926 -0.261134 0.344483 0.404155 -0.440009 0.835424 -0.496651 -1.24208 -1.66839 -0.47971 -0.102849 -0.517828
internal_weight=9960 960 937 902 878 9000 2520 2499 845 1654 6480 144 113 6336 582 5754
internal_count=9960 960 937 902 878 9000 2520 2499 845 1654 6480 144 113 6336 582 5754
is_linear=0
shrinkage=0.05


Tree=73
num_leaves=15
num_cat=0
split_feature=3 2 0 5 3 3 0 3 4 5 5 3 4 5
split_gain=2.41518e+06 1.60482e+06 4.2609e+06 5.56892e+06 4.00555e+06 1.22486e+06 9.96207e+06 1.14795e+06 643259 317401 778770 493567 22408.3 658.701
threshold=173.28000000000003 1.0000000180025095e-35 26.500000000000004 302.40000000000003 258.76500000000004 233.33500000000004 26.500000000000004 235.36500000000004 356.52000000000004 248.45500000000001 236.17500000000004 1192.95 926.46000000000015 366.13500000000005
decision_type=2 2 2 2 2 2 2 2 2 2 2 2 2 2
left_child=13 5 9 -4 -5 6 12 -7 -9 10 -3 -11 -2 -1
right_child=1 2 3 4 -6 7 -8 8 -10 11 -12 -13 -14 -15
leaf_value=12.464337064027788 -0.41886919073906603 0.19373478548867362 32.602705154418949 23.887966079711916 2.6298249638386264 9.3137901606098303 -28.616626649584092 -0.88025894298819107 0.10341780573692411 0.078489821193065371 -10.73330108469183 1.7595028377247357 -1.2897021857949977 12.058534984588624
leaf_weight=20 255 63 20 25 195 31 35 2971 3772 1856 22 571 104 20
leaf_count=20 255 63 20 25 195 31 35 2971 3772 1856 22 571 104 20
internal_value=-5.01623e-10 -0.0494413 0.976924 7.34195 5.04552 -0.443492 -3.15361 -0.285862 -0.329995 0.3688 -2.63444 0.473982 -0.671144 12.2614
internal_weight=9960 9920 2752 240 220 7168 394 6774 6743 2512 85 2427 359 40
internal_count=9960 9920 2752 240 220 7168 394 6774 6743 2512 85 2427 359 40
is_linear=0
shrinkage=0.05


Tree=74
num_leaves=17
num_cat=0
split_feature=0 3 3 3 4 2 3 0 3 0 3 4 0 0 0 4
split_gain=2.22952e+06 7.21844e+06 8.80933e+06 1.2601e+07 4.94839e+06 425468 410168 350652 2.01156e+06 1.73979e+06 36807.8 39109.2 42564.5 32906.6 154221 8780.77
threshold=26.500000000000004 206.71500000000003 233.33500000000004 246.92500000000004 216.74500000000003 1.0000000180025095e-35 190.71000000000001 6.5000000000000009 323.96000000000009 9.5000000000000018 202.22000000000003 1850.95 11.500000000000002 22.500000000000004 23.500000000000004 414.63000000000005
decision_type=2 2 2 2 2 2 2 2 2 2 2 2 2 2 2 2
left_child=5 -2 -3 -4 -5 10 -7 8 -8 -9 11 12 -1 15 -15 -12
right_child=1 2 3 4 -6 6 7 9 -10 -11 13 -13 -14 14 -16 -17
leaf_value=-0.72525548476542379 28.805520984649661 -23.792034224307898 38.254505761464436 21.842764960075247 0.83903309654255787 -6.651676759265718 5.8396396372344475 -3.1314293673914189 -0.24712265368258018 0.77158686090234629 -0.43417356467161516 0.74504790107409169 -2.5905040494182656 1.5666555935876412 -0.48416422273900017 -0.56610300574325978
leaf_weight=66 25 33 24 29 849 21 182 357 534 1426 3887 21 57 114 468 1867
leaf_count=66 25 33 24 29 849 21 182 357 534 1426 3887 21 57 114 468 1867
internal_value=-6.25635e-09 2.29051 1.58155 2.50985 1.53278 -0.244321 0.306956 0.365432 1.30007 -0.00989199 -0.458706 -1.24916 -1.58964 -0.440741 -0.0824572 -0.476981
internal_weight=9960 960 935 902 878 9000 2520 2499 716 1783 6480 144 123 6336 582 5754
internal_count=9960 960 935 902 878 9000 2520 2499 716 1783 6480 144 123 6336 582 5754
is_linear=0
shrinkage=0.05


Tree=75
num_leaves=16
num_cat=0
split_feature=3 2 0 0 5 3 0 3 4 4 5 4 4 5 5
split_gain=2.10162e+06 1.37207e+06 3.73028e+06 5.09267e+06 1.95567e+06 1.04943e+06 8.66926e+06 1.01163e+06 636057 310483 1.05904e+06 993901 227173 21161.6 258.963
threshold=173.28000000000003 1.0000000180025095e-35 26.500000000000004 28.500000000000004 1086.0600000000002 233.33500000000004 26.500000000000004 235.36500000000004 183.46000000000004 358.88500000000005 254.45000000000002 331.97500000000008 321.58500000000004 383.21000000000009 366.13500000000005
decision_type=2 2 2 2 2 2 2 2 2 2 2 2 2 2 2
left_child=14 5 9 4 -4 6 13 -7 -9 11 -11 -3 -5 -2 -1
right_child=1 2 3 12 -6 7 -8 8 -10 10 -12 -13 -14 -15 -16
leaf_value=11.565030765533448 -0.84176588852433165 0.67947509384558524 7.8643677883460867 -3.5016229367256169 20.632201778282553 8.7470834026413584 -26.67244847365788 -6.0411694432298342 -0.26488297216469026 -6.7797691924627443 1.2136326742799659 -2.3394963667224657 1.1132911217212678 0.014565047413110732 11.310588722229005
leaf_weight=20 259 946 61 40 59 31 35 48 6695 43 1140 383 80 100 20
leaf_count=20 259 946 61 40 59 31 35 48 6695 43 1140 383 80 100 20
internal_value=2.36739e-10 -0.0461202 0.902904 6.85844 14.1419 -0.410478 -2.91903 -0.264572 -0.306001 0.333904 0.923086 -0.190552 -0.425014 -0.603234 11.4378
internal_weight=9960 9920 2752 240 120 7168 394 6774 6743 2512 1183 1329 120 359 40
internal_count=9960 9920 2752 240 120 7168 394 6774 6743 2512 1183 1329 120 359 40
is_linear=0
shrinkage=0.05


Tree=76
num_leaves=14
num_cat=0
split_feature=0 3 3 3 4 3 2 5 5 4 0 0 4
split_gain=1.95233e+06 6.63632e+06 7.27164e+06 1.13829e+07 4.98576e+06 364780 387809 303607 847233 230832 23265.1 109011 9989
threshold=26.500000000000004 206.71500000000003 233.33500000000004 246.92500000000004 1804.4150000000002 173.28000000000003 1.0000000180025095e-35 9090.1851734891407 6426.8336786287973 1495.5200000000002 22.500000000000004 23.500000000000004 183.46000000000004
decision_type=2 2 2 2 2 2 2 2 2 2 2 2 2
left_child=5 -2 -3 -4 -5 -1 10 8 -8 -9 12 -12 -7
right_child=1 2 3 4 -6 6 7 9 -10 -11 11 -13 -14
leaf_value=-5.6430902834861509 27.566816562652591 -21.589324870254057 36.280151955286662 0.54447104308838767 18.402281473831433 0.35219864998108302 0.26705754038400464 1.0216928937218406 6.6582879907680015 -5.3270034464394174 1.2294425553083421 -0.45579113643577557 -0.45067885814194286
leaf_weight=31 25 33 24 837 41 39 2396 22 53 41 120 479 5819
leaf_count=31 25 33 24 837 41 39 2396 22 53 41 120 479 5819
internal_value=2.02523e-08 2.1434 1.46363 2.30703 1.37838 -0.228629 -0.209915 0.317209 0.405373 -3.11 -0.414985 -0.118182 -0.445334
internal_weight=9960 960 935 902 878 9000 8969 2512 2449 63 6457 599 5858
internal_count=9960 960 935 902 878 9000 8969 2512 2449 63 6457 599 5858
is_linear=0
shrinkage=0.05


Tree=77
num_leaves=15
num_cat=0
split_feature=3 2 0 5 5 3 0 3 0 5 3 3 4 4
split_gain=1.86491e+06 1.18104e+06 3.30632e+06 5.08491e+06 3.84887e+06 908344 7.5561e+06 907908 7.081e+06 598981 296372 739874 21171.4 408.043
threshold=173.28000000000003 1.0000000180025095e-35 26.500000000000004 302.40000000000003 353.95000000000005 233.33500000000004 26.500000000000004 266.63000000000005 26.500000000000004 361.56000000000006 11721.687513296501 8452.2137005613458 926.46000000000015 380.14000000000004
decision_type=2 2 2 2 2 2 2 2 2 2 2 2 2 2
left_child=13 5 10 -4 -5 6 12 8 -7 -9 11 -3 -2 -1
right_child=1 2 3 4 -6 7 -8 9 -10 -11 -12 -13 -14 -15
leaf_value=10.93415801525116 -0.30810384164838234 0.22030894560252459 30.582007980346681 -11.780266439914705 6.9780494431231892 -0.32443702764861237 -24.891366430010116 -0.81186650634877844 18.731479158401491 0.18070937785030533 -5.2283076932032913 5.8870629730871169 -1.1545611421649273 10.614766709804535
leaf_weight=20 255 2429 20 32 188 429 35 3720 55 2570 24 59 104 20
leaf_count=20 255 2429 20 32 188 429 35 3720 55 2570 24 59 104 20
internal_value=8.61793e-09 -0.0434454 0.837039 6.44394 4.24957 -0.381489 -2.71533 -0.245744 1.84101 -0.406315 0.301349 0.354689 -0.553317 10.7745
internal_weight=9960 9920 2752 240 220 7168 394 6774 484 6290 2512 2488 359 40
internal_count=9960 9920 2752 240 220 7168 394 6774 484 6290 2512 2488 359 40
is_linear=0
shrinkage=0.05


Tree=78
num_leaves=14
num_cat=0
split_feature=3 2 0 5 5 3 0 3 4 4 4 5 4
split_gain=1.68309e+06 1.06589e+06 2.98396e+06 4.58914e+06 3.4736e+06 819781 6.81938e+06 879385 577065 296096 470482 19282.8 368.263
threshold=173.28000000000003 1.0000000180025095e-35 26.500000000000004 302.40000000000003 353.95000000000005 233.33500000000004 26.500000000000004 235.36500000000004 183.46000000000004 183.46000000000004 220.74000000000004 383.21000000000009 380.14000000000004
decision_type=2 2 2 2 2 2 2 2 2 2 2 2 2
left_child=12 5 9 -4 -5 6 11 -7 -9 -3 -11 -2 -1
right_child=1 2 3 4 -6 7 -8 8 -10 10 -12 -13 -14
leaf_value=10.387451511621476 -0.7533482889986407 -4.8266860101904188 29.052907981872558 -11.191253422200681 6.629147135196849 8.1685441528597185 -23.646798676082067 -5.734825465083123 -0.23291890504351964 3.9996233243100785 0.21438828383468747 0.064084083974361425 10.084028302431108
leaf_weight=20 259 28 20 32 188 31 35 48 6695 85 2399 100 20
leaf_count=20 259 28 20 32 188 31 35 48 6695 85 2399 100 20
internal_value=5.79739e-12 -0.0412731 0.795187 6.12174 4.03709 -0.362414 -2.57956 -0.233457 -0.272084 0.286281 0.343915 -0.525651 10.2357
internal_weight=9960 9920 2752 240 220 7168 394 6774 6743 2512 2484 359 40
internal_count=9960 9920 2752 240 220 7168 394 6774 6743 2512 2484 359 40
is_linear=0
shrinkage=0.05


Tree=79
num_leaves=14
num_cat=0
split_feature=0 3 3 3 5 3 2 4 5 4 0 0 4
split_gain=1.57716e+06 6.19769e+06 5.47954e+06 9.86797e+06 4.93331e+06 479455 290221 282571 957187 948917 21474.6 97993.1 16196.7
threshold=26.500000000000004 206.71500000000003 233.33500000000004 246.92500000000004 241.33500000000001 173.28000000000003 1.0000000180025095e-35 358.88500000000005 254.45000000000002 356.52000000000004 22.500000000000004 23.500000000000004 183.46000000000004
decision_type=2 2 2 2 2 2 2 2 2 2 2 2 2
left_child=5 -2 -3 -4 -5 -1 10 9 -9 -8 12 -12 -7
right_child=1 2 3 4 -6 6 7 8 -10 -11 11 -13 -14
leaf_value=-6.4129527330398561 26.495345719337465 -18.742068065296518 33.633369716008502 -12.826899919267428 2.1429935333010843 0.62495303891408138 -0.015164970813957216 -6.4890467757402464 1.1102633891254665 -8.6010913328690961 1.2014235874017081 -0.39637761772114449 -0.39740159590529323
leaf_weight=31 25 33 24 59 819 39 1296 43 1140 33 120 479 5819
leaf_count=31 25 33 24 59 819 39 1296 43 1140 33 120 479 5819
internal_value=1.35106e-09 1.92648 1.26956 2.00169 1.13704 -0.205491 -0.184036 0.271967 0.834042 -0.22836 -0.361437 -0.0762839 -0.390595
internal_weight=9960 960 935 902 878 9000 8969 2512 1183 1329 6457 599 5858
internal_count=9960 960 935 902 878 9000 8969 2512 1183 1329 6457 599 5858
is_linear=0
shrinkage=0.05


Tree=80
num_leaves=16
num_cat=0
split_feature=3 2 0 0 5 3 0 3 4 0 3 0 3 4 4
split_gain=1.50354e+06 905614 2.58464e+06 4.43169e+06 1.83976e+06 713454 5.96635e+06 774478 555186 286146 1.62507e+06 1.51117e+06 214065 19340.9 1145.17
threshold=173.28000000000003 1.0000000180025095e-35 26.500000000000004 28.500000000000004 1086.0600000000002 233.33500000000004 26.500000000000004 235.36500000000004 356.52000000000004 6.5000000000000009 323.96000000000009 8.5000000000000018 378.56500000000005 926.46000000000015 380.14000000000004
decision_type=2 2 2 2 2 2 2 2 2 2 2 2 2 2 2
left_child=14 5 9 4 -4 6 13 -7 -9 10 -3 -11 -5 -2 -1
right_child=1 2 3 12 -6 7 -8 8 -10 11 -12 -13 -14 -15 -16
leaf_value=9.9419142109155665 -0.24786352633261216 5.1542452077988701 6.3950674776171077 -0.13238913121849602 18.778776977021817 7.670207320201782 -22.108979091644287 -0.76217605763156371 0.15168147444802071 -3.7807686201199333 -0.29440863718861221 0.48968433656924404 -5.690228621164958 -1.0569011605416354 9.4068509025871752
leaf_weight=20 255 184 61 99 59 31 35 2971 3772 239 534 1555 21 104 20
leaf_count=20 255 184 61 99 59 31 35 2971 3772 239 534 1555 21 104 20
internal_value=-2.27422e-09 -0.0390096 0.732001 5.68936 12.4837 -0.335023 -2.40339 -0.214719 -0.250969 0.258369 1.1019 -0.0792333 -1.10501 -0.482237 9.67438
internal_weight=9960 9920 2752 240 120 7168 394 6774 6743 2512 718 1794 120 359 40
internal_count=9960 9920 2752 240 120 7168 394 6774 6743 2512 718 1794 120 359 40
is_linear=0
shrinkage=0.05


Tree=81
num_leaves=14
num_cat=0
split_feature=0 3 3 3 4 3 2 3 3 3 0 0 4
split_gain=1.3806e+06 5.68537e+06 4.50468e+06 8.90425e+06 4.64029e+06 507283 241118 281858 979360 703091 19463.5 87755.6 15396.5
threshold=26.500000000000004 206.71500000000003 233.33500000000004 246.92500000000004 1804.4150000000002 173.28000000000003 1.0000000180025095e-35 1474.0400000000002 1977.9650000000004 379.52000000000004 22.500000000000004 23.500000000000004 183.46000000000004
decision_type=2 2 2 2 2 2 2 2 2 2 2 2 2
left_child=5 -2 -3 -4 -5 -1 10 9 -9 -8 12 -12 -7
right_child=1 2 3 4 -6 6 7 8 -10 -11 11 -13 -14
leaf_value=-6.5773187935592681 25.333926913261415 -16.971144427675192 31.884470653533938 0.21122967612572469 17.439238417730099 0.6304954294210825 0.72902722200386139 3.469541157197952 -1.2053586468908 -1.1692011597324681 1.1487082852919897 -0.36332896296061296 -0.36628456747427923
leaf_weight=31 25 33 24 837 41 39 1265 250 203 794 120 479 5819
leaf_count=31 25 33 24 837 41 39 1265 250 203 794 120 479 5819
internal_value=-1.23066e-08 1.80243 1.17325 1.83707 1.01573 -0.19226 -0.170191 0.24545 1.37461 -0.00297537 -0.331889 -0.0604167 -0.359648
internal_weight=9960 960 935 902 878 9000 8969 2512 453 2059 6457 599 5858
internal_count=9960 960 935 902 878 9000 8969 2512 453 2059 6457 599 5858
is_linear=0
shrinkage=0.05


Tree=82
num_leaves=12
num_cat=0
split_feature=3 4 4 0 1 4 0 2 0 4 4
split_gain=1.34806e+06 822738 1.94037e+06 9.76592e+06 1.11282e+06 1.06429e+06 1.86776e+06 842927 663739 470711 2235.88
threshold=173.28000000000003 183.46000000000004 216.74500000000003 26.500000000000004 1.0000000180025095e-35 229.45500000000001 25.500000000000004 1.0000000180025095e-35 10.500000000000002 212.20000000000002 380.14000000000004
decision_type=2 2 2 2 2 2 2 2 2 2 2
left_child=10 4 3 9 8 6 -4 -7 -2 -3 -1
right_child=1 2 5 -5 -6 7 -8 -9 -10 -11 -12
leaf_value=9.5343486079014834 -8.1231054604053501 -0.066112376438022341 -2.0516796485121764 34.027474569320681 -15.301056128144266 -0.32839928221297499 -18.042476327078685 0.73010089795560951 2.6115298567960661 6.2057876924673714 8.7867057365179075
leaf_weight=20 24 177 140 25 20 6848 21 2593 36 36 20
leaf_count=20 24 177 140 25 20 6848 21 2593 36 36 20
internal_value=2.89125e-09 -0.0369376 0.00411987 4.46384 -5.08701 -0.106421 -4.13744 -0.0376789 -1.68232 0.993927 9.16053
internal_weight=9960 9920 9840 238 80 9602 161 9441 60 213 40
internal_count=9960 9920 9840 238 80 9602 161 9441 60 213 40
is_linear=0
shrinkage=0.05


Tree=83
num_leaves=12
num_cat=0
split_feature=3 4 4 0 4 1 5 1 2 0 4
split_gain=1.21662e+06 742521 1.7598e+06 7.77632e+06 1.64764e+06 2.2627e+06 1.12421e+06 1.00432e+06 760742 599024 2017.89
threshold=173.28000000000003 183.46000000000004 220.74000000000004 26.500000000000004 229.45500000000001 1.0000000180025095e-35 1765.2850000000001 1.0000000180025095e-35 1.0000000180025095e-35 10.500000000000002 380.14000000000004
decision_type=2 2 2 2 2 2 2 2 2 2 2
left_child=10 7 3 6 5 -4 -3 9 -6 -2 -1
right_child=1 2 4 -5 8 -7 -8 -9 -10 -11 -12
leaf_value=9.0576319193840025 -7.7169501205285389 0.078713968233510401 -2.5065960191267056 28.42935438896048 -0.31197934084422368 -19.653444410363832 12.439929542541504 -14.536003768444061 0.69359585419153558 2.4809534450372062 8.347369372844696
leaf_weight=20 24 229 97 29 6848 24 20 20 2593 36 20
leaf_count=20 24 229 97 29 6848 24 20 20 2593 36 20
internal_value=-1.17898e-08 -0.0350907 0.00391386 3.92545 -0.110099 -5.90762 1.07158 -4.83266 -0.035795 -1.59821 8.7025
internal_weight=9960 9920 9840 278 9562 121 249 80 9441 60 40
internal_count=9960 9920 9840 278 9562 121 249 80 9441 60 40
is_linear=0
shrinkage=0.05


Tree=84
num_leaves=20
num_cat=0
split_feature=0 0 4 3 3 4 4 3 3 3 4 0 0 5 5 0 5 4 3
split_gain=1.1687e+06 5.3576e+06 7.79212e+06 1.95786e+07 1.90427e+07 1.45665e+07 9.01958e+06 803687 940266 604180 223883 188883 908734 716388 328296 196497 1.12187e+06 630682 91825.9
threshold=26.500000000000004 27.500000000000004 419.96000000000009 360.44500000000011 396.14000000000004 379.48500000000007 957.78000000000009 233.33500000000004 264.40000000000003 173.28000000000003 226.82500000000002 22.500000000000004 23.500000000000004 1725.8100000000002 1466.4750000000001 13.500000000000002 2114.6500000000005 273.86500000000007 252.67000000000004
decision_type=2 2 2 2 2 2 2 2 2 2 2 2 2 2 2 2 2 2 2
left_child=9 2 4 6 5 -2 -4 -3 18 -1 -10 15 13 -13 -14 16 -11 -17 -9
right_child=1 7 3 -5 -6 -7 -8 8 10 11 -12 12 14 -15 -16 17 -18 -19 -20
leaf_value=-7.1451313522554223 12.788345280472114 6.4747383937239649 -25.836701354980473 49.156746067720306 -33.373965615937202 -20.320600991249087 15.839177871394803 -11.456034729480743 -5.8275408680240313 -0.091843742924155675 -0.88469927494048284 2.3283605103487295 -0.73101067813688225 11.995946192457563 2.8733529227120536 1.3526890856373592 10.976288119606352 -0.83008588651445414 -6.6647431945800779
leaf_weight=31 196 32 20 34 33 40 37 20 24 5000 504 219 648 21 70 379 23 2609 20
leaf_count=31 196 32 20 34 33 40 37 20 24 5000 504 219 648 21 70 379 23 2609 20
internal_value=-1.22618e-08 1.65836 6.48054 19.128 2.20205 7.17666 1.21606 -1.23496 -1.6693 -0.176891 -1.10937 -0.152807 0.510716 3.17427 -0.37961 -0.232154 -0.0411635 -0.553221 -9.06039
internal_weight=9960 960 360 91 269 236 57 600 568 9000 528 8969 958 240 718 8011 5023 2988 40
internal_count=9960 960 360 91 269 236 57 600 568 9000 528 8969 958 240 718 8011 5023 2988 40
is_linear=0
shrinkage=0.05


Tree=85
num_leaves=12
num_cat=0
split_feature=3 4 4 0 3 4 0 2 4 3 4
split_gain=1.15638e+06 669200 1.58548e+06 8.13455e+06 980510 894989 1.62163e+06 690814 423165 177703 1893.17
threshold=173.28000000000003 183.46000000000004 216.74500000000003 26.500000000000004 375.06500000000005 229.45500000000001 25.500000000000004 1.0000000180025095e-35 212.20000000000002 447.12500000000006 380.14000000000004
decision_type=2 2 2 2 2 2 2 2 2 2 2
left_child=10 4 3 8 -2 6 -4 -7 -3 -6 -1
right_child=1 2 5 -5 9 7 -8 -9 -10 -11 -12
leaf_value=8.8282901763916026 -10.55614223673537 -0.13781530028682645 -1.850159358552524 31.015735641479495 -2.9009527937695387 -0.29725087825712015 -16.750123078482492 0.66099365874665195 5.808895747860273 3.5433085503785509 8.1403279423713695
leaf_weight=20 37 177 140 25 20 6848 21 2593 36 23 20
leaf_count=20 37 177 140 25 20 6848 21 2593 36 23 20
internal_value=1.18663e-08 -0.0342109 0.00281788 4.03412 -4.58875 -0.097104 -3.79363 -0.034066 0.867263 0.545978 8.48431
internal_weight=9960 9920 9840 238 80 9602 161 9441 213 43 40
internal_count=9960 9920 9840 238 80 9602 161 9441 213 43 40
is_linear=0
shrinkage=0.05


Tree=86
num_leaves=13
num_cat=0
split_feature=3 4 4 0 4 0 5 1 3 5 0 4
split_gain=1.04363e+06 603953 1.45462e+06 6.45964e+06 1.41857e+06 2.40971e+06 1.00472e+06 891419 577627 544591 589936 1708.59
threshold=173.28000000000003 183.46000000000004 220.74000000000004 26.500000000000004 226.82500000000002 15.500000000000002 1765.2850000000001 1.0000000180025095e-35 300.01500000000004 381.92500000000007 11.500000000000002 380.14000000000004
decision_type=2 2 2 2 2 2 2 2 2 2 2 2
left_child=11 7 3 6 5 -4 -3 9 -6 10 -2 -1
right_child=1 2 4 -5 8 -7 -8 -9 -10 -11 -12 -13
leaf_value=8.3868763285875314 -4.0159031909704215 0.028316221278827786 -0.42145124111535415 25.901276016235354 -0.80140614396870058 -18.554800805023739 11.71414577484131 -13.501006101071836 0.15659094218050024 -8.0487456274032603 8.1283946228027357 7.7333108246326452
leaf_weight=20 20 229 53 29 1992 28 20 20 7489 20 20 20
leaf_count=20 20 229 53 29 1992 28 20 20 7489 20 20 20
internal_value=6.09e-09 -0.0325004 0.00267698 3.568 -0.100979 -6.68977 0.966937 -4.35932 -0.0446885 -1.31208 2.05625 8.06009
internal_weight=9960 9920 9840 278 9562 81 249 80 9481 60 40 40
internal_count=9960 9920 9840 278 9562 81 249 80 9481 60 40 40
is_linear=0
shrinkage=0.05


Tree=87
num_leaves=16
num_cat=0
split_feature=0 3 5 5 3 4 5 0 3 0 5 4 5 2 2
split_gain=988580 4.7444e+06 2.44448e+06 5.08142e+06 7.06839e+06 6.55595e+06 2.74246e+06 3.65114e+06 912675 175266 994767 590687 577014 568740 564293
threshold=22.500000000000004 190.71000000000001 241.33500000000001 271.50500000000005 240.64500000000001 331.97500000000008 196.59500000000003 25.500000000000004 173.28000000000003 13.500000000000002 2114.6500000000005 273.86500000000007 1872.4800000000002 1.0000000180025095e-35 1.0000000180025095e-35
decision_type=2 2 2 2 2 2 2 2 2 2 2 2 2 2 2
left_child=8 -2 6 5 -5 -4 -3 -8 -1 10 12 13 -10 -11 -13
right_child=1 2 3 4 -6 -7 7 -9 9 11 -12 14 -14 -15 -16
leaf_value=-9.0975254075537464 21.08978410630391 5.8269179971779099 29.823346993151837 -13.645422054898171 1.2401864086637076 3.4621945092430368 1.1941205555883547 -19.689100781917574 0.013111921143420916 0.12296624809721889 10.343575872027357 -0.37547015850734189 -3.2204063925944584 4.4382778518604784 -2.1108504322424433
leaf_weight=29 29 34 34 84 1576 77 36 50 4858 273 23 1997 142 106 612
leaf_count=29 29 34 34 84 1576 77 36 50 4858 273 23 1997 142 106 612
internal_value=2.35616e-08 1.01935 0.711555 1.1795 0.486939 11.5368 -6.1946 -10.9473 -0.243427 -0.211375 -0.030997 -0.514601 -0.07872 1.32989 -0.782543
internal_weight=9960 1920 1891 1771 1660 111 120 86 8040 8011 5023 2988 5000 379 2609
internal_count=9960 1920 1891 1771 1660 111 120 86 8040 8011 5023 2988 5000 379 2609
is_linear=0
shrinkage=0.05


Tree=88
num_leaves=14
num_cat=0
split_feature=3 2 0 5 3 3 0 3 3 3 3 5 4
split_gain=951696 592837 2.20341e+06 4.2904e+06 3.13558e+06 649124 6.86232e+06 903609 752172 275383 697262 17869.9 3985.84
threshold=173.28000000000003 1.0000000180025095e-35 26.500000000000004 302.40000000000003 262.48500000000007 223.15500000000003 26.500000000000004 226.07500000000002 228.49000000000004 11721.687513296501 8452.2137005613458 262.35000000000008 380.14000000000004
decision_type=2 2 2 2 2 2 2 2 2 2 2 2 2
left_child=12 5 9 -4 -5 6 11 -7 -9 10 -3 -2 -1
right_child=1 2 3 4 -6 7 -8 8 -10 -11 -12 -13 -14
leaf_value=8.1960037869215014 0.61462690548764343 0.076434947161970926 27.342200098037722 17.893289147653888 0.73678776391599543 8.6336172832240319 -30.117869873841602 -9.2378031025762137 -0.18058746651518787 -5.1747854252656307 5.5775828652462716 -0.58408406525196743 7.1977748584747321
leaf_weight=20 36 2429 20 31 189 29 21 23 6831 24 59 228 20
leaf_count=20 36 2429 20 31 189 29 21 23 6831 24 59 228 20
internal_value=3.19117e-09 -0.0310358 0.59278 5.16995 3.15429 -0.270537 -2.60884 -0.173716 -0.210981 0.155471 0.206888 -0.420623 7.69689
internal_weight=9960 9920 2752 240 220 7168 285 6883 6854 2512 2488 264 40
internal_count=9960 9920 2752 240 220 7168 285 6883 6854 2512 2488 264 40
is_linear=0
shrinkage=0.05


Tree=89
num_leaves=16
num_cat=0
split_feature=0 0 4 3 3 4 4 3 3 3 4 3 3 3 3
split_gain=897688 4.85702e+06 7.20491e+06 1.76766e+07 1.72338e+07 1.30368e+07 8.16952e+06 754603 850903 698618 412628 152664 496715 261260 77941.5
threshold=26.500000000000004 27.500000000000004 419.96000000000009 360.44500000000011 396.14000000000004 379.48500000000007 957.78000000000009 233.33500000000004 264.40000000000003 173.28000000000003 220.74000000000004 11721.687513296501 10143.966881249189 9076.307789838711 252.67000000000004
decision_type=2 2 2 2 2 2 2 2 2 2 2 2 2 2 2
left_child=9 2 4 6 5 -2 -4 -3 14 -1 -10 12 13 -11 -9
right_child=1 7 3 -5 -6 -7 -8 8 10 11 -12 -13 -14 -15 -16
leaf_value=-7.6481021821498878 11.971976567287834 6.1691362455487253 -24.559733428955081 46.73927061417524 -31.913481486927381 -19.350306940078738 15.103663985793657 -10.960499620437623 -8.0575805451188778 -0.12229761484589688 -0.90516579230361904 -3.2915879699744681 5.5886713078147494 -4.2770402368746305 -6.5462744903564456
leaf_weight=31 196 32 20 34 33 40 37 20 21 8855 507 38 38 38 20
leaf_count=31 196 32 20 34 33 40 37 20 21 8855 507 38 38 38 20
internal_value=6.07628e-09 1.45341 6.0448 18.2063 1.93067 6.66311 1.18668 -1.30142 -1.7223 -0.155031 -1.18964 -0.129132 -0.115676 -0.140051 -8.75339
internal_weight=9960 960 360 91 269 236 57 600 568 9000 528 8969 8931 8893 40
internal_count=9960 960 360 91 269 236 57 600 568 9000 528 8969 8931 8893 40
is_linear=0
shrinkage=0.05


Tree=90
num_leaves=16
num_cat=0
split_feature=3 2 0 0 4 3 0 3 3 4 4 4 4 5 4
split_gain=916140 559536 2.0372e+06 3.89071e+06 2.21979e+06 587362 6.2837e+06 809585 687456 263220 888384 861485 230963 16127.6 3751.55
threshold=173.28000000000003 1.0000000180025095e-35 26.500000000000004 28.500000000000004 390.03500000000003 223.15500000000003 26.500000000000004 226.07500000000002 228.49000000000004 358.88500000000005 374.92000000000002 331.97500000000008 321.58500000000004 262.35000000000008 380.14000000000004
decision_type=2 2 2 2 2 2 2 2 2 2 2 2 2 2 2
left_child=14 5 9 4 -4 6 13 -7 -9 11 -11 -3 -5 -2 -1
right_child=1 2 3 12 -6 7 -8 8 -10 10 -12 -13 -14 -15 -16
leaf_value=8.0359654027223595 0.59001042412387006 0.48220841592260444 7.854379200307946 -4.4916022044420245 24.599369842529299 8.1655047091430628 -28.811154385975431 -8.836058703712796 -0.17724433542933282 3.3114445678626789 -0.020660349110077168 -2.3284719594464915 0.16165356338024139 -0.54876497281355818 7.0675195169448859
leaf_weight=20 36 946 95 40 25 29 21 23 6831 255 928 383 80 228 20
leaf_count=20 36 946 95 40 25 29 21 23 6831 255 928 383 80 228 20
internal_value=7.79394e-09 -0.0304506 0.575592 4.97674 11.3429 -0.263128 -2.48741 -0.171028 -0.206301 0.1551 0.697587 -0.327792 -1.38943 -0.393477 7.55174
internal_weight=9960 9920 2752 240 120 7168 285 6883 6854 2512 1183 1329 120 264 40
internal_count=9960 9920 2752 240 120 7168 285 6883 6854 2512 1183 1329 120 264 40
is_linear=0
shrinkage=0.05


Tree=91
num_leaves=12
num_cat=0
split_feature=3 4 4 0 4 1 3 5 2 3 4
split_gain=826816 558851 1.32265e+06 6.02028e+06 1.31159e+06 1.9394e+06 890077 884973 561460 164532 3385.78
threshold=173.28000000000003 183.46000000000004 220.74000000000004 26.500000000000004 229.45500000000001 1.0000000180025095e-35 375.06500000000005 1765.2850000000001 1.0000000180025095e-35 447.12500000000006 380.14000000000004
decision_type=2 2 2 2 2 2 2 2 2 2 2
left_child=10 6 3 7 5 -4 -2 -3 -6 -8 -1
right_child=1 2 4 -5 8 -7 9 -9 -10 -11 -12
leaf_value=7.6341668865084644 -9.8765952677340128 0.012699828710097933 -2.1178586643995696 24.965062004944375 -0.26490568855167973 -17.992553263405959 -2.6155623078346255 10.980058460235597 0.59897777724549939 3.5852715492248537 6.714142527580262
leaf_weight=20 37 229 97 29 6848 24 20 20 2593 23 20
leaf_count=20 37 229 97 29 6848 24 20 20 2593 23 20
internal_value=4.35753e-09 -0.028928 0.00491035 3.40466 -0.0939321 -5.26656 -4.19105 0.893612 -0.0276374 0.701163 7.17415
internal_weight=9960 9920 9840 278 9562 121 80 249 9441 43 40
internal_count=9960 9920 9840 278 9562 121 80 249 9441 43 40
is_linear=0
shrinkage=0.05


Tree=92
num_leaves=17
num_cat=0
split_feature=0 3 5 5 4 0 3 3 3 3 0 5 5 4 5 2
split_gain=760204 4.19605e+06 2.19498e+06 4.67151e+06 4.91754e+06 4.60007e+06 2.69591e+06 4.75308e+06 3.0914e+06 981176 159768 886311 544177 533970 555077 551950
threshold=22.500000000000004 190.71000000000001 241.33500000000001 281.61500000000007 216.74500000000003 27.500000000000004 360.44500000000011 406.62500000000006 302.22000000000008 173.28000000000003 13.500000000000002 2114.6500000000005 1872.4800000000002 273.86500000000007 1896.0200000000002 1.0000000180025095e-35
decision_type=2 2 2 2 2 2 2 2 2 2 2 2 2 2 2 2
left_child=9 -2 6 5 -5 -4 8 -8 -3 -1 11 12 -11 14 -12 -15
right_child=1 2 3 4 -6 -7 7 -9 -10 10 13 -13 -14 15 -16 -17
leaf_value=-9.3938262318742698 19.768873612634067 -1.8682202903429665 14.7782224412513 15.64184658241272 -0.28951817253664619 -2.5437303213466862 15.167936133761561 -13.252041695586271 -24.383159939704402 0.036120310904455867 1.758970445423734 9.7846870608951733 -3.1040429242899723 -0.32189970621880559 -6.4241827552968802 -2.0381955146107802
leaf_weight=29 29 30 113 50 1550 58 31 28 31 4858 357 23 142 1997 22 612
leaf_count=29 29 30 113 50 1550 58 31 28 31 4858 357 23 142 1997 22 612
internal_value=-1.64209e-08 0.893887 0.604424 1.04785 0.208337 8.90294 -5.9398 1.68049 -13.3102 -0.213466 -0.180233 -0.0080139 -0.0530603 -0.469742 1.28396 -0.724496
internal_weight=9960 1920 1891 1771 1600 171 120 59 61 8040 8011 5023 5000 2988 379 2609
internal_count=9960 1920 1891 1771 1600 171 120 59 61 8040 8011 5023 5000 2988 379 2609
is_linear=0
shrinkage=0.05


Tree=93
num_leaves=13
num_cat=0
split_feature=3 4 4 0 1 4 0 2 5 0 4 4
split_gain=761322 545757 1.0952e+06 5.94183e+06 859451 717737 1.42514e+06 538301 493805 511473 370986 6136.08
threshold=173.28000000000003 183.46000000000004 216.74500000000003 26.500000000000004 1.0000000180025095e-35 229.45500000000001 25.500000000000004 1.0000000180025095e-35 381.92500000000007 11.500000000000002 212.20000000000002 380.14000000000004
decision_type=2 2 2 2 2 2 2 2 2 2 2 2
left_child=11 4 3 10 8 6 -4 -7 9 -2 -3 -1
right_child=1 2 5 -5 -6 7 -8 -9 -10 -11 -12 -13
leaf_value=7.5034288644790657 -3.5952515149116517 -0.29146406179094048 -1.5657443484238218 26.416314018249512 -13.117107716798783 -0.25323852370258176 -15.533842483588629 0.5926410562999912 -7.56360239982605 7.7126297521591187 5.2765515925155748 6.2648728609085085
leaf_weight=20 20 177 140 25 20 6848 21 2593 20 20 36 20
leaf_count=20 20 177 140 25 20 6848 21 2593 20 20 36 20
internal_value=-8.68415e-09 -0.0277587 0.00568095 3.3562 -4.14083 -0.0773666 -3.38767 -0.0209151 -1.14874 2.05869 0.649609 6.88415
internal_weight=9960 9920 9840 238 80 9602 161 9441 60 40 213 40
internal_count=9960 9920 9840 238 80 9602 161 9441 60 40 213 40
is_linear=0
shrinkage=0.05


Tree=94
num_leaves=10
num_cat=0
split_feature=0 3 3 3 4 3 3 3 3
split_gain=698899 4.26414e+06 3.7269e+06 8.03572e+06 4.45749e+06 765072 142735 441638 231096
threshold=26.500000000000004 206.71500000000003 233.33500000000004 246.92500000000004 363.76500000000004 173.28000000000003 11721.687513296501 10143.966881249189 9076.307789838711
decision_type=2 2 2 2 2 2 2 2 2
left_child=5 -2 -3 -4 -5 -1 7 8 -7
right_child=1 2 3 4 -6 6 -8 -9 -10
leaf_value=-7.978146827605463 21.661583110809328 -15.766294652765447 29.885714383920032 -2.9934289846162905 4.1318071769218738 -0.10296581316627967 -3.1675813319651707 5.2821232921198797 -4.0105114954866865
leaf_weight=31 25 33 24 440 438 8855 38 38 38
leaf_count=31 25 33 24 440 438 8855 38 38 38
internal_value=1.206e-08 1.28243 0.737532 1.34133 0.561074 -0.136792 -0.10969 -0.0966791 -0.119663
internal_weight=9960 960 935 902 878 9000 8969 8931 8893
internal_count=9960 960 935 902 878 9000 8969 8931 8893
is_linear=0
shrinkage=0.05


Tree=95
num_leaves=17
num_cat=0
split_feature=3 5 0 5 0 3 5 0 4 4 0 3 2 3 3 4
split_gain=700917 535371 1.76293e+06 9.5441e+06 2.88559e+07 4.89053e+06 1.15705e+06 7.35985e+06 1.02945e+06 3.12471e+06 2.07563e+06 626785 892003 851452 543907 7827.97
threshold=173.28000000000003 359.35000000000008 26.500000000000004 373.00500000000005 27.500000000000004 310.42500000000007 354.63000000000005 26.500000000000004 332.85500000000008 345.24500000000006 26.500000000000004 368.60500000000008 1.0000000180025095e-35 370.67500000000007 1724.7400000000002 380.14000000000004
decision_type=2 2 2 2 2 2 2 2 2 2 2 2 2 2 2 2
left_child=15 6 11 4 -4 -5 8 14 10 -10 -2 12 -3 -13 -8 -1
right_child=1 2 3 5 -6 -7 7 -9 9 -11 -12 13 -14 -15 -16 -17
leaf_value=7.3048665183782582 0.20401975893136051 -0.12639781158321015 69.329323977515813 -8.9472386339748358 0.43187578168782326 3.553047513778151 -1.5995457152210217 -29.475578022003177 -5.836733153788793 -0.25912702834176082 6.3148121839993969 -6.5969942210013404 1.8752508492373874 -0.40754137165795473 7.0712607318162926 5.905941252708435
leaf_weight=20 1423 1545 21 108 55 284 189 25 277 2686 154 57 870 2206 20 20
leaf_count=20 1423 1545 21 108 55 284 189 25 277 2686 154 57 870 2206 20 20
internal_value=6.76017e-09 -0.0266347 0.327157 3.25306 19.4693 0.109091 -0.407995 -3.83666 -0.231275 -0.780557 0.800762 0.0344418 0.594693 -0.56344 -0.769803 6.6054
internal_weight=9960 9920 5146 468 76 392 4774 234 4540 2963 1577 4678 2415 2263 209 40
internal_count=9960 9920 5146 468 76 392 4774 234 4540 2963 1577 4678 2415 2263 209 40
is_linear=0
shrinkage=0.05


Tree=96
num_leaves=12
num_cat=0
split_feature=3 4 4 0 4 0 0 5 4 3 4
split_gain=632577 494505 1.01104e+06 4.71535e+06 1.14983e+06 2.12647e+06 876192 808208 714084 489848 7064.76
threshold=173.28000000000003 183.46000000000004 220.74000000000004 26.500000000000004 226.82500000000002 18.500000000000004 12.500000000000002 1765.2850000000001 173.28000000000003 300.01500000000004 380.14000000000004
decision_type=2 2 2 2 2 2 2 2 2 2 2
left_child=10 6 3 7 5 -4 8 -3 -2 -6 -1
right_child=1 2 4 -5 9 -7 -8 -9 -10 -11 -12
leaf_value=6.9396240866184229 7.7703024625778205 -0.085205685871136763 -0.91021590458935708 22.060123486354435 -0.72606406691402336 -18.876755267122515 -9.7254367172718048 10.395693225860597 -5.0220446964104974 0.15614443446489271 5.6106433808803562
leaf_weight=20 20 229 58 29 1992 23 36 20 24 7489 20
leaf_count=20 20 229 58 29 1992 23 36 20 24 7489 20
internal_value=1.02839e-08 -0.0253029 0.00652779 2.97894 -0.0798904 -6.01183 -3.94048 0.756634 0.792659 -0.0292115 6.27513
internal_weight=9960 9920 9840 278 9562 81 80 249 44 9481 40
internal_count=9960 9920 9840 278 9562 81 80 249 44 9481 40
is_linear=0
shrinkage=0.05


Tree=97
num_leaves=18
num_cat=0
split_feature=3 5 0 5 0 3 5 0 5 3 0 3 3 4 3 2 4
split_gain=570901 477761 1.56203e+06 8.57784e+06 2.60496e+07 4.3981e+06 1.10218e+06 4.31062e+06 1.06282e+07 2.21635e+06 1.79126e+07 1.78285e+06 580394 838824 768655 359929 6375.94
threshold=173.28000000000003 359.35000000000008 26.500000000000004 373.00500000000005 27.500000000000004 311.47000000000008 324.05500000000001 26.500000000000004 332.59500000000008 246.92500000000004 26.500000000000004 262.48500000000007 368.60500000000008 10143.966881249189 370.67500000000007 1.0000000180025095e-35 380.14000000000004
decision_type=2 2 2 2 2 2 2 2 2 2 2 2 2 2 2 2 2
left_child=16 6 12 4 -4 -5 9 15 -9 10 -2 -11 13 -3 -14 -8 -1
right_child=1 2 3 5 -6 -7 7 8 -10 11 -12 -13 14 -15 -16 -17 -18
leaf_value=6.5926432204246526 0.26253521210312297 0.65891943576393774 65.811299151466002 -8.3960924243927 0.34975071300159799 3.3914876611520217 -0.21365966995279351 -33.407997589111332 -2.8091104368294282 -7.3326139660442582 45.784676174322769 0.022397947231236892 -6.2733812468093744 -9.6235224771499634 -0.39256120221839219 -2.331160607529899 5.3301120227575307
leaf_weight=20 217 2395 21 110 55 282 1341 35 150 85 24 2686 57 20 2206 236 20
leaf_count=20 217 2395 21 110 55 282 1341 35 150 85 24 2686 57 20 2206 236 20
internal_value=-4.77878e-09 -0.0240378 0.310177 3.06432 18.4378 0.0837484 -0.384296 -1.37759 -8.59809 0.196777 4.79586 -0.203216 0.0346449 0.573765 -0.540686 -0.530546 5.96138
internal_weight=9960 9920 5146 468 76 392 4774 1762 185 3012 241 2771 4678 2415 2263 1577 40
internal_count=9960 9920 5146 468 76 392 4774 1762 185 3012 241 2771 4678 2415 2263 1577 40
is_linear=0
shrinkage=0.05


Tree=98
num_leaves=16
num_cat=0
split_feature=0 3 5 5 0 3 5 0 3 3 5 2 0 3 3
split_gain=537831 3.4463e+06 1.96012e+06 4.85288e+06 7.0597e+06 6.06676e+06 2.35838e+06 3.10774e+06 1.08515e+06 149992 313186 448261 313139 267298 244451
threshold=22.500000000000004 190.71000000000001 243.40000000000001 271.50500000000005 26.500000000000004 240.64500000000001 196.59500000000003 25.500000000000004 173.28000000000003 1474.0400000000002 233.59500000000003 1.0000000180025095e-35 6.5000000000000009 1439.7300000000002 1402.9100000000001
decision_type=2 2 2 2 2 2 2 2 2 2 2 2 2 2 2
left_child=8 -2 6 4 -4 -5 -3 -8 -1 13 12 -12 -11 14 -10
right_child=1 2 3 5 -6 -7 7 -9 9 10 11 -13 -14 -15 -16
leaf_value=-9.834069564013646 17.857627294803489 5.8407887575380943 -1.387882213982252 -12.818155334712495 24.925489595800641 0.97249756075470195 1.0999789971113205 -17.216541202935307 -0.21613788421826052 -8.0975980406999586 -0.18896347358374485 2.3377550832691947 -0.36819388599772207 -4.6395117314422833 3.9726998095852992
leaf_weight=29 29 34 52 84 50 1576 40 55 7142 20 457 285 38 34 35
leaf_count=29 29 34 52 84 50 1576 40 55 7142 20 457 285 38 34 35
internal_value=-1.38851e-09 0.751866 0.489536 0.925105 11.5108 0.274657 -5.45987 -9.50432 -0.17955 -0.144601 0.504951 0.781542 -3.03351 -0.216663 -0.19571
internal_weight=9960 1920 1891 1762 102 1660 129 95 8040 8011 800 742 58 7211 7177
internal_count=9960 1920 1891 1762 102 1660 129 95 8040 8011 800 742 58 7211 7177
is_linear=0
shrinkage=0.05


Tree=99
num_leaves=12
num_cat=0
split_feature=3 4 4 0 4 0 3 5 3 3 4
split_gain=535623 454600 908304 4.16807e+06 1.02314e+06 1.91338e+06 817810 724426 454704 168267 9554.9
threshold=173.28000000000003 183.46000000000004 220.74000000000004 26.500000000000004 226.82500000000002 15.500000000000002 375.06500000000005 1765.2850000000001 228.49000000000004 447.12500000000006 380.14000000000004
decision_type=2 2 2 2 2 2 2 2 2 2 2
left_child=10 6 3 7 5 -4 -2 -3 -6 -8 -1
right_child=1 2 4 -5 8 -7 9 -9 -10 -11 -12
leaf_value=6.5470259451866157 -9.2270238863455276 -0.061795323960255326 -0.084708385039472367 20.764300925156167 -1.6292025679955811 -16.243021830490658 -2.4419280749559404 9.8610004425048832 0.047959476671559781 3.8288984319438111 5.0014755570888525
leaf_weight=20 37 229 53 29 423 28 20 20 9058 23 20
leaf_count=20 37 229 53 29 423 28 20 20 9058 23 20
internal_value=-4.72419e-09 -0.0232833 0.00723615 2.82458 -0.0746737 -5.6703 -3.77717 0.735216 -0.026868 0.912235 5.77425
internal_weight=9960 9920 9840 278 9562 81 80 249 9481 43 40
internal_count=9960 9920 9840 278 9562 81 80 249 9481 43 40
is_linear=0
shrinkage=0.05


end of trees

feature_importances:
days_to_payday=554
spend_lag_1=545
spend_lag_3=545
spend_lag_7=441
is_weekend=213
fixed_due_in_7d=6

parameters:
[boosting: gbdt]
[objective: regression]
[metric: l2]
[tree_learner: serial]
[device_type: cpu]
[data_sample_strategy: bagging]
[data: ]
[valid: ]
[num_iterations: 100]
[learning_rate: 0.05]
[num_leaves: 31]
[num_threads: 8]
[seed: 42]
[deterministic: 0]
[force_col_wise: 0]
[force_row_wise: 0]
[histogram_pool_size: -1]
[max_depth: 5]
[min_data_in_leaf: 20]
[min_sum_hessian_in_leaf: 0.001]
[bagging_fraction: 1]
[pos_bagging_fraction: 1]
[neg_bagging_fraction: 1]
[bagging_freq: 0]
[bagging_seed: 400]
[bagging_by_query: 0]
[feature_fraction: 1]
[feature_fraction_bynode: 1]
[feature_fraction_seed: 30056]
[extra_trees: 0]
[extra_seed: 12879]
[early_stopping_round: 0]
[early_stopping_min_delta: 0]
[first_metric_only: 0]
[max_delta_step: 0]
[lambda_l1: 0]
[lambda_l2: 0]
[linear_lambda: 0]
[min_gain_to_split: 0]
[drop_rate: 0.1]
[max_drop: 50]
[skip_drop: 0.5]
[xgboost_dart_mode: 0]
[uniform_drop: 0]
[drop_seed: 17869]
[top_rate: 0.2]
[other_rate: 0.1]
[min_data_per_group: 100]
[max_cat_threshold: 32]
[cat_l2: 10]
[cat_smooth: 10]
[max_cat_to_onehot: 4]
[top_k: 20]
[monotone_constraints: ]
[monotone_constraints_method: basic]
[monotone_penalty: 0]
[feature_contri: ]
[forcedsplits_filename: ]
[refit_decay_rate: 0.9]
[cegb_tradeoff: 1]
[cegb_penalty_split: 0]
[cegb_penalty_feature_lazy: ]
[cegb_penalty_feature_coupled: ]
[path_smooth: 0]
[interaction_constraints: ]
[verbosity: 1]
[saved_feature_importance_type: 0]
[use_quantized_grad: 0]
[num_grad_quant_bins: 4]
[quant_train_renew_leaf: 0]
[stochastic_rounding: 1]
[linear_tree: 0]
[max_bin: 255]
[max_bin_by_feature: ]
[min_data_in_bin: 3]
[bin_construct_sample_cnt: 200000]
[data_random_seed: 175]
[is_enable_sparse: 1]
[enable_bundle: 1]
[use_missing: 1]
[zero_as_missing: 0]
[feature_pre_filter: 1]
[pre_partition: 0]
[two_round: 0]
[header: 0]
[label_column: ]
[weight_column: ]
[group_column: ]
[ignore_column: ]
[categorical_feature: ]
[forcedbins_filename: ]
[precise_float_parser: 0]
[parser_config_file: ]
[objective_seed: 16083]
[num_class: 1]
[is_unbalance: 0]
[scale_pos_weight: 1]
[sigmoid: 1]
[boost_from_average: 1]
[reg_sqrt: 0]
[alpha: 0.9]
[fair_c: 1]
[poisson_max_delta_step: 0.7]
[tweedie_variance_power: 1.5]
[lambdarank_truncation_level: 30]
[lambdarank_norm: 1]
[label_gain: ]
[lambdarank_position_bias_regularization: 0]
[eval_at: ]
[multi_error_top_k: 1]
[auc_mu_weights: ]
[num_machines: 1]
[local_listen_port: 12400]
[time_out: 120]
[machine_list_filename: ]
[machines: ]
[gpu_platform_id: -1]
[gpu_device_id: -1]
[gpu_device_id_list: ]
[gpu_use_dp: 0]
[num_gpu: 1]

end of parameters

pandas_categorical:[]
